{
  "episode": 162,
  "steps": 95,
  "actions": [
    23,
    23,
    23,
    23,
    20,
    20,
    14,
    14,
    13,
    21,
    20,
    5,
    4,
    22,
    14,
    21,
    5,
    22,
    21,
    14,
    4,
    20,
    20,
    20,
    12,
    6,
    15,
    14,
    20,
    5,
    12,
    14,
    13,
    8,
    10,
    6,
    14,
    12,
    12,
    7,
    21,
    15,
    14,
    21,
    8,
    9,
    2,
    15,
    16,
    6,
    1,
    2,
    23,
    22,
    17,
    21,
    4,
    20,
    3,
    3,
    5,
    8,
    14,
    13,
    16,
    6,
    8,
    17,
    20,
    20,
    22,
    19,
    13,
    6,
    14,
    4,
    13,
    6,
    7,
    12,
    6,
    21,
    12,
    20,
    20,
    14,
    9,
    20,
    4,
    14,
    6,
    21,
    20,
    5,
    14
  ],
  "temperatures": [
    21.111627197265648,
    21.104028320312523,
    21.062646484375023,
    21.024285888671898,
    20.991937255859398,
    20.964624023437523,
    20.470788574218773,
    20.420220947265648,
    20.384942626953148,
    20.846795654296898,
    20.840051269531273,
    19.548486328125023,
    19.396264648437523,
    20.724328613281273,
    20.231072998046898,
    20.713098144531273,
    19.388421630859398,
    20.655694580078148,
    20.663934326171898,
    20.138848876953148,
    19.251641845703148,
    20.575982666015648,
    20.587731933593773,
    20.593316650390648,
    20.099114990234398,
    19.293969726562523,
    20.105126953125023,
    20.125939941406273,
    20.629510498046898,
    19.315301513671898,
    20.075952148437523,
    20.712030029296898,
    20.862023925781273,
    16.506890869140648,
    16.425744628906273,
    20.175714111328148,
    21.041894531250023,
    21.207666015625023,
    21.456201171875023,
    21.409448242187523,
    22.295739746093773,
    22.424615478515648,
    22.714746093750023,
    23.012933349609398,
    19.149316406250023,
    19.344171142578148,
    20.721612548828148,
    23.871026611328148,
    19.327905273437523,
    24.487603759765648,
    22.058251953125023,
    22.204766845703148,
    24.556787109375023,
    24.735803222656273,
    20.346246337890648,
    24.833459472656273,
    25.995599365234398,
    25.040368652343773,
    23.310601806640648,
    23.242364501953148,
    26.042443847656273,
    21.608270263671898,
    25.198175048828148,
    25.110467529296898,
    20.114160156250023,
    24.892694091796898,
    20.655480957031273,
    19.528192138671898,
    23.837518310546898,
    23.817468261718773,
    23.759149169921898,
    18.752465820312523,
    22.982812500000023,
    22.929406738281273,
    22.843682861328148,
    22.702447509765648,
    22.673760986328148,
    22.479241943359398,
    22.363488769531273,
    22.415185546875023,
    22.173272705078148,
    22.402307128906273,
    22.213403320312523,
    22.295526123046898,
    22.239068603515648,
    21.999139404296898,
    18.012780761718773,
    21.949884033203148,
    21.352685546875023,
    21.624017333984398,
    21.177362060546898,
    21.763146972656273,
    21.687493896484398,
    20.809960937500023,
    21.134545898437523
  ],
  "outdoor_temps": [
    -6.1035156022626325e-06,
    -6.1035156022626325e-06,
    -6.1035156022626325e-06,
    -6.1035156022626325e-06,
    -6.1035156022626325e-06,
    -6.1035156022626325e-06,
    -6.1035156022626325e-06,
    -6.1035156022626325e-06,
    -6.1035156022626325e-06,
    -6.1035156022626325e-06,
    -6.1035156022626325e-06,
    -6.1035156022626325e-06,
    -6.1035156022626325e-06,
    -6.1035156022626325e-06,
    -6.1035156022626325e-06,
    -6.1035156022626325e-06,
    -6.1035156022626325e-06,
    -6.1035156022626325e-06,
    -6.1035156022626325e-06,
    -6.1035156022626325e-06,
    -6.1035156022626325e-06,
    -6.1035156022626325e-06,
    -6.1035156022626325e-06,
    0.48467407226564774,
    1.5674987792968977,
    2.6915527343750227,
    3.3000122070312727,
    3.2094665527343977,
    2.8019348144531477,
    2.3684326171875227,
    2.2000061035156477,
    2.3021789550781477,
    2.5030456542968977,
    2.8273864746093977,
    3.3000122070312727,
    4.170007324218773,
    5.390008544921898,
    6.540002441406273,
    7.200006103515648,
    7.400476074218773,
    7.509606933593773,
    7.613946533203148,
    7.800012207031273,
    8.075891113281273,
    8.371636962890648,
    8.656549072265648,
    8.899987792968773,
    9.066003417968773,
    9.171868896484398,
    9.266809082031273,
    9.399987792968773,
    9.710534667968773,
    10.159387207031273,
    10.528527832031273,
    10.600000000000023,
    10.450006103515648,
    10.300012207031273,
    10.149987792968773,
    9.999993896484398,
    9.850000000000023,
    9.700006103515648,
    9.550012207031273,
    9.399987792968773,
    8.978875732421898,
    8.201959228515648,
    7.349084472656273,
    6.700006103515648,
    6.357904052734398,
    6.149987792968773,
    5.942102050781273,
    5.600000000000023,
    4.941003417968773,
    4.063317871093773,
    3.2539611816406477,
    2.8000122070312727,
    2.6291442871093977,
    2.4749084472656477,
    2.3332153320312727,
    2.2000061035156477,
    2.0766845703125227,
    1.9598327636718977,
    1.8380676269531477,
    1.7000061035156477,
    1.4921203613281477,
    1.2039733886718977,
    0.8888488769531477,
    0.6000000000000227,
    0.41335449218752274,
    0.31020507812502274,
    0.20195922851564774,
    -6.1035156022626325e-06,
    -0.7735656738281023,
    -2.1510986328124773,
    -3.5530761718749773,
    -4.399999999999977
  ],
  "rewards": [
    4.963678053930402,
    4.9635631695538756,
    4.962818720653653,
    4.962127915933729,
    4.961546352222562,
    4.96105674164645,
    4.966773617277813,
    4.966129125379836,
    4.965681965374266,
    4.958923273321727,
    4.958807963342123,
    -0.5224714165525404,
    -0.9246114800890787,
    4.956689765750066,
    4.963731988769348,
    4.956493327800994,
    -0.9484618473194817,
    4.955441286841165,
    4.955597012304093,
    4.962556562472783,
    -1.4139925925862407,
    4.953980355559484,
    4.954200686386746,
    4.9543077208315545,
    4.962056734572124,
    -1.2599275965939647,
    4.962138313194818,
    4.962408300674318,
    4.954985407774215,
    -1.18568076540526,
    4.961762714503091,
    4.969994841344817,
    4.971930176638876,
    -30.50763283869908,
    -31.941200728340398,
    4.979039085365346,
    4.974241176983423,
    4.976383498334204,
    4.979599163063032,
    4.988155836962325,
    4.985763269910994,
    4.992134836514197,
    4.995890965572356,
    4.998717008293019,
    -1.817391844685376,
    -1.0838926150078907,
    4.98722431293049,
    4.996201359848776,
    -1.1418039604845787,
    -0.5960776645072035,
    4.984257285511202,
    4.983932157084022,
    -0.7798676999143916,
    -1.358850494712675,
    4.969125961922432,
    -1.7422419920098178,
    -9.959399167239246,
    -2.7120964310630398,
    4.981479564691853,
    4.981630996984471,
    -10.432351327511673,
    4.973920261380951,
    -3.5935052591738557,
    -3.087121630723836,
    4.970414740082362,
    -1.9943901731573739,
    4.977620999952859,
    -0.5695867483231473,
    4.994142533840693,
    4.994253762236756,
    4.994577300122899,
    -3.9017785816560497,
    4.999353908199453,
    4.999393684436122,
    4.99755649409265,
    4.99771802084974,
    4.9953602649146776,
    4.996069434434662,
    4.995214442825025,
    4.992017546682092,
    4.993809573702676,
    4.987743418814695,
    4.989409683991871,
    4.985772484231902,
    4.98473098503701,
    4.986641846309375,
    -9.878621204293228,
    4.979392478163476,
    4.9877521500838515,
    4.98179558648412,
    4.986458433070099,
    4.975946869554079,
    4.974549671024732,
    4.983744736696552,
    4.975467313049118
  ],