{
  "episode": 1082,
  "steps": 95,
  "actions": [
    23,
    23,
    23,
    23,
    15,
    14,
    12,
    15,
    20,
    23,
    15,
    15,
    22,
    15,
    23,
    22,
    20,
    20,
    15,
    14,
    22,
    23,
    20,
    23,
    22,
    12,
    20,
    22,
    23,
    14,
    20,
    22,
    23,
    23,
    15,
    22,
    15,
    15,
    15,
    21,
    12,
    23,
    22,
    22,
    13,
    12,
    12,
    8,
    11,
    0,
    3,
    8,
    11,
    11,
    2,
    8,
    11,
    0,
    1,
    0,
    0,
    3,
    11,
    0,
    0,
    10,
    1,
    3,
    3,
    3,
    0,
    3,
    14,
    22,
    15,
    6,
    13,
    21,
    7,
    14,
    15,
    20,
    12,
    12,
    21,
    13,
    13,
    22,
    12,
    6,
    22,
    22,
    15,
    13,
    13
  ],
  "temperatures": [
    21.111627197265648,
    21.104028320312523,
    21.062646484375023,
    21.024285888671898,
    20.531274414062523,
    20.474237060546898,
    20.435083007812523,
    20.402001953125023,
    20.862573242187523,
    20.856286621093773,
    20.355737304687523,
    20.311486816406273,
    20.783044433593773,
    20.278924560546898,
    20.746240234375023,
    20.739495849609398,
    20.726312255859398,
    20.711419677734398,
    20.184960937500023,
    20.139398193359398,
    20.635339355468773,
    20.631372070312523,
    20.620568847656273,
    20.618127441406273,
    20.641809082031273,
    20.169427490234398,
    20.688592529296898,
    20.700524902343773,
    20.689843750000023,
    20.170617675781273,
    20.671441650390648,
    21.192437744140648,
    21.312493896484398,
    21.409387207031273,
    21.150476074218773,
    21.530694580078148,
    21.287347412109398,
    21.386560058593773,
    21.602563476562523,
    22.128717041015648,
    22.230187988281273,
    22.629327392578148,
    22.861901855468773,
    23.091027832031273,
    23.396661376953148,
    23.685784912109398,
    23.957727050781273,
    20.208367919921898,
    20.328881835937523,
    21.833032226562523,
    22.111169433593773,
    20.902490234375023,
    21.034387207031273,
    21.168359375000023,
    22.778405761718773,
    21.398400878906273,
    21.419152832031273,
    22.977532958984398,
    23.071862792968773,
    23.091363525390648,
    23.070916748046898,
    23.012628173828148,
    21.324609375000023,
    22.559381103515648,
    22.312982177734398,
    20.663842773437523,
    21.719506835937523,
    21.548272705078148,
    21.373284912109398,
    21.213769531250023,
    21.060906982421898,
    20.288140869140648,
    22.881005859375023,
    22.848870849609398,
    22.727868652343773,
    22.558587646484398,
    22.563531494140648,
    22.570764160156273,
    22.245721435546898,
    22.318841552734398,
    22.252557373046898,
    22.333154296875023,
    22.128717041015648,
    22.057916259765648,
    22.169671630859398,
    21.917626953125023,
    21.837915039062523,
    21.991021728515648,
    21.697991943359398,
    21.243096923828148,
    21.810632324218773,
    21.758843994140648,
    21.374780273437523,
    21.239678955078148,
    21.124536132812523
  ],
  "outdoor_temps": [
    -6.1035156022626325e-06,
    -6.1035156022626325e-06,
    -6.1035156022626325e-06,
    -6.1035156022626325e-06,
    -6.1035156022626325e-06,
    -6.1035156022626325e-06,
    -6.1035156022626325e-06,
    -6.1035156022626325e-06,
    -6.1035156022626325e-06,
    -6.1035156022626325e-06,
    -6.1035156022626325e-06,
    -6.1035156022626325e-06,
    -6.1035156022626325e-06,
    -6.1035156022626325e-06,
    -6.1035156022626325e-06,
    -6.1035156022626325e-06,
    -6.1035156022626325e-06,
    -6.1035156022626325e-06,
    -6.1035156022626325e-06,
    -6.1035156022626325e-06,
    -6.1035156022626325e-06,
    -6.1035156022626325e-06,
    -6.1035156022626325e-06,
    0.48467407226564774,
    1.5674987792968977,
    2.6915527343750227,
    3.3000122070312727,
    3.2094665527343977,
    2.8019348144531477,
    2.3684326171875227,
    2.2000061035156477,
    2.3021789550781477,
    2.5030456542968977,
    2.8273864746093977,
    3.3000122070312727,
    4.170007324218773,
    5.390008544921898,
    6.540002441406273,
    7.200006103515648,
    7.400476074218773,
    7.509606933593773,
    7.613946533203148,
    7.800012207031273,
    8.075891113281273,
    8.371636962890648,
    8.656549072265648,
    8.899987792968773,
    9.066003417968773,
    9.171868896484398,
    9.266809082031273,
    9.399987792968773,
    9.710534667968773,
    10.159387207031273,
    10.528527832031273,
    10.600000000000023,
    10.450006103515648,
    10.300012207031273,
    10.149987792968773,
    9.999993896484398,
    9.850000000000023,
    9.700006103515648,
    9.550012207031273,
    9.399987792968773,
    8.978875732421898,
    8.201959228515648,
    7.349084472656273,
    6.700006103515648,
    6.357904052734398,
    6.149987792968773,
    5.942102050781273,
    5.600000000000023,
    4.941003417968773,
    4.063317871093773,
    3.2539611816406477,
    2.8000122070312727,
    2.6291442871093977,
    2.4749084472656477,
    2.3332153320312727,
    2.2000061035156477,
    2.0766845703125227,
    1.9598327636718977,
    1.8380676269531477,
    1.7000061035156477,
    1.4921203613281477,
    1.2039733886718977,
    0.8888488769531477,
    0.6000000000000227,
    0.41335449218752274,
    0.31020507812502274,
    0.20195922851564774,
    -6.1035156022626325e-06,
    -0.7735656738281023,
    -2.1510986328124773,
    -3.5530761718749773,
    -4.399999999999977
  ],
  "rewards": [
    4.963678053930402,
    4.9635631695538756,
    4.962818720653653,
    4.962127915933729,
    4.967531055390835,
    4.966805889642595,
    4.966310575031554,
    4.965892926581366,
    4.959205137687532,
    4.959098864964169,
    4.9653209008313715,
    4.964755140579103,
    4.957769097286074,
    4.964346146684464,
    4.957101223665087,
    4.956981468513608,
    4.956742655299927,
    4.95647159116618,
    4.963150732527446,
    4.9625637650850996,
    4.955074403469329,
    4.9550041940439,
    4.954807795599103,
    4.954765935114544,
    4.955207501962781,
    4.962968635659989,
    4.956076079894019,
    4.9562971116816215,
    4.956100466512467,
    4.962986896190793,
    4.955760823671584,
    4.9653917993818935,
    4.967605430148866,
    4.9693917295485734,
    4.9756546492911875,
    4.971625752049296,
    4.977418659430321,
    4.978699396288751,
    4.981494109666704,
    4.982675001221507,
    4.98961800758978,
    4.991932751227332,
    4.9962339157015085,
    4.998283688556726,
    4.998043938827093,
    4.996920896322021,
    4.995864639781577,
    4.979355949290259,
    4.978887683869543,
    4.98475719561444,
    4.984139845896513,
    4.9766594494851715,
    4.976147394300641,
    4.975627403386099,
    4.982659761808974,
    4.974734748150506,
    4.974654578686894,
    4.982218565248115,
    4.9820093583352865,
    4.981966060325179,
    4.982011328864843,
    4.982140518356115,
    4.975021676567424,
    4.983146207235915,
    4.983693188358099,
    4.977588162574917,
    4.98501070546124,
    4.985390896126304,
    4.985779436451423,
    4.98613354257964,
    4.986472955566872,
    4.988192544806749,
    4.998036672544707,
    4.995988230814104,
    4.996058050297524,
    4.99665461171305,
    4.993934220662421,
    4.990853467818836,
    4.994344030146204,
    4.990771413831445,
    4.989914731406485,
    4.986465792256205,
    4.988314862559509,
    4.987399990685446,
    4.983449301410628,
    4.9855880815281495,
    4.984558333233485,
    4.98015263580952,
    4.982751134138878,
    4.986943440936668,
    4.976823354663408,
    4.975867234729554,
    4.978574848872002,
    4.976827704346536,
    4.975337925032267
  ],