{
  "episode": 701,
  "steps": 95,
  "actions": [
    23,
    23,
    23,
    23,
    21,
    12,
    22,
    22,
    2,
    20,
    23,
    23,
    6,
    5,
    23,
    23,
    23,
    23,
    12,
    21,
    21,
    18,
    22,
    23,
    21,
    23,
    21,
    23,
    23,
    10,
    23,
    22,
    23,
    19,
    21,
    21,
    12,
    22,
    6,
    23,
    21,
    21,
    12,
    23,
    22,
    23,
    23,
    22,
    12,
    21,
    23,
    23,
    23,
    23,
    22,
    22,
    20,
    23,
    23,
    22,
    14,
    20,
    4,
    5,
    23,
    5,
    20,
    23,
    22,
    13,
    19,
    21,
    21,
    23,
    20,
    23,
    23,
    21,
    14,
    23,
    20,
    22,
    20,
    23,
    23,
    14,
    0,
    23,
    20,
    23,
    22,
    21,
    21,
    22,
    5
  ],
  "temperatures": [
    20.975762939453148,
    20.971978759765648,
    20.926324462890648,
    20.884027099609398,
    20.848413085937523,
    20.273706054687523,
    20.771295166015648,
    20.758325195312523,
    16.652093505859398,
    20.581567382812523,
    20.634729003906273,
    20.634576416015648,
    19.071160888671898,
    18.860070800781273,
    20.502679443359398,
    20.527429199218773,
    20.524713134765648,
    20.514978027343773,
    19.901971435546898,
    20.463342285156273,
    20.459100341796898,
    15.610894775390648,
    20.266412353515648,
    20.344873046875023,
    20.393609619140648,
    20.445367431640648,
    20.483361816406273,
    20.492089843750023,
    20.480645751953148,
    15.793756103515648,
    20.323968505859398,
    20.944635009765648,
    21.095056152343773,
    16.253747558593773,
    21.142877197265648,
    21.285791015625023,
    20.992822265625023,
    21.476129150390648,
    20.849572753906273,
    21.955773925781273,
    22.256250000000023,
    22.517602539062523,
    22.692926025390648,
    23.012780761718773,
    23.266137695312523,
    23.515679931640648,
    23.751489257812523,
    23.971948242187523,
    24.441339111328148,
    24.378411865234398,
    24.552331542968773,
    24.723443603515648,
    24.889154052734398,
    25.039270019531273,
    25.159356689453148,
    25.246575927734398,
    25.312646484375023,
    25.361718750000023,
    25.391656494140648,
    25.397790527343773,
    25.936364746093773,
    25.338372802734398,
    26.572442626953148,
    26.444451904296898,
    24.924584960937523,
    25.804437255859398,
    24.588128662109398,
    24.442834472656273,
    24.331231689453148,
    24.537133789062523,
    19.906762695312523,
    23.462579345703148,
    23.374505615234398,
    23.263421630859398,
    23.167077636718773,
    23.089105224609398,
    23.005914306640648,
    22.919458007812523,
    22.803582763671898,
    22.760797119140648,
    22.691552734375023,
    22.625482177734398,
    22.560876464843773,
    22.494256591796898,
    22.424066162109398,
    22.205621337890648,
    19.563073730468773,
    22.132470703125023,
    22.097161865234398,
    22.038690185546898,
    21.979730224609398,
    21.908898925781273,
    21.809350585937523,
    21.697564697265648,
    20.785974121093773
  ],
  "outdoor_temps": [
    -6.1035156022626325e-06,
    -6.1035156022626325e-06,
    -6.1035156022626325e-06,
    -6.1035156022626325e-06,
    -6.1035156022626325e-06,
    -6.1035156022626325e-06,
    -6.1035156022626325e-06,
    -6.1035156022626325e-06,
    -6.1035156022626325e-06,
    -6.1035156022626325e-06,
    -6.1035156022626325e-06,
    -6.1035156022626325e-06,
    -6.1035156022626325e-06,
    -6.1035156022626325e-06,
    -6.1035156022626325e-06,
    -6.1035156022626325e-06,
    -6.1035156022626325e-06,
    -6.1035156022626325e-06,
    -6.1035156022626325e-06,
    -6.1035156022626325e-06,
    -6.1035156022626325e-06,
    -6.1035156022626325e-06,
    -6.1035156022626325e-06,
    0.48467407226564774,
    1.5674987792968977,
    2.6915527343750227,
    3.3000122070312727,
    3.2094665527343977,
    2.8019348144531477,
    2.3684326171875227,
    2.2000061035156477,
    2.3021789550781477,
    2.5030456542968977,
    2.8273864746093977,
    3.3000122070312727,
    4.170007324218773,
    5.390008544921898,
    6.540002441406273,
    7.200006103515648,
    7.400476074218773,
    7.509606933593773,
    7.613946533203148,
    7.800012207031273,
    8.075891113281273,
    8.371636962890648,
    8.656549072265648,
    8.899987792968773,
    9.066003417968773,
    9.171868896484398,
    9.266809082031273,
    9.399987792968773,
    9.710534667968773,
    10.159387207031273,
    10.528527832031273,
    10.600000000000023,
    10.450006103515648,
    10.300012207031273,
    10.149987792968773,
    9.999993896484398,
    9.850000000000023,
    9.700006103515648,
    9.550012207031273,
    9.399987792968773,
    8.978875732421898,
    8.201959228515648,
    7.349084472656273,
    6.700006103515648,
    6.357904052734398,
    6.149987792968773,
    5.942102050781273,
    5.600000000000023,
    4.941003417968773,
    4.063317871093773,
    3.2539611816406477,
    2.8000122070312727,
    2.6291442871093977,
    2.4749084472656477,
    2.3332153320312727,
    2.2000061035156477,
    2.0766845703125227,
    1.9598327636718977,
    1.8380676269531477,
    1.7000061035156477,
    1.4921203613281477,
    1.2039733886718977,
    0.8888488769531477,
    0.6000000000000227,
    0.41335449218752274,
    0.31020507812502274,
    0.20195922851564774,
    -6.1035156022626325e-06,
    -0.7735656738281023,
    -2.1510986328124773,
    -3.5530761718749773,
    -4.399999999999977
  ],
  "rewards": [
    4.9077753899246455,
    4.9076752827316525,
    4.905702330842614,
    4.90387322165072,
    4.902335364595055,
    4.918564185899399,
    4.898985163916064,
    4.898442113124157,
    -11.210333470693314,
    4.89064534879411,
    4.893032462230843,
    4.893047501817346,
    -0.8773070996393958,
    -1.3147816894099653,
    4.887244717815649,
    4.888357264772058,
    4.888249852433801,
    4.887828404679895,
    -0.032708890009666994,
    4.885555484045459,
    4.885374362141542,
    -19.26690701655214,
    4.876842305397857,
    4.88033297272804,
    4.882504040971399,
    4.884806944996766,
    4.886495721116662,
    4.8868843814439105,
    4.886377837434411,
    -17.69443463221173,
    4.879430854025742,
    4.906966788545251,
    4.913624169551159,
    -14.039211755022237,
    4.91571953503658,
    4.922050106198244,
    4.940061020710222,
    4.930475480307055,
    4.968115065041322,
    4.951758439304388,
    4.965094074979424,
    4.976694087655,
    4.9903513990423605,
    4.997937810618592,
    4.994563862159848,
    4.991240790210988,
    4.988100399747491,
    4.985164838805795,
    -0.19816607137739073,
    -0.14841524227321573,
    -0.31086885186967567,
    -0.5297389222309322,
    -0.797514832131605,
    -1.0875016095489736,
    -1.351927071623557,
    -1.5620608325448941,
    -1.7313699920249321,
    -1.8627703650976624,
    -1.9452998680994547,
    -1.9624308999628466,
    -3.7562117386010914,
    -1.7996566685467918,
    -6.621448576532462,
    -5.979190572754024,
    -0.8618947882562,
    -3.259128901301965,
    -0.3518124975248143,
    -0.2015358406985785,
    -0.11477630566807108,
    -0.2921105285134897,
    -0.02565670565094213,
    4.991957738681332,
    4.993129676253251,
    4.994607179433755,
    4.995889057442546,
    4.996926086998504,
    4.998032584157772,
    4.994524997547269,
    4.9936230646154804,
    4.98749126875854,
    4.984422421231866,
    4.981493937603157,
    4.978629872523571,
    4.97567881785981,
    4.972568907514215,
    4.975957755949349,
    -0.19598422575193375,
    4.959649660363794,
    4.958087708726525,
    4.955498411289375,
    4.952885858789086,
    4.949747411929394,
    4.9453357764787,
    4.940378625065736,
    4.967219695988435
  ],