{
  "episode": 1613,
  "steps": 95,
  "actions": [
    23,
    23,
    23,
    23,
    23,
    23,
    23,
    23,
    23,
    22,
    20,
    14,
    22,
    23,
    23,
    13,
    5,
    10,
    20,
    23,
    22,
    23,
    23,
    23,
    23,
    23,
    23,
    23,
    22,
    23,
    23,
    23,
    23,
    13,
    23,
    23,
    14,
    22,
    23,
    23,
    14,
    23,
    23,
    23,
    20,
    14,
    23,
    23,
    23,
    23,
    12,
    23,
    22,
    23,
    6,
    23,
    23,
    23,
    22,
    23,
    23,
    21,
    23,
    6,
    23,
    23,
    21,
    21,
    23,
    23,
    23,
    20,
    23,
    23,
    20,
    20,
    23,
    23,
    22,
    20,
    23,
    20,
    22,
    12,
    12,
    15,
    6,
    21,
    23,
    14,
    21,
    5,
    23,
    12,
    21
  ],
  "temperatures": [
    20.975762939453148,
    20.971978759765648,
    20.926324462890648,
    20.884027099609398,
    20.848413085937523,
    20.818383789062523,
    20.792230224609398,
    20.768457031250023,
    20.746057128906273,
    20.724359130859398,
    20.703149414062523,
    20.113885498046898,
    20.639489746093773,
    20.630181884765648,
    20.613519287109398,
    20.012109375000023,
    18.936761474609398,
    15.872857666015648,
    20.343988037109398,
    20.417504882812523,
    20.429193115234398,
    20.427667236328148,
    20.419885253906273,
    20.419427490234398,
    20.445886230468773,
    20.485986328125023,
    20.517175292968773,
    20.521691894531273,
    20.507470703125023,
    20.490838623046898,
    20.503503417968773,
    21.046838378906273,
    21.172265625000023,
    20.866845703125023,
    21.336633300781273,
    21.405877685546898,
    21.110620117187523,
    21.560601806640648,
    21.765802001953148,
    22.047998046875023,
    22.128930664062523,
    22.576257324218773,
    22.826654052734398,
    23.070733642578148,
    23.327386474609398,
    23.702142333984398,
    23.816308593750023,
    24.034814453125023,
    24.239923095703148,
    24.432244873046898,
    24.971093750000023,
    24.788903808593773,
    24.949578857421898,
    25.097406005859398,
    26.495568847656273,
    25.336053466796898,
    25.385430908203148,
    25.429132080078148,
    25.455163574218773,
    25.457574462890648,
    25.433099365234398,
    25.378808593750023,
    25.272668457031273,
    26.416497802734398,
    24.950982666015648,
    24.752435302734398,
    24.593041992187523,
    24.461907958984398,
    24.353082275390648,
    24.258721923828148,
    24.169732666015648,
    23.600640869140648,
    23.462579345703148,
    23.339807128906273,
    23.236535644531273,
    23.153649902343773,
    23.070672607421898,
    22.982507324218773,
    22.897851562500023,
    22.820550537109398,
    22.749017333984398,
    22.681146240234398,
    22.614892578125023,
    22.446038818359398,
    22.353509521484398,
    22.260217285156273,
    21.932824707031273,
    22.240655517578148,
    22.174707031250023,
    21.904412841796898,
    22.037622070312523,
    21.371820068359398,
    21.846948242187523,
    21.454827880859398,
    21.634881591796898
  ],
  "outdoor_temps": [
    -6.1035156022626325e-06,
    -6.1035156022626325e-06,
    -6.1035156022626325e-06,
    -6.1035156022626325e-06,
    -6.1035156022626325e-06,
    -6.1035156022626325e-06,
    -6.1035156022626325e-06,
    -6.1035156022626325e-06,
    -6.1035156022626325e-06,
    -6.1035156022626325e-06,
    -6.1035156022626325e-06,
    -6.1035156022626325e-06,
    -6.1035156022626325e-06,
    -6.1035156022626325e-06,
    -6.1035156022626325e-06,
    -6.1035156022626325e-06,
    -6.1035156022626325e-06,
    -6.1035156022626325e-06,
    -6.1035156022626325e-06,
    -6.1035156022626325e-06,
    -6.1035156022626325e-06,
    -6.1035156022626325e-06,
    -6.1035156022626325e-06,
    0.48467407226564774,
    1.5674987792968977,
    2.6915527343750227,
    3.3000122070312727,
    3.2094665527343977,
    2.8019348144531477,
    2.3684326171875227,
    2.2000061035156477,
    2.3021789550781477,
    2.5030456542968977,
    2.8273864746093977,
    3.3000122070312727,
    4.170007324218773,
    5.390008544921898,
    6.540002441406273,
    7.200006103515648,
    7.400476074218773,
    7.509606933593773,
    7.613946533203148,
    7.800012207031273,
    8.075891113281273,
    8.371636962890648,
    8.656549072265648,
    8.899987792968773,
    9.066003417968773,
    9.171868896484398,
    9.266809082031273,
    9.399987792968773,
    9.710534667968773,
    10.159387207031273,
    10.528527832031273,
    10.600000000000023,
    10.450006103515648,
    10.300012207031273,
    10.149987792968773,
    9.999993896484398,
    9.850000000000023,
    9.700006103515648,
    9.550012207031273,
    9.399987792968773,
    8.978875732421898,
    8.201959228515648,
    7.349084472656273,
    6.700006103515648,
    6.357904052734398,
    6.149987792968773,
    5.942102050781273,
    5.600000000000023,
    4.941003417968773,
    4.063317871093773,
    3.2539611816406477,
    2.8000122070312727,
    2.6291442871093977,
    2.4749084472656477,
    2.3332153320312727,
    2.2000061035156477,
    2.0766845703125227,
    1.9598327636718977,
    1.8380676269531477,
    1.7000061035156477,
    1.4921203613281477,
    1.2039733886718977,
    0.8888488769531477,
    0.6000000000000227,
    0.41335449218752274,
    0.31020507812502274,
    0.20195922851564774,
    -6.1035156022626325e-06,
    -0.7735656738281023,
    -2.1510986328124773,
    -3.5530761718749773,
    -4.399999999999977
  ],
  "rewards": [
    4.9077753899246455,
    4.9076752827316525,
    4.905702330842614,
    4.90387322165072,
    4.902335326448083,
    4.901042344346642,
    4.899916627183557,
    4.89889272429049,
    4.897925631776452,
    4.896989104524255,
    4.896070191584851,
    4.913976611911279,
    4.893284403924708,
    4.892889373027112,
    4.892165238633752,
    4.911020412407815,
    -1.145529110746855,
    -17.035426354592722,
    4.880250832739732,
    4.8835219260369955,
    4.8840477821975945,
    4.883987109385754,
    4.883649632707238,
    4.883639342561364,
    4.884822547212243,
    4.886607396379113,
    4.887995250001549,
    4.888196933045983,
    4.887567393556237,
    4.886830661021497,
    4.887394025102258,
    4.91150053717196,
    4.917049014344811,
    4.936364932022989,
    4.924317691024879,
    4.92737859942019,
    4.9435470103845,
    4.934224817399746,
    4.943327791415478,
    4.955851390138268,
    4.973662230931223,
    4.979297642354732,
    4.990411315336823,
    4.997166284620762,
    4.993748090341687,
    4.9932058886875925,
    4.987237137202984,
    -0.005287852659823094,
    -0.062321720235060635,
    -0.19223451565953073,
    -0.947584697417959,
    -0.6289554562679162,
    -0.9088209972903564,
    -1.2119129730907323,
    -6.231765962294417,
    -1.7934460012372382,
    -1.927990271858934,
    -2.051135352067714,
    -2.126304460987515,
    -2.133334879442792,
    -2.062503908388382,
    -1.9096626705676945,
    -1.627881263821727,
    -5.843276091157568,
    -0.911493317609615,
    -0.5726231492683633,
    -0.3576323796063931,
    -0.21885588518467441,
    -0.12980169943656922,
    -0.07175755213947281,
    -0.03333335619420585,
    4.990119758024812,
    4.991957263580483,
    4.993590901270509,
    4.994964499250054,
    4.996067057928961,
    4.997170863083523,
    4.997322070971132,
    4.993568351343274,
    4.99014084490421,
    4.986970612636727,
    4.983961659446359,
    4.981025192371529,
    4.983059238106335,
    4.980325827535403,
    4.977570702966465,
    4.984156515477022,
    4.964446208240545,
    4.961524445683412,
    4.967064819298685,
    4.955452282075648,
    4.975876574407979,
    4.947001569011937,
    4.9537825822457675,
    4.937597973097278
  ],