{
  "episode": 61,
  "steps": 96,
  "actions": [
    23,
    23,
    23,
    23,
    15,
    20,
    5,
    19,
    11,
    5,
    20,
    20,
    20,
    16,
    1,
    20,
    20,
    3,
    5,
    20,
    20,
    8,
    20,
    21,
    18,
    19,
    20,
    23,
    6,
    6,
    3,
    3,
    0,
    22,
    13,
    15,
    5,
    6,
    2,
    20,
    6,
    0,
    22,
    5,
    3,
    15,
    3,
    0,
    1,
    16,
    3,
    10,
    1,
    17,
    10,
    10,
    8,
    10,
    1,
    5,
    1,
    13,
    10,
    10,
    3,
    6,
    4,
    16,
    4,
    6,
    9,
    15,
    12,
    14,
    16,
    22,
    23,
    2,
    17,
    2,
    1,
    4,
    5,
    5,
    5,
    23,
    13,
    23,
    5,
    7,
    4,
    20,
    14,
    13,
    4,
    8
  ],
  "temperatures": [
    20.940881347656273,
    20.928765869140648,
    20.880517578125023,
    20.840173339843773,
    20.311395263671898,
    20.789910888671898,
    19.448663330078148,
    15.745294189453148,
    15.737298583984398,
    18.725000000000023,
    20.438043212890648,
    20.481225585937523,
    20.491693115234398,
    15.488092041015648,
    15.563012695312523,
    20.232720947265648,
    20.312097167968773,
    15.653588867187523,
    18.386132812500023,
    20.178979492187523,
    20.223657226562523,
    15.310906982421898,
    20.076226806640648,
    20.143914794921898,
    15.153314208984398,
    15.052697753906273,
    19.988000488281273,
    20.165979003906273,
    18.799829101562523,
    18.865045166015648,
    15.754663085937523,
    16.456781005859398,
    16.731286621093773,
    21.442590332031273,
    21.433984375000023,
    21.658624267578148,
    21.516687011718773,
    21.799981689453148,
    19.009423828125023,
    22.618676757812523,
    22.768701171875023,
    20.107232666015648,
    23.270593261718773,
    23.773431396484398,
    21.200372314453148,
    24.068444824218773,
    21.806298828125023,
    21.931481933593773,
    22.103784179687523,
    19.895654296875023,
    22.273126220703148,
    21.024652099609398,
    22.549676513671898,
    20.212945556640648,
    21.199273681640648,
    21.251367187500023,
    21.286462402343773,
    21.305017089843773,
    22.810479736328148,
    25.689752197265648,
    22.973504638671898,
    25.074212646484398,
    21.230615234375023,
    21.012872314453148,
    22.220269775390648,
    24.879541015625023,
    24.888391113281273,
    19.623254394531273,
    24.247827148437523,
    24.342462158203148,
    20.111566162109398,
    23.181237792968773,
    23.121301269531273,
    23.010217285156273,
    18.397576904296898,
    22.707757568359398,
    22.673425292968773,
    19.619195556640648,
    17.929040527343773,
    19.105371093750023,
    19.009423828125023,
    21.681726074218773,
    21.762261962890648,
    21.717828369140648,
    21.622369384765648,
    22.045129394531273,
    21.766900634765648,
    21.941705322265648,
    21.295068359375023,
    21.197747802734398,
    21.128228759765648,
    21.777612304687523,
    21.478784179687523,
    21.432611083984398,
    20.930688476562523,
    17.324700927734398
  ],
  "outdoor_temps": [
    -4.399999999999977,
    -4.399999999999977,
    -4.399999999999977,
    -4.321874999999977,
    -4.149999999999977,
    -3.9781249999999773,
    -3.8999999999999773,
    -3.8999999999999773,
    -3.8999999999999773,
    -3.8999999999999773,
    -3.8999999999999773,
    -3.8999999999999773,
    -3.8999999999999773,
    -3.8999999999999773,
    -3.8999999999999773,
    -3.8999999999999773,
    -3.8999999999999773,
    -3.8999999999999773,
    -3.8999999999999773,
    -3.8999999999999773,
    -3.8999999999999773,
    -3.8999999999999773,
    -3.8999999999999773,
    -3.7594360351562273,
    -3.4334777832031023,
    -3.0658020019531023,
    -2.7999938964843523,
    -2.7857727050781023,
    -2.9290222167968523,
    -3.0077575683593523,
    -2.7999938964843523,
    -2.3750061035156023,
    -1.9499877929687273,
    -1.5249999999999773,
    -1.1000122070312273,
    -0.6749938964843523,
    -0.25000610351560226,
    0.17501220703127274,
    0.6000000000000227,
    1.1700988769531477,
    1.9202514648437727,
    2.6852661132812727,
    3.3000122070312727,
    3.7444091796875227,
    4.092248535156273,
    4.318963623046898,
    4.399987792968773,
    4.399987792968773,
    4.399987792968773,
    4.399987792968773,
    4.399987792968773,
    4.399987792968773,
    4.399987792968773,
    4.399987792968773,
    4.399987792968773,
    4.568750000000023,
    4.950006103515648,
    5.356256103515648,
    5.600000000000023,
    5.676110839843773,
    5.702935791015648,
    5.678308105468773,
    5.600000000000023,
    5.486535644531273,
    5.353295898437523,
    5.193414306640648,
    4.999993896484398,
    4.772943115234398,
    4.515344238281273,
    4.225061035156273,
    3.8999877929687727,
    3.5136962890625227,
    3.0713439941406477,
    2.6183410644531477,
    2.2000061035156477,
    1.8461547851562727,
    1.5505920410156477,
    1.3047424316406477,
    1.1000000000000227,
    1.1143127441406477,
    1.3752075195312727,
    1.6485229492187727,
    1.7000061035156477,
    1.3735290527343977,
    0.8252197265625227,
    0.28930053710939774,
    -6.1035156022626325e-06,
    -0.07025756835935226,
    -0.09940185546872726,
    -0.07886352539060226,
    -6.1035156022626325e-06,
    0.15612182617189774,
    0.35543212890627274,
    0.5270324707031477,
    0.6000000000000227,
    0.6000000000000227
  ],
  "rewards": [
    4.960505759671331,
    4.960308599427343,
    4.959438165381551,
    4.9587129246741535,
    4.9646776966936885,
    4.95781973822674,
    -0.7731280966382252,
    -45.25889052861346,
    -45.428167398002806,
    -4.079925716638258,
    4.951372079768907,
    4.95218048315398,
    4.952382013610523,
    -50.89515582524659,
    -49.217797908213946,
    4.94761151547325,
    4.9490842018639265,
    -47.22898199086312,
    -6.528513234357125,
    4.946634154239427,
    4.947463017514866,
    -54.969764442597025,
    4.9447431611243795,
    4.945996635965031,
    -58.72685183438725,
    -60.0,
    -0.028713870020015013,
    4.9464093206440625,
    -3.616584403309835,
    -3.235623868306889,
    -45.058083779097906,
    -31.38765231807393,
    -26.713172671447097,
    4.970000683024526,
    4.979320667773809,
    4.982226328019539,
    4.988954448564707,
    4.991049001758675,
    -2.4575867755280734,
    4.991738491303571,
    4.998215067858767,
    4.988581914870149,
    4.997285410530865,
    4.998203822229381,
    4.986152166073899,
    -0.013966657369364869,
    4.984804586632906,
    4.984525662039448,
    4.984142140131444,
    -0.04133353571997497,
    4.983764463579687,
    4.976161123947281,
    4.983148313670864,
    4.969831773589973,
    4.9754778544400695,
    4.975274092327317,
    4.9751362893688285,
    4.975062959601374,
    4.982563293486348,
    -7.141178869646558,
    4.9821996163779305,
    -2.889044485852568,
    4.975347754721085,
    4.97619418657895,
    4.983872193604221,
    -1.93610344770091,
    -1.9752292488832228,
    -0.3682094262999905,
    -0.15496608153879218,
    -0.2947263834787841,
    4.979697950908995,
    4.998882116220082,
    4.999115008867143,
    4.999546848286804,
    -6.429354472338161,
    4.993372576574269,
    4.992737987839009,
    -0.3676933098211452,
    -10.730834353752845,
    -2.005494299785983,
    -2.4575881872592253,
    4.990159928179954,
    4.990756656194673,
    4.990428206270318,
    4.989721915369611,
    4.981116290012132,
    4.983610015328973,
    4.979205228563885,
    4.987303020637483,
    4.986583644097428,
    4.986070230817828,
    4.976174175082342,
    4.979884721933823,
    4.979287086439197,
    4.984609599017093,
    -17.897756193307288
  ],