{
  "episode": 48,
  "steps": 95,
  "actions": [
    23,
    23,
    23,
    23,
    14,
    4,
    9,
    6,
    11,
    14,
    19,
    7,
    8,
    16,
    0,
    11,
    14,
    10,
    2,
    20,
    19,
    12,
    11,
    20,
    12,
    6,
    11,
    14,
    18,
    8,
    17,
    4,
    13,
    16,
    20,
    22,
    0,
    20,
    9,
    6,
    9,
    13,
    2,
    8,
    18,
    16,
    7,
    21,
    22,
    5,
    3,
    20,
    21,
    12,
    10,
    23,
    19,
    1,
    8,
    13,
    11,
    9,
    10,
    19,
    2,
    10,
    16,
    4,
    6,
    12,
    5,
    14,
    21,
    6,
    6,
    19,
    15,
    13,
    21,
    17,
    7,
    18,
    19,
    6,
    4,
    0,
    11,
    1,
    6,
    20,
    16,
    5,
    6,
    6,
    16
  ],
  "temperatures": [
    21.111627197265648,
    21.104028320312523,
    21.062646484375023,
    21.024285888671898,
    20.531274414062523,
    19.688439941406273,
    16.109368896484398,
    19.195001220703148,
    15.959313964843773,
    20.050286865234398,
    15.698663330078148,
    18.929467773437523,
    15.751336669921898,
    15.511651611328148,
    15.695367431640648,
    15.486474609375023,
    19.660760498046898,
    15.509088134765648,
    15.480310058593773,
    20.218103027343773,
    15.310723876953148,
    19.549005126953148,
    15.345513916015648,
    20.161096191406273,
    19.706201171875023,
    18.875756835937523,
    15.427972412109398,
    19.627587890625023,
    15.275445556640648,
    15.217095947265648,
    15.137689208984398,
    19.156457519531273,
    20.314202880859398,
    15.837731933593773,
    20.936151123046898,
    21.095208740234398,
    16.862054443359398,
    21.209069824218773,
    16.603173828125023,
    20.693597412109398,
    17.183709716796898,
    21.927331542968773,
    18.830010986328148,
    18.231256103515648,
    17.934075927734398,
    18.161126708984398,
    23.075677490234398,
    23.440026855468773,
    23.666741943359398,
    24.313165283203148,
    21.705346679687523,
    24.177728271484398,
    24.365960693359398,
    24.841027832031273,
    21.092736816406273,
    24.653802490234398,
    20.216546630859398,
    22.618615722656273,
    21.197137451171898,
    25.039544677734398,
    21.226373291015648,
    21.087396240234398,
    20.940179443359398,
    19.807611083984398,
    21.762933349609398,
    20.269006347656273,
    19.224877929687523,
    23.860223388671898,
    23.977349853515648,
    23.704919433593773,
    23.814447021484398,
    22.984307861328148,
    22.863763427734398,
    22.638452148437523,
    22.493157958984398,
    18.015924072265648,
    22.251611328125023,
    22.255029296875023,
    22.338525390625023,
    17.667779541015648,
    21.511407470703148,
    17.464105224609398,
    17.314080810546898,
    21.078088378906273,
    21.167169189453148,
    18.261407470703148,
    17.411676025390648,
    17.836053466796898,
    20.532952880859398,
    21.478021240234398,
    16.746148681640648,
    20.228967285156273,
    20.250299072265648,
    20.122094726562523,
    16.357202148437523
  ],
  "outdoor_temps": [
    -6.1035156022626325e-06,
    -6.1035156022626325e-06,
    -6.1035156022626325e-06,
    -6.1035156022626325e-06,
    -6.1035156022626325e-06,
    -6.1035156022626325e-06,
    -6.1035156022626325e-06,
    -6.1035156022626325e-06,
    -6.1035156022626325e-06,
    -6.1035156022626325e-06,
    -6.1035156022626325e-06,
    -6.1035156022626325e-06,
    -6.1035156022626325e-06,
    -6.1035156022626325e-06,
    -6.1035156022626325e-06,
    -6.1035156022626325e-06,
    -6.1035156022626325e-06,
    -6.1035156022626325e-06,
    -6.1035156022626325e-06,
    -6.1035156022626325e-06,
    -6.1035156022626325e-06,
    -6.1035156022626325e-06,
    -6.1035156022626325e-06,
    0.48467407226564774,
    1.5674987792968977,
    2.6915527343750227,
    3.3000122070312727,
    3.2094665527343977,
    2.8019348144531477,
    2.3684326171875227,
    2.2000061035156477,
    2.3021789550781477,
    2.5030456542968977,
    2.8273864746093977,
    3.3000122070312727,
    4.170007324218773,
    5.390008544921898,
    6.540002441406273,
    7.200006103515648,
    7.400476074218773,
    7.509606933593773,
    7.613946533203148,
    7.800012207031273,
    8.075891113281273,
    8.371636962890648,
    8.656549072265648,
    8.899987792968773,
    9.066003417968773,
    9.171868896484398,
    9.266809082031273,
    9.399987792968773,
    9.710534667968773,
    10.159387207031273,
    10.528527832031273,
    10.600000000000023,
    10.450006103515648,
    10.300012207031273,
    10.149987792968773,
    9.999993896484398,
    9.850000000000023,
    9.700006103515648,
    9.550012207031273,
    9.399987792968773,
    8.978875732421898,
    8.201959228515648,
    7.349084472656273,
    6.700006103515648,
    6.357904052734398,
    6.149987792968773,
    5.942102050781273,
    5.600000000000023,
    4.941003417968773,
    4.063317871093773,
    3.2539611816406477,
    2.8000122070312727,
    2.6291442871093977,
    2.4749084472656477,
    2.3332153320312727,
    2.2000061035156477,
    2.0766845703125227,
    1.9598327636718977,
    1.8380676269531477,
    1.7000061035156477,
    1.4921203613281477,
    1.2039733886718977,
    0.8888488769531477,
    0.6000000000000227,
    0.41335449218752274,
    0.31020507812502274,
    0.20195922851564774,
    -6.1035156022626325e-06,
    -0.7735656738281023,
    -2.1510986328124773,
    -3.5530761718749773,
    -4.399999999999977
  ],
  "rewards": [
    4.963678053930402,
    4.9635631695538756,
    4.962818720653653,
    4.962127915933729,
    4.967531259212643,
    -0.25498894127373806,
    -37.84485890023496,
    -1.634190456648144,
    -40.819899777190216,
    4.961355451472265,
    -46.25619957209993,
    -2.8801986580167527,
    -45.12948633426153,
    -50.36511568195209,
    -46.32545765386246,
    -50.93090035613947,
    -0.3094994215777001,
    -50.4218891062984,
    -51.06955828262491,
    4.9473584428497634,
    -54.97465648480549,
    -0.5309963106376456,
    -54.16144966374269,
    4.94631972699256,
    -0.23727767500747704,
    -3.1750830899129516,
    -52.25959901787095,
    -0.3687162163032039,
    -55.80481929378077,
    -57.19102722327705,
    -59.106066387336874,
    -1.7931449692489674,
    4.964842176573918,
    -43.314032070058374,
    4.960637197742644,
    4.963573122194927,
    -24.618855775035236,
    4.965669361665845,
    -28.84936151224806,
    4.982860088854219,
    -19.83314593046677,
    4.985697182252194,
    -3.4264687465013335,
    -7.827590045143365,
    -10.678764169803383,
    -8.462925868330071,
    4.999754269592869,
    4.996346984381262,
    4.995089165107063,
    -0.24667174477101342,
    4.985040570987146,
    -0.08275482725629416,
    -0.33912670354273927,
    -1.7720727121042152,
    4.9759214843587705,
    -1.0737511025672792,
    4.9698465570956465,
    4.9830151061588985,
    4.975517245083723,
    -2.705771282034842,
    4.975403633788714,
    4.975943126209242,
    4.9765146352193605,
    -0.1063895401661268,
    4.984913850861237,
    4.979121624375977,
    -1.5142744543519124,
    4.998013740940425,
    4.997753823536084,
    4.99684723599822,
    4.998115368761284,
    4.999371850905697,
    4.996261786629324,
    4.997242524002395,
    4.996169783091253,
    -9.850272151799565,
    4.989899294438407,
    4.989944702422975,
    4.986562843557933,
    -13.60604272491021,
    4.988918471252626,
    -16.08425260665385,
    -18.04233547463772,
    4.985719057160066,
    4.986378110861486,
    -7.560407173038627,
    -16.75340722931892,
    -11.709837266962566,
    4.98169650725988,
    4.970680130424059,
    -26.474227584701634,
    4.979452558620307,
    4.979610234988611,
    4.978662603413767,
    -33.179220179942874
  ],