{
  "episode": 939,
  "steps": 95,
  "actions": [
    23,
    23,
    23,
    23,
    20,
    23,
    12,
    12,
    12,
    21,
    12,
    14,
    12,
    12,
    21,
    21,
    12,
    21,
    20,
    12,
    12,
    15,
    12,
    15,
    20,
    21,
    13,
    12,
    21,
    12,
    12,
    15,
    12,
    12,
    20,
    21,
    12,
    20,
    12,
    12,
    20,
    12,
    15,
    20,
    12,
    21,
    0,
    14,
    2,
    19,
    10,
    1,
    10,
    0,
    2,
    11,
    2,
    2,
    11,
    1,
    3,
    1,
    9,
    0,
    1,
    0,
    3,
    0,
    3,
    0,
    13,
    21,
    21,
    20,
    0,
    12,
    13,
    20,
    13,
    12,
    1,
    15,
    22,
    23,
    14,
    20,
    21,
    20,
    21,
    12,
    21,
    23,
    12,
    14,
    12
  ],
  "temperatures": [
    21.111627197265648,
    21.104028320312523,
    21.062646484375023,
    21.024285888671898,
    20.991937255859398,
    20.964624023437523,
    20.470788574218773,
    20.420220947265648,
    20.384942626953148,
    20.846795654296898,
    20.352319335937523,
    20.310510253906273,
    20.280236816406273,
    20.252465820312523,
    20.737084960937523,
    20.733819580078148,
    20.215692138671898,
    20.690698242187523,
    20.684228515625023,
    20.156610107421898,
    20.113122558593773,
    20.083032226562523,
    20.056634521484398,
    20.044061279296898,
    20.598687744140648,
    20.650415039062523,
    20.180505371093773,
    20.164605712890648,
    20.652734375000023,
    20.139978027343773,
    20.133599853515648,
    20.747430419921898,
    20.890069580078148,
    21.004541015625023,
    21.437371826171898,
    21.506921386718773,
    21.259332275390648,
    21.660424804687523,
    21.592065429687523,
    21.896234130859398,
    22.373040771484398,
    22.510491943359398,
    22.793450927734398,
    23.074060058593773,
    23.375604248046898,
    23.552453613281273,
    21.180718994140648,
    24.088128662109398,
    21.792962646484398,
    19.665673828125023,
    20.657525634765648,
    22.229425048828148,
    21.033441162109398,
    22.634362792968773,
    22.852471923828148,
    21.419854736328148,
    22.974298095703148,
    23.084039306640648,
    21.542291259765648,
    23.039483642578148,
    23.059136962890648,
    23.006280517578148,
    21.321221923828148,
    22.556665039062523,
    22.310906982421898,
    22.041253662109398,
    21.799829101562523,
    21.589532470703148,
    21.406732177734398,
    21.242974853515648,
    23.765100097656273,
    23.130883789062523,
    23.027886962890648,
    22.929589843750023,
    19.981469726562523,
    22.625238037109398,
    22.590478515625023,
    22.595483398437523,
    22.432641601562523,
    22.356347656250023,
    19.292291259765648,
    22.109185791015648,
    22.264031982421898,
    22.222589111328148,
    21.988092041015648,
    22.110467529296898,
    22.056451416015648,
    22.000909423828148,
    21.943750000000023,
    21.638940429687523,
    21.830621337890648,
    21.772119140625023,
    21.388146972656273,
    21.251763916015648,
    21.135736083984398
  ],
  "outdoor_temps": [
    -6.1035156022626325e-06,
    -6.1035156022626325e-06,
    -6.1035156022626325e-06,
    -6.1035156022626325e-06,
    -6.1035156022626325e-06,
    -6.1035156022626325e-06,
    -6.1035156022626325e-06,
    -6.1035156022626325e-06,
    -6.1035156022626325e-06,
    -6.1035156022626325e-06,
    -6.1035156022626325e-06,
    -6.1035156022626325e-06,
    -6.1035156022626325e-06,
    -6.1035156022626325e-06,
    -6.1035156022626325e-06,
    -6.1035156022626325e-06,
    -6.1035156022626325e-06,
    -6.1035156022626325e-06,
    -6.1035156022626325e-06,
    -6.1035156022626325e-06,
    -6.1035156022626325e-06,
    -6.1035156022626325e-06,
    -6.1035156022626325e-06,
    0.48467407226564774,
    1.5674987792968977,
    2.6915527343750227,
    3.3000122070312727,
    3.2094665527343977,
    2.8019348144531477,
    2.3684326171875227,
    2.2000061035156477,
    2.3021789550781477,
    2.5030456542968977,
    2.8273864746093977,
    3.3000122070312727,
    4.170007324218773,
    5.390008544921898,
    6.540002441406273,
    7.200006103515648,
    7.400476074218773,
    7.509606933593773,
    7.613946533203148,
    7.800012207031273,
    8.075891113281273,
    8.371636962890648,
    8.656549072265648,
    8.899987792968773,
    9.066003417968773,
    9.171868896484398,
    9.266809082031273,
    9.399987792968773,
    9.710534667968773,
    10.159387207031273,
    10.528527832031273,
    10.600000000000023,
    10.450006103515648,
    10.300012207031273,
    10.149987792968773,
    9.999993896484398,
    9.850000000000023,
    9.700006103515648,
    9.550012207031273,
    9.399987792968773,
    8.978875732421898,
    8.201959228515648,
    7.349084472656273,
    6.700006103515648,
    6.357904052734398,
    6.149987792968773,
    5.942102050781273,
    5.600000000000023,
    4.941003417968773,
    4.063317871093773,
    3.2539611816406477,
    2.8000122070312727,
    2.6291442871093977,
    2.4749084472656477,
    2.3332153320312727,
    2.2000061035156477,
    2.0766845703125227,
    1.9598327636718977,
    1.8380676269531477,
    1.7000061035156477,
    1.4921203613281477,
    1.2039733886718977,
    0.8888488769531477,
    0.6000000000000227,
    0.41335449218752274,
    0.31020507812502274,
    0.20195922851564774,
    -6.1035156022626325e-06,
    -0.7735656738281023,
    -2.1510986328124773,
    -3.5530761718749773,
    -4.399999999999977
  ],
  "rewards": [
    4.963678053930402,
    4.9635631695538756,
    4.962818720653653,
    4.962127915933729,
    4.961546352222562,
    4.96105674164645,
    4.966773610267788,
    4.966129125483496,
    4.965681969054205,
    4.958923348475409,
    4.965276744414769,
    4.964742498524648,
    4.964357211612975,
    4.964003685839636,
    4.956931951332999,
    4.95687663695281,
    4.963541655589543,
    4.956088342953635,
    4.955972178191595,
    4.962786763916682,
    4.96222601426409,
    4.961839296944601,
    4.961500676906465,
    4.961341325171453,
    4.954410363632052,
    4.955369274786633,
    4.963113596488438,
    4.9629084647451736,
    4.955414686490012,
    4.962590605069599,
    4.962508082516653,
    4.970452587135298,
    4.972293252981065,
    4.9737699343042205,
    4.969904603649092,
    4.971186025313061,
    4.977055860210858,
    4.9740171274432665,
    4.981357937465381,
    4.985294951029283,
    4.98719292490573,
    4.993246383677196,
    4.996909709550602,
    4.99837780913411,
    4.998125699731481,
    4.995723387587978,
    4.986205403332315,
    -0.021707877203832156,
    4.984846262731468,
    -0.2928978328636427,
    4.9776108450317835,
    4.983877407766393,
    4.976151011734877,
    4.982979146696141,
    4.982495379973203,
    4.974651469136872,
    4.982225621252482,
    4.9819822251007935,
    4.9741767860644535,
    4.9820812379346915,
    4.982037526890312,
    4.982154619616497,
    4.975034848004255,
    4.983152229695703,
    4.983697791028768,
    4.984296431466613,
    4.984832469154149,
    4.985299330872524,
    4.985705228675156,
    4.986068744880188,
    4.996613501165062,
    4.998065523293356,
    4.998636408643514,
    4.9974803262806455,
    -0.006414992024229109,
    4.994731291834265,
    4.994282855071289,
    4.991310170230011,
    4.992242680500221,
    4.991256516352782,
    -1.2569198111554045,
    4.988061176687155,
    4.985190186294525,
    4.98442528124931,
    4.986498291049153,
    4.98235662478662,
    4.981360024980229,
    4.980334779233388,
    4.979280402830761,
    4.981988723327122,
    4.977192560721351,
    4.9761122938103,
    4.9787477298118175,
    4.976983630187971,
    4.975482628368651
  ],