{
  "episode": 286,
  "steps": 96,
  "actions": [
    23,
    23,
    23,
    23,
    23,
    23,
    23,
    13,
    23,
    23,
    21,
    21,
    23,
    23,
    23,
    23,
    22,
    22,
    22,
    22,
    22,
    22,
    20,
    23,
    22,
    22,
    20,
    22,
    21,
    22,
    15,
    14,
    20,
    4,
    4,
    6,
    4,
    4,
    21,
    3,
    3,
    2,
    1,
    3,
    1,
    2,
    3,
    3,
    3,
    3,
    1,
    3,
    3,
    3,
    3,
    10,
    2,
    2,
    2,
    10,
    10,
    3,
    2,
    11,
    2,
    3,
    2,
    2,
    3,
    3,
    2,
    3,
    14,
    14,
    14,
    20,
    15,
    15,
    15,
    14,
    7,
    14,
    7,
    15,
    14,
    15,
    15,
    15,
    7,
    4,
    4,
    6,
    4,
    4,
    4,
    20
  ],
  "temperatures": [
    21.360406494140648,
    21.354425048828148,
    21.317132568359398,
    21.281121826171898,
    21.248315429687523,
    21.219934082031273,
    21.196740722656273,
    20.765954589843773,
    21.154077148437523,
    21.152215576171898,
    21.145654296875023,
    21.135919189453148,
    21.125085449218773,
    21.113580322265648,
    21.101403808593773,
    21.088342285156273,
    21.073907470703148,
    21.058404541015648,
    21.042138671875023,
    21.021478271484398,
    20.992120361328148,
    20.960351562500023,
    20.934106445312523,
    20.915948486328148,
    20.897332763671898,
    20.886895751953148,
    20.911614990234398,
    20.982415771484398,
    21.089593505859398,
    21.214837646484398,
    20.960931396484398,
    21.702630615234398,
    22.152429199218773,
    21.882714843750023,
    22.139733886718773,
    22.447839355468773,
    22.782952880859398,
    23.117547607421898,
    23.310296630859398,
    20.724572753906273,
    20.915826416015648,
    21.176385498046898,
    21.405450439453148,
    21.592492675781273,
    21.747430419921898,
    21.884667968750023,
    21.994226074218773,
    22.085046386718773,
    22.155450439453148,
    22.200952148437523,
    22.194238281250023,
    22.155755615234398,
    22.105737304687523,
    22.064508056640648,
    22.044549560546898,
    20.666650390625023,
    22.023919677734398,
    22.120416259765648,
    22.208825683593773,
    20.863397216796898,
    20.869775390625023,
    22.274285888671898,
    22.313531494140648,
    20.830590820312523,
    22.087335205078148,
    22.003564453125023,
    21.858117675781273,
    21.696069335937523,
    21.541925048828148,
    21.408105468750023,
    21.288507080078148,
    20.543969726562523,
    23.128564453125023,
    23.080682373046898,
    22.995660400390648,
    22.938684082031273,
    22.868920898437523,
    22.818627929687523,
    22.778466796875023,
    22.750390625000023,
    22.663110351562523,
    22.727990722656273,
    22.644281005859398,
    22.702844238281273,
    22.674676513671898,
    22.633020019531273,
    22.583123779296898,
    22.518945312500023,
    22.268884277343773,
    22.124230957031273,
    21.996728515625023,
    21.920190429687523,
    21.918847656250023,
    21.958459472656273,
    21.982080078125023,
    22.336968994140648
  ],
  "outdoor_temps": [
    4.988244628906273,
    4.649255371093773,
    4.399987792968773,
    4.218713378906273,
    4.051354980468773,
    3.9333129882812727,
    3.8999877929687727,
    3.9820190429687727,
    4.139581298828148,
    4.302331542968773,
    4.399987792968773,
    4.430322265625023,
    4.439202880859398,
    4.428491210937523,
    4.399987792968773,
    4.334680175781273,
    4.220910644531273,
    4.071679687500023,
    3.8999877929687727,
    3.5417419433593977,
    2.9815612792968977,
    2.4555908203125227,
    2.2000061035156477,
    2.2537475585937727,
    2.4349609375000227,
    2.6487060546875227,
    2.8000122070312727,
    2.7981506347656477,
    2.7066894531250227,
    2.6618896484375227,
    2.8000122070312727,
    3.2856994628906477,
    4.095147705078148,
    5.082055664062523,
    6.100000000000023,
    7.220208740234398,
    8.477563476562523,
    9.671136474609398,
    10.600000000000023,
    11.218530273437523,
    11.653192138671898,
    11.961267089843773,
    12.200006103515648,
    12.426324462890648,
    12.630334472656273,
    12.769189453125023,
    12.800012207031273,
    12.694543457031273,
    12.506250000000023,
    12.314843750000023,
    12.200006103515648,
    12.161340332031273,
    12.146875000000023,
    12.158990478515648,
    12.200006103515648,
    12.288751220703148,
    12.430383300781273,
    12.606866455078148,
    12.800012207031273,
    13.164056396484398,
    13.708673095703148,
    14.198937988281273,
    14.399987792968773,
    14.253808593750023,
    13.940393066406273,
    13.581781005859398,
    13.300012207031273,
    13.151696777343773,
    13.065545654296898,
    12.971612548828148,
    12.800012207031273,
    12.207757568359398,
    11.171105957031273,
    10.098901367187523,
    9.399987792968773,
    9.130334472656273,
    9.056848144531273,
    9.154962158203148,
    9.399987792968773,
    9.877374267578148,
    10.554345703125023,
    11.229150390625023,
    11.700006103515648,
    11.850183105468773,
    11.748803710937523,
    11.473046875000023,
    11.100000000000023,
    10.279595947265648,
    8.941583251953148,
    7.582757568359398,
    6.700006103515648,
    7.107965087890648,
    8.592034912109398,
    10.105096435546898,
    10.600000000000023,
    9.642083740234398
  ],
  "rewards": [
    4.968295746698976,
    4.968198972597718,
    4.967519815817475,
    4.966863203898073,
    4.966265550509095,
    4.965748999968171,
    4.965328122034669,
    4.9705727554261685,
    4.964553231772522,
    4.964525429859758,
    4.964409182921052,
    4.964233583957605,
    4.964036541730813,
    4.963826814547181,
    4.963605546608568,
    4.963367505922913,
    4.963103826895356,
    4.96282007773998,
    4.962521458469655,
    4.962141582571293,
    4.961600541673924,
    4.961015233598973,
    4.960532439552571,
    4.960199570170563,
    4.959858171597123,
    4.959667251907613,
    4.960126760803487,
    4.961438239327591,
    4.9634231062758225,
    4.965742820054941,
    4.973162830509569,
    4.982780588242023,
    4.983103859652643,
    4.991654797829647,
    4.993557512327665,
    4.995837038620942,
    4.9983144941731235,
    4.999662832986199,
    4.997067066407398,
    4.9872043398783505,
    4.986780588502105,
    4.986202905053314,
    4.985695117287621,
    4.98528068649457,
    4.984937571162399,
    4.984633686718207,
    4.984391257934556,
    4.984190285379108,
    4.984034559899982,
    4.983933957392391,
    4.983949251348194,
    4.984035031971198,
    4.984146452719386,
    4.98423828261536,
    4.984282792979892,
    4.977568523370702,
    4.984328512061833,
    4.984113951497063,
    4.983917295508371,
    4.976802554211862,
    4.976776971239111,
    4.983770233501194,
    4.98368237870377,
    4.976926418519862,
    4.984183501159003,
    4.98436894731997,
    4.984691504413303,
    4.98505097048758,
    4.9853929387259335,
    4.985689899498638,
    4.985955266529735,
    4.987613357179151,
    4.99908695009448,
    4.999272779810121,
    4.999523413327401,
    4.9976496996477895,
    4.997883411592763,
    4.997232636186092,
    4.996713169413416,
    4.996350175115078,
    4.9974274648613015,
    4.9960603416957285,
    4.997288362135989,
    4.995735348040643,
    4.995371219339578,
    4.994832518656616,
    4.99418730211517,
    4.993357443633287,
    4.994515191826767,
    4.993445859964411,
    4.992503127470248,
    4.991937014624112,
    4.99192675249566,
    4.992219072147839,
    4.992393970057004,
    4.9865310388194475
  ],