{
  "episode": 124,
  "steps": 95,
  "actions": [
    23,
    23,
    23,
    23,
    23,
    23,
    23,
    23,
    23,
    23,
    23,
    23,
    23,
    23,
    23,
    23,
    23,
    23,
    23,
    23,
    23,
    23,
    23,
    23,
    23,
    23,
    23,
    23,
    23,
    23,
    23,
    23,
    22,
    15,
    12,
    1,
    23,
    0,
    23,
    23,
    23,
    20,
    20,
    23,
    3,
    23,
    14,
    23,
    23,
    21,
    5,
    23,
    23,
    13,
    14,
    8,
    5,
    3,
    23,
    12,
    7,
    23,
    22,
    7,
    23,
    23,
    15,
    12,
    23,
    20,
    1,
    23,
    23,
    23,
    23,
    23,
    23,
    12,
    1,
    4,
    7,
    23,
    9,
    18,
    3,
    22,
    23,
    15,
    23,
    23,
    23,
    23,
    23,
    23,
    20
  ],
  "temperatures": [
    20.975762939453148,
    20.971978759765648,
    20.926324462890648,
    20.884027099609398,
    20.848413085937523,
    20.818383789062523,
    20.792230224609398,
    20.768457031250023,
    20.746057128906273,
    20.724359130859398,
    20.703149414062523,
    20.682244873046898,
    20.661584472656273,
    20.641198730468773,
    20.621026611328148,
    20.601068115234398,
    20.581353759765648,
    20.561944580078148,
    20.542871093750023,
    20.524133300781273,
    20.505761718750023,
    20.487725830078148,
    20.470056152343773,
    20.463403320312523,
    20.485864257812523,
    20.523187255859398,
    20.552392578125023,
    20.555322265625023,
    20.539788818359398,
    20.522058105468773,
    20.533807373046898,
    21.077111816406273,
    21.201745605468773,
    20.901391601562523,
    20.973504638671898,
    17.577630615234398,
    21.380700683593773,
    17.782769775390648,
    21.649987792968773,
    21.997613525390648,
    22.296380615234398,
    22.558435058593773,
    22.810296630859398,
    23.057580566406273,
    20.939569091796898,
    23.506494140625023,
    23.941796875000023,
    24.004693603515648,
    24.212854003906273,
    24.407983398437523,
    25.487237548828148,
    24.781915283203148,
    24.937524414062523,
    25.559411621093773,
    25.729974365234398,
    22.273828125000023,
    26.507562255859398,
    24.450341796875023,
    25.390679931640648,
    25.974328613281273,
    26.849481201171898,
    25.386682128906273,
    25.261926269531273,
    26.393884277343773,
    24.934686279296898,
    24.735467529296898,
    24.956506347656273,
    24.810784912109398,
    24.350885009765648,
    24.251397705078148,
    22.557977294921898,
    23.551019287109398,
    23.431298828125023,
    23.312432861328148,
    23.211450195312523,
    23.130364990234398,
    23.047509765625023,
    22.955194091796898,
    20.543511962890648,
    22.518395996093773,
    22.506402587890648,
    22.623803710937523,
    18.932031250000023,
    18.068261718750023,
    19.430291748046898,
    22.156945800781273,
    22.145440673828148,
    21.890374755859398,
    22.034417724609398,
    21.979882812500023,
    21.923852539062523,
    21.855676269531273,
    21.758355712890648,
    21.648431396484398,
    21.550744628906273
  ],
  "outdoor_temps": [
    -6.1035156022626325e-06,
    -6.1035156022626325e-06,
    -6.1035156022626325e-06,
    -6.1035156022626325e-06,
    -6.1035156022626325e-06,
    -6.1035156022626325e-06,
    -6.1035156022626325e-06,
    -6.1035156022626325e-06,
    -6.1035156022626325e-06,
    -6.1035156022626325e-06,
    -6.1035156022626325e-06,
    -6.1035156022626325e-06,
    -6.1035156022626325e-06,
    -6.1035156022626325e-06,
    -6.1035156022626325e-06,
    -6.1035156022626325e-06,
    -6.1035156022626325e-06,
    -6.1035156022626325e-06,
    -6.1035156022626325e-06,
    -6.1035156022626325e-06,
    -6.1035156022626325e-06,
    -6.1035156022626325e-06,
    -6.1035156022626325e-06,
    0.48467407226564774,
    1.5674987792968977,
    2.6915527343750227,
    3.3000122070312727,
    3.2094665527343977,
    2.8019348144531477,
    2.3684326171875227,
    2.2000061035156477,
    2.3021789550781477,
    2.5030456542968977,
    2.8273864746093977,
    3.3000122070312727,
    4.170007324218773,
    5.390008544921898,
    6.540002441406273,
    7.200006103515648,
    7.400476074218773,
    7.509606933593773,
    7.613946533203148,
    7.800012207031273,
    8.075891113281273,
    8.371636962890648,
    8.656549072265648,
    8.899987792968773,
    9.066003417968773,
    9.171868896484398,
    9.266809082031273,
    9.399987792968773,
    9.710534667968773,
    10.159387207031273,
    10.528527832031273,
    10.600000000000023,
    10.450006103515648,
    10.300012207031273,
    10.149987792968773,
    9.999993896484398,
    9.850000000000023,
    9.700006103515648,
    9.550012207031273,
    9.399987792968773,
    8.978875732421898,
    8.201959228515648,
    7.349084472656273,
    6.700006103515648,
    6.357904052734398,
    6.149987792968773,
    5.942102050781273,
    5.600000000000023,
    4.941003417968773,
    4.063317871093773,
    3.2539611816406477,
    2.8000122070312727,
    2.6291442871093977,
    2.4749084472656477,
    2.3332153320312727,
    2.2000061035156477,
    2.0766845703125227,
    1.9598327636718977,
    1.8380676269531477,
    1.7000061035156477,
    1.4921203613281477,
    1.2039733886718977,
    0.8888488769531477,
    0.6000000000000227,
    0.41335449218752274,
    0.31020507812502274,
    0.20195922851564774,
    -6.1035156022626325e-06,
    -0.7735656738281023,
    -2.1510986328124773,
    -3.5530761718749773,
    -4.399999999999977
  ],
  "rewards": [
    4.120979222776403,
    4.115054529951921,
    4.041117961602322,
    3.9698265858460595,
    3.9077210109681286,
    3.853879691883962,
    3.805885754423257,
    3.7613691613823597,
    3.718646088801367,
    3.6765443842579115,
    3.634704109951898,
    3.592804602505684,
    3.5507493382320265,
    3.5086222347245086,
    3.466321936817887,
    3.423867874192122,
    3.381345204161528,
    3.338909506471877,
    3.296656541600873,
    3.254615599177828,
    3.2128832242638383,
    3.1714217349608016,
    3.1303298621997757,
    3.114743142649584,
    3.1671395712346357,
    3.2525262384582816,
    3.3178817418963207,
    3.324368238821675,
    3.289838607208853,
    3.249981652163019,
    3.2764469183702523,
    4.274051666222544,
    4.440449801348177,
    4.032181508005027,
    4.1492411148965544,
    -24.67256804259729,
    4.638600811917032,
    -22.293386341924528,
    4.8463057443127155,
    4.953610685663297,
    4.900993897961443,
    4.744618912897985,
    4.497249790185062,
    4.15848391723532,
    4.130181761425956,
    3.2892197254979876,
    2.163146821819179,
    -0.004030555485869765,
    -0.11793557479980027,
    -0.42144424326722496,
    -5.532472345481148,
    -1.535041696185578,
    -2.2044609937817925,
    -6.085278561301707,
    -7.488273679598876,
    4.878632116150912,
    -25.72358647587717,
    -0.5175288757060802,
    -4.843565549726716,
    -9.751721205301807,
    -30.30315258371008,
    -4.815793989812708,
    -3.9893052624167447,
    -24.33049419733784,
    -2.191167128467634,
    -1.3586889562197868,
    -2.2917895843089715,
    -1.6476356116173012,
    -0.3129280923752756,
    -0.16279807718473555,
    4.732882715213984,
    3.186534395409371,
    3.455911394134115,
    3.7020949008781012,
    3.8945897301286045,
    4.038083124356305,
    4.174521590024197,
    4.313807624140722,
    3.3843322137903673,
    4.791251172600903,
    4.8002925757575685,
    4.689570891121787,
    -2.860295599512634,
    -9.339863813017153,
    -0.8163514538450813,
    4.942255872742308,
    4.944357923785543,
    4.95763264008798,
    4.954418545444293,
    4.952587377801538,
    4.946060587689283,
    4.931767199896281,
    4.89928163548001,
    4.84550072883257,
    4.782496019564584
  ],