{
  "episode": 1280,
  "steps": 95,
  "actions": [
    23,
    23,
    23,
    23,
    12,
    22,
    14,
    22,
    15,
    14,
    15,
    23,
    21,
    12,
    23,
    4,
    20,
    21,
    21,
    14,
    20,
    22,
    13,
    13,
    15,
    21,
    14,
    23,
    14,
    22,
    22,
    20,
    12,
    21,
    21,
    22,
    15,
    22,
    22,
    20,
    21,
    20,
    15,
    13,
    22,
    14,
    20,
    8,
    20,
    10,
    2,
    1,
    0,
    1,
    8,
    20,
    2,
    3,
    8,
    1,
    1,
    3,
    0,
    8,
    8,
    11,
    3,
    2,
    3,
    6,
    3,
    6,
    2,
    20,
    6,
    20,
    20,
    6,
    20,
    7,
    20,
    21,
    22,
    15,
    22,
    13,
    12,
    22,
    20,
    6,
    23,
    13,
    23,
    12,
    13
  ],
  "temperatures": [
    21.111627197265648,
    21.104028320312523,
    21.062646484375023,
    21.024285888671898,
    20.531274414062523,
    20.948815917968773,
    20.460931396484398,
    20.897271728515648,
    20.406304931640648,
    20.361901855468773,
    20.330041503906273,
    20.801477050781273,
    20.796258544921898,
    20.286828613281273,
    20.750848388671898,
    19.434533691406273,
    20.685601806640648,
    20.691461181640648,
    20.682763671875023,
    20.155297851562523,
    20.638543701171898,
    20.632623291015648,
    20.097283935546898,
    20.066094970703148,
    20.081689453125023,
    20.640710449218773,
    20.177178955078148,
    20.674188232421898,
    20.166864013671898,
    20.643701171875023,
    20.667657470703148,
    21.184594726562523,
    20.934167480468773,
    21.388330078125023,
    21.467889404296898,
    21.528802490234398,
    21.280908203125023,
    21.676141357421898,
    21.869104003906273,
    22.134820556640648,
    22.392236328125023,
    22.632531738281273,
    22.815545654296898,
    23.096795654296898,
    23.331262207031273,
    23.680596923828148,
    23.789300537109398,
    20.196679687500023,
    24.089532470703148,
    20.628533935546898,
    22.122155761718773,
    22.383386230468773,
    22.610009765625023,
    22.815209960937523,
    21.418481445312523,
    24.917291259765648,
    23.238824462890648,
    23.249780273437523,
    21.662133789062523,
    23.171014404296898,
    23.183404541015648,
    23.124719238281273,
    22.982202148437523,
    21.240411376953148,
    20.948205566406273,
    20.689019775390648,
    21.773278808593773,
    21.608605957031273,
    21.436395263671898,
    24.117944335937523,
    21.277551269531273,
    23.166162109375023,
    20.314569091796898,
    22.891015625000023,
    22.751641845703148,
    22.768029785156273,
    22.700921630859398,
    22.439141845703148,
    22.558129882812523,
    22.234887695312523,
    22.436730957031273,
    22.386743164062523,
    22.335351562500023,
    22.124963378906273,
    22.218804931640648,
    21.976922607421898,
    21.895745849609398,
    22.034967041015648,
    21.979730224609398,
    21.329675292968773,
    21.856103515625023,
    21.531762695312523,
    21.706414794921898,
    21.297967529296898,
    21.175927734375023
  ],
  "outdoor_temps": [
    -6.1035156022626325e-06,
    -6.1035156022626325e-06,
    -6.1035156022626325e-06,
    -6.1035156022626325e-06,
    -6.1035156022626325e-06,
    -6.1035156022626325e-06,
    -6.1035156022626325e-06,
    -6.1035156022626325e-06,
    -6.1035156022626325e-06,
    -6.1035156022626325e-06,
    -6.1035156022626325e-06,
    -6.1035156022626325e-06,
    -6.1035156022626325e-06,
    -6.1035156022626325e-06,
    -6.1035156022626325e-06,
    -6.1035156022626325e-06,
    -6.1035156022626325e-06,
    -6.1035156022626325e-06,
    -6.1035156022626325e-06,
    -6.1035156022626325e-06,
    -6.1035156022626325e-06,
    -6.1035156022626325e-06,
    -6.1035156022626325e-06,
    0.48467407226564774,
    1.5674987792968977,
    2.6915527343750227,
    3.3000122070312727,
    3.2094665527343977,
    2.8019348144531477,
    2.3684326171875227,
    2.2000061035156477,
    2.3021789550781477,
    2.5030456542968977,
    2.8273864746093977,
    3.3000122070312727,
    4.170007324218773,
    5.390008544921898,
    6.540002441406273,
    7.200006103515648,
    7.400476074218773,
    7.509606933593773,
    7.613946533203148,
    7.800012207031273,
    8.075891113281273,
    8.371636962890648,
    8.656549072265648,
    8.899987792968773,
    9.066003417968773,
    9.171868896484398,
    9.266809082031273,
    9.399987792968773,
    9.710534667968773,
    10.159387207031273,
    10.528527832031273,
    10.600000000000023,
    10.450006103515648,
    10.300012207031273,
    10.149987792968773,
    9.999993896484398,
    9.850000000000023,
    9.700006103515648,
    9.550012207031273,
    9.399987792968773,
    8.978875732421898,
    8.201959228515648,
    7.349084472656273,
    6.700006103515648,
    6.357904052734398,
    6.149987792968773,
    5.942102050781273,
    5.600000000000023,
    4.941003417968773,
    4.063317871093773,
    3.2539611816406477,
    2.8000122070312727,
    2.6291442871093977,
    2.4749084472656477,
    2.3332153320312727,
    2.2000061035156477,
    2.0766845703125227,
    1.9598327636718977,
    1.8380676269531477,
    1.7000061035156477,
    1.4921203613281477,
    1.2039733886718977,
    0.8888488769531477,
    0.6000000000000227,
    0.41335449218752274,
    0.31020507812502274,
    0.20195922851564774,
    -6.1035156022626325e-06,
    -0.7735656738281023,
    -2.1510986328124773,
    -3.5530761718749773,
    -4.399999999999977
  ],
  "rewards": [
    4.963678053930402,
    4.9635631695538756,
    4.962818720653653,
    4.962127915933729,
    4.967531105432659,
    4.9607638946065435,
    4.9666458726938325,
    4.959836143438583,
    4.965959048372086,
    4.96539268378055,
    4.9649881851904745,
    4.958102624925583,
    4.958013371542096,
    4.964448496152364,
    4.957186246205283,
    -0.8126030241362108,
    4.95598968058695,
    4.956102161577862,
    4.955945474118642,
    4.962769486953221,
    4.955133405228024,
    4.955027042797726,
    4.962026561599548,
    4.961626358107218,
    4.9618312466894485,
    4.9551900496061725,
    4.963070237685643,
    4.95581054835475,
    4.962937858257443,
    4.955247852985625,
    4.955691164993073,
    4.965247303508546,
    4.972863551388454,
    4.969002145815803,
    4.970468597025327,
    4.971590711683683,
    4.977335364323433,
    4.974307607012598,
    4.977873991988923,
    4.9827876701581735,
    4.987548056415242,
    4.991992017687015,
    4.997195938239765,
    4.999208697023599,
    4.996950765152016,
    4.9969410971816135,
    4.994409121607308,
    4.979401269565296,
    -0.02358194834626609,
    4.977723583589267,
    4.984115487791112,
    4.9835357319519895,
    4.983032887503181,
    4.982577761340886,
    4.9746563275155165,
    -2.10939597799526,
    4.9816385642541166,
    4.981614437024392,
    4.9737113173278455,
    4.981789304510893,
    4.981761745735679,
    4.981891806050811,
    4.982207884711254,
    4.975348569903523,
    4.976483562709035,
    4.977490433574856,
    4.984891365080302,
    4.985257033330429,
    4.985639374177255,
    -0.036050717319334784,
    4.9859922455903956,
    4.999556722749997,
    4.988135172342963,
    4.996767563975699,
    4.998080736073625,
    4.994496830852783,
    4.9932573090707475,
    4.995773136551451,
    4.990620778204954,
    4.994264451648068,
    4.988378990540686,
    4.987456155887764,
    4.986507504195623,
    4.98826707999068,
    4.984356826740115,
    4.986354639035042,
    4.98530623413671,
    4.980963909316969,
    4.979944798611428,
    4.987582912529778,
    4.977663041653193,
    4.980604040179402,
    4.974898848172764,
    4.977580931339413,
    4.976002535350783
  ],