{
  "episode": 91,
  "steps": 95,
  "actions": [
    23,
    23,
    23,
    23,
    8,
    21,
    12,
    12,
    11,
    21,
    12,
    21,
    13,
    21,
    21,
    22,
    22,
    23,
    12,
    18,
    7,
    22,
    22,
    22,
    22,
    17,
    12,
    8,
    21,
    20,
    22,
    5,
    4,
    14,
    14,
    14,
    14,
    4,
    20,
    4,
    12,
    20,
    14,
    0,
    14,
    3,
    12,
    3,
    2,
    3,
    11,
    12,
    17,
    3,
    0,
    8,
    1,
    21,
    4,
    17,
    11,
    3,
    18,
    16,
    2,
    15,
    9,
    14,
    10,
    14,
    1,
    14,
    12,
    14,
    14,
    22,
    14,
    19,
    5,
    18,
    5,
    17,
    5,
    16,
    14,
    8,
    5,
    0,
    5,
    13,
    1,
    7,
    13,
    9,
    15
  ],
  "temperatures": [
    21.111627197265648,
    21.104028320312523,
    21.062646484375023,
    21.024285888671898,
    16.215722656250023,
    20.823388671875023,
    20.385125732421898,
    20.360101318359398,
    16.035668945312523,
    20.686944580078148,
    20.241326904296898,
    20.738153076171898,
    20.238641357421898,
    20.718774414062523,
    20.716424560546898,
    20.706140136718773,
    20.693200683593773,
    20.678918457031273,
    20.147851562500023,
    15.597406005859398,
    18.820855712890648,
    20.468804931640648,
    20.508325195312523,
    20.527978515625023,
    20.564263916015648,
    15.558007812500023,
    19.894036865234398,
    15.657647705078148,
    20.412744140625023,
    20.489221191406273,
    20.538873291015648,
    20.001489257812523,
    20.119836425781273,
    20.858087158203148,
    20.969232177734398,
    21.049035644531273,
    21.127648925781273,
    20.747338867187523,
    21.740350341796898,
    21.420922851562523,
    22.095269775390648,
    22.533654785156273,
    22.704400634765648,
    19.808740234375023,
    23.159875488281273,
    20.606347656250023,
    23.689965820312523,
    21.294458007812523,
    21.470086669921898,
    21.717645263671898,
    20.570977783203148,
    24.634545898437523,
    20.027703857421898,
    22.491418457031273,
    22.726647949218773,
    21.313653564453148,
    22.849237060546898,
    24.879724121093773,
    26.005761718750023,
    20.518884277343773,
    21.403863525390648,
    22.841333007812523,
    20.210839843750023,
    20.001153564453148,
    22.031427001953148,
    24.333215332031273,
    20.398156738281273,
    24.002160644531273,
    20.109582519531273,
    23.777673339843773,
    21.109765625000023,
    23.041772460937523,
    22.958734130859398,
    22.840600585937523,
    22.736932373046898,
    22.712792968750023,
    22.568688964843773,
    18.008843994140648,
    21.945397949218773,
    17.777642822265648,
    21.658654785156273,
    17.586480712890648,
    21.409387207031273,
    17.408593750000023,
    21.609338378906273,
    17.708123779296898,
    20.953759765625023,
    18.176446533203148,
    20.759606933593773,
    21.289605712890648,
    17.916284179687523,
    20.476861572265648,
    21.024957275390648,
    16.950555419921898,
    20.681970214843773
  ],
  "outdoor_temps": [
    -6.1035156022626325e-06,
    -6.1035156022626325e-06,
    -6.1035156022626325e-06,
    -6.1035156022626325e-06,
    -6.1035156022626325e-06,
    -6.1035156022626325e-06,
    -6.1035156022626325e-06,
    -6.1035156022626325e-06,
    -6.1035156022626325e-06,
    -6.1035156022626325e-06,
    -6.1035156022626325e-06,
    -6.1035156022626325e-06,
    -6.1035156022626325e-06,
    -6.1035156022626325e-06,
    -6.1035156022626325e-06,
    -6.1035156022626325e-06,
    -6.1035156022626325e-06,
    -6.1035156022626325e-06,
    -6.1035156022626325e-06,
    -6.1035156022626325e-06,
    -6.1035156022626325e-06,
    -6.1035156022626325e-06,
    -6.1035156022626325e-06,
    0.48467407226564774,
    1.5674987792968977,
    2.6915527343750227,
    3.3000122070312727,
    3.2094665527343977,
    2.8019348144531477,
    2.3684326171875227,
    2.2000061035156477,
    2.3021789550781477,
    2.5030456542968977,
    2.8273864746093977,
    3.3000122070312727,
    4.170007324218773,
    5.390008544921898,
    6.540002441406273,
    7.200006103515648,
    7.400476074218773,
    7.509606933593773,
    7.613946533203148,
    7.800012207031273,
    8.075891113281273,
    8.371636962890648,
    8.656549072265648,
    8.899987792968773,
    9.066003417968773,
    9.171868896484398,
    9.266809082031273,
    9.399987792968773,
    9.710534667968773,
    10.159387207031273,
    10.528527832031273,
    10.600000000000023,
    10.450006103515648,
    10.300012207031273,
    10.149987792968773,
    9.999993896484398,
    9.850000000000023,
    9.700006103515648,
    9.550012207031273,
    9.399987792968773,
    8.978875732421898,
    8.201959228515648,
    7.349084472656273,
    6.700006103515648,
    6.357904052734398,
    6.149987792968773,
    5.942102050781273,
    5.600000000000023,
    4.941003417968773,
    4.063317871093773,
    3.2539611816406477,
    2.8000122070312727,
    2.6291442871093977,
    2.4749084472656477,
    2.3332153320312727,
    2.2000061035156477,
    2.0766845703125227,
    1.9598327636718977,
    1.8380676269531477,
    1.7000061035156477,
    1.4921203613281477,
    1.2039733886718977,
    0.8888488769531477,
    0.6000000000000227,
    0.41335449218752274,
    0.31020507812502274,
    0.20195922851564774,
    -6.1035156022626325e-06,
    -0.7735656738281023,
    -2.1510986328124773,
    -3.5530761718749773,
    -4.399999999999977
  ],
  "rewards": [
    4.963678053930402,
    4.9635631695538756,
    4.962818720653653,
    4.962127915933729,
    -35.80442812640549,
    4.9584399536077095,
    4.9656630826487165,
    4.96535005105303,
    -39.291990894741694,
    4.95596438913436,
    4.963838862229786,
    4.956930803243233,
    4.963818788577519,
    4.956587265965084,
    4.956549725741796,
    4.956365035981587,
    4.956130471490647,
    4.955870626233842,
    4.962670585069805,
    -48.459259814194674,
    -3.4914384573191355,
    4.951999079237166,
    4.952733139060761,
    4.953100143932129,
    4.953774100803162,
    -49.33030210300452,
    -0.048336839375924416,
    -47.141512617628365,
    4.950980279726179,
    4.952393671483449,
    4.953311226538342,
    4.977765359755929,
    4.978636298073213,
    4.9718746551038775,
    4.973308969785338,
    4.97433792951039,
    4.975351430796897,
    4.983260374464904,
    4.975493216811315,
    4.988240844096016,
    4.987871403234647,
    4.990163221050215,
    4.995756917010021,
    -0.09681983450717022,
    4.998963518816978,
    4.987480316259776,
    4.9969045758219846,
    4.985952810846431,
    4.985562847179402,
    4.985013328711786,
    4.977947008264292,
    -1.009973602436393,
    4.9708924594411386,
    4.983296410953707,
    4.982774676603306,
    4.975063932094723,
    4.982503149406256,
    -1.9405198455792432,
    -10.06106854945007,
    4.968169824181691,
    4.974714291831559,
    4.982520680330856,
    4.969878339477855,
    4.971041538393368,
    4.9843180124596085,
    -0.2803479860469106,
    4.978620340860246,
    -0.0021355951436514303,
    4.979741618656432,
    4.996564646444729,
    4.986364532508766,
    4.999425224507835,
    4.9990424336910895,
    4.997515359498722,
    4.996175518655097,
    4.993475898836618,
    4.994000908386286,
    -9.92061386355654,
    4.992124567466424,
    -12.355395145112638,
    4.990006421694774,
    -14.57037430062328,
    4.988165981089777,
    -16.7956581898536,
    4.98160118171427,
    -13.137171277369232,
    4.984803299204649,
    -8.31692106316056,
    4.983370772529393,
    4.977472507474701,
    -10.85794394057917,
    4.981284010335479,
    4.974052136628362,
    -23.251741775038745,
    4.969615700378204
  ],