{
  "episode": 1782,
  "steps": 95,
  "actions": [
    23,
    23,
    23,
    23,
    21,
    23,
    21,
    22,
    23,
    22,
    21,
    4,
    23,
    23,
    12,
    23,
    23,
    21,
    23,
    23,
    11,
    23,
    20,
    20,
    15,
    20,
    23,
    23,
    23,
    23,
    20,
    23,
    15,
    14,
    14,
    22,
    21,
    23,
    15,
    22,
    23,
    21,
    21,
    13,
    23,
    4,
    22,
    12,
    22,
    21,
    20,
    22,
    20,
    23,
    23,
    23,
    23,
    23,
    22,
    23,
    20,
    20,
    22,
    23,
    23,
    22,
    23,
    23,
    23,
    20,
    23,
    21,
    20,
    22,
    20,
    20,
    23,
    23,
    23,
    23,
    20,
    20,
    20,
    17,
    23,
    14,
    23,
    23,
    23,
    23,
    23,
    23,
    23,
    23,
    23
  ],
  "temperatures": [
    20.975762939453148,
    20.971978759765648,
    20.926324462890648,
    20.884027099609398,
    20.848413085937523,
    20.818383789062523,
    20.792230224609398,
    20.768457031250023,
    20.746057128906273,
    20.724359130859398,
    20.703149414062523,
    19.154229736328148,
    20.606134033203148,
    20.614587402343773,
    20.020288085937523,
    20.564996337890648,
    20.559320068359398,
    20.545220947265648,
    20.529229736328148,
    20.512384033203148,
    15.868432617187523,
    20.321374511718773,
    20.383752441406273,
    20.400842285156273,
    19.825952148437523,
    20.456597900390648,
    20.502160644531273,
    20.512292480468773,
    20.501275634765648,
    20.486596679687523,
    20.500482177734398,
    21.044580078125023,
    20.740167236328148,
    20.840234375000023,
    20.926202392578148,
    21.383203125000023,
    21.458337402343773,
    21.562890625000023,
    21.457269287109398,
    22.035668945312523,
    22.316827392578148,
    22.575311279296898,
    22.823541259765648,
    23.068688964843773,
    23.323693847656273,
    23.883477783203148,
    23.817010498046898,
    24.263879394531273,
    24.244165039062523,
    24.433496093750023,
    24.608666992187523,
    24.778955078125023,
    24.943688964843773,
    25.092523193359398,
    25.211511230468773,
    25.297814941406273,
    25.362725830078148,
    25.410516357421898,
    25.439019775390648,
    25.443292236328148,
    25.419671630859398,
    25.366113281250023,
    25.260369873046898,
    25.104150390625023,
    24.905084228515648,
    24.723229980468773,
    24.567834472656273,
    24.438989257812523,
    24.331781005859398,
    24.238610839843773,
    24.150567626953148,
    23.581689453125023,
    23.444329833984398,
    23.322259521484398,
    23.219659423828148,
    23.137506103515648,
    23.054620361328148,
    22.966638183593773,
    22.882318115234398,
    22.805383300781273,
    22.734277343750023,
    22.666772460937523,
    22.600885009765648,
    18.201440429687523,
    22.335351562500023,
    22.162316894531273,
    22.254174804687523,
    22.193170166015648,
    22.127038574218773,
    22.062768554687523,
    22.000909423828148,
    21.928369140625023,
    21.827783203125023,
    21.715325927734398,
    21.615411376953148
  ],
  "outdoor_temps": [
    -6.1035156022626325e-06,
    -6.1035156022626325e-06,
    -6.1035156022626325e-06,
    -6.1035156022626325e-06,
    -6.1035156022626325e-06,
    -6.1035156022626325e-06,
    -6.1035156022626325e-06,
    -6.1035156022626325e-06,
    -6.1035156022626325e-06,
    -6.1035156022626325e-06,
    -6.1035156022626325e-06,
    -6.1035156022626325e-06,
    -6.1035156022626325e-06,
    -6.1035156022626325e-06,
    -6.1035156022626325e-06,
    -6.1035156022626325e-06,
    -6.1035156022626325e-06,
    -6.1035156022626325e-06,
    -6.1035156022626325e-06,
    -6.1035156022626325e-06,
    -6.1035156022626325e-06,
    -6.1035156022626325e-06,
    -6.1035156022626325e-06,
    0.48467407226564774,
    1.5674987792968977,
    2.6915527343750227,
    3.3000122070312727,
    3.2094665527343977,
    2.8019348144531477,
    2.3684326171875227,
    2.2000061035156477,
    2.3021789550781477,
    2.5030456542968977,
    2.8273864746093977,
    3.3000122070312727,
    4.170007324218773,
    5.390008544921898,
    6.540002441406273,
    7.200006103515648,
    7.400476074218773,
    7.509606933593773,
    7.613946533203148,
    7.800012207031273,
    8.075891113281273,
    8.371636962890648,
    8.656549072265648,
    8.899987792968773,
    9.066003417968773,
    9.171868896484398,
    9.266809082031273,
    9.399987792968773,
    9.710534667968773,
    10.159387207031273,
    10.528527832031273,
    10.600000000000023,
    10.450006103515648,
    10.300012207031273,
    10.149987792968773,
    9.999993896484398,
    9.850000000000023,
    9.700006103515648,
    9.550012207031273,
    9.399987792968773,
    8.978875732421898,
    8.201959228515648,
    7.349084472656273,
    6.700006103515648,
    6.357904052734398,
    6.149987792968773,
    5.942102050781273,
    5.600000000000023,
    4.941003417968773,
    4.063317871093773,
    3.2539611816406477,
    2.8000122070312727,
    2.6291442871093977,
    2.4749084472656477,
    2.3332153320312727,
    2.2000061035156477,
    2.0766845703125227,
    1.9598327636718977,
    1.8380676269531477,
    1.7000061035156477,
    1.4921203613281477,
    1.2039733886718977,
    0.8888488769531477,
    0.6000000000000227,
    0.41335449218752274,
    0.31020507812502274,
    0.20195922851564774,
    -6.1035156022626325e-06,
    -0.7735656738281023,
    -2.1510986328124773,
    -3.5530761718749773,
    -4.399999999999977
  ],
  "rewards": [
    4.9077753899246455,
    4.9076752827316525,
    4.905702330842614,
    4.90387322165072,
    4.902335364595055,
    4.901042372853212,
    4.899916646257043,
    4.898892743260316,
    4.897925641261365,
    4.896989114060998,
    4.896070201121594,
    -0.7295880157186306,
    4.891803729294435,
    4.892196986451745,
    4.911250610314309,
    4.890024363745166,
    4.889785363450646,
    4.889170901551843,
    4.888469702870301,
    4.887731129899621,
    -17.07196143832039,
    4.879271886099292,
    4.88204780317843,
    4.882815844646614,
    -0.05394355769551823,
    4.885304515021651,
    4.887329766384285,
    4.887781035676599,
    4.887293231263757,
    4.886642358079553,
    4.887260157838464,
    4.911400620571297,
    4.932628798447549,
    4.935577497328429,
    4.938111047577922,
    4.926373226289516,
    4.9296956464875,
    4.9343269130296035,
    4.9537907647714015,
    4.955303842681258,
    4.9677826139557615,
    4.979255825057626,
    4.9902734747237485,
    4.998829726547651,
    4.9937973272768055,
    4.996008030469529,
    4.987227909325258,
    -0.0726243242767314,
    -0.06438929925471358,
    -0.19332195920466758,
    -0.37646170037922827,
    -0.6133241470838725,
    -0.8976502480876615,
    -1.2012036975781404,
    -1.4757521661371544,
    -1.6926034619659776,
    -1.8655175356194997,
    -1.9982112697885082,
    -2.0795276911184843,
    -2.091856489643196,
    -2.0241529155895757,
    -1.87477267942681,
    -1.5966874718229334,
    -1.2267833126855139,
    -0.8261500008032137,
    -0.5294286563247771,
    -0.3282855978381633,
    -0.19813226349653812,
    -0.11514232616873105,
    -0.061688720807443975,
    -0.027131031111861423,
    4.990372085347771,
    4.992199989826135,
    4.993824318281334,
    4.995189038239743,
    4.996281929842156,
    4.99738453813545,
    4.996617229953408,
    4.992879055514932,
    4.989468866959214,
    4.986316189542412,
    4.983324467769783,
    4.980404671064537,
    -3.246091239073272,
    4.968636407615698,
    4.974677839241922,
    4.965042917822366,
    4.962340287938714,
    4.959412462487816,
    4.956564852967858,
    4.953824603334069,
    4.950610210672021,
    4.946152946725488,
    4.941167113557458,
    4.93673566557467
  ],