{
  "episode": 1784,
  "steps": 95,
  "actions": [
    23,
    23,
    23,
    23,
    20,
    14,
    21,
    23,
    14,
    22,
    22,
    22,
    14,
    22,
    21,
    14,
    20,
    14,
    21,
    13,
    15,
    22,
    13,
    13,
    22,
    13,
    12,
    22,
    21,
    14,
    22,
    22,
    22,
    21,
    13,
    21,
    14,
    20,
    20,
    21,
    22,
    22,
    21,
    12,
    22,
    13,
    2,
    21,
    0,
    2,
    9,
    2,
    10,
    0,
    9,
    9,
    0,
    0,
    9,
    2,
    11,
    0,
    0,
    0,
    0,
    0,
    8,
    8,
    0,
    0,
    0,
    6,
    0,
    23,
    13,
    21,
    15,
    20,
    5,
    14,
    5,
    12,
    23,
    22,
    22,
    5,
    13,
    14,
    1,
    20,
    20,
    20,
    21,
    15,
    5
  ],
  "temperatures": [
    21.111627197265648,
    21.104028320312523,
    21.062646484375023,
    21.024285888671898,
    20.991937255859398,
    20.498864746093773,
    20.924737548828148,
    20.910943603515648,
    20.414727783203148,
    20.857934570312523,
    20.847436523437523,
    20.831536865234398,
    20.323266601562523,
    20.779534912109398,
    20.770013427734398,
    20.253900146484398,
    20.721124267578148,
    20.204400634765648,
    20.681024169921898,
    20.159539794921898,
    20.117944335937523,
    20.619073486328148,
    20.091546630859398,
    20.064294433593773,
    20.612176513671898,
    20.149072265625023,
    20.165338134765648,
    20.673272705078148,
    20.673181152343773,
    20.155999755859398,
    20.661676025390648,
    21.184167480468773,
    21.305383300781273,
    21.403039550781273,
    21.143518066406273,
    21.525231933593773,
    21.281182861328148,
    21.677545166015648,
    21.871057128906273,
    22.137017822265648,
    22.394433593750023,
    22.634729003906273,
    22.864770507812523,
    23.101831054687523,
    23.334558105468773,
    23.684533691406273,
    21.217614746093773,
    23.936517333984398,
    21.810205078125023,
    21.976068115234398,
    20.772546386718773,
    22.325128173828148,
    21.101129150390648,
    22.707269287109398,
    21.371301269531273,
    21.412896728515648,
    22.989404296875023,
    23.105920410156273,
    21.563775634765648,
    23.066491699218773,
    21.502343750000023,
    22.938134765625023,
    22.846551513671898,
    22.636651611328148,
    22.352288818359398,
    22.076715087890648,
    20.495294189453148,
    20.273553466796898,
    21.321405029296898,
    21.200128173828148,
    21.054589843750023,
    23.042504882812523,
    20.192163085937523,
    22.823815917968773,
    22.723352050781273,
    22.709283447265648,
    22.570184326171898,
    22.574395751953148,
    22.251336669921898,
    22.323327636718773,
    22.059136962890648,
    22.183709716796898,
    22.281457519531273,
    22.232019042968773,
    22.176843261718773,
    21.635583496093773,
    21.831079101562523,
    21.762170410156273,
    18.500756835937523,
    21.791894531250023,
    21.784509277343773,
    21.734399414062523,
    21.651757812500023,
    21.230706787109398,
    20.590020751953148
  ],
  "outdoor_temps": [
    -6.1035156022626325e-06,
    -6.1035156022626325e-06,
    -6.1035156022626325e-06,
    -6.1035156022626325e-06,
    -6.1035156022626325e-06,
    -6.1035156022626325e-06,
    -6.1035156022626325e-06,
    -6.1035156022626325e-06,
    -6.1035156022626325e-06,
    -6.1035156022626325e-06,
    -6.1035156022626325e-06,
    -6.1035156022626325e-06,
    -6.1035156022626325e-06,
    -6.1035156022626325e-06,
    -6.1035156022626325e-06,
    -6.1035156022626325e-06,
    -6.1035156022626325e-06,
    -6.1035156022626325e-06,
    -6.1035156022626325e-06,
    -6.1035156022626325e-06,
    -6.1035156022626325e-06,
    -6.1035156022626325e-06,
    -6.1035156022626325e-06,
    0.48467407226564774,
    1.5674987792968977,
    2.6915527343750227,
    3.3000122070312727,
    3.2094665527343977,
    2.8019348144531477,
    2.3684326171875227,
    2.2000061035156477,
    2.3021789550781477,
    2.5030456542968977,
    2.8273864746093977,
    3.3000122070312727,
    4.170007324218773,
    5.390008544921898,
    6.540002441406273,
    7.200006103515648,
    7.400476074218773,
    7.509606933593773,
    7.613946533203148,
    7.800012207031273,
    8.075891113281273,
    8.371636962890648,
    8.656549072265648,
    8.899987792968773,
    9.066003417968773,
    9.171868896484398,
    9.266809082031273,
    9.399987792968773,
    9.710534667968773,
    10.159387207031273,
    10.528527832031273,
    10.600000000000023,
    10.450006103515648,
    10.300012207031273,
    10.149987792968773,
    9.999993896484398,
    9.850000000000023,
    9.700006103515648,
    9.550012207031273,
    9.399987792968773,
    8.978875732421898,
    8.201959228515648,
    7.349084472656273,
    6.700006103515648,
    6.357904052734398,
    6.149987792968773,
    5.942102050781273,
    5.600000000000023,
    4.941003417968773,
    4.063317871093773,
    3.2539611816406477,
    2.8000122070312727,
    2.6291442871093977,
    2.4749084472656477,
    2.3332153320312727,
    2.2000061035156477,
    2.0766845703125227,
    1.9598327636718977,
    1.8380676269531477,
    1.7000061035156477,
    1.4921203613281477,
    1.2039733886718977,
    0.8888488769531477,
    0.6000000000000227,
    0.41335449218752274,
    0.31020507812502274,
    0.20195922851564774,
    -6.1035156022626325e-06,
    -0.7735656738281023,
    -2.1510986328124773,
    -3.5530761718749773,
    -4.399999999999977
  ],
  "rewards": [
    4.963678053930402,
    4.9635631695538756,
    4.962818720653653,
    4.962127915933729,
    4.961546352222562,
    4.967125115404796,
    4.960331973020797,
    4.960088957757406,
    4.966068124923855,
    4.959129520838027,
    4.958944262527253,
    4.95865846063974,
    4.96491439591008,
    4.957711018507247,
    4.957540548108842,
    4.964032217313252,
    4.9566468610212855,
    4.963399112234782,
    4.955913362686401,
    4.96282446150919,
    4.962288463190684,
    4.9547767927225514,
    4.961952135663803,
    4.961602976397166,
    4.954659537312129,
    4.9627052606161195,
    4.962917101458201,
    4.955793704081488,
    4.955792498849656,
    4.962797828961811,
    4.95558028954721,
    4.9652393713224185,
    4.967473672889496,
    4.969274055622842,
    4.975564585973225,
    4.971524439689258,
    4.977338881541692,
    4.974333576147323,
    4.977910208872479,
    4.982828287652653,
    4.987588287801199,
    4.992032669298674,
    4.996287315748956,
    4.999189137446411,
    4.996932415541423,
    4.996925760533984,
    4.986123543233165,
    4.993592397577412,
    4.98480798942288,
    4.984439754415304,
    4.977164209033646,
    4.983664991169358,
    4.975888101603188,
    4.982817307568601,
    4.974839599285275,
    4.974678418173577,
    4.982192091851617,
    4.981933643151074,
    4.974093315754086,
    4.982021274482953,
    4.974331812407174,
    4.982305874727828,
    4.982508934069425,
    4.982974710393697,
    4.983605966497213,
    4.984217758703977,
    4.978243095431477,
    4.979104538680257,
    4.985894557730497,
    4.986163863170892,
    4.9864869531281295,
    4.999831071101594,
    4.988406657492823,
    4.995525221541524,
    4.9959995812959965,
    4.9934112741914785,
    4.9940202251567465,
    4.990920415716975,
    4.994385743821931,
    4.99082948905019,
    4.992966025569355,
    4.9890248773672985,
    4.985511633146716,
    4.984599607005715,
    4.983581319712426,
    4.989839832362111,
    4.984470129726212,
    4.983579993919024,
    -5.623237509972367,
    4.976476745318298,
    4.976341037920635,
    4.975415856412571,
    4.973889500669163,
    4.976711453844509,
    4.982119058779238
  ],