{
  "episode": 806,
  "steps": 95,
  "actions": [
    23,
    23,
    23,
    23,
    23,
    12,
    20,
    23,
    12,
    15,
    20,
    20,
    20,
    12,
    20,
    21,
    20,
    20,
    20,
    12,
    23,
    20,
    22,
    20,
    13,
    12,
    20,
    20,
    23,
    13,
    15,
    12,
    20,
    21,
    20,
    21,
    22,
    15,
    20,
    12,
    20,
    12,
    23,
    20,
    12,
    12,
    0,
    3,
    8,
    3,
    18,
    9,
    0,
    2,
    1,
    3,
    3,
    9,
    9,
    0,
    21,
    10,
    2,
    8,
    0,
    3,
    16,
    2,
    10,
    3,
    13,
    8,
    4,
    20,
    23,
    12,
    20,
    5,
    6,
    12,
    12,
    15,
    12,
    15,
    21,
    12,
    15,
    22,
    13,
    12,
    21,
    20,
    21,
    20,
    23
  ],
  "temperatures": [
    21.111627197265648,
    21.104028320312523,
    21.062646484375023,
    21.024285888671898,
    20.991937255859398,
    20.498864746093773,
    20.924737548828148,
    20.910943603515648,
    20.414697265625023,
    20.367822265625023,
    20.829888916015648,
    20.822412109375023,
    20.808221435546898,
    20.297296142578148,
    20.757867431640648,
    20.748925781250023,
    20.734460449218773,
    20.718743896484398,
    20.702569580078148,
    20.173913574218773,
    20.651940917968773,
    20.644372558593773,
    20.631585693359398,
    20.627923583984398,
    20.133874511718773,
    20.152032470703148,
    20.685937500000023,
    20.700982666015648,
    20.691918945312523,
    20.174066162109398,
    20.162377929687523,
    20.773858642578148,
    21.291101074218773,
    21.397851562500023,
    21.475701904296898,
    21.536737060546898,
    21.598657226562523,
    21.403375244140648,
    21.873345947265648,
    21.930566406250023,
    22.393762207031273,
    22.534906005859398,
    22.864343261718773,
    23.094415283203148,
    23.400964355468773,
    23.690087890625023,
    21.223901367187523,
    21.402185058593773,
    20.331109619140648,
    21.824426269531273,
    19.778009033203148,
    20.801202392578148,
    22.408319091796898,
    22.675714111328148,
    22.859338378906273,
    22.985620117187523,
    23.074670410156273,
    21.548272705078148,
    21.515374755859398,
    23.028344726562523,
    24.913354492187523,
    21.488702392578148,
    22.821618652343773,
    21.141839599609398,
    22.265374755859398,
    22.031427001953148,
    19.580407714843773,
    21.453271484375023,
    20.091210937500023,
    21.111749267578148,
    23.705560302734398,
    19.292108154296898,
    22.753991699218773,
    22.833184814453148,
    22.761010742187523,
    22.636285400390648,
    22.631951904296898,
    22.335443115234398,
    22.218835449218773,
    22.304986572265648,
    22.239984130859398,
    22.175347900390648,
    22.111291503906273,
    22.044183349609398,
    22.159783935546898,
    21.905877685546898,
    21.826623535156273,
    21.982446289062523,
    21.687677001953148,
    21.611047363281273,
    21.813562011718773,
    21.756585693359398,
    21.669305419921898,
    21.569909667968773,
    21.482232666015648
  ],
  "outdoor_temps": [
    -6.1035156022626325e-06,
    -6.1035156022626325e-06,
    -6.1035156022626325e-06,
    -6.1035156022626325e-06,
    -6.1035156022626325e-06,
    -6.1035156022626325e-06,
    -6.1035156022626325e-06,
    -6.1035156022626325e-06,
    -6.1035156022626325e-06,
    -6.1035156022626325e-06,
    -6.1035156022626325e-06,
    -6.1035156022626325e-06,
    -6.1035156022626325e-06,
    -6.1035156022626325e-06,
    -6.1035156022626325e-06,
    -6.1035156022626325e-06,
    -6.1035156022626325e-06,
    -6.1035156022626325e-06,
    -6.1035156022626325e-06,
    -6.1035156022626325e-06,
    -6.1035156022626325e-06,
    -6.1035156022626325e-06,
    -6.1035156022626325e-06,
    0.48467407226564774,
    1.5674987792968977,
    2.6915527343750227,
    3.3000122070312727,
    3.2094665527343977,
    2.8019348144531477,
    2.3684326171875227,
    2.2000061035156477,
    2.3021789550781477,
    2.5030456542968977,
    2.8273864746093977,
    3.3000122070312727,
    4.170007324218773,
    5.390008544921898,
    6.540002441406273,
    7.200006103515648,
    7.400476074218773,
    7.509606933593773,
    7.613946533203148,
    7.800012207031273,
    8.075891113281273,
    8.371636962890648,
    8.656549072265648,
    8.899987792968773,
    9.066003417968773,
    9.171868896484398,
    9.266809082031273,
    9.399987792968773,
    9.710534667968773,
    10.159387207031273,
    10.528527832031273,
    10.600000000000023,
    10.450006103515648,
    10.300012207031273,
    10.149987792968773,
    9.999993896484398,
    9.850000000000023,
    9.700006103515648,
    9.550012207031273,
    9.399987792968773,
    8.978875732421898,
    8.201959228515648,
    7.349084472656273,
    6.700006103515648,
    6.357904052734398,
    6.149987792968773,
    5.942102050781273,
    5.600000000000023,
    4.941003417968773,
    4.063317871093773,
    3.2539611816406477,
    2.8000122070312727,
    2.6291442871093977,
    2.4749084472656477,
    2.3332153320312727,
    2.2000061035156477,
    2.0766845703125227,
    1.9598327636718977,
    1.8380676269531477,
    1.7000061035156477,
    1.4921203613281477,
    1.2039733886718977,
    0.8888488769531477,
    0.6000000000000227,
    0.41335449218752274,
    0.31020507812502274,
    0.20195922851564774,
    -6.1035156022626325e-06,
    -0.7735656738281023,
    -2.1510986328124773,
    -3.5530761718749773,
    -4.399999999999977
  ],
  "rewards": [
    4.963678053930402,
    4.9635631695538756,
    4.962818720653653,
    4.962127915933729,
    4.961546352222562,
    4.967125036869198,
    4.960331812191916,
    4.960088957718533,
    4.966067667160183,
    4.965469098217947,
    4.95861973937115,
    4.958489881924312,
    4.958234692982357,
    4.964583822525066,
    4.957316111613227,
    4.95715598361842,
    4.9568930270380305,
    4.956606620720547,
    4.956311427525204,
    4.963010588894558,
    4.955381180334998,
    4.955244176700711,
    4.955011274984997,
    4.954947313331391,
    4.962506169090938,
    4.962743734196315,
    4.956027220774604,
    4.956305662563961,
    4.95613846080653,
    4.963031163368374,
    4.962880487517008,
    4.970794684923051,
    4.967209686327887,
    4.969178291729611,
    4.970613134116582,
    4.9717373319184,
    4.972878062934331,
    4.978917220335777,
    4.977952839928476,
    4.985739558349323,
    4.9875760409125816,
    4.993562670658302,
    4.996279245007945,
    4.998264957234263,
    4.998027270260226,
    4.996904199399216,
    4.986109560929401,
    4.98571374379471,
    4.9788789452584865,
    4.984776328685896,
    -0.13697449874405696,
    4.977052847260852,
    4.983480557119596,
    4.982887381244451,
    4.982480153958597,
    4.9822001957145075,
    4.9820028584422955,
    4.974153341797221,
    4.974281308188225,
    4.982105937509919,
    -2.091367893681034,
    4.974384619642697,
    4.982564316249898,
    4.975731458808579,
    4.983798799411597,
    4.984318237829953,
    -0.45336933935331675,
    4.985601757072318,
    4.97981295302073,
    4.98635994420152,
    4.996844756973017,
    -1.261286374840319,
    4.998095210501195,
    4.995698624997035,
    4.9943658749973,
    4.994874588403851,
    4.991982904959632,
    4.995006719018292,
    4.994145494444053,
    4.990592137714929,
    4.9897523711399865,
    4.988916743226511,
    4.988089232480882,
    4.987222561665041,
    4.983266601758807,
    4.985436297108136,
    4.984412465818388,
    4.979993872242777,
    4.9826179231483,
    4.981627989486346,
    4.976877569247199,
    4.975825621098928,
    4.974213307670277,
    4.972376981586866,
    4.970756555370015
  ],