{
  "episode": 203,
  "steps": 95,
  "actions": [
    23,
    23,
    23,
    23,
    12,
    20,
    6,
    16,
    7,
    23,
    20,
    12,
    14,
    20,
    23,
    21,
    12,
    22,
    12,
    7,
    4,
    20,
    22,
    12,
    22,
    6,
    20,
    20,
    12,
    20,
    14,
    20,
    21,
    13,
    20,
    7,
    21,
    15,
    22,
    20,
    6,
    7,
    20,
    5,
    7,
    23,
    19,
    15,
    22,
    23,
    12,
    5,
    22,
    23,
    18,
    2,
    18,
    11,
    17,
    11,
    0,
    19,
    1,
    13,
    13,
    20,
    13,
    17,
    7,
    14,
    21,
    11,
    0,
    22,
    4,
    5,
    4,
    5,
    22,
    11,
    6,
    20,
    22,
    22,
    12,
    13,
    21,
    6,
    12,
    12,
    23,
    20,
    3,
    14,
    22
  ],
  "temperatures": [
    21.111627197265648,
    21.104028320312523,
    21.062646484375023,
    21.024285888671898,
    20.531274414062523,
    20.948815917968773,
    19.692346191406273,
    15.873651123046898,
    19.153680419921898,
    20.726739501953148,
    20.762445068359398,
    20.266778564453148,
    20.234979248046898,
    20.724450683593773,
    20.723138427734398,
    20.713250732421898,
    20.190209960937523,
    20.667993164062523,
    20.144494628906273,
    19.257440185546898,
    19.140435791015648,
    20.538629150390648,
    20.557580566406273,
    20.033319091796898,
    20.577935791015648,
    19.294580078125023,
    20.616021728515648,
    20.644494628906273,
    20.130212402343773,
    20.612908935546898,
    20.123559570312523,
    21.136499023437523,
    21.265252685546898,
    21.009240722656273,
    21.429895019531273,
    20.659051513671898,
    21.533258056640648,
    21.340722656250023,
    21.826409912109398,
    22.099542236328148,
    21.922326660156273,
    22.281976318359398,
    22.823602294921898,
    23.048608398437523,
    23.427667236328148,
    23.532922363281273,
    19.048242187500023,
    23.974328613281273,
    24.080163574218773,
    24.274560546875023,
    24.752557373046898,
    25.478021240234398,
    24.796105957031273,
    24.927911376953148,
    20.548883056640648,
    23.100152587890648,
    20.572503662109398,
    21.568597412109398,
    20.527764892578148,
    21.495172119140648,
    23.004418945312523,
    20.395501708984398,
    22.723016357421898,
    24.913629150390648,
    24.779595947265648,
    24.302484130859398,
    24.443811035156273,
    19.606744384765648,
    24.259454345703148,
    24.048333740234398,
    23.782159423828148,
    19.525231933593773,
    20.260430908203148,
    22.912713623046898,
    22.791558837890648,
    22.691278076171898,
    22.583917236328148,
    22.470056152343773,
    22.581964111328148,
    18.562219238281273,
    21.931085205078148,
    22.340234375000023,
    22.305780029296898,
    22.259271240234398,
    22.031640625000023,
    21.953698730468773,
    22.082849121093773,
    21.494439697265648,
    21.718988037109398,
    21.653405761718773,
    21.848535156250023,
    21.791986083984398,
    18.146234130859398,
    21.149835205078148,
    21.455285644531273
  ],
  "outdoor_temps": [
    -6.1035156022626325e-06,
    -6.1035156022626325e-06,
    -6.1035156022626325e-06,
    -6.1035156022626325e-06,
    -6.1035156022626325e-06,
    -6.1035156022626325e-06,
    -6.1035156022626325e-06,
    -6.1035156022626325e-06,
    -6.1035156022626325e-06,
    -6.1035156022626325e-06,
    -6.1035156022626325e-06,
    -6.1035156022626325e-06,
    -6.1035156022626325e-06,
    -6.1035156022626325e-06,
    -6.1035156022626325e-06,
    -6.1035156022626325e-06,
    -6.1035156022626325e-06,
    -6.1035156022626325e-06,
    -6.1035156022626325e-06,
    -6.1035156022626325e-06,
    -6.1035156022626325e-06,
    -6.1035156022626325e-06,
    -6.1035156022626325e-06,
    0.48467407226564774,
    1.5674987792968977,
    2.6915527343750227,
    3.3000122070312727,
    3.2094665527343977,
    2.8019348144531477,
    2.3684326171875227,
    2.2000061035156477,
    2.3021789550781477,
    2.5030456542968977,
    2.8273864746093977,
    3.3000122070312727,
    4.170007324218773,
    5.390008544921898,
    6.540002441406273,
    7.200006103515648,
    7.400476074218773,
    7.509606933593773,
    7.613946533203148,
    7.800012207031273,
    8.075891113281273,
    8.371636962890648,
    8.656549072265648,
    8.899987792968773,
    9.066003417968773,
    9.171868896484398,
    9.266809082031273,
    9.399987792968773,
    9.710534667968773,
    10.159387207031273,
    10.528527832031273,
    10.600000000000023,
    10.450006103515648,
    10.300012207031273,
    10.149987792968773,
    9.999993896484398,
    9.850000000000023,
    9.700006103515648,
    9.550012207031273,
    9.399987792968773,
    8.978875732421898,
    8.201959228515648,
    7.349084472656273,
    6.700006103515648,
    6.357904052734398,
    6.149987792968773,
    5.942102050781273,
    5.600000000000023,
    4.941003417968773,
    4.063317871093773,
    3.2539611816406477,
    2.8000122070312727,
    2.6291442871093977,
    2.4749084472656477,
    2.3332153320312727,
    2.2000061035156477,
    2.0766845703125227,
    1.9598327636718977,
    1.8380676269531477,
    1.7000061035156477,
    1.4921203613281477,
    1.2039733886718977,
    0.8888488769531477,
    0.6000000000000227,
    0.41335449218752274,
    0.31020507812502274,
    0.20195922851564774,
    -6.1035156022626325e-06,
    -0.7735656738281023,
    -2.1510986328124773,
    -3.5530761718749773,
    -4.399999999999977
  ],
  "rewards": [
    4.963678053930402,
    4.9635631695538756,
    4.962818720653653,
    4.962127915933729,
    4.967531105432659,
    4.960763855267478,
    -0.24892251524795397,
    -42.569831077577,
    -1.8049235184243526,
    4.956701385030928,
    4.957371872976422,
    4.9641763591868395,
    4.963771209843618,
    4.956692201082473,
    4.956673790386837,
    4.956496149614454,
    4.963211693812809,
    4.955668641615821,
    4.962627129655655,
    -1.3923599249978882,
    -1.8614304610839676,
    4.953290022908345,
    4.953643287590664,
    4.961202372413452,
    4.954027083207084,
    -1.2577717201593948,
    4.954735347332513,
    4.955262315443676,
    4.962463693628978,
    4.954679299879981,
    4.96237852097578,
    4.96435813326097,
    4.966732267311733,
    4.973830902625523,
    4.969766344663242,
    4.982614004994701,
    4.9716689821578885,
    4.978106089879475,
    4.9770846159186055,
    4.98213527824762,
    4.991949565793347,
    4.9946099645552104,
    4.9955254718162445,
    4.9998147155469805,
    4.998973301468174,
    4.995831822554055,
    -2.276356903478395,
    4.995800193163202,
    -0.019581310880582015,
    -0.19251389249384934,
    -1.4194380442649983,
    -5.464150089781738,
    -1.589963691508731,
    -2.158416337530842,
    4.968001660421491,
    4.981946022400876,
    4.967871676988252,
    4.97407442759933,
    4.968120489407492,
    4.974359852215356,
    4.982158952258689,
    4.968854003861546,
    4.982783134418176,
    -2.0906896339249417,
    -1.5230583314481874,
    -0.23287380564912707,
    -0.49540214571831526,
    -0.3999229935178815,
    -0.16972196299391307,
    -0.008053944682302994,
    4.994449672137265,
    -0.5724735999808148,
    4.988255227111441,
    4.99716857110709,
    4.998375838052805,
    4.9976354100430465,
    4.99684265364496,
    4.996001540633485,
    4.991061241606007,
    -5.175121937710304,
    4.992019748591049,
    4.986596640350378,
    4.985961109570187,
    4.985103265904214,
    4.987061213355835,
    4.986054560668928,
    4.981847504016498,
    4.9887985406561715,
    4.9830227847305,
    4.982175680525763,
    4.977523516703559,
    4.976479341700673,
    -8.594639771931634,
    4.975665998605121,
    4.970258935873275
  ],