{
  "episode": 1096,
  "steps": 95,
  "actions": [
    23,
    23,
    23,
    23,
    15,
    12,
    15,
    20,
    5,
    13,
    23,
    23,
    12,
    15,
    15,
    12,
    20,
    21,
    20,
    12,
    21,
    20,
    12,
    21,
    21,
    15,
    13,
    4,
    21,
    15,
    21,
    22,
    5,
    12,
    6,
    22,
    22,
    22,
    12,
    21,
    21,
    12,
    3,
    14,
    15,
    1,
    21,
    3,
    0,
    11,
    10,
    0,
    9,
    11,
    0,
    10,
    1,
    3,
    11,
    11,
    8,
    0,
    9,
    0,
    2,
    0,
    0,
    3,
    11,
    1,
    1,
    3,
    7,
    15,
    4,
    7,
    14,
    1,
    6,
    5,
    14,
    4,
    12,
    21,
    6,
    22,
    15,
    20,
    4,
    15,
    6,
    6,
    20,
    14,
    22
  ],
  "temperatures": [
    21.111627197265648,
    21.104028320312523,
    21.062646484375023,
    21.024285888671898,
    20.531274414062523,
    20.474237060546898,
    20.435083007812523,
    20.887994384765648,
    19.618951416015648,
    20.317224121093773,
    20.809075927734398,
    20.807427978515648,
    20.301721191406273,
    20.259149169921898,
    20.228814697265648,
    20.201287841796898,
    20.693505859375023,
    20.691064453125023,
    20.680627441406273,
    20.151940917968773,
    20.635186767578148,
    20.629083251953148,
    20.093133544921898,
    20.595574951171898,
    20.627679443359398,
    20.156152343750023,
    20.167749023437523,
    19.356896972656273,
    20.625482177734398,
    20.123010253906273,
    20.641320800781273,
    21.167626953125023,
    20.343560791015648,
    20.992456054687523,
    20.552484130859398,
    21.477044677734398,
    21.556146240234398,
    21.658898925781273,
    21.588006591796898,
    22.111688232421898,
    22.375512695312523,
    22.510797119140648,
    19.474725341796898,
    22.952325439453148,
    23.324456787109398,
    20.757928466796898,
    23.681542968750023,
    21.424737548828148,
    21.606744384765648,
    20.490472412109398,
    20.629266357421898,
    22.186395263671898,
    20.996667480468773,
    21.118249511718773,
    22.717980957031273,
    21.347253417968773,
    22.896813964843773,
    23.011987304687523,
    21.485437011718773,
    21.431237792968773,
    21.368218994140648,
    22.804681396484398,
    21.201226806640648,
    22.428094482421898,
    22.191491699218773,
    21.928277587890648,
    21.691735839843773,
    21.485375976562523,
    20.066003417968773,
    21.071954345703148,
    20.954583740234398,
    20.187585449218773,
    22.717218017578148,
    22.748681640625023,
    22.573510742187523,
    22.470422363281273,
    22.498864746093773,
    19.457727050781273,
    21.975396728515648,
    21.980859375000023,
    22.140679931640648,
    21.841638183593773,
    22.020532226562523,
    22.154290771484398,
    21.608819580078148,
    22.037042236328148,
    21.760827636718773,
    21.928765869140648,
    21.246881103515648,
    21.532250976562523,
    21.048944091796898,
    20.921380615234398,
    21.584649658203148,
    21.166162109375023,
    21.409539794921898
  ],
  "outdoor_temps": [
    -6.1035156022626325e-06,
    -6.1035156022626325e-06,
    -6.1035156022626325e-06,
    -6.1035156022626325e-06,
    -6.1035156022626325e-06,
    -6.1035156022626325e-06,
    -6.1035156022626325e-06,
    -6.1035156022626325e-06,
    -6.1035156022626325e-06,
    -6.1035156022626325e-06,
    -6.1035156022626325e-06,
    -6.1035156022626325e-06,
    -6.1035156022626325e-06,
    -6.1035156022626325e-06,
    -6.1035156022626325e-06,
    -6.1035156022626325e-06,
    -6.1035156022626325e-06,
    -6.1035156022626325e-06,
    -6.1035156022626325e-06,
    -6.1035156022626325e-06,
    -6.1035156022626325e-06,
    -6.1035156022626325e-06,
    -6.1035156022626325e-06,
    0.48467407226564774,
    1.5674987792968977,
    2.6915527343750227,
    3.3000122070312727,
    3.2094665527343977,
    2.8019348144531477,
    2.3684326171875227,
    2.2000061035156477,
    2.3021789550781477,
    2.5030456542968977,
    2.8273864746093977,
    3.3000122070312727,
    4.170007324218773,
    5.390008544921898,
    6.540002441406273,
    7.200006103515648,
    7.400476074218773,
    7.509606933593773,
    7.613946533203148,
    7.800012207031273,
    8.075891113281273,
    8.371636962890648,
    8.656549072265648,
    8.899987792968773,
    9.066003417968773,
    9.171868896484398,
    9.266809082031273,
    9.399987792968773,
    9.710534667968773,
    10.159387207031273,
    10.528527832031273,
    10.600000000000023,
    10.450006103515648,
    10.300012207031273,
    10.149987792968773,
    9.999993896484398,
    9.850000000000023,
    9.700006103515648,
    9.550012207031273,
    9.399987792968773,
    8.978875732421898,
    8.201959228515648,
    7.349084472656273,
    6.700006103515648,
    6.357904052734398,
    6.149987792968773,
    5.942102050781273,
    5.600000000000023,
    4.941003417968773,
    4.063317871093773,
    3.2539611816406477,
    2.8000122070312727,
    2.6291442871093977,
    2.4749084472656477,
    2.3332153320312727,
    2.2000061035156477,
    2.0766845703125227,
    1.9598327636718977,
    1.8380676269531477,
    1.7000061035156477,
    1.4921203613281477,
    1.2039733886718977,
    0.8888488769531477,
    0.6000000000000227,
    0.41335449218752274,
    0.31020507812502274,
    0.20195922851564774,
    -6.1035156022626325e-06,
    -0.7735656738281023,
    -2.1510986328124773,
    -3.5530761718749773,
    -4.399999999999977
  ],
  "rewards": [
    4.963678053930402,
    4.9635631695538756,
    4.962818720653653,
    4.962127915933729,
    4.967531055390835,
    4.966805889642595,
    4.966310575135214,
    4.959664081531375,
    -0.3755538973743068,
    4.964813727257531,
    4.9582346107927355,
    4.958212462976575,
    4.964635521326214,
    4.964090217478735,
    4.963702745473741,
    4.9633510864142165,
    4.956136011172248,
    4.9560951771055874,
    4.955905752391271,
    4.962726131687831,
    4.955071417380286,
    4.954961954564504,
    4.961972620497417,
    4.954349341679526,
    4.954946197480611,
    4.962796738196812,
    4.962948533332704,
    -1.047451011210121,
    4.95491097837557,
    4.962371053744755,
    4.955204601484148,
    4.964933628053121,
    4.980290462848123,
    4.973613729594033,
    4.981829063795669,
    4.970633617343462,
    4.972091753743912,
    4.973988776468064,
    4.981305380564507,
    4.9823597988376145,
    4.987238629669599,
    4.99325031538745,
    -0.6947820947428811,
    4.998966994729865,
    4.998324362025475,
    4.9871439046773895,
    4.995007067482595,
    4.985663656119905,
    4.985259525996674,
    4.978259896788746,
    4.977720606453879,
    4.983972949839642,
    4.9762938286401335,
    4.975821944012428,
    4.982793913386924,
    4.974933446202427,
    4.9823975525866055,
    4.9821421151604985,
    4.974397608784068,
    4.974608103163702,
    4.974852684863073,
    4.982602019206824,
    4.975500919375569,
    4.983437564878846,
    4.983962814737112,
    4.9845471464798825,
    4.985072348047048,
    4.985530475605279,
    4.97991086259209,
    4.986448275648219,
    4.986708929165874,
    4.988415613397632,
    4.997823276218999,
    4.996325786574218,
    4.99676376175022,
    4.996002707394407,
    4.993097642748091,
    -0.7401247345125902,
    4.992346241399322,
    4.992387055670924,
    4.988467903254311,
    4.9913593403481595,
    4.986915668683694,
    4.98316395192237,
    4.989641199533544,
    4.981000455321825,
    4.9835616422969355,
    4.979002520638316,
    4.9869705087793585,
    4.980609592335866,
    4.985509638300894,
    4.9845678906795445,
    4.9726497694869405,
    4.975877079377842,
    4.969414082948928
  ],