{
  "episode": 122,
  "steps": 95,
  "actions": [
    23,
    23,
    23,
    23,
    21,
    21,
    12,
    7,
    7,
    21,
    7,
    18,
    4,
    22,
    13,
    7,
    14,
    7,
    14,
    12,
    22,
    20,
    21,
    14,
    13,
    13,
    8,
    14,
    7,
    14,
    14,
    22,
    4,
    7,
    15,
    7,
    0,
    13,
    22,
    14,
    19,
    5,
    12,
    22,
    19,
    22,
    14,
    6,
    6,
    10,
    18,
    20,
    20,
    21,
    3,
    13,
    22,
    11,
    11,
    2,
    21,
    1,
    17,
    1,
    19,
    1,
    21,
    22,
    17,
    21,
    19,
    1,
    15,
    13,
    21,
    14,
    14,
    6,
    13,
    13,
    13,
    21,
    20,
    21,
    20,
    5,
    6,
    6,
    14,
    20,
    13,
    21,
    4,
    1,
    20
  ],
  "temperatures": [
    21.111627197265648,
    21.104028320312523,
    21.062646484375023,
    21.024285888671898,
    20.991937255859398,
    20.964624023437523,
    20.470788574218773,
    19.625207519531273,
    19.498376464843773,
    20.805535888671898,
    19.528894042968773,
    15.765893554687523,
    19.024102783203148,
    20.630303955078148,
    20.151116943359398,
    19.288720703125023,
    20.076989746093773,
    19.226739501953148,
    20.026361083984398,
    20.033135986328148,
    20.561853027343773,
    20.567864990234398,
    20.563317871093773,
    20.031732177734398,
    20.036065673828148,
    20.071099853515648,
    15.739373779296898,
    19.903253173828148,
    19.142480468750023,
    19.953942871093773,
    20.001214599609398,
    21.060144042968773,
    20.211755371093773,
    20.295892333984398,
    20.971154785156273,
    20.520837402343773,
    17.184625244140648,
    21.094201660156273,
    21.708489990234398,
    21.769189453125023,
    17.098718261718773,
    21.789575195312523,
    22.602868652343773,
    22.946221923828148,
    18.362390136718773,
    23.309747314453148,
    23.701989746093773,
    24.227532958984398,
    24.561975097656273,
    20.510583496093773,
    19.690911865234398,
    24.365838623046898,
    24.582421875000023,
    24.746209716796898,
    22.979547119140648,
    25.316583251953148,
    25.011132812500023,
    21.650506591796898,
    21.575952148437523,
    23.082940673828148,
    24.942559814453148,
    23.139184570312523,
    20.347009277343773,
    22.553552246093773,
    19.938653564453148,
    21.914056396484398,
    24.025903320312523,
    23.959039306640648,
    19.378961181640648,
    23.709832763671898,
    19.145806884765648,
    20.247705078125023,
    22.887963867187523,
    22.829431152343773,
    22.782434082031273,
    22.661462402343773,
    22.578332519531273,
    22.359521484375023,
    22.404290771484398,
    22.331658935546898,
    22.262506103515648,
    22.341058349609398,
    22.292626953125023,
    22.240350341796898,
    22.183862304687523,
    21.643182373046898,
    21.515985107421898,
    21.408319091796898,
    21.671258544921898,
    21.867974853515648,
    21.558007812500023,
    21.756127929687523,
    20.931695556640648,
    17.901574707031273,
    21.378625488281273
  ],
  "outdoor_temps": [
    -6.1035156022626325e-06,
    -6.1035156022626325e-06,
    -6.1035156022626325e-06,
    -6.1035156022626325e-06,
    -6.1035156022626325e-06,
    -6.1035156022626325e-06,
    -6.1035156022626325e-06,
    -6.1035156022626325e-06,
    -6.1035156022626325e-06,
    -6.1035156022626325e-06,
    -6.1035156022626325e-06,
    -6.1035156022626325e-06,
    -6.1035156022626325e-06,
    -6.1035156022626325e-06,
    -6.1035156022626325e-06,
    -6.1035156022626325e-06,
    -6.1035156022626325e-06,
    -6.1035156022626325e-06,
    -6.1035156022626325e-06,
    -6.1035156022626325e-06,
    -6.1035156022626325e-06,
    -6.1035156022626325e-06,
    -6.1035156022626325e-06,
    0.48467407226564774,
    1.5674987792968977,
    2.6915527343750227,
    3.3000122070312727,
    3.2094665527343977,
    2.8019348144531477,
    2.3684326171875227,
    2.2000061035156477,
    2.3021789550781477,
    2.5030456542968977,
    2.8273864746093977,
    3.3000122070312727,
    4.170007324218773,
    5.390008544921898,
    6.540002441406273,
    7.200006103515648,
    7.400476074218773,
    7.509606933593773,
    7.613946533203148,
    7.800012207031273,
    8.075891113281273,
    8.371636962890648,
    8.656549072265648,
    8.899987792968773,
    9.066003417968773,
    9.171868896484398,
    9.266809082031273,
    9.399987792968773,
    9.710534667968773,
    10.159387207031273,
    10.528527832031273,
    10.600000000000023,
    10.450006103515648,
    10.300012207031273,
    10.149987792968773,
    9.999993896484398,
    9.850000000000023,
    9.700006103515648,
    9.550012207031273,
    9.399987792968773,
    8.978875732421898,
    8.201959228515648,
    7.349084472656273,
    6.700006103515648,
    6.357904052734398,
    6.149987792968773,
    5.942102050781273,
    5.600000000000023,
    4.941003417968773,
    4.063317871093773,
    3.2539611816406477,
    2.8000122070312727,
    2.6291442871093977,
    2.4749084472656477,
    2.3332153320312727,
    2.2000061035156477,
    2.0766845703125227,
    1.9598327636718977,
    1.8380676269531477,
    1.7000061035156477,
    1.4921203613281477,
    1.2039733886718977,
    0.8888488769531477,
    0.6000000000000227,
    0.41335449218752274,
    0.31020507812502274,
    0.20195922851564774,
    -6.1035156022626325e-06,
    -0.7735656738281023,
    -2.1510986328124773,
    -3.5530761718749773,
    -4.399999999999977
  ],
  "rewards": [
    4.963678053930402,
    4.9635631695538756,
    4.962818720653653,
    4.962127915933729,
    4.961546359375119,
    4.9610567309564875,
    4.966773531485997,
    -0.3637131114972572,
    -0.6420706244870127,
    4.958159419546309,
    -0.5677374654964049,
    -44.82178660698705,
    -2.395685926476139,
    4.954950406848089,
    4.962696713310058,
    -1.2785575579548174,
    4.961746174185011,
    -1.5088175209267398,
    4.961098316995832,
    4.961188610815322,
    4.953716079283668,
    4.953829998039033,
    4.953749556711834,
    4.9611818445219615,
    4.961241132044112,
    4.961696671322474,
    -45.383952002773945,
    -0.04360631959398351,
    -1.8526388790617005,
    -0.025181492598317184,
    4.960795778059279,
    4.962946908657317,
    4.9793159590925535,
    4.979934651764677,
    4.973333864299986,
    4.981591731122492,
    -19.818295433272812,
    4.974914853129536,
    4.974903863903621,
    4.98365007470208,
    -21.049930552760863,
    4.990967338221715,
    4.994442691026013,
    4.997794079546047,
    -6.714261818222192,
    4.997070004305438,
    4.99685787963527,
    -0.1308236224978773,
    -0.7913066506180741,
    4.978181726476259,
    -0.25237158182308456,
    -0.3389031270125729,
    -0.8529472625340472,
    -1.3974357801202077,
    4.98221336347302,
    -4.338155117473674,
    -2.562071982714908,
    4.973756355148132,
    4.974045976527197,
    4.981984792851073,
    -2.2269553514987326,
    4.981859694544874,
    4.969122764777068,
    4.983159167682833,
    -0.023627753965873587,
    4.984578708844826,
    -0.005042316485523235,
    4.993468157560281,
    -0.9768890559781123,
    4.994850876631296,
    -1.8361336568623778,
    4.988282236003884,
    4.998126402496967,
    4.997370772695898,
    4.994761841532329,
    4.9952000698938,
    4.994125871532475,
    4.995184679576075,
    4.9918762452808085,
    4.9909371135388705,
    4.990043380037436,
    4.986612170275787,
    4.9857179602093025,
    4.984753627351444,
    4.983711093873434,
    4.989895826960873,
    4.988957019043844,
    4.988162436997599,
    4.9824055243936245,
    4.977881546799903,
    4.980942969332409,
    4.9758172097173725,
    4.984644319240652,
    -11.011720820796802,
    4.968842804740791
  ],