{
  "episode": 127,
  "steps": 95,
  "actions": [
    23,
    23,
    23,
    23,
    23,
    23,
    23,
    23,
    23,
    23,
    23,
    23,
    23,
    23,
    23,
    23,
    23,
    23,
    23,
    23,
    23,
    23,
    23,
    23,
    23,
    23,
    23,
    23,
    23,
    23,
    23,
    23,
    23,
    14,
    2,
    22,
    16,
    1,
    1,
    15,
    15,
    10,
    3,
    16,
    1,
    23,
    7,
    23,
    23,
    5,
    23,
    22,
    20,
    23,
    23,
    15,
    23,
    3,
    23,
    22,
    2,
    23,
    17,
    20,
    0,
    3,
    23,
    23,
    15,
    12,
    20,
    20,
    14,
    1,
    15,
    15,
    23,
    23,
    23,
    23,
    5,
    8,
    23,
    4,
    2,
    12,
    10,
    0,
    4,
    23,
    15,
    23,
    4,
    20,
    20
  ],
  "temperatures": [
    20.975762939453148,
    20.971978759765648,
    20.926324462890648,
    20.884027099609398,
    20.848413085937523,
    20.818383789062523,
    20.792230224609398,
    20.768457031250023,
    20.746057128906273,
    20.724359130859398,
    20.703149414062523,
    20.682244873046898,
    20.661584472656273,
    20.641198730468773,
    20.621026611328148,
    20.601068115234398,
    20.581353759765648,
    20.561944580078148,
    20.542871093750023,
    20.524133300781273,
    20.505761718750023,
    20.487725830078148,
    20.470056152343773,
    20.463403320312523,
    20.485864257812523,
    20.523187255859398,
    20.552392578125023,
    20.555322265625023,
    20.539788818359398,
    20.522058105468773,
    20.533807373046898,
    21.077111816406273,
    21.201745605468773,
    20.901391601562523,
    17.497277832031273,
    21.320336914062523,
    16.474755859375023,
    17.330255126953148,
    17.584252929687523,
    21.482659912109398,
    21.977410888671898,
    18.202264404296898,
    19.451776123046898,
    18.162286376953148,
    20.296838378906273,
    23.302758789062523,
    23.915795898437523,
    23.851831054687523,
    24.070245361328148,
    24.989587402343773,
    24.476281738281273,
    24.645288085937523,
    24.813531494140648,
    24.966180419921898,
    25.088952636718773,
    25.682733154296898,
    25.259759521484398,
    24.261651611328148,
    25.306573486328148,
    25.326409912109398,
    24.303002929687523,
    25.231072998046898,
    20.896691894531273,
    24.862847900390648,
    23.437432861328148,
    23.100762939453148,
    24.354333496093773,
    24.254968261718773,
    24.450250244140648,
    24.359643554687523,
    24.005517578125023,
    23.431695556640648,
    23.377465820312523,
    21.052911376953148,
    23.024346923828148,
    22.975335693359398,
    22.897912597656273,
    22.814782714843773,
    22.735314941406273,
    22.662927246093773,
    22.369897460937523,
    18.874688720703148,
    22.364404296875023,
    21.970727539062523,
    19.556237792968773,
    21.924279785156273,
    18.326959228515648,
    18.944390869140648,
    21.074914550781273,
    21.815576171875023,
    21.502252197265648,
    21.727655029296898,
    20.839440917968773,
    21.514703369140648,
    21.435845947265648
  ],
  "outdoor_temps": [
    -6.1035156022626325e-06,
    -6.1035156022626325e-06,
    -6.1035156022626325e-06,
    -6.1035156022626325e-06,
    -6.1035156022626325e-06,
    -6.1035156022626325e-06,
    -6.1035156022626325e-06,
    -6.1035156022626325e-06,
    -6.1035156022626325e-06,
    -6.1035156022626325e-06,
    -6.1035156022626325e-06,
    -6.1035156022626325e-06,
    -6.1035156022626325e-06,
    -6.1035156022626325e-06,
    -6.1035156022626325e-06,
    -6.1035156022626325e-06,
    -6.1035156022626325e-06,
    -6.1035156022626325e-06,
    -6.1035156022626325e-06,
    -6.1035156022626325e-06,
    -6.1035156022626325e-06,
    -6.1035156022626325e-06,
    -6.1035156022626325e-06,
    0.48467407226564774,
    1.5674987792968977,
    2.6915527343750227,
    3.3000122070312727,
    3.2094665527343977,
    2.8019348144531477,
    2.3684326171875227,
    2.2000061035156477,
    2.3021789550781477,
    2.5030456542968977,
    2.8273864746093977,
    3.3000122070312727,
    4.170007324218773,
    5.390008544921898,
    6.540002441406273,
    7.200006103515648,
    7.400476074218773,
    7.509606933593773,
    7.613946533203148,
    7.800012207031273,
    8.075891113281273,
    8.371636962890648,
    8.656549072265648,
    8.899987792968773,
    9.066003417968773,
    9.171868896484398,
    9.266809082031273,
    9.399987792968773,
    9.710534667968773,
    10.159387207031273,
    10.528527832031273,
    10.600000000000023,
    10.450006103515648,
    10.300012207031273,
    10.149987792968773,
    9.999993896484398,
    9.850000000000023,
    9.700006103515648,
    9.550012207031273,
    9.399987792968773,
    8.978875732421898,
    8.201959228515648,
    7.349084472656273,
    6.700006103515648,
    6.357904052734398,
    6.149987792968773,
    5.942102050781273,
    5.600000000000023,
    4.941003417968773,
    4.063317871093773,
    3.2539611816406477,
    2.8000122070312727,
    2.6291442871093977,
    2.4749084472656477,
    2.3332153320312727,
    2.2000061035156477,
    2.0766845703125227,
    1.9598327636718977,
    1.8380676269531477,
    1.7000061035156477,
    1.4921203613281477,
    1.2039733886718977,
    0.8888488769531477,
    0.6000000000000227,
    0.41335449218752274,
    0.31020507812502274,
    0.20195922851564774,
    -6.1035156022626325e-06,
    -0.7735656738281023,
    -2.1510986328124773,
    -3.5530761718749773,
    -4.399999999999977
  ],
  "rewards": [
    4.120979222776403,
    4.115054529951921,
    4.041117961602322,
    3.9698265858460595,
    3.9077210109681286,
    3.853879691883962,
    3.805885754423257,
    3.7613691613823597,
    3.718646088801367,
    3.6765443842579115,
    3.634704109951898,
    3.592804602505684,
    3.5507493382320265,
    3.5086222347245086,
    3.466321936817887,
    3.423867874192122,
    3.381345204161528,
    3.338909506471877,
    3.296656541600873,
    3.254615599177828,
    3.2128832242638383,
    3.1714217349608016,
    3.1303298621997757,
    3.114743142649584,
    3.1671395712346357,
    3.2525262384582816,
    3.3178817418963207,
    3.324368238821675,
    3.289838607208853,
    3.249981652163019,
    3.2764469183702523,
    4.274051666222544,
    4.440449787043063,
    4.032181646339633,
    -25.661840831445364,
    4.577125837124259,
    -41.0739063639708,
    -27.821453751534445,
    -24.592475924099844,
    4.75380852379433,
    4.968795415204748,
    -8.086926657133734,
    -0.7563366039762783,
    -8.45413593026505,
    2.8008501328206594,
    3.721190293650706,
    2.2431589044583307,
    2.4148053996361485,
    -0.016529808957137702,
    -2.450439370996431,
    -0.5726561945288619,
    -1.047099846378042,
    -1.661251813690878,
    -2.3409376348677657,
    -2.9721293102206037,
    -7.085117667969507,
    -3.9756382259590284,
    -0.18145407929553833,
    -4.276144500400047,
    -4.4067830299028765,
    -0.23987299914535987,
    -3.7969095507532784,
    4.006623817347028,
    -1.8680982105750763,
    3.4128205764777064,
    4.055216059428602,
    -0.31901950315292904,
    -0.16733014568689386,
    -0.5102182587050413,
    -0.3265626626510744,
    -0.00405369411020238,
    3.455054445617743,
    3.5730373257090395,
    4.300350622149095,
    4.212262796746208,
    4.285237377253125,
    4.388883876050589,
    4.491980839930448,
    4.580844647847091,
    4.6535479819401875,
    4.887989666606287,
    -3.1745895112474667,
    4.870326571804662,
    4.984069287325257,
    -0.49738455473663024,
    4.96334282829548,
    -7.005223771266287,
    -2.790170612401695,
    4.329647545102084,
    4.920099978803298,
    4.76936838709751,
    4.886085098688297,
    3.9578387426166257,
    4.755638894320118,
    4.690072665714638
  ],