{
  "episode": 1013,
  "steps": 95,
  "actions": [
    23,
    23,
    23,
    23,
    5,
    23,
    23,
    22,
    12,
    20,
    5,
    22,
    11,
    21,
    20,
    20,
    20,
    20,
    20,
    22,
    20,
    21,
    23,
    22,
    12,
    22,
    22,
    15,
    21,
    21,
    21,
    11,
    20,
    0,
    12,
    20,
    20,
    22,
    22,
    22,
    22,
    22,
    20,
    22,
    20,
    20,
    13,
    23,
    22,
    22,
    22,
    12,
    12,
    15,
    13,
    22,
    12,
    22,
    22,
    22,
    13,
    22,
    22,
    12,
    23,
    23,
    12,
    22,
    13,
    22,
    20,
    20,
    23,
    21,
    22,
    22,
    20,
    15,
    23,
    22,
    22,
    23,
    4,
    21,
    23,
    21,
    22,
    20,
    23,
    22,
    20,
    12,
    22,
    23,
    21
  ],
  "temperatures": [
    20.975762939453148,
    20.971978759765648,
    20.926324462890648,
    20.884027099609398,
    19.381799316406273,
    20.766168212890648,
    20.768212890625023,
    20.752496337890648,
    20.174279785156273,
    20.693414306640648,
    19.153131103515648,
    20.612481689453148,
    16.045587158203148,
    20.456231689453148,
    20.522760009765648,
    20.529443359375023,
    20.524285888671898,
    20.513604736328148,
    20.500054931640648,
    20.485040283203148,
    20.469262695312523,
    20.453118896484398,
    20.436883544921898,
    20.431329345703148,
    19.848992919921898,
    20.468499755859398,
    20.509729003906273,
    19.933526611328148,
    20.481103515625023,
    20.476190185546898,
    20.493066406250023,
    16.455529785156273,
    21.016595458984398,
    17.282250976562523,
    20.694665527343773,
    21.286340332031273,
    21.384851074218773,
    21.502618408203148,
    21.712609863281273,
    22.001306152343773,
    22.283807373046898,
    22.543328857421898,
    22.793481445312523,
    23.037316894531273,
    23.291253662109398,
    23.540795898437523,
    23.947290039062523,
    24.000939941406273,
    24.204705810546898,
    24.397180175781273,
    24.573541259765648,
    25.138696289062523,
    25.359704589843773,
    25.555535888671898,
    25.716271972656273,
    25.298699951171898,
    25.904809570312523,
    25.415429687500023,
    25.435937500000023,
    25.438073730468773,
    25.984521484375023,
    25.374749755859398,
    25.260522460937523,
    25.613397216796898,
    24.915582275390648,
    24.726403808593773,
    24.948846435546898,
    24.449060058593773,
    24.660272216796898,
    24.250024414062523,
    24.157037353515648,
    23.586663818359398,
    23.448449707031273,
    23.325738525390648,
    23.222680664062523,
    23.140161132812523,
    23.057000732421898,
    22.966302490234398,
    22.884240722656273,
    22.807122802734398,
    22.735833740234398,
    22.668176269531273,
    22.380731201171898,
    22.528131103515648,
    22.459680175781273,
    22.387231445312523,
    22.314813232421898,
    22.243554687500023,
    22.171624755859398,
    22.103295898437523,
    22.038446044921898,
    21.725640869140648,
    21.853784179687523,
    21.743585205078148,
    21.643457031250023
  ],
  "outdoor_temps": [
    -6.1035156022626325e-06,
    -6.1035156022626325e-06,
    -6.1035156022626325e-06,
    -6.1035156022626325e-06,
    -6.1035156022626325e-06,
    -6.1035156022626325e-06,
    -6.1035156022626325e-06,
    -6.1035156022626325e-06,
    -6.1035156022626325e-06,
    -6.1035156022626325e-06,
    -6.1035156022626325e-06,
    -6.1035156022626325e-06,
    -6.1035156022626325e-06,
    -6.1035156022626325e-06,
    -6.1035156022626325e-06,
    -6.1035156022626325e-06,
    -6.1035156022626325e-06,
    -6.1035156022626325e-06,
    -6.1035156022626325e-06,
    -6.1035156022626325e-06,
    -6.1035156022626325e-06,
    -6.1035156022626325e-06,
    -6.1035156022626325e-06,
    0.48467407226564774,
    1.5674987792968977,
    2.6915527343750227,
    3.3000122070312727,
    3.2094665527343977,
    2.8019348144531477,
    2.3684326171875227,
    2.2000061035156477,
    2.3021789550781477,
    2.5030456542968977,
    2.8273864746093977,
    3.3000122070312727,
    4.170007324218773,
    5.390008544921898,
    6.540002441406273,
    7.200006103515648,
    7.400476074218773,
    7.509606933593773,
    7.613946533203148,
    7.800012207031273,
    8.075891113281273,
    8.371636962890648,
    8.656549072265648,
    8.899987792968773,
    9.066003417968773,
    9.171868896484398,
    9.266809082031273,
    9.399987792968773,
    9.710534667968773,
    10.159387207031273,
    10.528527832031273,
    10.600000000000023,
    10.450006103515648,
    10.300012207031273,
    10.149987792968773,
    9.999993896484398,
    9.850000000000023,
    9.700006103515648,
    9.550012207031273,
    9.399987792968773,
    8.978875732421898,
    8.201959228515648,
    7.349084472656273,
    6.700006103515648,
    6.357904052734398,
    6.149987792968773,
    5.942102050781273,
    5.600000000000023,
    4.941003417968773,
    4.063317871093773,
    3.2539611816406477,
    2.8000122070312727,
    2.6291442871093977,
    2.4749084472656477,
    2.3332153320312727,
    2.2000061035156477,
    2.0766845703125227,
    1.9598327636718977,
    1.8380676269531477,
    1.7000061035156477,
    1.4921203613281477,
    1.2039733886718977,
    0.8888488769531477,
    0.6000000000000227,
    0.41335449218752274,
    0.31020507812502274,
    0.20195922851564774,
    -6.1035156022626325e-06,
    -0.7735656738281023,
    -2.1510986328124773,
    -3.5530761718749773,
    -4.399999999999977
  ],
  "rewards": [
    4.9077753899246455,
    4.9076752827316525,
    4.905702330842614,
    4.90387322165072,
    -0.39562337254636903,
    4.898720442989599,
    4.89884932257235,
    4.898183038011194,
    4.915703039080228,
    4.895613429296923,
    -0.7314550695642849,
    4.892066676357518,
    -15.639887066386137,
    4.885166785467578,
    4.888136899144105,
    4.888446881405037,
    4.8882306834375076,
    4.887767436138313,
    4.88717642509095,
    4.886517903438729,
    4.885824315272595,
    4.885115477672738,
    4.88440370288556,
    4.884167258515954,
    -0.04628376504000723,
    4.885832907904101,
    4.887665288172986,
    -0.027271408043474825,
    4.886398627417891,
    4.886180760533265,
    4.886930367619447,
    -12.566685914463488,
    4.910143677938891,
    -7.388716217622078,
    4.931261587105691,
    4.9220747206100945,
    4.926433822742623,
    4.931651508442085,
    4.9409672090637935,
    4.953779084407117,
    4.9663163158524295,
    4.977835287772443,
    4.988939133011129,
    4.9976109792729435,
    4.994229262493874,
    4.990906082621735,
    4.991029280840379,
    -0.00396393925275496,
    -0.046545866243550546,
    -0.1630342602503221,
    -0.33481885032326003,
    -1.301562766596403,
    -1.854220525611092,
    -2.425550345953463,
    -2.951804549177458,
    -1.6949043880808556,
    -3.63493278076476,
    -2.012112456064574,
    -2.0706559701037803,
    -2.0768026628864207,
    -3.945135733946924,
    -1.8984728475320576,
    -1.5970727212500886,
    -2.609037315450358,
    -0.8452983601278353,
    -0.5340400698036285,
    -0.9048211686313584,
    -0.20710907812029872,
    -0.4398305486661237,
    -0.0673037596079432,
    -0.02914267854360849,
    4.990305544963997,
    4.992145323983353,
    4.9937779027968645,
    4.995148848564081,
    4.996246748440291,
    4.997352616362598,
    4.998433017904829,
    4.992965203779547,
    4.989546103850007,
    4.986385074578549,
    4.983386004887845,
    4.9907693541003395,
    4.977180812119142,
    4.9741481324738785,
    4.970938110128045,
    4.967729859024934,
    4.964574145995404,
    4.961387786499184,
    4.9583615014702085,
    4.955489093982007,
    4.961785385428887,
    4.947305047262621,
    4.942419750415112,
    4.937978122010827
  ],