{
  "episode": 21,
  "steps": 95,
  "actions": [
    23,
    23,
    23,
    23,
    4,
    11,
    22,
    14,
    19,
    21,
    8,
    13,
    0,
    21,
    9,
    8,
    1,
    10,
    10,
    5,
    3,
    0,
    19,
    9,
    10,
    9,
    15,
    3,
    10,
    13,
    15,
    18,
    22,
    17,
    14,
    17,
    5,
    23,
    0,
    20,
    11,
    12,
    23,
    14,
    16,
    0,
    18,
    21,
    2,
    20,
    18,
    14,
    23,
    0,
    1,
    8,
    3,
    2,
    15,
    5,
    11,
    12,
    23,
    18,
    17,
    4,
    1,
    14,
    4,
    23,
    17,
    15,
    15,
    3,
    12,
    22,
    20,
    17,
    0,
    14,
    23,
    14,
    12,
    17,
    0,
    0,
    19,
    18,
    13,
    21,
    2,
    23,
    23,
    10,
    18
  ],
  "temperatures": [
    20.975762939453148,
    20.971978759765648,
    20.926324462890648,
    20.884027099609398,
    19.381799316406273,
    16.226739501953148,
    20.613641357421898,
    20.104058837890648,
    15.862207031250023,
    20.497338867187523,
    15.999688720703148,
    19.727563476562523,
    16.240991210937523,
    20.353601074218773,
    15.823419189453148,
    15.638665771484398,
    15.720269775390648,
    15.484490966796898,
    15.413018798828148,
    17.921136474609398,
    15.583306884765648,
    15.378778076171898,
    15.171929931640648,
    15.166802978515648,
    15.159722900390648,
    15.171807861328148,
    19.111291503906273,
    15.531060791015648,
    15.163415527343773,
    19.073541259765648,
    19.262780761718773,
    15.694696044921898,
    20.570001220703148,
    15.860589599609398,
    20.186486816406273,
    15.950708007812523,
    19.371392822265648,
    21.011834716796898,
    17.431939697265648,
    21.512933349609398,
    17.347741699218773,
    21.761956787109398,
    22.401605224609398,
    22.585107421875023,
    18.214593505859398,
    20.299859619140648,
    18.662622070312523,
    23.394738769531273,
    21.631127929687523,
    23.845086669921898,
    19.606195068359398,
    24.338403320312523,
    24.370080566406273,
    23.058557128906273,
    23.168237304687523,
    21.481317138671898,
    23.243890380859398,
    23.402062988281273,
    25.252465820312523,
    26.013757324218773,
    21.767968750000023,
    25.185662841796898,
    24.751519775390648,
    20.298211669921898,
    19.998071289062523,
    24.591424560546898,
    22.257440185546898,
    24.062982177734398,
    24.349023437500023,
    23.750726318359398,
    19.289086914062523,
    22.935449218750023,
    22.890832519531273,
    20.368768310546898,
    22.547113037109398,
    22.606652832031273,
    22.540795898437523,
    18.083459472656273,
    19.413140869140648,
    21.956781005859398,
    22.170098876953148,
    21.930841064453148,
    21.867425537109398,
    17.590600585937523,
    18.705255126953148,
    18.588250732421898,
    17.208398437500023,
    17.074182128906273,
    20.996514892578148,
    21.443933105468773,
    18.111993408203148,
    21.291925048828148,
    21.265039062500023,
    17.055230712890648,
    16.475457763671898
  ],
  "outdoor_temps": [
    -6.1035156022626325e-06,
    -6.1035156022626325e-06,
    -6.1035156022626325e-06,
    -6.1035156022626325e-06,
    -6.1035156022626325e-06,
    -6.1035156022626325e-06,
    -6.1035156022626325e-06,
    -6.1035156022626325e-06,
    -6.1035156022626325e-06,
    -6.1035156022626325e-06,
    -6.1035156022626325e-06,
    -6.1035156022626325e-06,
    -6.1035156022626325e-06,
    -6.1035156022626325e-06,
    -6.1035156022626325e-06,
    -6.1035156022626325e-06,
    -6.1035156022626325e-06,
    -6.1035156022626325e-06,
    -6.1035156022626325e-06,
    -6.1035156022626325e-06,
    -6.1035156022626325e-06,
    -6.1035156022626325e-06,
    -6.1035156022626325e-06,
    0.48467407226564774,
    1.5674987792968977,
    2.6915527343750227,
    3.3000122070312727,
    3.2094665527343977,
    2.8019348144531477,
    2.3684326171875227,
    2.2000061035156477,
    2.3021789550781477,
    2.5030456542968977,
    2.8273864746093977,
    3.3000122070312727,
    4.170007324218773,
    5.390008544921898,
    6.540002441406273,
    7.200006103515648,
    7.400476074218773,
    7.509606933593773,
    7.613946533203148,
    7.800012207031273,
    8.075891113281273,
    8.371636962890648,
    8.656549072265648,
    8.899987792968773,
    9.066003417968773,
    9.171868896484398,
    9.266809082031273,
    9.399987792968773,
    9.710534667968773,
    10.159387207031273,
    10.528527832031273,
    10.600000000000023,
    10.450006103515648,
    10.300012207031273,
    10.149987792968773,
    9.999993896484398,
    9.850000000000023,
    9.700006103515648,
    9.550012207031273,
    9.399987792968773,
    8.978875732421898,
    8.201959228515648,
    7.349084472656273,
    6.700006103515648,
    6.357904052734398,
    6.149987792968773,
    5.942102050781273,
    5.600000000000023,
    4.941003417968773,
    4.063317871093773,
    3.2539611816406477,
    2.8000122070312727,
    2.6291442871093977,
    2.4749084472656477,
    2.3332153320312727,
    2.2000061035156477,
    2.0766845703125227,
    1.9598327636718977,
    1.8380676269531477,
    1.7000061035156477,
    1.4921203613281477,
    1.2039733886718977,
    0.8888488769531477,
    0.6000000000000227,
    0.41335449218752274,
    0.31020507812502274,
    0.20195922851564774,
    -6.1035156022626325e-06,
    -0.7735656738281023,
    -2.1510986328124773,
    -3.5530761718749773,
    -4.399999999999977
  ],
  "rewards": [
    4.9077753899246455,
    4.9076752827316525,
    4.905702330842614,
    4.90387322165072,
    -0.39562337135427617,
    -14.240405168996384,
    4.891977097738696,
    4.9135965823236365,
    -17.124831629301354,
    4.886904723330036,
    -16.00489485318876,
    -0.09863344177116574,
    -14.131546064744047,
    4.880611245408654,
    -17.445840174510238,
    -19.022839128841326,
    -18.316912148641027,
    -20.391082668233782,
    -21.04149887054814,
    -4.340477081845906,
    -19.507847524260214,
    -21.35613458255467,
    -23.31146238177993,
    -23.360349482425633,
    -23.428822934609496,
    -23.31200686070722,
    -0.8187333828032262,
    -19.972029708344486,
    -23.393098519338967,
    -0.8875344806131688,
    -0.5713021439718476,
    -18.53858578362037,
    4.89033150408255,
    -17.13821453528055,
    4.916228046367026,
    -16.40056201567774,
    -0.4085881384731106,
    4.909868485668431,
    -6.597655848502065,
    4.932101986184716,
    -7.039871237383144,
    4.962802853521121,
    4.971546141851855,
    4.987162334881723,
    -3.1990081020621983,
    4.9764057993194415,
    -1.8014032740145314,
    4.992850635385383,
    4.970495645891591,
    4.986853781706937,
    -0.17104756917154812,
    -0.1176741664127965,
    -0.14215143417860243,
    4.964160501952283,
    4.963674337859265,
    4.941903891577993,
    4.963339703045988,
    4.962638013351749,
    -1.5738561673171416,
    -4.058585966695394,
    4.939361085818838,
    -1.4108338170013242,
    -0.5712433875984165,
    4.9275589440017935,
    -0.01727241706265047,
    -0.3515721347452532,
    4.967718970754751,
    -0.006512392763375213,
    -0.1233374198099109,
    4.988112493513719,
    -0.5203048295527373,
    4.997504010299301,
    4.996188564742713,
    4.976118249771914,
    4.986031839803833,
    4.980648312319232,
    4.977730564795758,
    -3.6840133682572747,
    -0.3493187769771408,
    4.968591303788125,
    4.9613006469056655,
    4.967827663384378,
    4.965955364537304,
    -5.814449237089333,
    -1.6804934927344788,
    -1.9970354186882555,
    -7.801011472418777,
    -8.56793614240107,
    4.940234289093186,
    4.929135563072303,
    -3.568040800435666,
    4.922399961716779,
    4.921207663789391,
    -8.676408681720362,
    -12.427934552911994
  ],