{
  "episode": 69,
  "steps": 96,
  "actions": [
    23,
    23,
    23,
    23,
    23,
    10,
    20,
    20,
    4,
    2,
    9,
    20,
    20,
    12,
    20,
    20,
    1,
    5,
    20,
    19,
    12,
    2,
    19,
    20,
    7,
    20,
    20,
    20,
    20,
    20,
    7,
    23,
    7,
    2,
    8,
    12,
    5,
    23,
    7,
    21,
    4,
    4,
    1,
    13,
    3,
    3,
    7,
    0,
    1,
    3,
    11,
    2,
    1,
    12,
    10,
    22,
    1,
    18,
    1,
    0,
    1,
    0,
    1,
    3,
    15,
    23,
    8,
    3,
    17,
    14,
    13,
    3,
    12,
    15,
    10,
    22,
    7,
    15,
    8,
    20,
    6,
    5,
    13,
    20,
    20,
    23,
    3,
    4,
    20,
    20,
    2,
    9,
    7,
    13,
    16,
    23
  ],
  "temperatures": [
    21.097375488281273,
    21.084680175781273,
    21.037683105468773,
    20.991784667968773,
    20.948632812500023,
    16.130853271484398,
    20.732965087890648,
    20.778314208984398,
    19.451806640625023,
    16.228295898437523,
    15.773583984375023,
    20.501977539062523,
    20.582696533203148,
    20.067071533203148,
    20.583062744140648,
    20.584069824218773,
    15.998498535156273,
    18.743890380859398,
    20.409448242187523,
    15.446160888671898,
    19.691033935546898,
    15.752709960937523,
    15.345056152343773,
    20.306939697265648,
    19.061517333984398,
    20.540002441406273,
    20.668176269531273,
    20.784936523437523,
    20.904351806640648,
    21.031579589843773,
    20.094445800781273,
    21.736047363281273,
    21.300347900390648,
    18.044702148437523,
    17.382928466796898,
    22.058190917968773,
    22.172326660156273,
    22.693688964843773,
    22.771325683593773,
    23.049340820312523,
    23.335198974609398,
    23.623132324218773,
    20.718530273437523,
    23.754144287109398,
    21.198114013671898,
    21.287622070312523,
    24.472802734375023,
    21.837701416015648,
    21.902886962890648,
    22.042504882812523,
    20.748712158203148,
    22.204492187500023,
    22.363183593750023,
    24.908532714843773,
    21.152703857421898,
    24.645806884765648,
    22.775506591796898,
    20.213189697265648,
    22.552301025390648,
    22.598107910156273,
    22.569726562500023,
    22.521173095703148,
    22.463067626953148,
    22.397729492187523,
    24.770898437500023,
    24.455590820312523,
    20.844506835937523,
    22.064843750000023,
    19.675073242187523,
    24.310479736328148,
    24.356103515625023,
    21.156854248046898,
    23.555810546875023,
    23.521234130859398,
    19.587792968750023,
    23.226312255859398,
    23.339624023437523,
    23.211968994140648,
    19.257409667968773,
    22.994287109375023,
    22.981500244140648,
    22.919030761718773,
    22.878991699218773,
    22.853936767578148,
    22.808160400390648,
    22.761895751953148,
    19.685449218750023,
    22.285729980468773,
    22.569146728515648,
    22.527917480468773,
    19.317742919921898,
    18.267755126953148,
    21.734185791015648,
    22.091241455078148,
    17.567407226562523,
    22.105279541015648
  ],
  "outdoor_temps": [
    -0.19748535156247726,
    -0.29343261718747726,
    -0.39999999999997726,
    -0.5693725585937273,
    -0.7949890136718523,
    -0.9981140136718523,
    -1.1000122070312273,
    -1.0989440917968523,
    -1.0638793945312273,
    -1.0218872070312273,
    -1.0000061035156023,
    -0.9982360839843523,
    -0.9980834960937273,
    -0.9989074707031023,
    -1.0000061035156023,
    -1.0654357910156023,
    -1.1817687988281023,
    -1.2322143554687273,
    -1.1000122070312273,
    -0.7162231445312273,
    -0.15573730468747726,
    0.48262939453127274,
    1.1000000000000227,
    1.6753479003906477,
    2.2519775390625227,
    2.8276306152343977,
    3.3999877929687727,
    3.9518676757812727,
    4.485009765625023,
    5.025628662109398,
    5.600000000000023,
    6.225610351562523,
    6.885003662109398,
    7.551873779296898,
    8.200006103515648,
    8.827569580078148,
    9.451837158203148,
    10.075189208984398,
    10.700006103515648,
    11.378869628906273,
    12.100671386718773,
    12.772119140625023,
    13.300012207031273,
    13.631005859375023,
    13.824334716796898,
    13.955499267578148,
    14.100000000000023,
    14.273400878906273,
    14.444421386718773,
    14.618218994140648,
    14.800012207031273,
    14.995324707031273,
    15.200006103515648,
    15.404687500000023,
    15.600000000000023,
    15.779687500000023,
    15.950006103515648,
    16.120324707031273,
    16.300012207031273,
    16.493157958984398,
    16.694238281250023,
    16.898217773437523,
    17.100000000000023,
    17.344750976562523,
    17.611993408203148,
    17.798242187500023,
    17.800012207031273,
    17.539239501953148,
    17.088006591796898,
    16.567742919921898,
    16.100000000000023,
    15.704125976562523,
    15.312005615234398,
    14.913873291015648,
    14.499993896484398,
    14.075006103515648,
    13.649987792968773,
    13.225000000000023,
    12.800012207031273,
    12.374993896484398,
    11.950006103515648,
    11.524987792968773,
    11.100000000000023,
    10.686364746093773,
    10.288629150390648,
    9.896600341796898,
    9.499993896484398,
    9.064355468750023,
    8.598870849609398,
    8.158959960937523,
    7.800012207031273,
    7.558953857421898,
    7.398858642578148,
    7.264337158203148,
    7.100000000000023,
    6.900689697265648
  ],
  "rewards": [
    4.963411437734962,
    4.9631999366134405,
    4.962349333032965,
    4.961517540678382,
    4.9607350973933935,
    -37.428116702802036,
    4.956769047174117,
    4.95762206109516,
    -0.7644711071131534,
    -35.56577531290328,
    -44.65816067447902,
    4.952548580612178,
    4.954050689062994,
    4.961592808606993,
    4.954071381528093,
    4.954096268734854,
    -40.031175154919325,
    -3.96030567223038,
    4.95088255328847,
    -51.84538239608378,
    -0.26024123498178425,
    -45.099549264573774,
    -54.172731051616495,
    4.949006694926516,
    -2.216468072316543,
    4.953318692842903,
    4.95568952949993,
    4.9578486791466885,
    4.960056974015158,
    4.962409289202612,
    4.978442930300679,
    4.975434514681282,
    4.9873617090415205,
    -9.561385676919787,
    -17.127463459819904,
    4.987398405128361,
    4.993803856508968,
    4.993126759210359,
    4.998233058689162,
    4.9985144690670404,
    4.999178215062893,
    4.998539301451863,
    4.987230670597971,
    4.996655175618503,
    4.986165956939126,
    4.985967195487622,
    -0.5605237840870528,
    4.984746194877136,
    4.9846014414858075,
    4.984291565874267,
    4.9772556576924805,
    4.983931985335587,
    4.983579736207895,
    -2.0674638074417215,
    4.975686368704004,
    -1.0477516347473492,
    4.982664466312479,
    4.969861442308549,
    4.983159625355397,
    4.983057860592056,
    4.983120774490759,
    4.983228561738182,
    4.983357516987249,
    4.983502510049988,
    -1.4893284164174,
    -0.5234651480440732,
    4.976882803823799,
    4.9842414478764105,
    -0.2774335706447408,
    -0.24371749006765986,
    -0.31983624796492416,
    4.986261099363232,
    4.9974283456104285,
    4.997562646702094,
    -0.43386963085938907,
    4.997535051833352,
    4.999170428885471,
    4.998762896193597,
    -1.3870407360206607,
    4.998680626220272,
    4.999783744496253,
    4.999322316832921,
    4.998017952902,
    4.996088298347334,
    4.995242723843973,
    4.994387946299237,
    -0.25258351534042656,
    4.994642788923386,
    4.9908270667480386,
    4.990065198562068,
    -1.1685072109913084,
    -7.508199127167915,
    4.990566520535509,
    4.987829926034841,
    -14.801404672208411,
    4.982255250612679
  ],