{
  "episode": 79,
  "steps": 95,
  "actions": [
    23,
    23,
    23,
    23,
    22,
    22,
    22,
    22,
    17,
    15,
    22,
    20,
    22,
    18,
    20,
    13,
    20,
    21,
    19,
    20,
    20,
    3,
    20,
    20,
    20,
    20,
    15,
    20,
    20,
    8,
    20,
    20,
    22,
    21,
    4,
    21,
    10,
    6,
    23,
    21,
    5,
    14,
    9,
    14,
    6,
    1,
    0,
    12,
    0,
    12,
    3,
    3,
    10,
    10,
    10,
    11,
    11,
    11,
    11,
    11,
    6,
    11,
    3,
    10,
    1,
    2,
    3,
    18,
    5,
    4,
    2,
    1,
    19,
    5,
    5,
    16,
    20,
    2,
    5,
    15,
    23,
    7,
    15,
    23,
    23,
    16,
    15,
    4,
    7,
    21,
    21,
    21,
    23,
    7,
    4
  ],
  "temperatures": [
    20.975762939453148,
    20.971978759765648,
    20.926324462890648,
    20.884027099609398,
    20.848413085937523,
    20.818383789062523,
    20.792230224609398,
    20.768457031250023,
    15.934045410156273,
    19.880609130859398,
    20.593469238281273,
    20.611169433593773,
    20.608178710937523,
    15.776177978515648,
    20.417535400390648,
    19.878259277343773,
    20.469476318359398,
    20.477105712890648,
    15.639428710937523,
    20.293756103515648,
    20.364251708984398,
    16.076226806640648,
    20.227044677734398,
    20.304467773437523,
    20.355523681640648,
    20.409082031250023,
    19.849420166015648,
    20.434320068359398,
    20.435174560546898,
    15.743066406250023,
    20.285516357421898,
    20.907373046875023,
    21.059625244140648,
    21.176354980468773,
    20.207513427734398,
    21.294702148437523,
    16.794793701171898,
    20.100366210937523,
    21.581323242187523,
    21.911706542968773,
    21.627038574218773,
    22.302178955078148,
    18.590325927734398,
    22.753106689453148,
    23.220178222656273,
    21.178582763671898,
    21.396325683593773,
    23.963098144531273,
    22.235284423828148,
    24.465112304687523,
    22.846948242187523,
    23.002923583984398,
    21.459191894531273,
    21.566369628906273,
    21.671533203125023,
    21.743188476562523,
    21.791497802734398,
    21.821679687500023,
    21.831384277343773,
    21.813287353515648,
    25.954431152343773,
    21.852349853515648,
    23.424493408203148,
    21.502313232421898,
    22.846429443359398,
    22.626245117187523,
    22.382592773437523,
    19.668298339843773,
    24.143609619140648,
    24.317254638671898,
    21.814141845703148,
    20.868188476562523,
    18.646539306640648,
    22.476647949218773,
    22.537561035156273,
    18.301995849609398,
    22.461114501953148,
    19.811700439453148,
    21.835321044921898,
    22.110009765625023,
    22.241265869140648,
    21.723596191406273,
    21.928369140625023,
    22.087854003906273,
    22.036462402343773,
    17.540216064453148,
    21.447900390625023,
    21.016900634765648,
    20.901544189453148,
    21.650476074218773,
    21.619897460937523,
    21.564294433593773,
    21.476190185546898,
    20.386682128906273,
    20.153100585937523
  ],
  "outdoor_temps": [
    -6.1035156022626325e-06,
    -6.1035156022626325e-06,
    -6.1035156022626325e-06,
    -6.1035156022626325e-06,
    -6.1035156022626325e-06,
    -6.1035156022626325e-06,
    -6.1035156022626325e-06,
    -6.1035156022626325e-06,
    -6.1035156022626325e-06,
    -6.1035156022626325e-06,
    -6.1035156022626325e-06,
    -6.1035156022626325e-06,
    -6.1035156022626325e-06,
    -6.1035156022626325e-06,
    -6.1035156022626325e-06,
    -6.1035156022626325e-06,
    -6.1035156022626325e-06,
    -6.1035156022626325e-06,
    -6.1035156022626325e-06,
    -6.1035156022626325e-06,
    -6.1035156022626325e-06,
    -6.1035156022626325e-06,
    -6.1035156022626325e-06,
    0.48467407226564774,
    1.5674987792968977,
    2.6915527343750227,
    3.3000122070312727,
    3.2094665527343977,
    2.8019348144531477,
    2.3684326171875227,
    2.2000061035156477,
    2.3021789550781477,
    2.5030456542968977,
    2.8273864746093977,
    3.3000122070312727,
    4.170007324218773,
    5.390008544921898,
    6.540002441406273,
    7.200006103515648,
    7.400476074218773,
    7.509606933593773,
    7.613946533203148,
    7.800012207031273,
    8.075891113281273,
    8.371636962890648,
    8.656549072265648,
    8.899987792968773,
    9.066003417968773,
    9.171868896484398,
    9.266809082031273,
    9.399987792968773,
    9.710534667968773,
    10.159387207031273,
    10.528527832031273,
    10.600000000000023,
    10.450006103515648,
    10.300012207031273,
    10.149987792968773,
    9.999993896484398,
    9.850000000000023,
    9.700006103515648,
    9.550012207031273,
    9.399987792968773,
    8.978875732421898,
    8.201959228515648,
    7.349084472656273,
    6.700006103515648,
    6.357904052734398,
    6.149987792968773,
    5.942102050781273,
    5.600000000000023,
    4.941003417968773,
    4.063317871093773,
    3.2539611816406477,
    2.8000122070312727,
    2.6291442871093977,
    2.4749084472656477,
    2.3332153320312727,
    2.2000061035156477,
    2.0766845703125227,
    1.9598327636718977,
    1.8380676269531477,
    1.7000061035156477,
    1.4921203613281477,
    1.2039733886718977,
    0.8888488769531477,
    0.6000000000000227,
    0.41335449218752274,
    0.31020507812502274,
    0.20195922851564774,
    -6.1035156022626325e-06,
    -0.7735656738281023,
    -2.1510986328124773,
    -3.5530761718749773,
    -4.399999999999977
  ],
  "rewards": [
    4.120979222776403,
    4.115054529951921,
    4.041117961602322,
    3.9698265858460595,
    3.9077210109681286,
    3.853879691832132,
    3.805885754371427,
    3.7613691613305296,
    -50.0,
    -0.058924914220253435,
    3.4074523688804677,
    3.4453702019754786,
    3.439020406386822,
    -50.0,
    3.0053199358361953,
    -0.06033367070651484,
    3.1289217780219185,
    3.146743164115597,
    -50.0,
    2.694580313817292,
    2.874411214792185,
    -48.49120616941486,
    2.5175690550013523,
    2.722418917796592,
    2.8525880167419246,
    2.984932756057954,
    -0.08016057079008324,
    3.0458069465354454,
    3.0478529685521627,
    -50.0,
    2.6731349112980816,
    4.009938588372428,
    4.248823716991573,
    4.408423646301382,
    2.548889510197343,
    4.549361352233807,
    -35.68753926740113,
    2.250578963233668,
    4.8036715441067726,
    4.943954584263269,
    4.875289644378898,
    4.910303720060483,
    -4.976107117569967,
    4.5667559113997065,
    3.8823263611419354,
    4.466460888563764,
    4.6982216669904755,
    2.1005732510983277,
    4.926294967697156,
    -0.5442623160407476,
    4.4271075899592995,
    4.210014520248405,
    4.722742370211579,
    4.80012048133043,
    4.85929647256014,
    4.890115200917691,
    4.906546493379568,
    4.9150354337060636,
    4.91747477603348,
    4.912812678722832,
    -9.552804476621622,
    4.92226104490095,
    3.4406514936845016,
    4.755948864671459,
    4.427771478936492,
    4.671944249412632,
    4.857380601899969,
    -0.291235231018547,
    -0.05285143557633894,
    -0.25311107072355193,
    4.943780601050347,
    4.013150045411983,
    -4.592402921192518,
    4.821777759583287,
    4.776348457482382,
    -7.219659237766687,
    4.814726631697657,
    -0.09399907707052352,
    4.9623650656978695,
    4.964044175671167,
    4.920798873086249,
    4.923757348242225,
    4.963909016149526,
    4.951873615826275,
    4.954390192590652,
    -25.135418088156452,
    4.724957192438147,
    4.2457620169220665,
    4.063969180311681,
    4.8466652049594074,
    4.828578688324159,
    4.792093462803133,
    4.724785869735028,
    3.009225224438178,
    2.3995898789963706
  ],