{
  "episode": 1898,
  "steps": 95,
  "actions": [
    23,
    23,
    23,
    23,
    13,
    22,
    21,
    22,
    21,
    15,
    12,
    21,
    21,
    20,
    22,
    22,
    12,
    20,
    21,
    15,
    22,
    21,
    13,
    21,
    15,
    7,
    13,
    14,
    14,
    22,
    22,
    22,
    15,
    13,
    20,
    20,
    21,
    15,
    22,
    13,
    12,
    22,
    14,
    13,
    22,
    0,
    2,
    11,
    2,
    1,
    3,
    1,
    3,
    10,
    11,
    16,
    3,
    9,
    0,
    0,
    3,
    9,
    11,
    1,
    0,
    19,
    11,
    3,
    11,
    1,
    12,
    0,
    22,
    21,
    15,
    6,
    12,
    20,
    13,
    5,
    12,
    22,
    6,
    22,
    15,
    21,
    13,
    15,
    6,
    14,
    20,
    23,
    13,
    22,
    22
  ],
  "temperatures": [
    21.111627197265648,
    21.104028320312523,
    21.062646484375023,
    21.024285888671898,
    20.531274414062523,
    20.948846435546898,
    20.932794189453148,
    20.913690185546898,
    20.894586181640648,
    20.394525146484398,
    20.346795654296898,
    20.811425781250023,
    20.803918457031273,
    20.789819335937523,
    20.773919677734398,
    20.757196044921898,
    20.236749267578148,
    20.705224609375023,
    20.696649169921898,
    20.169641113281273,
    20.649652099609398,
    20.642877197265648,
    20.108575439453148,
    20.608453369140648,
    20.120874023437523,
    19.320062255859398,
    20.127160644531273,
    20.147546386718773,
    20.131951904296898,
    20.630395507812523,
    20.660058593750023,
    21.180139160156273,
    20.931024169921898,
    21.030877685546898,
    21.454827880859398,
    21.521691894531273,
    21.585809326171898,
    21.389550781250023,
    21.862725830078148,
    21.919000244140648,
    22.219659423828148,
    22.624475097656273,
    22.808831787109398,
    23.091180419921898,
    23.327233886718773,
    20.822595214843773,
    21.027795410156273,
    20.044885253906273,
    21.502221679687523,
    21.805871582031273,
    22.054864501953148,
    22.293572998046898,
    22.524255371093773,
    21.216546630859398,
    21.293206787109398,
    20.340783691406273,
    22.854211425781273,
    21.439752197265648,
    22.964471435546898,
    23.025994873046898,
    23.013421630859398,
    21.388543701171898,
    21.223962402343773,
    22.466638183593773,
    22.229852294921898,
    19.693109130859398,
    20.320550537109398,
    21.374993896484398,
    20.015618896484398,
    21.024133300781273,
    23.646722412109398,
    20.294854736328148,
    22.882440185546898,
    22.813317871093773,
    22.682489013671898,
    22.499536132812523,
    22.516992187500023,
    22.533654785156273,
    22.356744384765648,
    22.089257812500023,
    22.204553222656273,
    22.298333740234398,
    21.842736816406273,
    22.190087890625023,
    21.948754882812523,
    22.078912353515648,
    21.805688476562523,
    21.727410888671898,
    21.282159423828148,
    21.565667724609398,
    21.785241699218773,
    21.730706787109398,
    21.341821289062523,
    21.537652587890648,
    21.455163574218773
  ],
  "outdoor_temps": [
    -6.1035156022626325e-06,
    -6.1035156022626325e-06,
    -6.1035156022626325e-06,
    -6.1035156022626325e-06,
    -6.1035156022626325e-06,
    -6.1035156022626325e-06,
    -6.1035156022626325e-06,
    -6.1035156022626325e-06,
    -6.1035156022626325e-06,
    -6.1035156022626325e-06,
    -6.1035156022626325e-06,
    -6.1035156022626325e-06,
    -6.1035156022626325e-06,
    -6.1035156022626325e-06,
    -6.1035156022626325e-06,
    -6.1035156022626325e-06,
    -6.1035156022626325e-06,
    -6.1035156022626325e-06,
    -6.1035156022626325e-06,
    -6.1035156022626325e-06,
    -6.1035156022626325e-06,
    -6.1035156022626325e-06,
    -6.1035156022626325e-06,
    0.48467407226564774,
    1.5674987792968977,
    2.6915527343750227,
    3.3000122070312727,
    3.2094665527343977,
    2.8019348144531477,
    2.3684326171875227,
    2.2000061035156477,
    2.3021789550781477,
    2.5030456542968977,
    2.8273864746093977,
    3.3000122070312727,
    4.170007324218773,
    5.390008544921898,
    6.540002441406273,
    7.200006103515648,
    7.400476074218773,
    7.509606933593773,
    7.613946533203148,
    7.800012207031273,
    8.075891113281273,
    8.371636962890648,
    8.656549072265648,
    8.899987792968773,
    9.066003417968773,
    9.171868896484398,
    9.266809082031273,
    9.399987792968773,
    9.710534667968773,
    10.159387207031273,
    10.528527832031273,
    10.600000000000023,
    10.450006103515648,
    10.300012207031273,
    10.149987792968773,
    9.999993896484398,
    9.850000000000023,
    9.700006103515648,
    9.550012207031273,
    9.399987792968773,
    8.978875732421898,
    8.201959228515648,
    7.349084472656273,
    6.700006103515648,
    6.357904052734398,
    6.149987792968773,
    5.942102050781273,
    5.600000000000023,
    4.941003417968773,
    4.063317871093773,
    3.2539611816406477,
    2.8000122070312727,
    2.6291442871093977,
    2.4749084472656477,
    2.3332153320312727,
    2.2000061035156477,
    2.0766845703125227,
    1.9598327636718977,
    1.8380676269531477,
    1.7000061035156477,
    1.4921203613281477,
    1.2039733886718977,
    0.8888488769531477,
    0.6000000000000227,
    0.41335449218752274,
    0.31020507812502274,
    0.20195922851564774,
    -6.1035156022626325e-06,
    -0.7735656738281023,
    -2.1510986328124773,
    -3.5530761718749773,
    -4.399999999999977
  ],
  "rewards": [
    4.963678053930402,
    4.9635631695538756,
    4.962818720653653,
    4.962127915933729,
    4.967531119711697,
    4.960764080521206,
    4.960481200479294,
    4.9601397587961475,
    4.959797423146989,
    4.965815235425435,
    4.9652052331331955,
    4.958286377478553,
    4.95815546056693,
    4.957900929660253,
    4.957612756661098,
    4.957309001945283,
    4.963814092975434,
    4.956356628228141,
    4.956201718023937,
    4.962955013562642,
    4.955338755580394,
    4.955216428302552,
    4.962172441531621,
    4.9545874144998585,
    4.962338084031544,
    -1.1694226166877284,
    4.962423578588697,
    4.962687819079051,
    4.962486242079055,
    4.955002048198943,
    4.955550717376496,
    4.965164916776444,
    4.9728228748853756,
    4.974110660589098,
    4.970227015849689,
    4.97145936565749,
    4.972640631965321,
    4.978738399197064,
    4.977756167846529,
    4.985589917105015,
    4.989481477812419,
    4.991842789936973,
    4.9971090888496,
    4.99923053388006,
    4.996973027151564,
    4.987000439640458,
    4.9865447887070475,
    4.9799908548996825,
    4.985491528964763,
    4.984817520301141,
    4.9842648028579095,
    4.983735054058064,
    4.983223222419296,
    4.975440197733271,
    4.9751428461889535,
    4.96915683238597,
    4.982492107613417,
    4.974574818861711,
    4.98224765470543,
    4.982111182142049,
    4.982138934064657,
    4.974773620513309,
    4.9754125924251325,
    4.983352073930366,
    4.9838776206221915,
    -0.24899300243329495,
    4.978921790781067,
    4.985775468563823,
    4.980106477883686,
    4.986554387413127,
    4.99707323133913,
    4.988177621863944,
    4.996607090324163,
    4.995331496037866,
    4.995470922962479,
    4.996217962837576,
    4.993332238635129,
    4.990167635072185,
    4.991261200319004,
    4.993188280606197,
    4.989293844001125,
    4.985822892774058,
    4.991367974456724,
    4.983824970724142,
    4.985989770096119,
    4.981773686009257,
    4.984141766478024,
    4.983130480722079,
    4.987231283894538,
    4.981041596075601,
    4.976354057584768,
    4.97534770863406,
    4.9781487013176084,
    4.971781264778713,
    4.9702564790475625
  ],