{
  "episode": 460,
  "steps": 96,
  "actions": [
    23,
    23,
    23,
    23,
    20,
    23,
    21,
    20,
    20,
    20,
    20,
    20,
    23,
    20,
    20,
    20,
    20,
    20,
    20,
    20,
    20,
    20,
    20,
    20,
    20,
    23,
    20,
    20,
    23,
    20,
    23,
    7,
    22,
    6,
    6,
    6,
    6,
    22,
    20,
    15,
    15,
    23,
    22,
    21,
    3,
    3,
    1,
    1,
    1,
    14,
    1,
    1,
    1,
    1,
    1,
    1,
    1,
    10,
    3,
    10,
    1,
    1,
    1,
    3,
    1,
    2,
    2,
    3,
    0,
    3,
    0,
    22,
    13,
    5,
    5,
    21,
    13,
    21,
    21,
    13,
    13,
    5,
    14,
    5,
    20,
    12,
    5,
    6,
    6,
    4,
    5,
    4,
    6,
    7,
    6,
    12
  ],
  "temperatures": [
    21.017968750000023,
    20.995690917968773,
    20.939782714843773,
    20.887902832031273,
    20.842492675781273,
    20.802117919921898,
    20.764825439453148,
    20.731988525390648,
    20.707757568359398,
    20.689294433593773,
    20.672143554687523,
    20.653283691406273,
    20.634393310546898,
    20.615747070312523,
    20.597283935546898,
    20.578363037109398,
    20.558190917968773,
    20.538171386718773,
    20.520379638671898,
    20.509210205078148,
    20.508508300781273,
    20.517175292968773,
    20.536737060546898,
    20.566430664062523,
    20.608453369140648,
    20.665612792968773,
    20.735864257812523,
    20.821801757812523,
    20.922937011718773,
    21.034356689453148,
    21.159570312500023,
    21.007684326171898,
    21.916558837890648,
    21.494470214843773,
    21.690759277343773,
    21.933679199218773,
    22.186547851562523,
    22.686547851562523,
    22.853265380859398,
    23.005090332031273,
    23.192956542968773,
    23.303979492187523,
    23.456475830078148,
    23.608697509765648,
    21.114862060546898,
    21.196771240234398,
    21.363946533203148,
    21.540429687500023,
    21.714135742187523,
    24.468408203125023,
    22.176904296875023,
    22.227227783203148,
    22.331048583984398,
    22.423333740234398,
    22.491906738281273,
    22.529504394531273,
    22.534600830078148,
    21.038140869140648,
    22.381982421875023,
    20.922021484375023,
    22.229333496093773,
    22.193933105468773,
    22.106896972656273,
    21.998803710937523,
    21.886682128906273,
    21.768212890625023,
    21.643945312500023,
    21.513177490234398,
    21.376397705078148,
    21.236138916015648,
    21.094873046875023,
    23.083489990234398,
    23.034600830078148,
    22.944268798828148,
    22.839959716796898,
    22.829461669921898,
    22.715020751953148,
    22.699243164062523,
    22.639764404296898,
    22.496026611328148,
    22.431909179687523,
    22.205316162109398,
    22.313104248046898,
    22.061975097656273,
    22.347070312500023,
    22.158807373046898,
    21.859674072265648,
    21.776086425781273,
    21.698358154296898,
    21.620690917968773,
    21.545312500000023,
    21.473840332031273,
    21.405511474609398,
    21.339746093750023,
    21.276208496093773,
    21.613458251953148
  ],
  "outdoor_temps": [
    -1.6000122070312273,
    -1.7999938964843523,
    -2.0000061035156023,
    -2.1999877929687273,
    -2.3999999999999773,
    -2.6000122070312273,
    -2.7999938964843523,
    -2.8754028320312273,
    -2.7760375976562273,
    -2.6136840820312273,
    -2.5000061035156023,
    -2.4485534667968523,
    -2.3982604980468523,
    -2.3488220214843523,
    -2.2999938964843523,
    -2.2816528320312273,
    -2.2913269042968523,
    -2.2803405761718523,
    -2.1999877929687273,
    -1.9167236328124773,
    -1.4258178710937273,
    -0.8720153808593523,
    -0.39999999999997726,
    -0.024084472656227263,
    0.34456787109377274,
    0.7159362792968977,
    1.1000000000000227,
    1.4839721679687727,
    1.8718811035156477,
    2.2988220214843977,
    2.8000122070312727,
    3.3500000000000227,
    3.8999877929687727,
    4.450006103515648,
    4.999993896484398,
    5.550012207031273,
    6.100000000000023,
    6.649987792968773,
    7.200006103515648,
    7.749993896484398,
    8.300012207031273,
    8.850000000000023,
    9.399987792968773,
    9.803460693359398,
    10.000878906250023,
    10.122888183593773,
    10.300012207031273,
    10.549310302734398,
    10.799951171875023,
    11.050592041015648,
    11.300012207031273,
    11.570947265625023,
    11.849176025390648,
    12.077813720703148,
    12.200006103515648,
    12.177819824218773,
    12.049157714843773,
    11.870935058593773,
    11.700006103515648,
    11.550622558593773,
    11.399987792968773,
    11.249383544921898,
    11.100000000000023,
    10.994683837890648,
    10.925836181640648,
    10.819055175781273,
    10.600000000000023,
    10.219049072265648,
    9.725823974609398,
    9.194696044921898,
    8.700006103515648,
    8.249383544921898,
    7.800073242187523,
    7.350701904296898,
    6.899987792968773,
    6.407586669921898,
    5.880364990234398,
    5.387933349609398,
    4.999993896484398,
    4.754235839843773,
    4.607141113281273,
    4.506463623046898,
    4.399987792968773,
    4.274926757812523,
    4.151605224609398,
    4.027490234375023,
    3.8999877929687727,
    3.7518859863281477,
    3.5849853515625227,
    3.4256225585937727,
    3.3000122070312727,
    3.2181335449218977,
    3.1650024414062727,
    3.1293884277343977,
    3.1000000000000227,
    3.0729614257812727
  ],
  "rewards": [
    4.961937711969018,
    4.961551663413644,
    4.960538217559457,
    4.959598346486688,
    4.958776571288705,
    4.958045969597023,
    4.957371572986245,
    4.956778346926622,
    4.956342938533943,
    4.956013091198128,
    4.955705924621743,
    4.955366585842293,
    4.955025508991402,
    4.9546880407482385,
    4.954353747955483,
    4.954010078302544,
    4.953642268768471,
    4.953277055612724,
    4.952953155628364,
    4.952750452152412,
    4.952741321912926,
    4.952904546848457,
    4.953268597713631,
    4.953819491258781,
    4.9545978611623465,
    4.95565558849923,
    4.956954661145806,
    4.958543583742302,
    4.960413169256371,
    4.9624725158363585,
    4.964786543241662,
    4.985205765626393,
    4.978774207899752,
    4.988799138873207,
    4.990248343595384,
    4.992043030210851,
    4.993911777534603,
    4.992997245760716,
    4.996079223908808,
    4.999563743503141,
    4.998834288070707,
    4.997101395259409,
    4.996255216658115,
    4.995410514556195,
    4.9863497991931585,
    4.986167561963241,
    4.985796017006081,
    4.9854037850672865,
    4.985017667668548,
    -0.5515462612140971,
    4.983989305924503,
    4.983877044873919,
    4.983645986872402,
    4.98344055827209,
    4.983287801104274,
    4.983203783589091,
    4.983191824513163,
    4.976120114631627,
    4.983529038909337,
    4.9765689429687745,
    4.983866189012749,
    4.983943828302111,
    4.98413616772243,
    4.984375174003329,
    4.984623153165024,
    4.984885129886355,
    4.98516009206912,
    4.985449623121232,
    4.985752705588978,
    4.986063647828065,
    4.986376824334305,
    4.998326715486124,
    4.999451489854928,
    4.999505561768563,
    4.998733980612586,
    4.9956288725377425,
    4.995889938232206,
    4.993220018353799,
    4.992119362235718,
    4.99305268993666,
    4.992222088955829,
    4.994037303063573,
    4.990683619951587,
    4.99297641692671,
    4.986702710488569,
    4.988685417938005,
    4.991479355032718,
    4.99086088232765,
    4.9902857532585845,
    4.989711033650755,
    4.989153095727422,
    4.988624139950368,
    4.988118747418382,
    4.987632363685488,
    4.987162532703425,
    4.981625257430679
  ],