{
  "episode": 1077,
  "steps": 95,
  "actions": [
    23,
    23,
    23,
    23,
    15,
    21,
    23,
    22,
    23,
    12,
    15,
    14,
    20,
    13,
    20,
    23,
    15,
    14,
    21,
    5,
    13,
    22,
    15,
    20,
    23,
    21,
    12,
    12,
    13,
    23,
    23,
    21,
    14,
    22,
    12,
    15,
    20,
    12,
    14,
    20,
    22,
    14,
    15,
    15,
    13,
    14,
    0,
    3,
    1,
    1,
    3,
    11,
    3,
    0,
    10,
    0,
    1,
    8,
    0,
    0,
    0,
    11,
    0,
    11,
    0,
    1,
    9,
    11,
    23,
    1,
    14,
    15,
    20,
    15,
    22,
    14,
    13,
    20,
    15,
    13,
    20,
    22,
    13,
    12,
    5,
    15,
    15,
    15,
    12,
    12,
    22,
    14,
    13,
    20,
    22
  ],
  "temperatures": [
    21.111627197265648,
    21.104028320312523,
    21.062646484375023,
    21.024285888671898,
    20.531274414062523,
    20.948846435546898,
    20.932794189453148,
    20.913690185546898,
    20.894586181640648,
    20.394525146484398,
    20.346795654296898,
    20.313134765625023,
    20.785974121093773,
    20.282830810546898,
    20.749871826171898,
    20.743157958984398,
    20.224542236328148,
    20.180413818359398,
    20.671105957031273,
    19.329278564453148,
    20.069696044921898,
    20.598535156250023,
    20.073419189453148,
    20.585534667968773,
    20.621209716796898,
    20.663079833984398,
    20.191278076171898,
    20.172998046875023,
    20.145684814453148,
    20.636437988281273,
    20.663049316406273,
    21.181329345703148,
    20.931115722656273,
    21.386254882812523,
    21.130090332031273,
    21.187921142578148,
    21.571954345703148,
    21.379327392578148,
    21.590692138671898,
    22.118920898437523,
    22.382989501953148,
    22.519830322265648,
    22.802026367187523,
    23.086511230468773,
    23.384423828125023,
    23.673455810546898,
    21.202264404296898,
    21.380181884765648,
    21.636346435546898,
    21.888421630859398,
    22.123254394531273,
    20.904962158203148,
    22.486901855468773,
    22.737939453125023,
    21.363061523437523,
    22.934625244140648,
    23.066766357421898,
    21.547875976562523,
    23.076135253906273,
    23.127191162109398,
    23.107720947265648,
    21.462365722656273,
    22.812463378906273,
    21.139031982421898,
    22.264672851562523,
    22.032250976562523,
    20.465966796875023,
    20.248406982421898,
    23.768182373046898,
    21.311212158203148,
    23.772485351562523,
    23.174066162109398,
    23.030480957031273,
    22.921411132812523,
    22.845880126953148,
    22.730493164062523,
    22.641992187500023,
    22.629388427734398,
    22.468713378906273,
    22.389184570312523,
    22.438256835937523,
    22.386041259765648,
    22.189447021484398,
    22.116357421875023,
    21.784051513671898,
    21.953454589843773,
    21.882135009765648,
    21.807824707031273,
    21.732202148437523,
    21.660180664062523,
    21.852929687500023,
    21.524072265625023,
    21.404962158203148,
    21.594842529296898,
    21.512078857421898
  ],
  "outdoor_temps": [
    -6.1035156022626325e-06,
    -6.1035156022626325e-06,
    -6.1035156022626325e-06,
    -6.1035156022626325e-06,
    -6.1035156022626325e-06,
    -6.1035156022626325e-06,
    -6.1035156022626325e-06,
    -6.1035156022626325e-06,
    -6.1035156022626325e-06,
    -6.1035156022626325e-06,
    -6.1035156022626325e-06,
    -6.1035156022626325e-06,
    -6.1035156022626325e-06,
    -6.1035156022626325e-06,
    -6.1035156022626325e-06,
    -6.1035156022626325e-06,
    -6.1035156022626325e-06,
    -6.1035156022626325e-06,
    -6.1035156022626325e-06,
    -6.1035156022626325e-06,
    -6.1035156022626325e-06,
    -6.1035156022626325e-06,
    -6.1035156022626325e-06,
    0.48467407226564774,
    1.5674987792968977,
    2.6915527343750227,
    3.3000122070312727,
    3.2094665527343977,
    2.8019348144531477,
    2.3684326171875227,
    2.2000061035156477,
    2.3021789550781477,
    2.5030456542968977,
    2.8273864746093977,
    3.3000122070312727,
    4.170007324218773,
    5.390008544921898,
    6.540002441406273,
    7.200006103515648,
    7.400476074218773,
    7.509606933593773,
    7.613946533203148,
    7.800012207031273,
    8.075891113281273,
    8.371636962890648,
    8.656549072265648,
    8.899987792968773,
    9.066003417968773,
    9.171868896484398,
    9.266809082031273,
    9.399987792968773,
    9.710534667968773,
    10.159387207031273,
    10.528527832031273,
    10.600000000000023,
    10.450006103515648,
    10.300012207031273,
    10.149987792968773,
    9.999993896484398,
    9.850000000000023,
    9.700006103515648,
    9.550012207031273,
    9.399987792968773,
    8.978875732421898,
    8.201959228515648,
    7.349084472656273,
    6.700006103515648,
    6.357904052734398,
    6.149987792968773,
    5.942102050781273,
    5.600000000000023,
    4.941003417968773,
    4.063317871093773,
    3.2539611816406477,
    2.8000122070312727,
    2.6291442871093977,
    2.4749084472656477,
    2.3332153320312727,
    2.2000061035156477,
    2.0766845703125227,
    1.9598327636718977,
    1.8380676269531477,
    1.7000061035156477,
    1.4921203613281477,
    1.2039733886718977,
    0.8888488769531477,
    0.6000000000000227,
    0.41335449218752274,
    0.31020507812502274,
    0.20195922851564774,
    -6.1035156022626325e-06,
    -0.7735656738281023,
    -2.1510986328124773,
    -3.5530761718749773,
    -4.399999999999977
  ],
  "rewards": [
    4.963678053930402,
    4.9635631695538756,
    4.962818720653653,
    4.962127915933729,
    4.967531055390835,
    4.960763955312578,
    4.960481196851187,
    4.960139758899808,
    4.959797423146989,
    4.965815260563046,
    4.965205236800177,
    4.964776598251222,
    4.957823538963561,
    4.964396822462749,
    4.957168261152247,
    4.95704917090289,
    4.96365618244186,
    4.963088662660478,
    4.955729556267028,
    -1.1382746566973836,
    4.961664077160638,
    4.954396959778408,
    4.961717617612655,
    4.954163571792452,
    4.954826749733608,
    4.955603392437101,
    4.963252821017704,
    4.963016822464926,
    4.962664154894812,
    4.955113567349056,
    4.955605813577771,
    4.965186542585492,
    4.972824115802251,
    4.968964104835754,
    4.97539107750016,
    4.976135361917478,
    4.972384284334986,
    4.97860591412611,
    4.9813403369264435,
    4.982493758980994,
    4.987376707068604,
    4.993367631685312,
    4.997020758711611,
    4.999248594184204,
    4.9980914122972475,
    4.996968796104679,
    4.986157588460361,
    4.98576253496483,
    4.985193839591969,
    4.984634305759941,
    4.984113041683708,
    4.976649882939685,
    4.98330612768994,
    4.982749240321148,
    4.974871623072773,
    4.982313368774465,
    4.982020385790617,
    4.974154850989256,
    4.9819998471897255,
    4.981886545348912,
    4.981929691363126,
    4.974486849460751,
    4.982584593795401,
    4.975742293152958,
    4.983800342582328,
    4.984316415715963,
    4.978357014208708,
    4.979202208652283,
    4.994527169753027,
    4.985917325247079,
    4.996584888696346,
    4.998911563460593,
    4.998622122864036,
    4.998560787002515,
    4.995934534120171,
    4.996093213808115,
    4.994948983811652,
    4.991936437871793,
    4.992709210525226,
    4.991681141293405,
    4.988406943616012,
    4.987443268767517,
    4.989099937182243,
    4.988155851439128,
    4.990935872398478,
    4.986051519060265,
    4.985130110419153,
    4.984170203245043,
    4.983193503654359,
    4.982263134844763,
    4.977604392457915,
    4.980504755478676,
    4.978964838408744,
    4.972837166991571,
    4.971308153442067
  ],