{
  "episode": 31,
  "steps": 95,
  "actions": [
    23,
    23,
    23,
    23,
    23,
    23,
    23,
    23,
    23,
    23,
    23,
    23,
    23,
    23,
    23,
    23,
    23,
    23,
    23,
    23,
    23,
    23,
    23,
    23,
    23,
    23,
    23,
    23,
    23,
    23,
    23,
    23,
    23,
    23,
    15,
    18,
    3,
    23,
    23,
    23,
    23,
    23,
    23,
    1,
    23,
    18,
    10,
    9,
    2,
    23,
    23,
    23,
    6,
    23,
    23,
    18,
    7,
    23,
    14,
    23,
    2,
    12,
    23,
    9,
    9,
    1,
    23,
    10,
    23,
    17,
    23,
    2,
    23,
    23,
    2,
    5,
    1,
    23,
    16,
    7,
    2,
    23,
    23,
    7,
    0,
    11,
    2,
    4,
    23,
    23,
    23,
    23,
    23,
    1,
    23
  ],
  "temperatures": [
    20.975762939453148,
    20.971978759765648,
    20.926324462890648,
    20.884027099609398,
    20.848413085937523,
    20.818383789062523,
    20.792230224609398,
    20.768457031250023,
    20.746057128906273,
    20.724359130859398,
    20.703149414062523,
    20.682244873046898,
    20.661584472656273,
    20.641198730468773,
    20.621026611328148,
    20.601068115234398,
    20.581353759765648,
    20.561944580078148,
    20.542871093750023,
    20.524133300781273,
    20.505761718750023,
    20.487725830078148,
    20.470056152343773,
    20.463403320312523,
    20.485864257812523,
    20.523187255859398,
    20.552392578125023,
    20.555322265625023,
    20.539788818359398,
    20.522058105468773,
    20.533807373046898,
    21.077111816406273,
    21.201745605468773,
    21.302789306640648,
    20.996453857421898,
    16.454858398437523,
    17.242944335937523,
    21.403192138671898,
    21.685876464843773,
    21.996881103515648,
    22.291497802734398,
    22.553277587890648,
    22.805139160156273,
    20.439874267578148,
    23.242425537109398,
    18.965509033203148,
    19.986566162109398,
    20.239617919921898,
    21.966180419921898,
    24.187158203125023,
    24.414544677734398,
    24.608880615234398,
    25.805993652343773,
    24.976098632812523,
    25.091607666015648,
    20.877557373046898,
    26.208764648437523,
    25.245690917968773,
    25.813378906250023,
    25.311425781250023,
    24.271630859375023,
    25.728601074218773,
    25.135339355468773,
    21.950036621093773,
    21.598931884765648,
    22.964532470703148,
    24.318200683593773,
    21.011560058593773,
    24.049737548828148,
    19.722802734375023,
    23.822412109375023,
    21.245050048828148,
    23.142266845703148,
    23.061090087890648,
    20.677484130859398,
    22.668115234375023,
    20.365258789062523,
    22.643273925781273,
    18.265679931640648,
    21.940911865234398,
    19.732232666015648,
    22.280938720703148,
    22.268884277343773,
    21.770776367187523,
    19.337579345703148,
    18.195947265625023,
    18.830560302734398,
    20.979150390625023,
    21.765740966796898,
    21.744165039062523,
    21.705224609375023,
    21.648736572265648,
    21.559655761718773,
    18.197747802734398,
    21.265863037109398
  ],
  "outdoor_temps": [
    -6.1035156022626325e-06,
    -6.1035156022626325e-06,
    -6.1035156022626325e-06,
    -6.1035156022626325e-06,
    -6.1035156022626325e-06,
    -6.1035156022626325e-06,
    -6.1035156022626325e-06,
    -6.1035156022626325e-06,
    -6.1035156022626325e-06,
    -6.1035156022626325e-06,
    -6.1035156022626325e-06,
    -6.1035156022626325e-06,
    -6.1035156022626325e-06,
    -6.1035156022626325e-06,
    -6.1035156022626325e-06,
    -6.1035156022626325e-06,
    -6.1035156022626325e-06,
    -6.1035156022626325e-06,
    -6.1035156022626325e-06,
    -6.1035156022626325e-06,
    -6.1035156022626325e-06,
    -6.1035156022626325e-06,
    -6.1035156022626325e-06,
    0.48467407226564774,
    1.5674987792968977,
    2.6915527343750227,
    3.3000122070312727,
    3.2094665527343977,
    2.8019348144531477,
    2.3684326171875227,
    2.2000061035156477,
    2.3021789550781477,
    2.5030456542968977,
    2.8273864746093977,
    3.3000122070312727,
    4.170007324218773,
    5.390008544921898,
    6.540002441406273,
    7.200006103515648,
    7.400476074218773,
    7.509606933593773,
    7.613946533203148,
    7.800012207031273,
    8.075891113281273,
    8.371636962890648,
    8.656549072265648,
    8.899987792968773,
    9.066003417968773,
    9.171868896484398,
    9.266809082031273,
    9.399987792968773,
    9.710534667968773,
    10.159387207031273,
    10.528527832031273,
    10.600000000000023,
    10.450006103515648,
    10.300012207031273,
    10.149987792968773,
    9.999993896484398,
    9.850000000000023,
    9.700006103515648,
    9.550012207031273,
    9.399987792968773,
    8.978875732421898,
    8.201959228515648,
    7.349084472656273,
    6.700006103515648,
    6.357904052734398,
    6.149987792968773,
    5.942102050781273,
    5.600000000000023,
    4.941003417968773,
    4.063317871093773,
    3.2539611816406477,
    2.8000122070312727,
    2.6291442871093977,
    2.4749084472656477,
    2.3332153320312727,
    2.2000061035156477,
    2.0766845703125227,
    1.9598327636718977,
    1.8380676269531477,
    1.7000061035156477,
    1.4921203613281477,
    1.2039733886718977,
    0.8888488769531477,
    0.6000000000000227,
    0.41335449218752274,
    0.31020507812502274,
    0.20195922851564774,
    -6.1035156022626325e-06,
    -0.7735656738281023,
    -2.1510986328124773,
    -3.5530761718749773,
    -4.399999999999977
  ],
  "rewards": [
    4.120979222776403,
    4.115054529951921,
    4.041117961602322,
    3.9698265858460595,
    3.9077210109681286,
    3.853879691883962,
    3.805885754423257,
    3.7613691613823597,
    3.718646088801367,
    3.6765443842579115,
    3.634704109951898,
    3.592804602505684,
    3.5507493382320265,
    3.5086222347245086,
    3.466321936817887,
    3.423867874192122,
    3.381345204161528,
    3.338909506471877,
    3.296656541600873,
    3.254615599177828,
    3.2128832242638383,
    3.1714217349608016,
    3.1303298621997757,
    3.114743142649584,
    3.1671395712346357,
    3.2525262384582816,
    3.3178817418963207,
    3.324368238821675,
    3.289838607208853,
    3.249981652163019,
    3.2764469183702523,
    4.274051666222544,
    4.440449787043063,
    4.558249567644695,
    4.1848602251801985,
    -41.42554680932758,
    -29.005902810186523,
    4.660103858674938,
    4.865774664245556,
    4.953575813518837,
    4.902929895566766,
    4.748689720826204,
    4.503270245157155,
    3.150291015398742,
    3.8371637119777566,
    -2.689260516483219,
    -0.011704838519671459,
    2.62871615150342,
    4.968150734774891,
    -0.09215343423999706,
    -0.4349582560547167,
    -0.9328259594925441,
    -8.157169802463818,
    -2.3891305432599337,
    -2.986611844468986,
    3.9749356783647474,
    -22.20018690878247,
    -3.8874708371513687,
    -8.22728796701899,
    -4.307918933238174,
    -0.194769553747059,
    -7.476396537617694,
    -3.230227745648441,
    4.935871447473766,
    4.820219037746215,
    4.266837838910608,
    -0.2581478293280924,
    4.2133168222010475,
    -0.010309486777081909,
    -0.20844714410599896,
    2.4962687329072692,
    4.544763625455114,
    4.0176403449114995,
    4.152866155477205,
    3.6629642863246135,
    4.660226663040257,
    2.971853985299169,
    4.671926313895386,
    -7.53115650104339,
    4.981647806368244,
    -0.18451666927387242,
    4.907022195869399,
    4.911461003385475,
    4.942349675442101,
    -1.1018327673380117,
    -8.14378563087413,
    -3.423240893802311,
    4.188467286216413,
    4.902239905998686,
    4.89335460834206,
    4.875549178496013,
    4.845675975726929,
    4.788840937875226,
    -8.123849979336168,
    4.517021634770258
  ],