{
  "episode": 10,
  "steps": 95,
  "actions": [
    23,
    23,
    23,
    23,
    23,
    23,
    23,
    23,
    23,
    23,
    23,
    23,
    23,
    23,
    23,
    23,
    23,
    23,
    23,
    23,
    23,
    23,
    23,
    23,
    23,
    23,
    23,
    23,
    23,
    23,
    23,
    23,
    13,
    20,
    23,
    23,
    12,
    14,
    23,
    23,
    23,
    23,
    7,
    4,
    8,
    7,
    23,
    15,
    2,
    23,
    23,
    18,
    13,
    15,
    23,
    20,
    12,
    10,
    3,
    23,
    23,
    3,
    7,
    23,
    19,
    5,
    20,
    13,
    23,
    5,
    6,
    9,
    8,
    15,
    7,
    17,
    7,
    10,
    3,
    5,
    23,
    3,
    16,
    2,
    17,
    5,
    10,
    13,
    15,
    4,
    8,
    19,
    15,
    7,
    23
  ],
  "temperatures": [
    20.975762939453148,
    20.971978759765648,
    20.926324462890648,
    20.884027099609398,
    20.848413085937523,
    20.818383789062523,
    20.792230224609398,
    20.768457031250023,
    20.746057128906273,
    20.724359130859398,
    20.703149414062523,
    20.682244873046898,
    20.661584472656273,
    20.641198730468773,
    20.621026611328148,
    20.601068115234398,
    20.581353759765648,
    20.561944580078148,
    20.542871093750023,
    20.524133300781273,
    20.505761718750023,
    20.487725830078148,
    20.470056152343773,
    20.463403320312523,
    20.485864257812523,
    20.523187255859398,
    20.552392578125023,
    20.555322265625023,
    20.539788818359398,
    20.522058105468773,
    20.533807373046898,
    21.077111816406273,
    20.777612304687523,
    21.286584472656273,
    21.371270751953148,
    21.435388183593773,
    21.144494628906273,
    21.244470214843773,
    21.779748535156273,
    22.066613769531273,
    22.342034912109398,
    22.599877929687523,
    22.687493896484398,
    23.085382080078148,
    19.582635498046898,
    23.603204345703148,
    23.777703857421898,
    24.233636474609398,
    22.511560058593773,
    24.376458740234398,
    24.575158691406273,
    20.390405273437523,
    25.153710937500023,
    25.461999511718773,
    25.149621582031273,
    25.240045166015648,
    25.849053955078148,
    22.365808105468773,
    24.203027343750023,
    25.320916748046898,
    25.323144531250023,
    24.283685302734398,
    26.427270507812523,
    25.047021484375023,
    20.632440185546898,
    25.354028320312523,
    24.448907470703148,
    24.651849365234398,
    24.235528564453148,
    24.889031982421898,
    24.826898193359398,
    20.207757568359398,
    19.885552978515648,
    23.115014648437523,
    23.110040283203148,
    18.703942871093773,
    22.541955566406273,
    19.174127197265648,
    19.996331787109398,
    22.123864746093773,
    22.464379882812523,
    19.796838378906273,
    17.951318359375023,
    19.263696289062523,
    17.697473144531273,
    21.173791503906273,
    18.076959228515648,
    21.458245849609398,
    21.485101318359398,
    20.979272460937523,
    17.748498535156273,
    17.088250732421898,
    20.921594238281273,
    20.294946289062523,
    21.229028320312523
  ],
  "outdoor_temps": [
    -6.1035156022626325e-06,
    -6.1035156022626325e-06,
    -6.1035156022626325e-06,
    -6.1035156022626325e-06,
    -6.1035156022626325e-06,
    -6.1035156022626325e-06,
    -6.1035156022626325e-06,
    -6.1035156022626325e-06,
    -6.1035156022626325e-06,
    -6.1035156022626325e-06,
    -6.1035156022626325e-06,
    -6.1035156022626325e-06,
    -6.1035156022626325e-06,
    -6.1035156022626325e-06,
    -6.1035156022626325e-06,
    -6.1035156022626325e-06,
    -6.1035156022626325e-06,
    -6.1035156022626325e-06,
    -6.1035156022626325e-06,
    -6.1035156022626325e-06,
    -6.1035156022626325e-06,
    -6.1035156022626325e-06,
    -6.1035156022626325e-06,
    0.48467407226564774,
    1.5674987792968977,
    2.6915527343750227,
    3.3000122070312727,
    3.2094665527343977,
    2.8019348144531477,
    2.3684326171875227,
    2.2000061035156477,
    2.3021789550781477,
    2.5030456542968977,
    2.8273864746093977,
    3.3000122070312727,
    4.170007324218773,
    5.390008544921898,
    6.540002441406273,
    7.200006103515648,
    7.400476074218773,
    7.509606933593773,
    7.613946533203148,
    7.800012207031273,
    8.075891113281273,
    8.371636962890648,
    8.656549072265648,
    8.899987792968773,
    9.066003417968773,
    9.171868896484398,
    9.266809082031273,
    9.399987792968773,
    9.710534667968773,
    10.159387207031273,
    10.528527832031273,
    10.600000000000023,
    10.450006103515648,
    10.300012207031273,
    10.149987792968773,
    9.999993896484398,
    9.850000000000023,
    9.700006103515648,
    9.550012207031273,
    9.399987792968773,
    8.978875732421898,
    8.201959228515648,
    7.349084472656273,
    6.700006103515648,
    6.357904052734398,
    6.149987792968773,
    5.942102050781273,
    5.600000000000023,
    4.941003417968773,
    4.063317871093773,
    3.2539611816406477,
    2.8000122070312727,
    2.6291442871093977,
    2.4749084472656477,
    2.3332153320312727,
    2.2000061035156477,
    2.0766845703125227,
    1.9598327636718977,
    1.8380676269531477,
    1.7000061035156477,
    1.4921203613281477,
    1.2039733886718977,
    0.8888488769531477,
    0.6000000000000227,
    0.41335449218752274,
    0.31020507812502274,
    0.20195922851564774,
    -6.1035156022626325e-06,
    -0.7735656738281023,
    -2.1510986328124773,
    -3.5530761718749773,
    -4.399999999999977
  ],
  "rewards": [
    4.9077753899246455,
    4.9076752827316525,
    4.905702330842614,
    4.90387322165072,
    4.902335326448083,
    4.901042344346642,
    4.899916627183557,
    4.89889272429049,
    4.897925631776452,
    4.896989104524255,
    4.896070191636682,
    4.895163533464074,
    4.894266431108117,
    4.893377902284264,
    4.892497641816735,
    4.8916256878525015,
    4.890763070359826,
    4.889912049546838,
    4.889075028672814,
    4.888252484574914,
    4.887444255128503,
    4.886651608720422,
    4.885875994935632,
    4.885590159669518,
    4.886594855561852,
    4.888258149400354,
    4.88955717779696,
    4.889688555970788,
    4.889001128450036,
    4.888215834870935,
    4.888737532868982,
    4.912843615785241,
    4.93373650547117,
    4.9221085473862685,
    4.925854951969307,
    4.928688480630517,
    4.944548964463174,
    4.947498736318362,
    4.943947307710414,
    4.9566781637817625,
    4.968901679292321,
    4.980345232263208,
    4.99530452280771,
    4.999551100475188,
    -0.18455007152387026,
    4.997252089344168,
    4.987751245210353,
    -0.05751092657447924,
    4.966587712643466,
    -0.14693441164560062,
    -0.33668218933048477,
    4.926326887384057,
    -1.336015689225677,
    -2.143093429844407,
    -1.3294165018622517,
    -1.545799585692641,
    -3.425510083728594,
    4.9340538834893835,
    -0.05145515171022308,
    -1.7531776283374252,
    -1.7590755129606133,
    -0.09080206715968797,
    -5.8954685532134725,
    -1.1036990703545664,
    4.923108870759607,
    -1.8360280007053702,
    -0.20697167679507547,
    -0.4287600806290985,
    -0.06021698732254073,
    -0.7924970858684214,
    -0.6858108760167856,
    4.953229045817709,
    -0.024121429194569565,
    4.998424211372824,
    4.999446400021932,
    -1.6927151861689071,
    4.99314678487702,
    -0.691507607614179,
    -0.0055751440036311386,
    4.986970592726063,
    4.974348938205968,
    -0.04661427115554929,
    -4.207539949498005,
    -0.5468914004853267,
    -5.311228599779851,
    4.972939355355768,
    -3.705091876870177,
    4.953875794302186,
    4.9546725128931195,
    4.970073768971285,
    -5.075537159421743,
    -8.485856956685558,
    4.938025536409215,
    4.959965872636328,
    4.919606954763117
  ],