{
  "episode": 319,
  "steps": 95,
  "actions": [
    23,
    23,
    23,
    23,
    23,
    23,
    23,
    23,
    23,
    23,
    23,
    23,
    23,
    21,
    21,
    21,
    22,
    22,
    22,
    22,
    22,
    22,
    22,
    22,
    22,
    22,
    22,
    22,
    21,
    21,
    21,
    23,
    23,
    21,
    21,
    21,
    21,
    21,
    15,
    22,
    6,
    20,
    20,
    14,
    2,
    1,
    1,
    1,
    0,
    2,
    9,
    11,
    11,
    11,
    10,
    11,
    11,
    8,
    9,
    8,
    8,
    9,
    9,
    9,
    10,
    1,
    1,
    1,
    1,
    0,
    1,
    1,
    7,
    4,
    7,
    4,
    4,
    7,
    14,
    12,
    4,
    12,
    23,
    5,
    7,
    14,
    23,
    22,
    22,
    21,
    22,
    22,
    22,
    23,
    21
  ],
  "temperatures": [
    20.975762939453148,
    20.971978759765648,
    20.926324462890648,
    20.884027099609398,
    20.848413085937523,
    20.818383789062523,
    20.792230224609398,
    20.768457031250023,
    20.746057128906273,
    20.724359130859398,
    20.703149414062523,
    20.682244873046898,
    20.661584472656273,
    20.641198730468773,
    20.621026611328148,
    20.601068115234398,
    20.581353759765648,
    20.561944580078148,
    20.542871093750023,
    20.524133300781273,
    20.505761718750023,
    20.487725830078148,
    20.470056152343773,
    20.463403320312523,
    20.485864257812523,
    20.523187255859398,
    20.552392578125023,
    20.555322265625023,
    20.539788818359398,
    20.522088623046898,
    20.533807373046898,
    21.077142333984398,
    21.201745605468773,
    21.302789306640648,
    21.379968261718773,
    21.441552734375023,
    21.505181884765648,
    21.604516601562523,
    21.503259277343773,
    22.070275878906273,
    21.843927001953148,
    22.592034912109398,
    22.845788574218773,
    23.099389648437523,
    20.999780273437523,
    21.241906738281273,
    21.593530273437523,
    21.933312988281273,
    22.253625488281273,
    22.555169677734398,
    21.134118652343773,
    21.277001953125023,
    21.443475341796898,
    21.597955322265648,
    21.719323730468773,
    21.800012207031273,
    21.853601074218773,
    21.886895751953148,
    21.898400878906273,
    21.881311035156273,
    21.834283447265648,
    21.756402587890648,
    21.624688720703148,
    21.421319580078148,
    21.158532714843773,
    22.472650146484398,
    22.302148437500023,
    22.105126953125023,
    21.929071044921898,
    21.769586181640648,
    21.616174316406273,
    20.778527832031273,
    22.790826416015648,
    22.746362304687523,
    22.612512207031273,
    22.495233154296898,
    22.375054931640648,
    22.249475097656273,
    22.324212646484398,
    22.247521972656273,
    21.934289550781273,
    22.090509033203148,
    22.212365722656273,
    21.664697265625023,
    21.527886962890648,
    21.774255371093773,
    21.954644775390648,
    21.901330566406273,
    21.842370605468773,
    21.785363769531273,
    21.730859375000023,
    21.665185546875023,
    21.570367431640648,
    21.463006591796898,
    21.368188476562523
  ],
  "outdoor_temps": [
    -6.1035156022626325e-06,
    -6.1035156022626325e-06,
    -6.1035156022626325e-06,
    -6.1035156022626325e-06,
    -6.1035156022626325e-06,
    -6.1035156022626325e-06,
    -6.1035156022626325e-06,
    -6.1035156022626325e-06,
    -6.1035156022626325e-06,
    -6.1035156022626325e-06,
    -6.1035156022626325e-06,
    -6.1035156022626325e-06,
    -6.1035156022626325e-06,
    -6.1035156022626325e-06,
    -6.1035156022626325e-06,
    -6.1035156022626325e-06,
    -6.1035156022626325e-06,
    -6.1035156022626325e-06,
    -6.1035156022626325e-06,
    -6.1035156022626325e-06,
    -6.1035156022626325e-06,
    -6.1035156022626325e-06,
    -6.1035156022626325e-06,
    0.48467407226564774,
    1.5674987792968977,
    2.6915527343750227,
    3.3000122070312727,
    3.2094665527343977,
    2.8019348144531477,
    2.3684326171875227,
    2.2000061035156477,
    2.3021789550781477,
    2.5030456542968977,
    2.8273864746093977,
    3.3000122070312727,
    4.170007324218773,
    5.390008544921898,
    6.540002441406273,
    7.200006103515648,
    7.400476074218773,
    7.509606933593773,
    7.613946533203148,
    7.800012207031273,
    8.075891113281273,
    8.371636962890648,
    8.656549072265648,
    8.899987792968773,
    9.066003417968773,
    9.171868896484398,
    9.266809082031273,
    9.399987792968773,
    9.710534667968773,
    10.159387207031273,
    10.528527832031273,
    10.600000000000023,
    10.450006103515648,
    10.300012207031273,
    10.149987792968773,
    9.999993896484398,
    9.850000000000023,
    9.700006103515648,
    9.550012207031273,
    9.399987792968773,
    8.978875732421898,
    8.201959228515648,
    7.349084472656273,
    6.700006103515648,
    6.357904052734398,
    6.149987792968773,
    5.942102050781273,
    5.600000000000023,
    4.941003417968773,
    4.063317871093773,
    3.2539611816406477,
    2.8000122070312727,
    2.6291442871093977,
    2.4749084472656477,
    2.3332153320312727,
    2.2000061035156477,
    2.0766845703125227,
    1.9598327636718977,
    1.8380676269531477,
    1.7000061035156477,
    1.4921203613281477,
    1.2039733886718977,
    0.8888488769531477,
    0.6000000000000227,
    0.41335449218752274,
    0.31020507812502274,
    0.20195922851564774,
    -6.1035156022626325e-06,
    -0.7735656738281023,
    -2.1510986328124773,
    -3.5530761718749773,
    -4.399999999999977
  ],
  "rewards": [
    4.120979222776403,
    4.115054529951921,
    4.041117961602322,
    3.9698265858460595,
    3.9077210109681286,
    3.853879691883962,
    3.805885754423257,
    3.7613691613823597,
    3.718646088801367,
    3.6765443842579115,
    3.634704109951898,
    3.592804602505684,
    3.5507493382320265,
    3.5086222347245086,
    3.466321936714227,
    3.4238678740884616,
    3.381345204057868,
    3.338909506420047,
    3.296656541549043,
    3.254615599125998,
    3.2128832242120082,
    3.1714217349089715,
    3.1303298621479456,
    3.114743142597754,
    3.1671395807195486,
    3.252526247943195,
    3.317881751381234,
    3.324368248306588,
    3.2898386262305093,
    3.250049706714926,
    3.276447194832144,
    4.274094531777063,
    4.440449992083041,
    4.558249686853984,
    4.637910819210782,
    4.69506511238284,
    4.748141927662038,
    4.8188686267740195,
    4.770087862656185,
    4.953136225784924,
    4.964554479410269,
    4.717118182364912,
    4.454741964458418,
    4.092064158587638,
    4.222970075026067,
    4.541195488447633,
    4.8467501087399825,
    4.965819371222197,
    4.919488146780657,
    4.735233883527089,
    4.38267007186202,
    4.5516698485046225,
    4.709947248084651,
    4.819636461345654,
    4.880705567423425,
    4.909078507203129,
    4.922525617305356,
    4.928710735125633,
    4.930461500999724,
    4.927789818774103,
    4.918175729117564,
    4.894958387962753,
    4.834988054026985,
    4.691283628781467,
    4.413719784747029,
    4.799214560881686,
    4.899050335875378,
    4.960106680980556,
    4.965404089578105,
    4.93006756316932,
    4.860075030508464,
    3.855300190328338,
    4.527759859823271,
    4.578368806322485,
    4.712806908355641,
    4.808512083865159,
    4.885180001359055,
    4.942146515415608,
    4.900616078246778,
    4.931235659737941,
    4.980931071496733,
    4.966403567188052,
    4.929355533655888,
    4.895868657226686,
    4.811001518151497,
    4.924989034021687,
    4.950222573942385,
    4.942102694474164,
    4.928158140987487,
    4.9097178491059275,
    4.88752764907545,
    4.8548693469393625,
    4.79630392535996,
    4.7137102178431745,
    4.626386994645022
  ],