{
  "episode": 331,
  "steps": 95,
  "actions": [
    23,
    23,
    23,
    23,
    22,
    22,
    21,
    6,
    22,
    21,
    11,
    5,
    22,
    21,
    20,
    6,
    20,
    22,
    22,
    6,
    22,
    20,
    15,
    20,
    4,
    5,
    4,
    3,
    22,
    21,
    22,
    14,
    12,
    4,
    4,
    22,
    0,
    20,
    20,
    20,
    12,
    22,
    21,
    11,
    20,
    15,
    12,
    18,
    20,
    22,
    6,
    22,
    13,
    22,
    8,
    22,
    14,
    22,
    20,
    20,
    11,
    21,
    12,
    20,
    20,
    7,
    8,
    20,
    20,
    22,
    12,
    15,
    20,
    8,
    22,
    0,
    4,
    17,
    22,
    7,
    6,
    15,
    4,
    5,
    21,
    22,
    14,
    20,
    5,
    22,
    15,
    20,
    22,
    22,
    20
  ],
  "temperatures": [
    20.975762939453148,
    20.971978759765648,
    20.926324462890648,
    20.884027099609398,
    20.848413085937523,
    20.818383789062523,
    20.792230224609398,
    19.267633056640648,
    20.691979980468773,
    20.699029541015648,
    16.121423339843773,
    18.637841796875023,
    20.501855468750023,
    20.543817138671898,
    20.548760986328148,
    18.956231689453148,
    20.473535156250023,
    20.489282226562523,
    20.483178710937523,
    18.859277343750023,
    20.399163818359398,
    20.414117431640648,
    19.791467285156273,
    20.383905029296898,
    18.798120117187523,
    18.683251953125023,
    18.682672119140648,
    16.037194824218773,
    20.264855957031273,
    20.344445800781273,
    20.393151855468773,
    20.473809814453148,
    20.617639160156273,
    20.044488525390648,
    20.099206542968773,
    21.276269531250023,
    17.539849853515648,
    21.374414062500023,
    21.639550781250023,
    21.944940185546898,
    22.023797607421898,
    22.496057128906273,
    22.752343750000023,
    19.046990966796898,
    23.145227050781273,
    23.537622070312523,
    23.847192382812523,
    19.436120605468773,
    24.003228759765648,
    24.255120849609398,
    25.268243408203148,
    24.653314208984398,
    25.226831054687523,
    24.981469726562523,
    21.982202148437523,
    25.096032714843773,
    25.713800048828148,
    25.277001953125023,
    25.308618164062523,
    25.318994140625023,
    22.280206298828148,
    25.162225341796898,
    25.601281738281273,
    24.966302490234398,
    24.767663574218773,
    25.597192382812523,
    21.332971191406273,
    24.241906738281273,
    24.174615478515648,
    24.092492675781273,
    24.266870117187523,
    23.569085693359398,
    23.316644287109398,
    19.772485351562523,
    23.010034179687523,
    20.674188232421898,
    22.665612792968773,
    18.460717773437523,
    22.578454589843773,
    22.316918945312523,
    22.218438720703148,
    22.319848632812523,
    22.040521240234398,
    21.926873779296898,
    22.256585693359398,
    22.197839355468773,
    21.933312988281273,
    22.062921142578148,
    21.416131591796898,
    21.920404052734398,
    21.604333496093773,
    21.794824218750023,
    21.702539062500023,
    21.593988037109398,
    21.497460937500023
  ],
  "outdoor_temps": [
    -6.1035156022626325e-06,
    -6.1035156022626325e-06,
    -6.1035156022626325e-06,
    -6.1035156022626325e-06,
    -6.1035156022626325e-06,
    -6.1035156022626325e-06,
    -6.1035156022626325e-06,
    -6.1035156022626325e-06,
    -6.1035156022626325e-06,
    -6.1035156022626325e-06,
    -6.1035156022626325e-06,
    -6.1035156022626325e-06,
    -6.1035156022626325e-06,
    -6.1035156022626325e-06,
    -6.1035156022626325e-06,
    -6.1035156022626325e-06,
    -6.1035156022626325e-06,
    -6.1035156022626325e-06,
    -6.1035156022626325e-06,
    -6.1035156022626325e-06,
    -6.1035156022626325e-06,
    -6.1035156022626325e-06,
    -6.1035156022626325e-06,
    0.48467407226564774,
    1.5674987792968977,
    2.6915527343750227,
    3.3000122070312727,
    3.2094665527343977,
    2.8019348144531477,
    2.3684326171875227,
    2.2000061035156477,
    2.3021789550781477,
    2.5030456542968977,
    2.8273864746093977,
    3.3000122070312727,
    4.170007324218773,
    5.390008544921898,
    6.540002441406273,
    7.200006103515648,
    7.400476074218773,
    7.509606933593773,
    7.613946533203148,
    7.800012207031273,
    8.075891113281273,
    8.371636962890648,
    8.656549072265648,
    8.899987792968773,
    9.066003417968773,
    9.171868896484398,
    9.266809082031273,
    9.399987792968773,
    9.710534667968773,
    10.159387207031273,
    10.528527832031273,
    10.600000000000023,
    10.450006103515648,
    10.300012207031273,
    10.149987792968773,
    9.999993896484398,
    9.850000000000023,
    9.700006103515648,
    9.550012207031273,
    9.399987792968773,
    8.978875732421898,
    8.201959228515648,
    7.349084472656273,
    6.700006103515648,
    6.357904052734398,
    6.149987792968773,
    5.942102050781273,
    5.600000000000023,
    4.941003417968773,
    4.063317871093773,
    3.2539611816406477,
    2.8000122070312727,
    2.6291442871093977,
    2.4749084472656477,
    2.3332153320312727,
    2.2000061035156477,
    2.0766845703125227,
    1.9598327636718977,
    1.8380676269531477,
    1.7000061035156477,
    1.4921203613281477,
    1.2039733886718977,
    0.8888488769531477,
    0.6000000000000227,
    0.41335449218752274,
    0.31020507812502274,
    0.20195922851564774,
    -6.1035156022626325e-06,
    -0.7735656738281023,
    -2.1510986328124773,
    -3.5530761718749773,
    -4.399999999999977
  ],
  "rewards": [
    4.9077753899246455,
    4.9076752827316525,
    4.905702330842614,
    4.90387322165072,
    4.902335326448083,
    4.901042344294812,
    4.899916627131726,
    -0.5502179459168284,
    4.8955239460487725,
    4.895863806926037,
    -15.046031718916367,
    -1.871646374094076,
    4.887174365708362,
    4.889055058680798,
    4.889290501744203,
    -1.1044351304420201,
    4.8859781048317315,
    4.8866887255822835,
    4.886427542887952,
    -1.316583233730026,
    4.882715556385077,
    4.883386275492932,
    -0.06739571164644631,
    4.882064578193037,
    -1.46007036362587,
    -1.7498036774176424,
    -1.7513322534907578,
    -15.704998078562504,
    4.876808087595779,
    4.88033818932655,
    4.88250000682538,
    4.924765043169583,
    4.929004931283062,
    4.956241395442908,
    4.957043163755544,
    4.921627475975648,
    -6.055181154301886,
    4.925960995927453,
    4.937723586193245,
    4.951276814571541,
    4.9705507372011954,
    4.975738024462176,
    4.9871139809716,
    -0.9173943230055812,
    4.996173615802241,
    4.994666217087727,
    4.991917870486884,
    -0.3333586397280903,
    -0.003981052489708446,
    -0.06989592905440921,
    -1.610981843760902,
    -0.4329543055351311,
    -1.5102435122576654,
    -0.9705098332497535,
    4.937456326395597,
    -1.2088958677228878,
    -2.943319978318862,
    -1.638944471086555,
    -1.7207971794677117,
    -1.7480958082462736,
    4.934813885508996,
    -1.3585962431019944,
    -2.570063033170423,
    -0.9409169001764368,
    -0.595822466381901,
    -2.55392864827823,
    4.943223204510692,
    -0.06328343089185134,
    -0.035031149939682336,
    -0.012822042771659787,
    -0.07421773181824498,
    4.994396513041271,
    4.9938994586046626,
    -0.06253439302838629,
    4.997978833648578,
    4.97476664060666,
    4.994974798853509,
    -2.38153028914455,
    4.979404501678503,
    4.989824161473054,
    4.988369148900206,
    4.979325830886221,
    4.985741569874605,
    4.984063723066457,
    4.96514520380808,
    4.962543100983552,
    4.967912321001615,
    4.95656704628921,
    4.976526050420437,
    4.95025536749674,
    4.958199529558744,
    4.944691855567305,
    4.940601694217842,
    4.935788142405774,
    4.931506364070202
  ],