{
  "episode": 1083,
  "steps": 95,
  "actions": [
    23,
    23,
    23,
    23,
    12,
    20,
    21,
    21,
    22,
    22,
    12,
    3,
    13,
    23,
    21,
    22,
    22,
    20,
    22,
    21,
    21,
    21,
    20,
    20,
    22,
    23,
    22,
    20,
    21,
    23,
    23,
    21,
    21,
    20,
    14,
    14,
    22,
    22,
    22,
    20,
    21,
    23,
    12,
    23,
    20,
    20,
    13,
    5,
    21,
    23,
    23,
    23,
    14,
    21,
    20,
    20,
    22,
    21,
    21,
    21,
    20,
    12,
    22,
    22,
    20,
    20,
    21,
    21,
    23,
    12,
    22,
    22,
    22,
    21,
    22,
    22,
    20,
    21,
    14,
    20,
    12,
    21,
    23,
    20,
    23,
    23,
    23,
    21,
    21,
    21,
    13,
    23,
    23,
    23,
    21
  ],
  "temperatures": [
    20.975762939453148,
    20.971978759765648,
    20.926324462890648,
    20.884027099609398,
    20.309716796875023,
    20.797753906250023,
    20.782312011718773,
    20.761773681640648,
    20.741082763671898,
    20.720422363281273,
    20.134393310546898,
    16.506890869140648,
    19.832635498046898,
    20.535333251953148,
    20.552270507812523,
    20.549371337890648,
    20.539483642578148,
    20.526086425781273,
    20.510919189453148,
    20.494805908203148,
    20.478295898437523,
    20.461633300781273,
    20.445031738281273,
    20.439172363281273,
    20.462243652343773,
    20.500085449218773,
    20.529718017578148,
    20.533074951171898,
    20.517999267578148,
    20.500695800781273,
    20.512841796875023,
    21.055993652343773,
    21.181024169921898,
    21.282464599609398,
    20.972467041015648,
    21.026879882812523,
    21.464257812500023,
    21.572625732421898,
    21.774041748046898,
    22.055291748046898,
    22.329888916015648,
    22.587548828125023,
    22.774377441406273,
    23.076776123046898,
    23.334771728515648,
    23.585137939453148,
    24.002191162109398,
    24.640283203125023,
    24.264245605468773,
    24.449121093750023,
    24.623040771484398,
    24.792504882812523,
    25.400354003906273,
    25.117242431640648,
    25.230462646484398,
    25.314996337890648,
    25.378747558593773,
    25.425653076171898,
    25.453424072265648,
    25.456811523437523,
    25.433007812500023,
    25.948602294921898,
    25.289208984375023,
    25.125421142578148,
    24.924371337890648,
    24.741265869140648,
    24.584985351562523,
    24.455438232421898,
    24.347589111328148,
    24.557977294921898,
    24.172998046875023,
    23.600549316406273,
    23.461999511718773,
    23.339105224609398,
    23.235803222656273,
    23.152917480468773,
    23.069940185546898,
    22.981835937500023,
    22.877923583984398,
    22.819482421875023,
    22.694055175781273,
    22.678948974609398,
    22.613427734375023,
    22.545556640625023,
    22.474114990234398,
    22.400781250000023,
    22.327813720703148,
    22.256127929687523,
    22.183831787109398,
    22.115167236328148,
    21.832269287109398,
    21.968041992187523,
    21.868798828125023,
    21.755670166015648,
    21.654870605468773
  ],
  "outdoor_temps": [
    -6.1035156022626325e-06,
    -6.1035156022626325e-06,
    -6.1035156022626325e-06,
    -6.1035156022626325e-06,
    -6.1035156022626325e-06,
    -6.1035156022626325e-06,
    -6.1035156022626325e-06,
    -6.1035156022626325e-06,
    -6.1035156022626325e-06,
    -6.1035156022626325e-06,
    -6.1035156022626325e-06,
    -6.1035156022626325e-06,
    -6.1035156022626325e-06,
    -6.1035156022626325e-06,
    -6.1035156022626325e-06,
    -6.1035156022626325e-06,
    -6.1035156022626325e-06,
    -6.1035156022626325e-06,
    -6.1035156022626325e-06,
    -6.1035156022626325e-06,
    -6.1035156022626325e-06,
    -6.1035156022626325e-06,
    -6.1035156022626325e-06,
    0.48467407226564774,
    1.5674987792968977,
    2.6915527343750227,
    3.3000122070312727,
    3.2094665527343977,
    2.8019348144531477,
    2.3684326171875227,
    2.2000061035156477,
    2.3021789550781477,
    2.5030456542968977,
    2.8273864746093977,
    3.3000122070312727,
    4.170007324218773,
    5.390008544921898,
    6.540002441406273,
    7.200006103515648,
    7.400476074218773,
    7.509606933593773,
    7.613946533203148,
    7.800012207031273,
    8.075891113281273,
    8.371636962890648,
    8.656549072265648,
    8.899987792968773,
    9.066003417968773,
    9.171868896484398,
    9.266809082031273,
    9.399987792968773,
    9.710534667968773,
    10.159387207031273,
    10.528527832031273,
    10.600000000000023,
    10.450006103515648,
    10.300012207031273,
    10.149987792968773,
    9.999993896484398,
    9.850000000000023,
    9.700006103515648,
    9.550012207031273,
    9.399987792968773,
    8.978875732421898,
    8.201959228515648,
    7.349084472656273,
    6.700006103515648,
    6.357904052734398,
    6.149987792968773,
    5.942102050781273,
    5.600000000000023,
    4.941003417968773,
    4.063317871093773,
    3.2539611816406477,
    2.8000122070312727,
    2.6291442871093977,
    2.4749084472656477,
    2.3332153320312727,
    2.2000061035156477,
    2.0766845703125227,
    1.9598327636718977,
    1.8380676269531477,
    1.7000061035156477,
    1.4921203613281477,
    1.2039733886718977,
    0.8888488769531477,
    0.6000000000000227,
    0.41335449218752274,
    0.31020507812502274,
    0.20195922851564774,
    -6.1035156022626325e-06,
    -0.7735656738281023,
    -2.1510986328124773,
    -3.5530761718749773,
    -4.399999999999977
  ],
  "rewards": [
    4.9077753899246455,
    4.9076752827316525,
    4.905702330842614,
    4.90387322165072,
    4.919595079384744,
    4.900125443685962,
    4.89947547637574,
    4.898595177800111,
    4.8977053233689585,
    4.89681394311073,
    4.914564466387357,
    -12.203505531666012,
    -0.05164040998271513,
    4.888678042587379,
    4.8894463799148795,
    4.889331452519349,
    4.8889050266373415,
    4.8883216831314815,
    4.887657267681282,
    4.886951434336926,
    4.886225783497743,
    4.885494124562197,
    4.884765364796571,
    4.884515997997444,
    4.885547968975228,
    4.8872328350174685,
    4.888551213517785,
    4.888702103816296,
    4.888034178844612,
    4.887267787129335,
    4.887807614579796,
    4.911905791535974,
    4.917437674672059,
    4.921925370366029,
    4.939479718028527,
    4.941079130005901,
    4.929958288316493,
    4.93475894185188,
    4.943694040499951,
    4.956174833499219,
    4.968361665836495,
    4.979799047381333,
    4.992761492095887,
    4.997085702914906,
    4.993650022521615,
    4.990315796962898,
    -0.0024159859987381706,
    -0.4118062653937466,
    -0.0746653186886327,
    -0.20716480511364183,
    -0.3942138643190548,
    -0.634662234261668,
    -1.96650547858334,
    -1.255909670832739,
    -1.5220941432485025,
    -1.73755247141524,
    -1.9094939974631284,
    -2.0411919789162667,
    -2.1212392183312914,
    -2.131108853399172,
    -2.0622412033671274,
    -3.8037815043266288,
    -1.6703110922387698,
    -1.2742788539973153,
    -0.8614991273132128,
    -0.5559021719853204,
    -0.34811457715283334,
    -0.21289939931717383,
    -0.12593454054679845,
    -0.3149827380478636,
    -0.034463409285838284,
    4.990120995365407,
    4.9919647577631725,
    4.993600300871159,
    4.9949744897789286,
    4.996077112727191,
    4.997180472858574,
    4.997291454530281,
    4.995820633628123,
    4.990093644504314,
    4.990386140762787,
    4.983864048469973,
    4.980960334212236,
    4.977952849641443,
    4.974787728420418,
    4.971539921537041,
    4.968306836858392,
    4.965131771340967,
    4.961928801209383,
    4.958887452752046,
    4.9649346039711455,
    4.9523692294922865,
    4.9479711172729735,
    4.942955515161157,
    4.938484022393823
  ],