{
  "episode": 1195,
  "steps": 95,
  "actions": [
    23,
    23,
    23,
    23,
    22,
    22,
    22,
    14,
    23,
    23,
    23,
    22,
    14,
    15,
    23,
    23,
    22,
    20,
    15,
    22,
    12,
    15,
    21,
    14,
    21,
    21,
    22,
    22,
    23,
    14,
    15,
    15,
    23,
    21,
    21,
    22,
    22,
    15,
    13,
    22,
    23,
    13,
    21,
    23,
    15,
    12,
    8,
    1,
    3,
    2,
    1,
    0,
    9,
    9,
    3,
    2,
    8,
    0,
    3,
    8,
    3,
    0,
    11,
    8,
    2,
    16,
    9,
    1,
    0,
    3,
    9,
    4,
    3,
    20,
    13,
    12,
    22,
    6,
    14,
    22,
    6,
    13,
    15,
    20,
    22,
    14,
    20,
    22,
    14,
    22,
    21,
    21,
    14,
    15,
    14
  ],
  "temperatures": [
    21.111627197265648,
    21.104028320312523,
    21.062646484375023,
    21.024285888671898,
    20.991937255859398,
    20.964624023437523,
    20.940820312500023,
    20.445367431640648,
    20.882165527343773,
    20.870324707031273,
    20.853601074218773,
    20.835900878906273,
    20.327325439453148,
    20.280053710937523,
    20.754418945312523,
    20.747796630859398,
    20.734460449218773,
    20.719354248046898,
    20.193933105468773,
    20.669366455078148,
    20.144738769531273,
    20.102441406250023,
    20.605493164062523,
    20.087487792968773,
    20.621606445312523,
    20.669122314453148,
    20.701898193359398,
    20.707818603515648,
    20.695489501953148,
    20.176354980468773,
    20.163629150390648,
    20.774407958984398,
    21.291192626953148,
    21.397760009765648,
    21.475457763671898,
    21.536431884765648,
    21.598291015625023,
    21.402886962890648,
    21.610772705078148,
    22.133355712890648,
    22.395074462890648,
    22.534234619140648,
    22.863732910156273,
    23.093713378906273,
    23.400018310546898,
    23.689111328125023,
    19.923242187500023,
    21.313378906250023,
    21.614495849609398,
    21.875665283203148,
    22.115228271484398,
    22.348565673828148,
    21.088006591796898,
    21.198846435546898,
    22.806787109375023,
    22.977746582031273,
    21.497033691406273,
    23.042291259765648,
    23.126672363281273,
    21.549951171875023,
    23.018304443359398,
    23.003564453125023,
    21.323724365234398,
    21.094995117187523,
    22.231225585937523,
    19.721063232421898,
    20.355737304687523,
    21.418664550781273,
    21.288323974609398,
    21.140893554687523,
    19.812310791015648,
    22.914056396484398,
    20.100457763671898,
    22.774072265625023,
    22.666925048828148,
    22.594537353515648,
    22.601220703125023,
    22.290582275390648,
    22.349572753906273,
    22.407861328125023,
    22.010217285156273,
    22.142114257812523,
    22.082482910156273,
    22.196038818359398,
    22.144128417968773,
    21.883843994140648,
    22.024835205078148,
    21.971459960937523,
    21.670495605468773,
    21.854241943359398,
    21.806634521484398,
    21.745843505859398,
    21.356744384765648,
    21.220117187500023,
    21.104180908203148
  ],
  "outdoor_temps": [
    -6.1035156022626325e-06,
    -6.1035156022626325e-06,
    -6.1035156022626325e-06,
    -6.1035156022626325e-06,
    -6.1035156022626325e-06,
    -6.1035156022626325e-06,
    -6.1035156022626325e-06,
    -6.1035156022626325e-06,
    -6.1035156022626325e-06,
    -6.1035156022626325e-06,
    -6.1035156022626325e-06,
    -6.1035156022626325e-06,
    -6.1035156022626325e-06,
    -6.1035156022626325e-06,
    -6.1035156022626325e-06,
    -6.1035156022626325e-06,
    -6.1035156022626325e-06,
    -6.1035156022626325e-06,
    -6.1035156022626325e-06,
    -6.1035156022626325e-06,
    -6.1035156022626325e-06,
    -6.1035156022626325e-06,
    -6.1035156022626325e-06,
    0.48467407226564774,
    1.5674987792968977,
    2.6915527343750227,
    3.3000122070312727,
    3.2094665527343977,
    2.8019348144531477,
    2.3684326171875227,
    2.2000061035156477,
    2.3021789550781477,
    2.5030456542968977,
    2.8273864746093977,
    3.3000122070312727,
    4.170007324218773,
    5.390008544921898,
    6.540002441406273,
    7.200006103515648,
    7.400476074218773,
    7.509606933593773,
    7.613946533203148,
    7.800012207031273,
    8.075891113281273,
    8.371636962890648,
    8.656549072265648,
    8.899987792968773,
    9.066003417968773,
    9.171868896484398,
    9.266809082031273,
    9.399987792968773,
    9.710534667968773,
    10.159387207031273,
    10.528527832031273,
    10.600000000000023,
    10.450006103515648,
    10.300012207031273,
    10.149987792968773,
    9.999993896484398,
    9.850000000000023,
    9.700006103515648,
    9.550012207031273,
    9.399987792968773,
    8.978875732421898,
    8.201959228515648,
    7.349084472656273,
    6.700006103515648,
    6.357904052734398,
    6.149987792968773,
    5.942102050781273,
    5.600000000000023,
    4.941003417968773,
    4.063317871093773,
    3.2539611816406477,
    2.8000122070312727,
    2.6291442871093977,
    2.4749084472656477,
    2.3332153320312727,
    2.2000061035156477,
    2.0766845703125227,
    1.9598327636718977,
    1.8380676269531477,
    1.7000061035156477,
    1.4921203613281477,
    1.2039733886718977,
    0.8888488769531477,
    0.6000000000000227,
    0.41335449218752274,
    0.31020507812502274,
    0.20195922851564774,
    -6.1035156022626325e-06,
    -0.7735656738281023,
    -2.1510986328124773,
    -3.5530761718749773,
    -4.399999999999977
  ],
  "rewards": [
    4.963678053930402,
    4.9635631695538756,
    4.962818720653653,
    4.962127915933729,
    4.961546352222562,
    4.961056741737153,
    4.960629737638261,
    4.966455192666825,
    4.959567582790618,
    4.959358917787671,
    4.959058324411512,
    4.958739377573132,
    4.964966949325379,
    4.964360888027464,
    4.957252149778216,
    4.95713502676785,
    4.956893145158887,
    4.956618064903046,
    4.963266950855922,
    4.9557005637015985,
    4.962635136943634,
    4.962090212233527,
    4.954528824287264,
    4.961903201390705,
    4.954834252779251,
    4.955714839906149,
    4.9563222493833825,
    4.956432316564347,
    4.956204933189179,
    4.963061107549817,
    4.962896487736022,
    4.970801769531129,
    4.967211667495577,
    4.9691764322072265,
    4.970608937353544,
    4.971731633157186,
    4.972871380709435,
    4.9789108760173875,
    4.981600368059038,
    4.982760671016315,
    4.987600457929398,
    4.99355397150293,
    4.996267623391488,
    4.998268873658679,
    4.998030940782279,
    4.996908005586623,
    -0.02446796647442199,
    4.985910787777247,
    4.985242370590243,
    4.984662590545643,
    4.984130874793329,
    4.9836129956689215,
    4.975939086828381,
    4.975508940949227,
    4.982596813946153,
    4.98221769980811,
    4.974352007652916,
    4.982074911510774,
    4.981887732673436,
    4.974147088673938,
    4.982128114001097,
    4.982160679620732,
    4.97502508476749,
    4.975913325078947,
    4.983874634401144,
    -0.2081297944157027,
    4.978785146562788,
    4.98567851921835,
    4.985967944785629,
    4.986295268166811,
    -0.0975901573700212,
    4.999277037124271,
    4.988610134335802,
    4.9946055537546465,
    4.995269430885982,
    4.9943343932186455,
    4.991415180999947,
    4.994674973216231,
    4.991168212732381,
    4.987844810982113,
    4.99260460692304,
    4.988486972889013,
    4.987716804221758,
    4.983935323851912,
    4.982977239659947,
    4.985151334803875,
    4.980776165311103,
    4.979790913036983,
    4.98239567170697,
    4.977628095929389,
    4.976749406121995,
    4.975627064318113,
    4.97834156816145,
    4.976574468039786,
    4.975074889696001
  ],