{
  "episode": 147,
  "steps": 95,
  "actions": [
    23,
    23,
    23,
    23,
    23,
    23,
    23,
    23,
    23,
    23,
    23,
    23,
    23,
    23,
    23,
    23,
    23,
    23,
    23,
    23,
    23,
    23,
    23,
    23,
    23,
    23,
    23,
    23,
    23,
    23,
    23,
    23,
    18,
    3,
    23,
    23,
    23,
    13,
    23,
    23,
    23,
    23,
    23,
    20,
    23,
    23,
    7,
    18,
    0,
    23,
    23,
    23,
    23,
    23,
    8,
    23,
    14,
    21,
    20,
    23,
    23,
    23,
    23,
    23,
    0,
    23,
    23,
    23,
    23,
    23,
    13,
    1,
    23,
    7,
    4,
    23,
    15,
    2,
    23,
    23,
    3,
    8,
    4,
    0,
    16,
    23,
    23,
    23,
    9,
    23,
    23,
    23,
    23,
    12,
    9
  ],
  "temperatures": [
    20.975762939453148,
    20.971978759765648,
    20.926324462890648,
    20.884027099609398,
    20.848413085937523,
    20.818383789062523,
    20.792230224609398,
    20.768457031250023,
    20.746057128906273,
    20.724359130859398,
    20.703149414062523,
    20.682244873046898,
    20.661584472656273,
    20.641198730468773,
    20.621026611328148,
    20.601068115234398,
    20.581353759765648,
    20.561944580078148,
    20.542871093750023,
    20.524133300781273,
    20.505761718750023,
    20.487725830078148,
    20.470056152343773,
    20.463403320312523,
    20.485864257812523,
    20.523187255859398,
    20.552392578125023,
    20.555322265625023,
    20.539788818359398,
    20.522058105468773,
    20.533807373046898,
    21.077111816406273,
    16.263391113281273,
    16.958245849609398,
    21.170373535156273,
    21.319299316406273,
    21.413781738281273,
    21.179193115234398,
    21.727655029296898,
    22.021356201171898,
    22.303857421875023,
    22.563500976562523,
    22.813134765625023,
    23.057611083984398,
    23.313867187500023,
    23.564172363281273,
    24.243981933593773,
    19.557763671875023,
    22.132745361328148,
    24.289239501953148,
    24.505395507812523,
    24.692163085937523,
    24.867089843750023,
    25.022821044921898,
    22.047998046875023,
    25.144982910156273,
    25.775933837890648,
    25.326623535156273,
    25.357293701171898,
    25.366479492187523,
    25.346368408203148,
    25.295281982421898,
    25.191186523437523,
    25.036614990234398,
    23.642175292968773,
    24.627526855468773,
    24.488305664062523,
    24.364739990234398,
    24.261224365234398,
    24.171044921875023,
    24.353845214843773,
    21.630548095703148,
    23.337884521484398,
    23.404565429687523,
    23.262628173828148,
    23.070550537109398,
    22.986993408203148,
    20.576409912109398,
    22.756646728515648,
    22.709039306640648,
    20.161584472656273,
    18.864434814453148,
    21.909692382812523,
    19.677331542968773,
    17.878076171875023,
    22.076226806640648,
    22.080194091796898,
    22.036553955078148,
    18.158990478515648,
    21.814111328125023,
    21.813012695312523,
    21.760186767578148,
    21.671319580078148,
    21.228570556640648,
    17.499230957031273
  ],
  "outdoor_temps": [
    -6.1035156022626325e-06,
    -6.1035156022626325e-06,
    -6.1035156022626325e-06,
    -6.1035156022626325e-06,
    -6.1035156022626325e-06,
    -6.1035156022626325e-06,
    -6.1035156022626325e-06,
    -6.1035156022626325e-06,
    -6.1035156022626325e-06,
    -6.1035156022626325e-06,
    -6.1035156022626325e-06,
    -6.1035156022626325e-06,
    -6.1035156022626325e-06,
    -6.1035156022626325e-06,
    -6.1035156022626325e-06,
    -6.1035156022626325e-06,
    -6.1035156022626325e-06,
    -6.1035156022626325e-06,
    -6.1035156022626325e-06,
    -6.1035156022626325e-06,
    -6.1035156022626325e-06,
    -6.1035156022626325e-06,
    -6.1035156022626325e-06,
    0.48467407226564774,
    1.5674987792968977,
    2.6915527343750227,
    3.3000122070312727,
    3.2094665527343977,
    2.8019348144531477,
    2.3684326171875227,
    2.2000061035156477,
    2.3021789550781477,
    2.5030456542968977,
    2.8273864746093977,
    3.3000122070312727,
    4.170007324218773,
    5.390008544921898,
    6.540002441406273,
    7.200006103515648,
    7.400476074218773,
    7.509606933593773,
    7.613946533203148,
    7.800012207031273,
    8.075891113281273,
    8.371636962890648,
    8.656549072265648,
    8.899987792968773,
    9.066003417968773,
    9.171868896484398,
    9.266809082031273,
    9.399987792968773,
    9.710534667968773,
    10.159387207031273,
    10.528527832031273,
    10.600000000000023,
    10.450006103515648,
    10.300012207031273,
    10.149987792968773,
    9.999993896484398,
    9.850000000000023,
    9.700006103515648,
    9.550012207031273,
    9.399987792968773,
    8.978875732421898,
    8.201959228515648,
    7.349084472656273,
    6.700006103515648,
    6.357904052734398,
    6.149987792968773,
    5.942102050781273,
    5.600000000000023,
    4.941003417968773,
    4.063317871093773,
    3.2539611816406477,
    2.8000122070312727,
    2.6291442871093977,
    2.4749084472656477,
    2.3332153320312727,
    2.2000061035156477,
    2.0766845703125227,
    1.9598327636718977,
    1.8380676269531477,
    1.7000061035156477,
    1.4921203613281477,
    1.2039733886718977,
    0.8888488769531477,
    0.6000000000000227,
    0.41335449218752274,
    0.31020507812502274,
    0.20195922851564774,
    -6.1035156022626325e-06,
    -0.7735656738281023,
    -2.1510986328124773,
    -3.5530761718749773,
    -4.399999999999977
  ],
  "rewards": [
    4.9077753899246455,
    4.9076752827316525,
    4.905702330842614,
    4.90387322165072,
    4.902335326448083,
    4.901042344346642,
    4.899916627183557,
    4.89889272429049,
    4.897925631776452,
    4.896989104524255,
    4.896070191636682,
    4.895163533464074,
    4.894266431108117,
    4.893377902284264,
    4.892497641816735,
    4.8916256878525015,
    4.890763070359826,
    4.889912049546838,
    4.889075028672814,
    4.888252484574914,
    4.887444255128503,
    4.886651608720422,
    4.885875994935632,
    4.885590159669518,
    4.886594855561852,
    4.888258149400354,
    4.88955717779696,
    4.889688555970788,
    4.889001128450036,
    4.888215834870935,
    4.888737532868982,
    4.912843615785241,
    -13.967081961855122,
    -9.25446538028921,
    4.916939723261673,
    4.923537437692285,
    4.927717730775475,
    4.945566630326211,
    4.941635110077003,
    4.954668500199914,
    4.967206637635827,
    4.978730799928307,
    4.989811740890145,
    4.997340660989284,
    4.993928219011944,
    4.9905947921425104,
    -0.0609310903167463,
    -0.21137658013919705,
    4.96826914544521,
    -0.08858227413149004,
    -0.26106707878413116,
    -0.48535390086475183,
    -0.7586911679059661,
    -1.0535276142880785,
    4.936872320137918,
    -1.318756963270566,
    -3.1602882908285475,
    -1.7683055881217076,
    -1.8507239072689514,
    -1.875774471976897,
    -1.8211493150517957,
    -1.6860268042609685,
    -1.4268503630906884,
    -1.0819810463116044,
    4.961571660037152,
    -0.399838353619008,
    -0.24402734257283049,
    -0.13820873629303446,
    -0.07306700717658993,
    -0.0337850374728519,
    -0.12839748617263258,
    4.970515081800075,
    4.9936167261709015,
    4.998140603150241,
    4.998769507785733,
    4.997172742097274,
    4.99904296670109,
    4.975203027603945,
    4.987306728131421,
    4.985196294561028,
    4.97704641580116,
    -1.2982613577012916,
    4.983808064423704,
    -0.10932159877603459,
    -4.512759836390519,
    4.957152197072688,
    4.957330901399255,
    4.9553992626816035,
    -3.396503847092306,
    4.945543167348141,
    4.945496370568872,
    4.943155867829919,
    4.939217669740319,
    4.947095804177224,
    -6.259572584617607
  ],