{
  "episode": 326,
  "steps": 95,
  "actions": [
    23,
    23,
    23,
    23,
    23,
    23,
    21,
    21,
    23,
    21,
    21,
    20,
    20,
    22,
    21,
    22,
    21,
    20,
    20,
    21,
    22,
    22,
    20,
    22,
    22,
    22,
    22,
    22,
    22,
    21,
    21,
    21,
    21,
    21,
    21,
    21,
    21,
    22,
    22,
    20,
    6,
    6,
    20,
    13,
    23,
    0,
    1,
    1,
    2,
    1,
    2,
    10,
    8,
    11,
    9,
    9,
    11,
    9,
    10,
    8,
    9,
    11,
    10,
    9,
    1,
    1,
    1,
    0,
    1,
    1,
    2,
    3,
    4,
    4,
    4,
    4,
    7,
    7,
    12,
    7,
    7,
    4,
    13,
    5,
    6,
    12,
    20,
    15,
    23,
    22,
    20,
    20,
    22,
    23,
    22
  ],
  "temperatures": [
    20.975762939453148,
    20.971978759765648,
    20.926324462890648,
    20.884027099609398,
    20.848413085937523,
    20.818383789062523,
    20.792230224609398,
    20.768457031250023,
    20.746057128906273,
    20.724359130859398,
    20.703149414062523,
    20.682244873046898,
    20.661584472656273,
    20.641198730468773,
    20.621026611328148,
    20.601068115234398,
    20.581353759765648,
    20.561944580078148,
    20.542871093750023,
    20.524133300781273,
    20.505761718750023,
    20.487725830078148,
    20.470056152343773,
    20.463403320312523,
    20.485864257812523,
    20.523187255859398,
    20.552392578125023,
    20.555322265625023,
    20.539788818359398,
    20.522058105468773,
    20.533807373046898,
    21.077111816406273,
    21.201745605468773,
    21.302789306640648,
    21.379968261718773,
    21.441552734375023,
    21.505181884765648,
    21.604486083984398,
    21.801873779296898,
    22.079827880859398,
    21.851403808593773,
    22.235589599609398,
    22.838159179687523,
    23.096429443359398,
    23.349694824218773,
    21.437493896484398,
    21.663323974609398,
    21.983850097656273,
    22.295587158203148,
    22.592034912109398,
    22.865472412109398,
    21.376947021484398,
    21.509637451171898,
    21.654565429687523,
    21.770257568359398,
    21.847192382812523,
    21.898126220703148,
    21.929406738281273,
    21.939294433593773,
    21.920831298828148,
    21.872613525390648,
    21.793664550781273,
    21.660882568359398,
    21.456506347656273,
    22.834405517578148,
    22.630456542968773,
    22.396569824218773,
    22.188165283203148,
    22.006097412109398,
    21.842584228515648,
    21.686181640625023,
    20.847039794921898,
    22.852929687500023,
    22.807092285156273,
    22.672021484375023,
    22.553613281250023,
    22.432305908203148,
    22.305596923828148,
    22.366143798828148,
    22.084252929687523,
    21.969232177734398,
    21.866418457031273,
    22.047967529296898,
    21.685876464843773,
    21.561120605468773,
    21.800714111328148,
    21.974816894531273,
    21.663629150390648,
    21.853448486328148,
    21.800744628906273,
    21.747033691406273,
    21.681695556640648,
    21.586999511718773,
    21.479547119140648,
    21.384606933593773
  ],
  "outdoor_temps": [
    -6.1035156022626325e-06,
    -6.1035156022626325e-06,
    -6.1035156022626325e-06,
    -6.1035156022626325e-06,
    -6.1035156022626325e-06,
    -6.1035156022626325e-06,
    -6.1035156022626325e-06,
    -6.1035156022626325e-06,
    -6.1035156022626325e-06,
    -6.1035156022626325e-06,
    -6.1035156022626325e-06,
    -6.1035156022626325e-06,
    -6.1035156022626325e-06,
    -6.1035156022626325e-06,
    -6.1035156022626325e-06,
    -6.1035156022626325e-06,
    -6.1035156022626325e-06,
    -6.1035156022626325e-06,
    -6.1035156022626325e-06,
    -6.1035156022626325e-06,
    -6.1035156022626325e-06,
    -6.1035156022626325e-06,
    -6.1035156022626325e-06,
    0.48467407226564774,
    1.5674987792968977,
    2.6915527343750227,
    3.3000122070312727,
    3.2094665527343977,
    2.8019348144531477,
    2.3684326171875227,
    2.2000061035156477,
    2.3021789550781477,
    2.5030456542968977,
    2.8273864746093977,
    3.3000122070312727,
    4.170007324218773,
    5.390008544921898,
    6.540002441406273,
    7.200006103515648,
    7.400476074218773,
    7.509606933593773,
    7.613946533203148,
    7.800012207031273,
    8.075891113281273,
    8.371636962890648,
    8.656549072265648,
    8.899987792968773,
    9.066003417968773,
    9.171868896484398,
    9.266809082031273,
    9.399987792968773,
    9.710534667968773,
    10.159387207031273,
    10.528527832031273,
    10.600000000000023,
    10.450006103515648,
    10.300012207031273,
    10.149987792968773,
    9.999993896484398,
    9.850000000000023,
    9.700006103515648,
    9.550012207031273,
    9.399987792968773,
    8.978875732421898,
    8.201959228515648,
    7.349084472656273,
    6.700006103515648,
    6.357904052734398,
    6.149987792968773,
    5.942102050781273,
    5.600000000000023,
    4.941003417968773,
    4.063317871093773,
    3.2539611816406477,
    2.8000122070312727,
    2.6291442871093977,
    2.4749084472656477,
    2.3332153320312727,
    2.2000061035156477,
    2.0766845703125227,
    1.9598327636718977,
    1.8380676269531477,
    1.7000061035156477,
    1.4921203613281477,
    1.2039733886718977,
    0.8888488769531477,
    0.6000000000000227,
    0.41335449218752274,
    0.31020507812502274,
    0.20195922851564774,
    -6.1035156022626325e-06,
    -0.7735656738281023,
    -2.1510986328124773,
    -3.5530761718749773,
    -4.399999999999977
  ],
  "rewards": [
    4.120979222776403,
    4.115054529951921,
    4.041117961602322,
    3.9698265858460595,
    3.9077210109681286,
    3.853879691883962,
    3.805885754423257,
    3.7613691612786995,
    3.71864609823445,
    3.6765443842579115,
    3.6347041193849807,
    3.592804602402024,
    3.550749338089494,
    3.508622234581976,
    3.466321936766057,
    3.4238678740884616,
    3.381345204109698,
    3.338909506368217,
    3.2966565414583404,
    3.2546155990352954,
    3.2128832336969215,
    3.1714217349089715,
    3.1303298430744593,
    3.1147431425070513,
    3.1671395711828056,
    3.2525262384064515,
    3.3178817418444906,
    3.324368238769845,
    3.2898385690100502,
    3.2499815758172437,
    3.2764468896563628,
    4.274051551677966,
    4.440449767865916,
    4.558249553235919,
    4.637910666622891,
    4.695064964563321,
    4.748141784610891,
    4.818850202801367,
    4.915488949785339,
    4.95248556300471,
    4.966373491326311,
    4.9469913361510995,
    4.464039081247575,
    4.096965489682663,
    3.627194009904258,
    4.734046535459367,
    4.885340486583312,
    4.968734813510117,
    4.902017596401872,
    4.703351301361138,
    4.403234576397223,
    4.6516809736949645,
    4.761307960239701,
    4.850870159347756,
    4.899751627503132,
    4.921143255922139,
    4.930421041240109,
    4.934190223638132,
    4.935076425205109,
    4.9333035261309535,
    4.926261483184269,
    4.907201570700051,
    4.854059989510278,
    4.7205855352464114,
    4.442982527487073,
    4.667956223367368,
    4.849150685547514,
    4.941472258009617,
    4.968807455715723,
    4.950976682864742,
    4.896394513240701,
    3.977003866318936,
    4.452116127599043,
    4.508510985539834,
    4.656355499306307,
    4.7634511995106825,
    4.851359592105815,
    4.9196125001976485,
    4.8801446122866325,
    4.9810614116184135,
    4.983975909552944,
    4.969784291801452,
    4.969566353552608,
    4.906497133443163,
    4.834199544039327,
    4.934205952972261,
    4.952184172507538,
    4.875086629033991,
    4.931177124832559,
    4.915174180231995,
    4.8945783733430845,
    4.8636890993052795,
    4.80755265247726,
    4.727561127389191,
    4.642472434006652
  ],