{
  "episode": 167,
  "steps": 95,
  "actions": [
    23,
    23,
    23,
    23,
    23,
    23,
    23,
    15,
    21,
    21,
    23,
    21,
    21,
    20,
    23,
    23,
    22,
    23,
    23,
    22,
    22,
    22,
    23,
    23,
    23,
    23,
    23,
    23,
    23,
    21,
    22,
    21,
    20,
    14,
    21,
    5,
    5,
    5,
    6,
    22,
    22,
    5,
    15,
    12,
    1,
    15,
    3,
    3,
    3,
    11,
    20,
    1,
    10,
    10,
    16,
    0,
    17,
    10,
    16,
    1,
    10,
    18,
    10,
    10,
    10,
    3,
    3,
    10,
    11,
    2,
    12,
    13,
    1,
    6,
    23,
    7,
    20,
    14,
    12,
    14,
    4,
    20,
    20,
    12,
    12,
    14,
    23,
    14,
    12,
    5,
    12,
    7,
    21,
    6,
    15
  ],
  "temperatures": [
    20.975762939453148,
    20.971978759765648,
    20.926324462890648,
    20.884027099609398,
    20.848413085937523,
    20.818383789062523,
    20.792230224609398,
    20.214715576171898,
    20.724633789062523,
    20.713891601562523,
    20.696069335937523,
    20.676965332031273,
    20.657403564453148,
    20.637658691406273,
    20.617913818359398,
    20.598229980468773,
    20.578729248046898,
    20.559442138671898,
    20.540490722656273,
    20.521844482421898,
    20.503564453125023,
    20.485589599609398,
    20.467950439453148,
    20.461328125000023,
    20.483819580078148,
    20.521173095703148,
    20.550408935546898,
    20.553369140625023,
    20.537866210937523,
    20.520166015625023,
    20.531945800781273,
    21.075280761718773,
    21.199914550781273,
    20.899224853515648,
    21.363214111328148,
    20.467584228515648,
    20.475671386718773,
    20.593988037109398,
    20.866418457031273,
    22.009881591796898,
    22.311090087890648,
    22.226525878906273,
    22.741357421875023,
    23.061944580078148,
    20.956903076171898,
    23.598229980468773,
    21.760461425781273,
    21.971032714843773,
    22.271630859375023,
    20.917108154296898,
    24.422296142578148,
    23.183862304687523,
    21.570855712890648,
    21.678399658203148,
    20.635278320312523,
    23.586877441406273,
    20.760461425781273,
    21.891717529296898,
    20.748345947265648,
    23.647088623046898,
    21.895776367187523,
    20.635980224609398,
    21.604394531250023,
    21.418450927734398,
    21.159417724609398,
    22.476373291015648,
    22.307214355468773,
    20.597833251953148,
    20.395471191406273,
    21.624902343750023,
    23.746270751953148,
    23.116174316406273,
    20.661431884765648,
    22.620965576171898,
    22.739556884765648,
    22.492364501953148,
    22.599725341796898,
    22.421624755859398,
    22.330194091796898,
    22.248254394531273,
    21.933465576171898,
    22.264672851562523,
    22.217095947265648,
    21.965081787109398,
    21.880609130859398,
    21.797418212890648,
    21.964227294921898,
    21.646325683593773,
    21.556939697265648,
    21.027581787109398,
    21.379693603515648,
    20.804040527343773,
    21.526940917968773,
    20.497613525390648,
    20.900567626953148
  ],
  "outdoor_temps": [
    -6.1035156022626325e-06,
    -6.1035156022626325e-06,
    -6.1035156022626325e-06,
    -6.1035156022626325e-06,
    -6.1035156022626325e-06,
    -6.1035156022626325e-06,
    -6.1035156022626325e-06,
    -6.1035156022626325e-06,
    -6.1035156022626325e-06,
    -6.1035156022626325e-06,
    -6.1035156022626325e-06,
    -6.1035156022626325e-06,
    -6.1035156022626325e-06,
    -6.1035156022626325e-06,
    -6.1035156022626325e-06,
    -6.1035156022626325e-06,
    -6.1035156022626325e-06,
    -6.1035156022626325e-06,
    -6.1035156022626325e-06,
    -6.1035156022626325e-06,
    -6.1035156022626325e-06,
    -6.1035156022626325e-06,
    -6.1035156022626325e-06,
    0.48467407226564774,
    1.5674987792968977,
    2.6915527343750227,
    3.3000122070312727,
    3.2094665527343977,
    2.8019348144531477,
    2.3684326171875227,
    2.2000061035156477,
    2.3021789550781477,
    2.5030456542968977,
    2.8273864746093977,
    3.3000122070312727,
    4.170007324218773,
    5.390008544921898,
    6.540002441406273,
    7.200006103515648,
    7.400476074218773,
    7.509606933593773,
    7.613946533203148,
    7.800012207031273,
    8.075891113281273,
    8.371636962890648,
    8.656549072265648,
    8.899987792968773,
    9.066003417968773,
    9.171868896484398,
    9.266809082031273,
    9.399987792968773,
    9.710534667968773,
    10.159387207031273,
    10.528527832031273,
    10.600000000000023,
    10.450006103515648,
    10.300012207031273,
    10.149987792968773,
    9.999993896484398,
    9.850000000000023,
    9.700006103515648,
    9.550012207031273,
    9.399987792968773,
    8.978875732421898,
    8.201959228515648,
    7.349084472656273,
    6.700006103515648,
    6.357904052734398,
    6.149987792968773,
    5.942102050781273,
    5.600000000000023,
    4.941003417968773,
    4.063317871093773,
    3.2539611816406477,
    2.8000122070312727,
    2.6291442871093977,
    2.4749084472656477,
    2.3332153320312727,
    2.2000061035156477,
    2.0766845703125227,
    1.9598327636718977,
    1.8380676269531477,
    1.7000061035156477,
    1.4921203613281477,
    1.2039733886718977,
    0.8888488769531477,
    0.6000000000000227,
    0.41335449218752274,
    0.31020507812502274,
    0.20195922851564774,
    -6.1035156022626325e-06,
    -0.7735656738281023,
    -2.1510986328124773,
    -3.5530761718749773,
    -4.399999999999977
  ],
  "rewards": [
    4.9077753899246455,
    4.9076752827316525,
    4.905702330842614,
    4.90387322165072,
    4.902335326448083,
    4.901042344346642,
    4.899916627183557,
    4.916875629387796,
    4.896973988669722,
    4.896523892552309,
    4.89575551715558,
    4.89492993094027,
    4.894080340535097,
    4.893221022755555,
    4.8923595305597,
    4.891500184312463,
    4.890646416917443,
    4.889801861964489,
    4.888969743028283,
    4.888151051774621,
    4.887345940791394,
    4.886555888377454,
    4.885782487117077,
    4.885498521104455,
    4.886504647508263,
    4.88816913343966,
    4.889469344392419,
    4.889602038636804,
    4.888916089311242,
    4.888132025972009,
    4.888655144841127,
    4.912762200557019,
    4.918275720745973,
    4.937322687922936,
    4.925496756677394,
    4.962484664808676,
    4.962596082647089,
    4.964338431318048,
    4.96836428638244,
    4.954160029651678,
    4.967528550349499,
    4.988483691159028,
    4.991783953236173,
    4.998889673012107,
    4.973490073650305,
    4.994128222424213,
    4.969922337410769,
    4.968987336147618,
    4.9676526737101785,
    4.946909789995331,
    -0.1836998252457443,
    4.963603145929013,
    4.941106033283893,
    4.940152282606324,
    4.923068740073106,
    4.961816799571212,
    4.921404063478112,
    4.938262395808554,
    4.921567074957749,
    4.961550667216475,
    4.938226604420368,
    4.923062579337022,
    4.940812048835922,
    4.942462353597841,
    4.944762101064882,
    4.9667466329769026,
    4.9674981045611615,
    4.949749655679841,
    4.95154661167737,
    4.970527582138007,
    4.992815821125456,
    4.998416065808548,
    4.9748179625640825,
    4.994306866517898,
    4.986540453197516,
    4.992411785717122,
    4.9803433248497875,
    4.982329119264107,
    4.97962771160609,
    4.977207708295596,
    4.98415740238118,
    4.965496330021516,
    4.9633886667405775,
    4.968844334899407,
    4.96635043853165,
    4.963894631799472,
    4.95219074929214,
    4.959434041939676,
    4.956794948411052,
    4.970787420242255,
    4.951560640262198,
    4.967487883537238,
    4.932817718694392,
    4.962960293184683,
    4.9374003457520965
  ],