{
  "episode": 6,
  "steps": 95,
  "actions": [
    23,
    23,
    23,
    23,
    18,
    17,
    4,
    1,
    18,
    20,
    15,
    14,
    19,
    18,
    9,
    1,
    9,
    20,
    10,
    2,
    3,
    6,
    19,
    11,
    4,
    16,
    19,
    3,
    6,
    13,
    15,
    23,
    10,
    8,
    21,
    3,
    4,
    4,
    17,
    13,
    19,
    2,
    5,
    7,
    14,
    15,
    7,
    10,
    3,
    8,
    11,
    6,
    11,
    8,
    17,
    16,
    4,
    3,
    11,
    12,
    22,
    6,
    22,
    10,
    20,
    17,
    1,
    14,
    11,
    12,
    12,
    20,
    22,
    22,
    12,
    15,
    16,
    7,
    12,
    13,
    5,
    2,
    0,
    14,
    22,
    22,
    4,
    0,
    12,
    22,
    6,
    8,
    1,
    16,
    8
  ],
  "temperatures": [
    21.111627197265648,
    21.104028320312523,
    21.062646484375023,
    21.024285888671898,
    15.975152587890648,
    15.839196777343773,
    19.133996582031273,
    16.246362304687523,
    15.671258544921898,
    20.554467773437523,
    20.123406982421898,
    20.130120849609398,
    15.633905029296898,
    15.520989990234398,
    15.549340820312523,
    15.614129638671898,
    15.419946289062523,
    20.251062011718773,
    15.472985839843773,
    15.417687988281273,
    15.334558105468773,
    18.337701416015648,
    15.178948974609398,
    15.142633056640648,
    18.268823242187523,
    15.175286865234398,
    15.141778564453148,
    15.181939697265648,
    18.255548095703148,
    19.451562500000023,
    19.565118408203148,
    20.716912841796898,
    15.997155761718773,
    15.920678710937523,
    20.885919189453148,
    16.654962158203148,
    19.830804443359398,
    20.133569335937523,
    16.186120605468773,
    21.211755371093773,
    16.712030029296898,
    17.987847900390648,
    21.719384765625023,
    22.336053466796898,
    22.833215332031273,
    23.116510009765648,
    23.482141113281273,
    19.590997314453148,
    20.904931640625023,
    19.938867187500023,
    20.090325927734398,
    24.470605468750023,
    20.576043701171898,
    20.662927246093773,
    19.835290527343773,
    19.866143798828148,
    25.121301269531273,
    22.562371826171898,
    21.039270019531273,
    24.897943115234398,
    24.631646728515648,
    25.489251708984398,
    24.560083007812523,
    20.869012451171898,
    24.166192626953148,
    19.518029785156273,
    21.322869873046898,
    23.847131347656273,
    19.890924072265648,
    23.609582519531273,
    23.616265869140648,
    22.968988037109398,
    22.858056640625023,
    22.756250000000023,
    22.600183105468773,
    22.513604736328148,
    17.935174560546898,
    21.862359619140648,
    22.154840087890648,
    22.107110595703148,
    21.785821533203148,
    18.849938964843773,
    18.608636474609398,
    21.684472656250023,
    21.936456298828148,
    21.902398681640648,
    21.217492675781273,
    18.229638671875023,
    21.327447509765648,
    21.639459228515648,
    20.830224609375023,
    17.212731933593773,
    17.485070800781273,
    16.503594970703148,
    16.629144287109398
  ],
  "outdoor_temps": [
    -6.1035156022626325e-06,
    -6.1035156022626325e-06,
    -6.1035156022626325e-06,
    -6.1035156022626325e-06,
    -6.1035156022626325e-06,
    -6.1035156022626325e-06,
    -6.1035156022626325e-06,
    -6.1035156022626325e-06,
    -6.1035156022626325e-06,
    -6.1035156022626325e-06,
    -6.1035156022626325e-06,
    -6.1035156022626325e-06,
    -6.1035156022626325e-06,
    -6.1035156022626325e-06,
    -6.1035156022626325e-06,
    -6.1035156022626325e-06,
    -6.1035156022626325e-06,
    -6.1035156022626325e-06,
    -6.1035156022626325e-06,
    -6.1035156022626325e-06,
    -6.1035156022626325e-06,
    -6.1035156022626325e-06,
    -6.1035156022626325e-06,
    0.48467407226564774,
    1.5674987792968977,
    2.6915527343750227,
    3.3000122070312727,
    3.2094665527343977,
    2.8019348144531477,
    2.3684326171875227,
    2.2000061035156477,
    2.3021789550781477,
    2.5030456542968977,
    2.8273864746093977,
    3.3000122070312727,
    4.170007324218773,
    5.390008544921898,
    6.540002441406273,
    7.200006103515648,
    7.400476074218773,
    7.509606933593773,
    7.613946533203148,
    7.800012207031273,
    8.075891113281273,
    8.371636962890648,
    8.656549072265648,
    8.899987792968773,
    9.066003417968773,
    9.171868896484398,
    9.266809082031273,
    9.399987792968773,
    9.710534667968773,
    10.159387207031273,
    10.528527832031273,
    10.600000000000023,
    10.450006103515648,
    10.300012207031273,
    10.149987792968773,
    9.999993896484398,
    9.850000000000023,
    9.700006103515648,
    9.550012207031273,
    9.399987792968773,
    8.978875732421898,
    8.201959228515648,
    7.349084472656273,
    6.700006103515648,
    6.357904052734398,
    6.149987792968773,
    5.942102050781273,
    5.600000000000023,
    4.941003417968773,
    4.063317871093773,
    3.2539611816406477,
    2.8000122070312727,
    2.6291442871093977,
    2.4749084472656477,
    2.3332153320312727,
    2.2000061035156477,
    2.0766845703125227,
    1.9598327636718977,
    1.8380676269531477,
    1.7000061035156477,
    1.4921203613281477,
    1.2039733886718977,
    0.8888488769531477,
    0.6000000000000227,
    0.41335449218752274,
    0.31020507812502274,
    0.20195922851564774,
    -6.1035156022626325e-06,
    -0.7735656738281023,
    -2.1510986328124773,
    -3.5530761718749773,
    -4.399999999999977
  ],
  "rewards": [
    4.963678053930402,
    4.9635631695538756,
    4.962818720653653,
    4.962127915933729,
    -40.5017185245785,
    -43.28355705884958,
    -1.8892685436250711,
    -35.22590545648796,
    -46.84738750636561,
    4.953512556826938,
    4.962311605225277,
    4.962406466043352,
    -47.65923997079451,
    -50.155790048030056,
    -49.52216160573549,
    -48.09036074212224,
    -52.44322256413083,
    4.947959897811646,
    -51.23573857530624,
    -52.49445432020348,
    -54.41627381744061,
    -6.925361859417291,
    -58.1073469980893,
    -58.985488320301094,
    -7.50995318516308,
    -58.19564683911652,
    -59.006700789812,
    -58.03449758603778,
    -7.625348502761445,
    -0.7750865401866345,
    -0.49519785932025423,
    4.956603466364353,
    -40.05901971493244,
    -41.604121867604576,
    4.959708752912672,
    -27.975065732053388,
    -0.08332038811495142,
    4.978720027717397,
    -36.36799978810635,
    4.976433459064073,
    -27.03213477451268,
    -10.125238724575514,
    4.990448272745408,
    4.9950105926820445,
    4.99742577479634,
    4.999131818055053,
    4.998852202779411,
    -0.42730146040536027,
    4.9868171446095015,
    -0.01911228139973158,
    4.979813879252614,
    -0.5553389278723705,
    4.97792747273118,
    4.977590420968992,
    -0.08175598499436164,
    -0.058812062563278436,
    -3.145678292544281,
    4.983139961274908,
    4.976130297926296,
    -2.019618095170647,
    -1.0024893879740528,
    -5.54747201774254,
    -0.7890794204454695,
    4.976791058283623,
    -0.07280415284684116,
    -0.5937904856437675,
    4.985890922462649,
    4.99629492513803,
    -0.039418819065314824,
    4.9972173922287055,
    4.997191516958339,
    4.99820535053329,
    4.9961563465213,
    4.994276286624696,
    4.99440594832259,
    4.993287477471096,
    -10.667414753363435,
    4.9915100564197035,
    4.988649764148923,
    4.9880330376105135,
    4.990946270389968,
    -3.3109010449816667,
    -4.843763546713186,
    4.982571200881154,
    4.979141276557808,
    4.978513416000034,
    4.986751687106069,
    -7.839059991893523,
    4.977960807237774,
    4.973661654595447,
    4.983894023176606,
    -19.426627428510763,
    -15.814959557278526,
    -30.56680548276745,
    -28.410008566652564
  ],