{
  "episode": 1864,
  "steps": 95,
  "actions": [
    23,
    23,
    23,
    23,
    22,
    22,
    15,
    22,
    22,
    13,
    22,
    22,
    22,
    21,
    15,
    20,
    13,
    15,
    14,
    15,
    14,
    14,
    12,
    15,
    2,
    20,
    22,
    21,
    22,
    13,
    22,
    12,
    21,
    22,
    22,
    13,
    22,
    20,
    5,
    13,
    14,
    22,
    13,
    12,
    22,
    3,
    12,
    3,
    2,
    10,
    2,
    3,
    3,
    16,
    0,
    2,
    2,
    11,
    3,
    9,
    8,
    1,
    10,
    11,
    3,
    1,
    19,
    1,
    2,
    3,
    2,
    2,
    7,
    15,
    22,
    13,
    20,
    4,
    22,
    5,
    4,
    21,
    22,
    13,
    14,
    4,
    4,
    14,
    13,
    4,
    22,
    6,
    22,
    7,
    15
  ],
  "temperatures": [
    21.111627197265648,
    21.104028320312523,
    21.062646484375023,
    21.024285888671898,
    20.991937255859398,
    20.964624023437523,
    20.470788574218773,
    20.902825927734398,
    20.890313720703148,
    20.391534423828148,
    20.838281250000023,
    20.828088378906273,
    20.812463378906273,
    20.795617675781273,
    20.281152343750023,
    20.743127441406273,
    20.228936767578148,
    20.185388183593773,
    20.154626464843773,
    20.127252197265648,
    20.101831054687523,
    20.077722167968773,
    20.054559326171898,
    20.043878173828148,
    16.018029785156273,
    20.513177490234398,
    20.615411376953148,
    20.645074462890648,
    20.645806884765648,
    20.126794433593773,
    20.638665771484398,
    20.760156250000023,
    21.269891357421898,
    21.375115966796898,
    21.452539062500023,
    21.188073730468773,
    21.565057373046898,
    21.665765380859398,
    21.182855224609398,
    21.878961181640648,
    22.196801757812523,
    22.607446289062523,
    22.789666748046898,
    23.071771240234398,
    23.310723876953148,
    20.795526123046898,
    23.824578857421898,
    21.461694335937523,
    21.635247802734398,
    20.512078857421898,
    22.022119140625023,
    22.295281982421898,
    22.529016113281273,
    20.223443603515648,
    22.743341064453148,
    22.937890625000023,
    23.038110351562523,
    21.522210693359398,
    23.045678710937523,
    21.514337158203148,
    21.432427978515648,
    22.875329589843773,
    21.256707763671898,
    21.036462402343773,
    22.167138671875023,
    21.943231201171898,
    19.522332763671898,
    21.377526855468773,
    21.262139892578148,
    21.114709472656273,
    20.968835449218773,
    20.199822998046898,
    22.727807617187523,
    22.756677246093773,
    22.725762939453148,
    22.594689941406273,
    22.598840332031273,
    22.284967041015648,
    22.461694335937523,
    22.088281250000023,
    21.983636474609398,
    22.289636230468773,
    22.246331787109398,
    22.018151855468773,
    21.942895507812523,
    21.559899902343773,
    21.442376708984398,
    21.699639892578148,
    21.635736083984398,
    21.173242187500023,
    21.770471191406273,
    21.002282714843773,
    21.615930175781273,
    20.707086181640648,
    21.058343505859398
  ],
  "outdoor_temps": [
    -6.1035156022626325e-06,
    -6.1035156022626325e-06,
    -6.1035156022626325e-06,
    -6.1035156022626325e-06,
    -6.1035156022626325e-06,
    -6.1035156022626325e-06,
    -6.1035156022626325e-06,
    -6.1035156022626325e-06,
    -6.1035156022626325e-06,
    -6.1035156022626325e-06,
    -6.1035156022626325e-06,
    -6.1035156022626325e-06,
    -6.1035156022626325e-06,
    -6.1035156022626325e-06,
    -6.1035156022626325e-06,
    -6.1035156022626325e-06,
    -6.1035156022626325e-06,
    -6.1035156022626325e-06,
    -6.1035156022626325e-06,
    -6.1035156022626325e-06,
    -6.1035156022626325e-06,
    -6.1035156022626325e-06,
    -6.1035156022626325e-06,
    0.48467407226564774,
    1.5674987792968977,
    2.6915527343750227,
    3.3000122070312727,
    3.2094665527343977,
    2.8019348144531477,
    2.3684326171875227,
    2.2000061035156477,
    2.3021789550781477,
    2.5030456542968977,
    2.8273864746093977,
    3.3000122070312727,
    4.170007324218773,
    5.390008544921898,
    6.540002441406273,
    7.200006103515648,
    7.400476074218773,
    7.509606933593773,
    7.613946533203148,
    7.800012207031273,
    8.075891113281273,
    8.371636962890648,
    8.656549072265648,
    8.899987792968773,
    9.066003417968773,
    9.171868896484398,
    9.266809082031273,
    9.399987792968773,
    9.710534667968773,
    10.159387207031273,
    10.528527832031273,
    10.600000000000023,
    10.450006103515648,
    10.300012207031273,
    10.149987792968773,
    9.999993896484398,
    9.850000000000023,
    9.700006103515648,
    9.550012207031273,
    9.399987792968773,
    8.978875732421898,
    8.201959228515648,
    7.349084472656273,
    6.700006103515648,
    6.357904052734398,
    6.149987792968773,
    5.942102050781273,
    5.600000000000023,
    4.941003417968773,
    4.063317871093773,
    3.2539611816406477,
    2.8000122070312727,
    2.6291442871093977,
    2.4749084472656477,
    2.3332153320312727,
    2.2000061035156477,
    2.0766845703125227,
    1.9598327636718977,
    1.8380676269531477,
    1.7000061035156477,
    1.4921203613281477,
    1.2039733886718977,
    0.8888488769531477,
    0.6000000000000227,
    0.41335449218752274,
    0.31020507812502274,
    0.20195922851564774,
    -6.1035156022626325e-06,
    -0.7735656738281023,
    -2.1510986328124773,
    -3.5530761718749773,
    -4.399999999999977
  ],
  "rewards": [
    4.963678053930402,
    4.9635631695538756,
    4.962818720653653,
    4.962127915933729,
    4.961546352222562,
    4.961056741737153,
    4.96677349577504,
    4.959938983025758,
    4.959718226455475,
    4.965776368480499,
    4.958774922129253,
    4.958595017455842,
    4.958313474916245,
    4.958008375428941,
    4.964380368043385,
    4.957049038606494,
    4.963713155995082,
    4.963153053597102,
    4.962758121526598,
    4.962406666302001,
    4.962080152070879,
    4.961770560764586,
    4.961473811888014,
    4.961338853962881,
    -39.641378567226916,
    4.9528329637714705,
    4.954724021128338,
    4.955272600911881,
    4.955286712855749,
    4.962419880729493,
    4.955155066486935,
    4.970617475014503,
    4.966818162489844,
    4.968758250684194,
    4.970185193084504,
    4.976137473684128,
    4.972256725665668,
    4.974115589522149,
    4.986480428065133,
    4.985071440754216,
    4.989185629264006,
    4.991527739797597,
    4.996860771727141,
    4.999305826137329,
    4.997064692255272,
    4.987060501452859,
    4.996381842342246,
    4.98558161994086,
    4.985196331364143,
    4.978175923968949,
    4.984337470985463,
    4.983731250684061,
    4.983212656301487,
    4.969806953378994,
    4.982737588746878,
    4.982306134033948,
    4.982083959500589,
    4.974254589821496,
    4.982067456744773,
    4.9742853940995815,
    4.974603420033241,
    4.982445222632231,
    4.975285339504157,
    4.976140647612026,
    4.9840168111549445,
    4.984513992589939,
    -0.5834790138530448,
    4.985769872503922,
    4.986026103123699,
    4.986353390733995,
    4.98667730413102,
    4.988388486425676,
    4.997901571239629,
    4.996429508267376,
    4.9937141854043885,
    4.994336372267778,
    4.991371335324386,
    4.9946336626363514,
    4.98883885532488,
    4.993181034203943,
    4.992408059132974,
    4.985661812721387,
    4.9848631795353215,
    4.986885753076847,
    4.985913954750189,
    4.989280597069179,
    4.988413064392851,
    4.982771806853459,
    4.9819463443987715,
    4.986427322179566,
    4.976081275044576,
    4.985165426012452,
    4.973227987589396,
    4.982984706040796,
    4.974482207386228
  ],