{
  "episode": 30,
  "steps": 95,
  "actions": [
    23,
    23,
    23,
    23,
    8,
    0,
    4,
    22,
    11,
    22,
    1,
    17,
    11,
    14,
    2,
    18,
    22,
    5,
    13,
    21,
    10,
    22,
    10,
    11,
    16,
    21,
    10,
    3,
    10,
    21,
    18,
    4,
    2,
    20,
    13,
    22,
    21,
    2,
    4,
    9,
    1,
    20,
    17,
    5,
    5,
    5,
    1,
    1,
    6,
    3,
    3,
    3,
    18,
    2,
    19,
    2,
    9,
    4,
    5,
    23,
    10,
    9,
    11,
    23,
    3,
    18,
    21,
    3,
    22,
    21,
    4,
    13,
    15,
    23,
    23,
    23,
    19,
    12,
    12,
    14,
    4,
    10,
    18,
    12,
    4,
    1,
    6,
    15,
    12,
    12,
    21,
    19,
    22,
    19,
    9
  ],
  "temperatures": [
    20.975762939453148,
    20.971978759765648,
    20.926324462890648,
    20.884027099609398,
    16.315332031250023,
    16.430566406250023,
    18.734490966796898,
    20.573602294921898,
    16.059960937500023,
    20.470178222656273,
    16.372460937500023,
    15.645196533203148,
    15.694909667968773,
    19.527215576171898,
    16.023187255859398,
    15.451501464843773,
    20.145654296875023,
    18.521661376953148,
    19.543328857421898,
    20.238763427734398,
    15.580651855468773,
    20.108209228515648,
    15.495629882812523,
    15.317346191406273,
    15.226495361328148,
    19.993096923828148,
    15.472589111328148,
    15.412866210937523,
    15.238580322265648,
    19.915521240234398,
    15.225457763671898,
    18.770776367187523,
    16.470758056640648,
    20.707086181640648,
    20.413934326171898,
    20.992639160156273,
    21.097253417968773,
    17.339440917968773,
    20.102166748046898,
    17.017663574218773,
    17.947412109375023,
    22.129632568359398,
    17.566674804687523,
    21.999108886718773,
    22.730828857421898,
    23.191339111328148,
    21.164392089843773,
    21.355310058593773,
    24.076135253906273,
    22.166741943359398,
    22.309625244140648,
    22.558374023437523,
    20.040124511718773,
    22.818261718750023,
    20.269006347656273,
    23.071221923828148,
    21.512292480468773,
    25.673028564453148,
    25.999780273437523,
    24.945062255859398,
    21.769128417968773,
    21.612542724609398,
    21.454827880859398,
    24.482446289062523,
    22.797845458984398,
    19.843927001953148,
    23.928338623046898,
    22.022241210937523,
    23.758294677734398,
    23.714654541015648,
    24.076531982421898,
    23.121575927734398,
    22.956079101562523,
    22.847497558593773,
    22.752343750000023,
    22.675805664062523,
    18.230981445312523,
    22.211541748046898,
    22.220178222656273,
    22.154748535156273,
    21.818109130859398,
    18.404840087890648,
    17.637506103515648,
    21.609216308593773,
    21.246820068359398,
    18.819360351562523,
    20.863763427734398,
    21.376275634765648,
    21.336145019531273,
    21.276757812500023,
    21.563073730468773,
    17.012231445312523,
    21.285241699218773,
    16.750848388671898,
    16.892144775390648
  ],
  "outdoor_temps": [
    -6.1035156022626325e-06,
    -6.1035156022626325e-06,
    -6.1035156022626325e-06,
    -6.1035156022626325e-06,
    -6.1035156022626325e-06,
    -6.1035156022626325e-06,
    -6.1035156022626325e-06,
    -6.1035156022626325e-06,
    -6.1035156022626325e-06,
    -6.1035156022626325e-06,
    -6.1035156022626325e-06,
    -6.1035156022626325e-06,
    -6.1035156022626325e-06,
    -6.1035156022626325e-06,
    -6.1035156022626325e-06,
    -6.1035156022626325e-06,
    -6.1035156022626325e-06,
    -6.1035156022626325e-06,
    -6.1035156022626325e-06,
    -6.1035156022626325e-06,
    -6.1035156022626325e-06,
    -6.1035156022626325e-06,
    -6.1035156022626325e-06,
    0.48467407226564774,
    1.5674987792968977,
    2.6915527343750227,
    3.3000122070312727,
    3.2094665527343977,
    2.8019348144531477,
    2.3684326171875227,
    2.2000061035156477,
    2.3021789550781477,
    2.5030456542968977,
    2.8273864746093977,
    3.3000122070312727,
    4.170007324218773,
    5.390008544921898,
    6.540002441406273,
    7.200006103515648,
    7.400476074218773,
    7.509606933593773,
    7.613946533203148,
    7.800012207031273,
    8.075891113281273,
    8.371636962890648,
    8.656549072265648,
    8.899987792968773,
    9.066003417968773,
    9.171868896484398,
    9.266809082031273,
    9.399987792968773,
    9.710534667968773,
    10.159387207031273,
    10.528527832031273,
    10.600000000000023,
    10.450006103515648,
    10.300012207031273,
    10.149987792968773,
    9.999993896484398,
    9.850000000000023,
    9.700006103515648,
    9.550012207031273,
    9.399987792968773,
    8.978875732421898,
    8.201959228515648,
    7.349084472656273,
    6.700006103515648,
    6.357904052734398,
    6.149987792968773,
    5.942102050781273,
    5.600000000000023,
    4.941003417968773,
    4.063317871093773,
    3.2539611816406477,
    2.8000122070312727,
    2.6291442871093977,
    2.4749084472656477,
    2.3332153320312727,
    2.2000061035156477,
    2.0766845703125227,
    1.9598327636718977,
    1.8380676269531477,
    1.7000061035156477,
    1.4921203613281477,
    1.2039733886718977,
    0.8888488769531477,
    0.6000000000000227,
    0.41335449218752274,
    0.31020507812502274,
    0.20195922851564774,
    -6.1035156022626325e-06,
    -0.7735656738281023,
    -2.1510986328124773,
    -3.5530761718749773,
    -4.399999999999977
  ],
  "rewards": [
    4.9077753899246455,
    4.9076752827316525,
    4.905702330842614,
    4.90387322165072,
    -13.579885833971035,
    -12.74246583574415,
    -1.6173499488224632,
    4.890233237503663,
    -15.526446571066472,
    4.88569775317998,
    -13.160584560139547,
    -18.967090640034655,
    -18.53553043333227,
    -0.24941050904598366,
    -15.81619695491524,
    -20.690971240334658,
    4.871428534722198,
    -2.2020711839111335,
    -0.2342998363433765,
    4.875591542419532,
    -19.532112041181968,
    4.869816453162095,
    -20.29063537256367,
    -21.928136583451455,
    -22.787730144772297,
    -0.03401825892698474,
    -20.498684064923864,
    -21.042277412983868,
    -22.671833213052455,
    -0.041964982931052906,
    -22.797634266532093,
    -1.5266400721079476,
    -12.457204974100197,
    4.896397406823286,
    4.922957067309838,
    4.909039771255592,
    4.913669573985364,
    -7.081194383060722,
    4.957057082640291,
    -8.898995333590774,
    -4.21641090772652,
    4.959473907719974,
    -5.930246279456583,
    4.985121159535914,
    4.995948225517514,
    4.999080194865111,
    4.972568089921716,
    4.971720299712058,
    -0.00701424067779588,
    4.968118031007319,
    4.967483742225956,
    4.966379659164738,
    4.930991694697219,
    4.96522705073772,
    4.927945954568036,
    4.964105708503731,
    4.941629786446042,
    -2.8020138537473525,
    -4.002473012723484,
    -0.9002481867357223,
    4.9393507289513945,
    4.940740103613099,
    4.942139835300977,
    -0.2383201483896465,
    4.96531927108299,
    -0.04111412328383783,
    4.985747419333328,
    4.968763394247457,
    4.988011837967712,
    4.988593042813565,
    -0.0070748293831088445,
    4.9983680638136425,
    4.998118615184466,
    4.991323801534979,
    4.987106884494424,
    4.983715929761529,
    -3.1408037395029456,
    4.976118137708501,
    4.976375884946598,
    4.974442698892368,
    4.98245254741597,
    -2.552269379363687,
    -5.590777453963092,
    4.958326973838974,
    4.974016334979956,
    -1.3981655164736637,
    4.968360655299064,
    4.951454162547446,
    4.950270519102721,
    4.948517842229617,
    4.934418499220325,
    -8.934081335841826,
    4.9221034452157175,
    -10.563438246711618,
    -9.663145285786353
  ],