{
  "episode": 1525,
  "steps": 95,
  "actions": [
    23,
    23,
    23,
    23,
    12,
    20,
    22,
    23,
    12,
    12,
    12,
    21,
    23,
    20,
    20,
    14,
    13,
    21,
    14,
    23,
    12,
    22,
    12,
    12,
    22,
    23,
    23,
    13,
    21,
    4,
    15,
    21,
    22,
    12,
    21,
    22,
    12,
    12,
    13,
    14,
    23,
    13,
    21,
    21,
    3,
    12,
    9,
    9,
    3,
    1,
    9,
    18,
    9,
    10,
    1,
    9,
    11,
    10,
    11,
    11,
    0,
    9,
    0,
    1,
    8,
    8,
    0,
    12,
    9,
    5,
    15,
    22,
    12,
    20,
    21,
    13,
    22,
    5,
    22,
    7,
    23,
    15,
    22,
    4,
    15,
    12,
    20,
    23,
    13,
    12,
    22,
    23,
    13,
    6,
    13
  ],
  "temperatures": [
    21.111627197265648,
    21.104028320312523,
    21.062646484375023,
    21.024285888671898,
    20.531274414062523,
    20.948815917968773,
    20.932794189453148,
    20.913690185546898,
    20.416619873046898,
    20.368951416015648,
    20.335290527343773,
    20.805017089843773,
    20.799218750000023,
    20.786065673828148,
    20.770745849609398,
    20.253320312500023,
    20.207147216796898,
    20.692742919921898,
    20.174615478515648,
    20.657281494140648,
    20.133203125000023,
    20.621881103515648,
    20.092675781250023,
    20.064233398437523,
    20.611474609375023,
    20.660913085937523,
    20.694696044921898,
    20.201135253906273,
    20.671228027343773,
    19.363732910156273,
    20.109857177734398,
    21.152124023437523,
    21.286462402343773,
    21.037255859375023,
    21.454888916015648,
    21.521112060546898,
    21.274102783203148,
    21.373620605468773,
    21.590173339843773,
    21.901177978515648,
    22.378076171875023,
    22.516778564453148,
    22.851007080078148,
    23.081109619140648,
    20.405969238281273,
    23.564721679687523,
    19.851068115234398,
    20.004113769531273,
    21.470666503906273,
    21.778375244140648,
    20.637506103515648,
    19.854486083984398,
    20.898278808593773,
    21.055566406250023,
    22.655084228515648,
    21.301690673828148,
    21.327539062500023,
    21.349053955078148,
    21.352441406250023,
    21.329827880859398,
    22.795129394531273,
    21.255670166015648,
    22.585382080078148,
    22.421807861328148,
    20.743463134765648,
    20.477380371093773,
    21.523919677734398,
    23.970605468750023,
    20.059899902343773,
    23.878320312500023,
    23.750054931640648,
    23.069177246093773,
    22.960595703125023,
    22.863702392578148,
    22.778222656250023,
    22.648583984375023,
    22.637445068359398,
    22.338739013671898,
    22.493402099609398,
    22.133874511718773,
    22.373254394531273,
    22.177819824218773,
    22.271478271484398,
    21.794122314453148,
    21.961877441406273,
    21.891534423828148,
    22.035272216796898,
    21.982476806640648,
    21.684381103515648,
    21.606927490234398,
    21.809503173828148,
    21.752130126953148,
    21.365869140625023,
    20.743127441406273,
    21.092156982421898
  ],
  "outdoor_temps": [
    -6.1035156022626325e-06,
    -6.1035156022626325e-06,
    -6.1035156022626325e-06,
    -6.1035156022626325e-06,
    -6.1035156022626325e-06,
    -6.1035156022626325e-06,
    -6.1035156022626325e-06,
    -6.1035156022626325e-06,
    -6.1035156022626325e-06,
    -6.1035156022626325e-06,
    -6.1035156022626325e-06,
    -6.1035156022626325e-06,
    -6.1035156022626325e-06,
    -6.1035156022626325e-06,
    -6.1035156022626325e-06,
    -6.1035156022626325e-06,
    -6.1035156022626325e-06,
    -6.1035156022626325e-06,
    -6.1035156022626325e-06,
    -6.1035156022626325e-06,
    -6.1035156022626325e-06,
    -6.1035156022626325e-06,
    -6.1035156022626325e-06,
    0.48467407226564774,
    1.5674987792968977,
    2.6915527343750227,
    3.3000122070312727,
    3.2094665527343977,
    2.8019348144531477,
    2.3684326171875227,
    2.2000061035156477,
    2.3021789550781477,
    2.5030456542968977,
    2.8273864746093977,
    3.3000122070312727,
    4.170007324218773,
    5.390008544921898,
    6.540002441406273,
    7.200006103515648,
    7.400476074218773,
    7.509606933593773,
    7.613946533203148,
    7.800012207031273,
    8.075891113281273,
    8.371636962890648,
    8.656549072265648,
    8.899987792968773,
    9.066003417968773,
    9.171868896484398,
    9.266809082031273,
    9.399987792968773,
    9.710534667968773,
    10.159387207031273,
    10.528527832031273,
    10.600000000000023,
    10.450006103515648,
    10.300012207031273,
    10.149987792968773,
    9.999993896484398,
    9.850000000000023,
    9.700006103515648,
    9.550012207031273,
    9.399987792968773,
    8.978875732421898,
    8.201959228515648,
    7.349084472656273,
    6.700006103515648,
    6.357904052734398,
    6.149987792968773,
    5.942102050781273,
    5.600000000000023,
    4.941003417968773,
    4.063317871093773,
    3.2539611816406477,
    2.8000122070312727,
    2.6291442871093977,
    2.4749084472656477,
    2.3332153320312727,
    2.2000061035156477,
    2.0766845703125227,
    1.9598327636718977,
    1.8380676269531477,
    1.7000061035156477,
    1.4921203613281477,
    1.2039733886718977,
    0.8888488769531477,
    0.6000000000000227,
    0.41335449218752274,
    0.31020507812502274,
    0.20195922851564774,
    -6.1035156022626325e-06,
    -0.7735656738281023,
    -2.1510986328124773,
    -3.5530761718749773,
    -4.399999999999977
  ],
  "rewards": [
    4.963678053930402,
    4.9635631695538756,
    4.962818720653653,
    4.962127915933729,
    4.967531105432659,
    4.960763855267478,
    4.960481196812314,
    4.960139758847977,
    4.966092540178448,
    4.965483975537283,
    4.9650562311487025,
    4.958167931128455,
    4.958068117112569,
    4.957831539228558,
    4.957554341725033,
    4.9640246641737935,
    4.963431130670821,
    4.956126140591243,
    4.963016800929509,
    4.955477138941054,
    4.962485848817974,
    4.9548287027070055,
    4.961966816287811,
    4.961602053769095,
    4.95464660196395,
    4.95556282307985,
    4.956189097478986,
    4.9633809091188015,
    4.955756353375056,
    -1.0255612868026147,
    4.96220106972997,
    4.964646996455996,
    4.967124105901174,
    4.974193270903404,
    4.970228365946723,
    4.97144870123332,
    4.977247053485687,
    4.97853184772299,
    4.981333525903684,
    4.985359009281287,
    4.987285976891284,
    4.993327753994614,
    4.996032585438827,
    4.998338742884524,
    4.987925206248365,
    4.997391142171849,
    -0.06505015821364513,
    4.980149167909409,
    4.985561580269719,
    4.984878544134129,
    4.977688622027312,
    -0.06692253319253381,
    4.976676020140071,
    4.976065415277268,
    4.982933470464757,
    4.975110357526366,
    4.975010316505219,
    4.9749270321206875,
    4.974914055548123,
    4.975001897938712,
    4.982623362444503,
    4.975289606008679,
    4.983088541536714,
    4.983451555300504,
    4.97727871611682,
    4.978312384010495,
    4.985444741443933,
    4.995815339688212,
    4.9799345876054595,
    4.997973559930111,
    4.996671984685342,
    4.998407953643038,
    4.999066447966125,
    4.996262389559461,
    4.994684168270748,
    4.995033548970423,
    4.992084416684249,
    4.995030959572967,
    4.989424832144509,
    4.9935179902877165,
    4.987205983648482,
    4.988948993239552,
    4.985327699678748,
    4.991009548183854,
    4.986159156995461,
    4.985250864363073,
    4.980968515563918,
    4.97999458568446,
    4.982575165186077,
    4.9815747619425155,
    4.976802168775512,
    4.975743100308206,
    4.9784594888761635,
    4.983250779361019,
    4.974919250151223
  ],