{
  "episode": 128,
  "steps": 95,
  "actions": [
    23,
    23,
    23,
    23,
    22,
    22,
    13,
    13,
    20,
    5,
    21,
    19,
    12,
    12,
    20,
    12,
    14,
    5,
    6,
    12,
    20,
    22,
    14,
    22,
    13,
    14,
    13,
    3,
    13,
    13,
    21,
    20,
    1,
    21,
    14,
    21,
    14,
    8,
    22,
    0,
    14,
    5,
    16,
    11,
    0,
    8,
    13,
    22,
    21,
    18,
    6,
    14,
    0,
    0,
    11,
    23,
    12,
    11,
    5,
    19,
    16,
    21,
    21,
    23,
    21,
    5,
    21,
    1,
    6,
    10,
    7,
    8,
    18,
    13,
    17,
    22,
    3,
    12,
    5,
    21,
    9,
    14,
    6,
    20,
    16,
    22,
    4,
    15,
    6,
    13,
    14,
    9,
    5,
    0,
    14
  ],
  "temperatures": [
    21.111627197265648,
    21.104028320312523,
    21.062646484375023,
    21.024285888671898,
    20.991937255859398,
    20.964624023437523,
    20.470788574218773,
    20.420220947265648,
    20.873132324218773,
    19.598382568359398,
    20.807397460937523,
    15.797082519531273,
    20.065362548828148,
    20.159112548828148,
    20.683129882812523,
    20.179040527343773,
    20.147882080078148,
    19.279901123046898,
    19.170617675781273,
    20.015191650390648,
    20.565576171875023,
    20.575128173828148,
    20.039819335937523,
    20.555444335937523,
    20.063378906250023,
    20.088037109375023,
    20.115625000000023,
    16.057183837890648,
    19.912622070312523,
    19.990350341796898,
    20.560479736328148,
    21.099511718750023,
    16.911645507812523,
    21.216149902343773,
    20.992639160156273,
    21.420343017578148,
    21.171228027343773,
    16.764916992187523,
    21.673211669921898,
    17.940332031250023,
    21.962365722656273,
    22.133142089843773,
    17.732995605468773,
    18.549401855468773,
    19.843072509765648,
    19.186639404296898,
    23.500878906250023,
    23.717095947265648,
    23.936273193359398,
    19.500329589843773,
    24.684045410156273,
    24.710321044921898,
    22.535241699218773,
    22.649316406250023,
    21.261895751953148,
    24.802972412109398,
    25.331292724609398,
    21.554589843750023,
    25.901818847656273,
    20.522210693359398,
    20.393609619140648,
    24.765985107421898,
    24.736322021484398,
    24.617700195312523,
    24.449456787109398,
    25.050073242187523,
    24.176171875000023,
    21.844323730468773,
    24.394464111328148,
    20.225671386718773,
    24.031365966796898,
    19.471032714843773,
    18.516931152343773,
    22.771356201171898,
    18.264825439453148,
    22.625451660156273,
    19.604364013671898,
    22.350335693359398,
    22.154626464843773,
    22.399774169921898,
    18.328302001953148,
    22.004083251953148,
    21.751275634765648,
    22.152612304687523,
    17.479211425781273,
    21.934503173828148,
    21.341668701171898,
    21.625482177734398,
    21.173822021484398,
    21.493127441406273,
    21.443200683593773,
    17.406091308593773,
    20.517297363281273,
    17.655175781250023,
    20.822167968750023
  ],
  "outdoor_temps": [
    -6.1035156022626325e-06,
    -6.1035156022626325e-06,
    -6.1035156022626325e-06,
    -6.1035156022626325e-06,
    -6.1035156022626325e-06,
    -6.1035156022626325e-06,
    -6.1035156022626325e-06,
    -6.1035156022626325e-06,
    -6.1035156022626325e-06,
    -6.1035156022626325e-06,
    -6.1035156022626325e-06,
    -6.1035156022626325e-06,
    -6.1035156022626325e-06,
    -6.1035156022626325e-06,
    -6.1035156022626325e-06,
    -6.1035156022626325e-06,
    -6.1035156022626325e-06,
    -6.1035156022626325e-06,
    -6.1035156022626325e-06,
    -6.1035156022626325e-06,
    -6.1035156022626325e-06,
    -6.1035156022626325e-06,
    -6.1035156022626325e-06,
    0.48467407226564774,
    1.5674987792968977,
    2.6915527343750227,
    3.3000122070312727,
    3.2094665527343977,
    2.8019348144531477,
    2.3684326171875227,
    2.2000061035156477,
    2.3021789550781477,
    2.5030456542968977,
    2.8273864746093977,
    3.3000122070312727,
    4.170007324218773,
    5.390008544921898,
    6.540002441406273,
    7.200006103515648,
    7.400476074218773,
    7.509606933593773,
    7.613946533203148,
    7.800012207031273,
    8.075891113281273,
    8.371636962890648,
    8.656549072265648,
    8.899987792968773,
    9.066003417968773,
    9.171868896484398,
    9.266809082031273,
    9.399987792968773,
    9.710534667968773,
    10.159387207031273,
    10.528527832031273,
    10.600000000000023,
    10.450006103515648,
    10.300012207031273,
    10.149987792968773,
    9.999993896484398,
    9.850000000000023,
    9.700006103515648,
    9.550012207031273,
    9.399987792968773,
    8.978875732421898,
    8.201959228515648,
    7.349084472656273,
    6.700006103515648,
    6.357904052734398,
    6.149987792968773,
    5.942102050781273,
    5.600000000000023,
    4.941003417968773,
    4.063317871093773,
    3.2539611816406477,
    2.8000122070312727,
    2.6291442871093977,
    2.4749084472656477,
    2.3332153320312727,
    2.2000061035156477,
    2.0766845703125227,
    1.9598327636718977,
    1.8380676269531477,
    1.7000061035156477,
    1.4921203613281477,
    1.2039733886718977,
    0.8888488769531477,
    0.6000000000000227,
    0.41335449218752274,
    0.31020507812502274,
    0.20195922851564774,
    -6.1035156022626325e-06,
    -0.7735656738281023,
    -2.1510986328124773,
    -3.5530761718749773,
    -4.399999999999977
  ],
  "rewards": [
    4.963678053930402,
    4.9635631695538756,
    4.962818720653653,
    4.962127915933729,
    4.961546352222562,
    4.961056741737153,
    4.966773592334564,
    4.966129125431666,
    4.959400409695247,
    -0.415872805171641,
    4.9582036939056024,
    -44.16401812624819,
    4.961574916901634,
    4.962795028813345,
    4.955933801222755,
    4.963063224564266,
    4.962663858063681,
    -1.3101474027736508,
    -1.7338818793763964,
    4.9609564282690055,
    4.953784933377219,
    4.953964634112042,
    4.9612831283624725,
    4.95360803264833,
    4.961594132285889,
    4.961915689781795,
    4.962274247431075,
    -38.865703509922135,
    -0.03923289586877996,
    -0.019875609788556656,
    4.953710743424037,
    4.963674638480596,
    -23.84698832254546,
    4.965819332908515,
    4.973611780454121,
    4.96958517569757,
    4.975915336657963,
    -26.168010775095535,
    4.974251234215886,
    -10.608876348081418,
    4.986150513146073,
    4.993508834042465,
    -12.856372871076674,
    -5.2676578657416515,
    -0.06697283067908784,
    -1.662196674778965,
    4.997638978705944,
    4.994809754726032,
    4.993593628220584,
    -0.6371804383837091,
    -1.171697367919444,
    -1.26488945752196,
    4.983198819556152,
    4.9829459839351475,
    4.975264529142529,
    -1.6174324007182608,
    -4.4355557900519695,
    4.974128815658553,
    -9.045540381439086,
    4.968151427784692,
    4.968864771945969,
    -1.4722510625660965,
    -1.3607611704500338,
    -0.9588906053894942,
    -0.5095685344525193,
    -2.7589424707698007,
    -0.08137308356750977,
    4.984733946148954,
    -0.39058522294126075,
    4.979290979048318,
    -0.0036370152798719407,
    -0.7083725601746708,
    -5.509003319712916,
    4.9966195079332785,
    -7.5366464330621685,
    4.99186194405154,
    -0.39645730685405794,
    4.991177446690429,
    4.9936708158777785,
    4.9876955547721495,
    -6.993069463460799,
    4.986702126397873,
    4.990692187347328,
    4.983133147658861,
    -15.893325353645473,
    4.979106232772056,
    4.987669204648908,
    4.981812722223447,
    4.986430788448809,
    4.980103590032167,
    4.979458817318568,
    -16.825749984926368,
    4.981582908540155,
    -13.748477543072752,
    4.971428478512913
  ],