{
  "episode": 994,
  "steps": 95,
  "actions": [
    23,
    23,
    23,
    23,
    22,
    22,
    22,
    22,
    15,
    22,
    22,
    22,
    22,
    20,
    22,
    21,
    22,
    22,
    20,
    22,
    22,
    23,
    12,
    22,
    22,
    12,
    22,
    20,
    22,
    7,
    22,
    22,
    22,
    22,
    22,
    18,
    22,
    21,
    22,
    22,
    22,
    22,
    22,
    21,
    22,
    21,
    22,
    21,
    22,
    21,
    22,
    12,
    22,
    20,
    7,
    22,
    14,
    5,
    22,
    22,
    20,
    21,
    22,
    21,
    20,
    22,
    22,
    22,
    22,
    22,
    20,
    22,
    22,
    22,
    22,
    22,
    22,
    22,
    12,
    22,
    12,
    22,
    22,
    22,
    22,
    22,
    21,
    5,
    21,
    21,
    21,
    22,
    21,
    22,
    22
  ],
  "temperatures": [
    20.975762939453148,
    20.971978759765648,
    20.926324462890648,
    20.884027099609398,
    20.848413085937523,
    20.818383789062523,
    20.792230224609398,
    20.768457031250023,
    20.188439941406273,
    20.702783203125023,
    20.692529296875023,
    20.675042724609398,
    20.656243896484398,
    20.636926269531273,
    20.617425537109398,
    20.597894287109398,
    20.578485107421898,
    20.559259033203148,
    20.540338134765648,
    20.521722412109398,
    20.503442382812523,
    20.485467529296898,
    19.862573242187523,
    20.437432861328148,
    20.471429443359398,
    19.921105957031273,
    20.520288085937523,
    20.535699462890648,
    20.524835205078148,
    18.967797851562523,
    20.466394042968773,
    21.037957763671898,
    21.172601318359398,
    21.279107666015648,
    21.359613037109398,
    16.447381591796898,
    21.340234375000023,
    21.515039062500023,
    21.734674072265648,
    22.026940917968773,
    22.309533691406273,
    22.569055175781273,
    22.818444824218773,
    23.063287353515648,
    23.320397949218773,
    23.571008300781273,
    23.807031250000023,
    24.027307128906273,
    24.232995605468773,
    24.425714111328148,
    24.602014160156273,
    25.173760986328148,
    24.949273681640648,
    25.093682861328148,
    26.488671875000023,
    25.331597900390648,
    25.937310791015648,
    26.882043457031273,
    25.499230957031273,
    25.482019042968773,
    25.452203369140648,
    25.394830322265648,
    25.286828613281273,
    25.128930664062523,
    24.928552246093773,
    24.745568847656273,
    24.589196777343773,
    24.459497070312523,
    24.351464843750023,
    24.257592773437523,
    24.168878173828148,
    23.599969482421898,
    23.461999511718773,
    23.339318847656273,
    23.236138916015648,
    23.153314208984398,
    23.070336914062523,
    22.982202148437523,
    22.878381347656273,
    22.819848632812523,
    22.694482421875023,
    22.679284667968773,
    22.613763427734398,
    22.545861816406273,
    22.474389648437523,
    22.401055908203148,
    22.328057861328148,
    21.833978271484398,
    22.171563720703148,
    22.108850097656273,
    22.045251464843773,
    21.971002197265648,
    21.868981933593773,
    21.755303955078148,
    21.654229736328148
  ],
  "outdoor_temps": [
    -6.1035156022626325e-06,
    -6.1035156022626325e-06,
    -6.1035156022626325e-06,
    -6.1035156022626325e-06,
    -6.1035156022626325e-06,
    -6.1035156022626325e-06,
    -6.1035156022626325e-06,
    -6.1035156022626325e-06,
    -6.1035156022626325e-06,
    -6.1035156022626325e-06,
    -6.1035156022626325e-06,
    -6.1035156022626325e-06,
    -6.1035156022626325e-06,
    -6.1035156022626325e-06,
    -6.1035156022626325e-06,
    -6.1035156022626325e-06,
    -6.1035156022626325e-06,
    -6.1035156022626325e-06,
    -6.1035156022626325e-06,
    -6.1035156022626325e-06,
    -6.1035156022626325e-06,
    -6.1035156022626325e-06,
    -6.1035156022626325e-06,
    0.48467407226564774,
    1.5674987792968977,
    2.6915527343750227,
    3.3000122070312727,
    3.2094665527343977,
    2.8019348144531477,
    2.3684326171875227,
    2.2000061035156477,
    2.3021789550781477,
    2.5030456542968977,
    2.8273864746093977,
    3.3000122070312727,
    4.170007324218773,
    5.390008544921898,
    6.540002441406273,
    7.200006103515648,
    7.400476074218773,
    7.509606933593773,
    7.613946533203148,
    7.800012207031273,
    8.075891113281273,
    8.371636962890648,
    8.656549072265648,
    8.899987792968773,
    9.066003417968773,
    9.171868896484398,
    9.266809082031273,
    9.399987792968773,
    9.710534667968773,
    10.159387207031273,
    10.528527832031273,
    10.600000000000023,
    10.450006103515648,
    10.300012207031273,
    10.149987792968773,
    9.999993896484398,
    9.850000000000023,
    9.700006103515648,
    9.550012207031273,
    9.399987792968773,
    8.978875732421898,
    8.201959228515648,
    7.349084472656273,
    6.700006103515648,
    6.357904052734398,
    6.149987792968773,
    5.942102050781273,
    5.600000000000023,
    4.941003417968773,
    4.063317871093773,
    3.2539611816406477,
    2.8000122070312727,
    2.6291442871093977,
    2.4749084472656477,
    2.3332153320312727,
    2.2000061035156477,
    2.0766845703125227,
    1.9598327636718977,
    1.8380676269531477,
    1.7000061035156477,
    1.4921203613281477,
    1.2039733886718977,
    0.8888488769531477,
    0.6000000000000227,
    0.41335449218752274,
    0.31020507812502274,
    0.20195922851564774,
    -6.1035156022626325e-06,
    -0.7735656738281023,
    -2.1510986328124773,
    -3.5530761718749773,
    -4.399999999999977
  ],
  "rewards": [
    4.9077753899246455,
    4.9076752827316525,
    4.905702330842614,
    4.90387322165072,
    4.902335326448083,
    4.901042344294812,
    4.899916627131726,
    4.898892724238659,
    4.916122321993436,
    4.896029536383955,
    4.895598790370252,
    4.894844166957165,
    4.8940290996659055,
    4.8931886646378295,
    4.892338015667122,
    4.891485116206433,
    4.89063531604474,
    4.8897932979691285,
    4.888962857447888,
    4.888145320049446,
    4.887341029368664,
    4.886551558696057,
    -0.042270440869027086,
    4.884437920797778,
    4.885954615794446,
    -0.029170083418160977,
    4.888133790243579,
    4.8888188716995975,
    4.888338038555306,
    -1.0803663792746159,
    4.885748049924556,
    4.9111065075028195,
    4.917063681803967,
    4.921776787959363,
    4.925337040148999,
    -12.626547084316126,
    4.924454796051849,
    4.9322034523117795,
    4.941945678860597,
    4.954916197978283,
    4.967458643637921,
    4.978978057824399,
    4.9900468936789295,
    4.997265069060351,
    4.993841486246041,
    4.9905041244852795,
    4.987360739380769,
    -0.004796470380996827,
    -0.05902252438600709,
    -0.18660969601541103,
    -0.36838511022863324,
    -1.3827262251597916,
    -0.9082405324167315,
    -1.2037428175059197,
    -6.197382156893765,
    -1.7815452941037995,
    -3.7598785083515076,
    -8.310505303623408,
    -2.2566436639040095,
    -2.2052733775747235,
    -2.1176883395162625,
    -1.9541544797579866,
    -1.6641712788039513,
    -1.2822021932673708,
    -0.8692599144869947,
    -0.5623142752731963,
    -0.3530735721957693,
    -0.2166264743876407,
    -0.12865679276703795,
    -0.07117075902937423,
    -0.03304117487339342,
    4.990128573409241,
    4.9919647577631725,
    4.993597138546731,
    4.994969816230561,
    4.996071641020801,
    4.9971751874166985,
    4.997308458857562,
    4.9958343677822015,
    4.99011010085435,
    4.990398999959554,
    4.9838791475185875,
    4.980974693022992,
    4.977966336928631,
    4.974800333701397,
    4.971551649295117,
    4.968317720614698,
    4.98269809831278,
    4.961385106781255,
    4.958607659012727,
    4.955790407330445,
    4.95249988761609,
    4.947978632174756,
    4.942938453823976,
    4.938455464564587
  ],