{
  "episode": 915,
  "steps": 95,
  "actions": [
    23,
    23,
    23,
    23,
    15,
    15,
    15,
    21,
    12,
    22,
    21,
    21,
    12,
    12,
    13,
    12,
    12,
    12,
    12,
    21,
    21,
    22,
    12,
    22,
    20,
    20,
    20,
    15,
    20,
    21,
    15,
    20,
    22,
    21,
    21,
    13,
    20,
    12,
    15,
    14,
    20,
    21,
    7,
    12,
    15,
    12,
    6,
    22,
    9,
    1,
    3,
    2,
    1,
    14,
    9,
    3,
    1,
    3,
    1,
    2,
    2,
    9,
    0,
    0,
    0,
    0,
    11,
    0,
    12,
    21,
    21,
    20,
    22,
    21,
    13,
    6,
    21,
    12,
    20,
    13,
    12,
    22,
    20,
    14,
    12,
    12,
    22,
    15,
    22,
    12,
    20,
    23,
    14,
    22,
    6
  ],
  "temperatures": [
    21.111627197265648,
    21.104028320312523,
    21.062646484375023,
    21.024285888671898,
    20.531274414062523,
    20.474237060546898,
    20.435083007812523,
    20.887994384765648,
    20.398736572265648,
    20.848382568359398,
    20.839990234375023,
    20.825372314453148,
    20.316979980468773,
    20.270959472656273,
    20.238488769531273,
    20.209649658203148,
    20.182763671875023,
    20.157189941406273,
    20.132592773437523,
    20.636590576171898,
    20.636071777343773,
    20.627191162109398,
    20.091119384765648,
    20.594140625000023,
    20.626489257812523,
    20.666436767578148,
    20.696740722656273,
    20.201440429687523,
    20.670312500000023,
    20.663446044921898,
    20.172784423828148,
    21.175469970703148,
    21.301507568359398,
    21.400262451171898,
    21.474969482421898,
    21.212762451171898,
    21.584680175781273,
    21.391503906250023,
    21.601007080078148,
    21.909753417968773,
    22.383660888671898,
    22.627038574218773,
    22.727136230468773,
    23.088983154296898,
    23.389215087890648,
    23.678613281250023,
    24.194512939453148,
    24.001306152343773,
    20.464257812500023,
    21.928216552734398,
    22.185327148437523,
    22.412225341796898,
    22.634332275390648,
    25.178704833984398,
    21.518334960937523,
    23.075860595703148,
    23.191766357421898,
    23.251000976562523,
    23.282861328125023,
    23.282037353515648,
    23.248834228515648,
    21.571954345703148,
    22.936639404296898,
    22.755273437500023,
    22.469506835937523,
    22.191308593750023,
    20.588006591796898,
    21.649072265625023,
    24.055718994140648,
    23.835687255859398,
    23.773034667968773,
    23.241845703125023,
    23.128961181640648,
    23.028497314453148,
    22.933129882812523,
    22.807519531250023,
    22.793176269531273,
    22.659967041015648,
    22.644403076171898,
    22.492150878906273,
    22.416009521484398,
    22.460534667968773,
    22.406976318359398,
    22.210687255859398,
    22.131066894531273,
    22.051293945312523,
    22.156701660156273,
    21.902185058593773,
    22.033410644531273,
    21.753228759765648,
    21.919763183593773,
    21.859399414062523,
    21.494653320312523,
    21.659295654296898,
    20.788385009765648
  ],
  "outdoor_temps": [
    -6.1035156022626325e-06,
    -6.1035156022626325e-06,
    -6.1035156022626325e-06,
    -6.1035156022626325e-06,
    -6.1035156022626325e-06,
    -6.1035156022626325e-06,
    -6.1035156022626325e-06,
    -6.1035156022626325e-06,
    -6.1035156022626325e-06,
    -6.1035156022626325e-06,
    -6.1035156022626325e-06,
    -6.1035156022626325e-06,
    -6.1035156022626325e-06,
    -6.1035156022626325e-06,
    -6.1035156022626325e-06,
    -6.1035156022626325e-06,
    -6.1035156022626325e-06,
    -6.1035156022626325e-06,
    -6.1035156022626325e-06,
    -6.1035156022626325e-06,
    -6.1035156022626325e-06,
    -6.1035156022626325e-06,
    -6.1035156022626325e-06,
    0.48467407226564774,
    1.5674987792968977,
    2.6915527343750227,
    3.3000122070312727,
    3.2094665527343977,
    2.8019348144531477,
    2.3684326171875227,
    2.2000061035156477,
    2.3021789550781477,
    2.5030456542968977,
    2.8273864746093977,
    3.3000122070312727,
    4.170007324218773,
    5.390008544921898,
    6.540002441406273,
    7.200006103515648,
    7.400476074218773,
    7.509606933593773,
    7.613946533203148,
    7.800012207031273,
    8.075891113281273,
    8.371636962890648,
    8.656549072265648,
    8.899987792968773,
    9.066003417968773,
    9.171868896484398,
    9.266809082031273,
    9.399987792968773,
    9.710534667968773,
    10.159387207031273,
    10.528527832031273,
    10.600000000000023,
    10.450006103515648,
    10.300012207031273,
    10.149987792968773,
    9.999993896484398,
    9.850000000000023,
    9.700006103515648,
    9.550012207031273,
    9.399987792968773,
    8.978875732421898,
    8.201959228515648,
    7.349084472656273,
    6.700006103515648,
    6.357904052734398,
    6.149987792968773,
    5.942102050781273,
    5.600000000000023,
    4.941003417968773,
    4.063317871093773,
    3.2539611816406477,
    2.8000122070312727,
    2.6291442871093977,
    2.4749084472656477,
    2.3332153320312727,
    2.2000061035156477,
    2.0766845703125227,
    1.9598327636718977,
    1.8380676269531477,
    1.7000061035156477,
    1.4921203613281477,
    1.2039733886718977,
    0.8888488769531477,
    0.6000000000000227,
    0.41335449218752274,
    0.31020507812502274,
    0.20195922851564774,
    -6.1035156022626325e-06,
    -0.7735656738281023,
    -2.1510986328124773,
    -3.5530761718749773,
    -4.399999999999977
  ],
  "rewards": [
    4.963678053930402,
    4.9635631695538756,
    4.962818720653653,
    4.962127915933729,
    4.967531055390835,
    4.9668058109644635,
    4.966310539281724,
    4.959664274650423,
    4.965860979606114,
    4.9589524379262455,
    4.958806833289887,
    4.958544595450811,
    4.964832978297673,
    4.964242867358191,
    4.963828047640783,
    4.963459086493144,
    4.963115441925986,
    4.962788298256857,
    4.962473292477591,
    4.95509465961547,
    4.9550879790491384,
    4.954926631659918,
    4.961946610313232,
    4.954322669793082,
    4.954924307130601,
    4.955665365627926,
    4.956226791313808,
    4.963384946594905,
    4.955739323097078,
    4.955612658432644,
    4.9630151916041,
    4.965078685479967,
    4.967402086428326,
    4.969223125838067,
    4.970599842876844,
    4.976457234074078,
    4.972619970079998,
    4.978763638745021,
    4.9814736588077375,
    4.985469843483328,
    4.987389512841468,
    4.991890317222994,
    4.997903176446162,
    4.999239071472022,
    4.998072810262603,
    4.996948809585332,
    -0.09594704606742582,
    -0.003301326138817894,
    4.978361786704834,
    4.984545998483087,
    4.983975301310096,
    4.983471732658375,
    4.982978937547006,
    -3.477771636981975,
    4.974268499635969,
    4.981999933033372,
    4.981742979210843,
    4.981611679717575,
    4.981541114372242,
    4.981542966887031,
    4.981616511266031,
    4.974061327721276,
    4.9823090522579205,
    4.9827114640958605,
    4.983345808316022,
    4.9839634101875125,
    4.977883010659367,
    4.985167212389571,
    -0.009989417329436914,
    4.994152649779035,
    4.994500362337283,
    4.997450184286289,
    4.998075825593394,
    4.9986326988091205,
    4.998713759512357,
    4.998494721688816,
    4.994962408246553,
    4.995182280142508,
    4.992214853454543,
    4.9930128786069865,
    4.992028811946997,
    4.988819440592242,
    4.987830642424847,
    4.989375602911186,
    4.988346684300219,
    4.987316396065218,
    4.9832117327937615,
    4.985390166741188,
    4.980936209159701,
    4.98346609840947,
    4.978838643122626,
    4.977724612525623,
    4.980124606046826,
    4.974028165523772,
    4.98358446228164
  ],