{
  "episode": 1083,
  "steps": 95,
  "actions": [
    23,
    23,
    23,
    23,
    14,
    22,
    23,
    22,
    15,
    23,
    20,
    23,
    15,
    15,
    20,
    15,
    15,
    20,
    21,
    15,
    22,
    23,
    22,
    12,
    13,
    21,
    21,
    15,
    15,
    20,
    14,
    22,
    13,
    21,
    15,
    15,
    20,
    13,
    20,
    22,
    12,
    14,
    22,
    21,
    13,
    22,
    2,
    0,
    0,
    8,
    11,
    8,
    2,
    11,
    8,
    2,
    11,
    9,
    11,
    11,
    2,
    10,
    10,
    1,
    1,
    11,
    10,
    1,
    2,
    1,
    22,
    14,
    15,
    22,
    7,
    15,
    20,
    12,
    15,
    15,
    21,
    12,
    12,
    15,
    13,
    12,
    15,
    21,
    20,
    12,
    20,
    15,
    22,
    15,
    15
  ],
  "temperatures": [
    21.111627197265648,
    21.104028320312523,
    21.062646484375023,
    21.024285888671898,
    20.531274414062523,
    20.948815917968773,
    20.932794189453148,
    20.913690185546898,
    20.416619873046898,
    20.858880615234398,
    20.848016357421898,
    20.831903076171898,
    20.323602294921898,
    20.276910400390648,
    20.752038574218773,
    20.242395019531273,
    20.200585937500023,
    20.689355468750023,
    20.685296630859398,
    20.159143066406273,
    20.642266845703148,
    20.636499023437523,
    20.624810791015648,
    20.098382568359398,
    20.099603271484398,
    20.652276611328148,
    20.692620849609398,
    20.200769042968773,
    20.161767578125023,
    20.647363281250023,
    20.164208984375023,
    21.171990966796898,
    20.928796386718773,
    21.387017822265648,
    21.132501220703148,
    21.191186523437523,
    21.575158691406273,
    21.383416748046898,
    21.859826660156273,
    22.130242919921898,
    22.227563476562523,
    22.521112060546898,
    22.856530761718773,
    23.086419677734398,
    23.390710449218773,
    23.564813232421898,
    21.200189208984398,
    21.384881591796898,
    21.641839599609398,
    20.525903320312523,
    20.665795898437523,
    20.822381591796898,
    22.419946289062523,
    21.176965332031273,
    21.264978027343773,
    22.847924804687523,
    21.428948974609398,
    21.430474853515648,
    21.427545166015648,
    21.400750732421898,
    22.876763916015648,
    21.321557617187523,
    21.168847656250023,
    22.408654785156273,
    22.177026367187523,
    20.559228515625023,
    20.319787597656273,
    21.360742187500023,
    21.226403808593773,
    21.077447509765648,
    23.552514648437523,
    23.068841552734398,
    22.941369628906273,
    22.850122070312523,
    22.649591064453148,
    22.632806396484398,
    22.627740478515648,
    22.464562988281273,
    22.379693603515648,
    22.303918457031273,
    22.371484375000023,
    22.173974609375023,
    22.106042480468773,
    22.037805175781273,
    21.965234375000023,
    21.890191650390648,
    21.815209960937523,
    21.974145507812523,
    21.921014404296898,
    21.612756347656273,
    21.809838867187523,
    21.471276855468773,
    21.655725097656273,
    21.237176513671898,
    21.114739990234398
  ],
  "outdoor_temps": [
    -6.1035156022626325e-06,
    -6.1035156022626325e-06,
    -6.1035156022626325e-06,
    -6.1035156022626325e-06,
    -6.1035156022626325e-06,
    -6.1035156022626325e-06,
    -6.1035156022626325e-06,
    -6.1035156022626325e-06,
    -6.1035156022626325e-06,
    -6.1035156022626325e-06,
    -6.1035156022626325e-06,
    -6.1035156022626325e-06,
    -6.1035156022626325e-06,
    -6.1035156022626325e-06,
    -6.1035156022626325e-06,
    -6.1035156022626325e-06,
    -6.1035156022626325e-06,
    -6.1035156022626325e-06,
    -6.1035156022626325e-06,
    -6.1035156022626325e-06,
    -6.1035156022626325e-06,
    -6.1035156022626325e-06,
    -6.1035156022626325e-06,
    0.48467407226564774,
    1.5674987792968977,
    2.6915527343750227,
    3.3000122070312727,
    3.2094665527343977,
    2.8019348144531477,
    2.3684326171875227,
    2.2000061035156477,
    2.3021789550781477,
    2.5030456542968977,
    2.8273864746093977,
    3.3000122070312727,
    4.170007324218773,
    5.390008544921898,
    6.540002441406273,
    7.200006103515648,
    7.400476074218773,
    7.509606933593773,
    7.613946533203148,
    7.800012207031273,
    8.075891113281273,
    8.371636962890648,
    8.656549072265648,
    8.899987792968773,
    9.066003417968773,
    9.171868896484398,
    9.266809082031273,
    9.399987792968773,
    9.710534667968773,
    10.159387207031273,
    10.528527832031273,
    10.600000000000023,
    10.450006103515648,
    10.300012207031273,
    10.149987792968773,
    9.999993896484398,
    9.850000000000023,
    9.700006103515648,
    9.550012207031273,
    9.399987792968773,
    8.978875732421898,
    8.201959228515648,
    7.349084472656273,
    6.700006103515648,
    6.357904052734398,
    6.149987792968773,
    5.942102050781273,
    5.600000000000023,
    4.941003417968773,
    4.063317871093773,
    3.2539611816406477,
    2.8000122070312727,
    2.6291442871093977,
    2.4749084472656477,
    2.3332153320312727,
    2.2000061035156477,
    2.0766845703125227,
    1.9598327636718977,
    1.8380676269531477,
    1.7000061035156477,
    1.4921203613281477,
    1.2039733886718977,
    0.8888488769531477,
    0.6000000000000227,
    0.41335449218752274,
    0.31020507812502274,
    0.20195922851564774,
    -6.1035156022626325e-06,
    -0.7735656738281023,
    -2.1510986328124773,
    -3.5530761718749773,
    -4.399999999999977
  ],
  "rewards": [
    4.963678053930402,
    4.9635631695538756,
    4.962818720653653,
    4.962127915933729,
    4.967531259212643,
    4.960763855163818,
    4.960481196903016,
    4.960139758899808,
    4.96609256158429,
    4.9591468085821555,
    4.958955105856061,
    4.9586656989371,
    4.964918819818646,
    4.9643200433615435,
    4.957208351093142,
    4.963883111487102,
    4.963346186912416,
    4.95606330175957,
    4.955992233923595,
    4.9628194261087994,
    4.955202198224871,
    4.955098547004487,
    4.954886051729321,
    4.962044071059998,
    4.9620629538373775,
    4.955403299462536,
    4.9561508525467435,
    4.963376116801701,
    4.962872043884157,
    4.955315648513643,
    4.962903976424556,
    4.965014248077636,
    4.9727940484474855,
    4.968977914687732,
    4.9754220140210315,
    4.976177933848261,
    4.972443722086756,
    4.978658882389736,
    4.977702393170932,
    4.982703114322346,
    4.989583965044792,
    4.9933839480357,
    4.99613441165245,
    4.998309226762827,
    4.998067069475256,
    4.99565485419009,
    4.986162170645173,
    4.985752132456102,
    4.9851816981323065,
    4.9781221921779215,
    4.977578815938176,
    4.9769706250505275,
    4.9834547631900925,
    4.97559395446936,
    4.975252507455809,
    4.982505790488066,
    4.974616477038063,
    4.974610855110152,
    4.974622420801903,
    4.974726526267989,
    4.982442222140891,
    4.975033733989395,
    4.975626577220371,
    4.983480725146344,
    4.983994865342651,
    4.977994513660345,
    4.978924782402975,
    4.985807108737042,
    4.986105407103572,
    4.986436071615018,
    4.995723672818069,
    4.999320173969815,
    4.998817688380247,
    4.996011456521956,
    4.997326207410867,
    4.994829504428837,
    4.991904984908907,
    4.992655015598011,
    4.991557838447553,
    4.99057835731542,
    4.987173631685583,
    4.988898972619973,
    4.98802147639559,
    4.9871399201230835,
    4.986202882266401,
    4.985233588293681,
    4.984264844186765,
    4.9798408987101,
    4.978860449404173,
    4.98165002826504,
    4.97680848984809,
    4.979822317372036,
    4.973962535458415,
    4.976795274716194,
    4.975211333668589
  ],