{
  "episode": 291,
  "steps": 95,
  "actions": [
    23,
    23,
    23,
    23,
    12,
    4,
    22,
    15,
    4,
    21,
    20,
    21,
    20,
    21,
    6,
    21,
    20,
    22,
    5,
    20,
    20,
    21,
    20,
    22,
    13,
    5,
    22,
    8,
    20,
    22,
    20,
    21,
    13,
    20,
    4,
    20,
    12,
    13,
    0,
    4,
    12,
    19,
    20,
    20,
    22,
    20,
    22,
    22,
    21,
    22,
    20,
    5,
    12,
    20,
    12,
    15,
    22,
    13,
    5,
    14,
    22,
    22,
    22,
    21,
    21,
    6,
    20,
    0,
    22,
    21,
    21,
    21,
    22,
    20,
    6,
    20,
    15,
    15,
    21,
    21,
    22,
    22,
    12,
    12,
    20,
    20,
    12,
    21,
    12,
    12,
    20,
    6,
    12,
    22,
    6
  ],
  "temperatures": [
    20.975762939453148,
    20.971978759765648,
    20.926324462890648,
    20.884027099609398,
    20.309716796875023,
    19.266351318359398,
    20.726434326171898,
    20.173822021484398,
    19.128137207031273,
    20.638879394531273,
    20.655023193359398,
    20.647180175781273,
    20.633843994140648,
    20.617822265625023,
    19.040948486328148,
    20.525354003906273,
    20.536096191406273,
    20.526574707031273,
    18.917749023437523,
    20.439141845703148,
    20.452478027343773,
    20.445245361328148,
    20.433679199218773,
    20.430780029296898,
    19.849969482421898,
    18.848260498046898,
    20.450463867187523,
    15.846246337890648,
    20.326501464843773,
    20.394891357421898,
    20.435906982421898,
    20.993890380859398,
    20.689599609375023,
    21.219659423828148,
    20.276239013671898,
    21.340753173828148,
    21.053399658203148,
    21.161798095703148,
    17.995874023437523,
    20.915124511718773,
    21.989862060546898,
    17.603845214843773,
    22.629144287109398,
    22.951379394531273,
    23.219384765625023,
    23.478601074218773,
    23.720880126953148,
    23.945733642578148,
    24.154901123046898,
    24.350396728515648,
    24.529046630859398,
    25.669091796875023,
    25.331964111328148,
    25.047631835937523,
    25.655450439453148,
    25.787622070312523,
    25.332147216796898,
    25.924920654296898,
    26.843621826171898,
    26.039422607421898,
    25.426141357421898,
    25.359185791015648,
    25.247888183593773,
    25.088494873046898,
    24.887597656250023,
    25.777215576171898,
    24.576074218750023,
    23.001794433593773,
    24.286462402343773,
    24.209130859375023,
    24.123956298828148,
    23.554986572265648,
    23.418817138671898,
    23.297631835937523,
    23.332757568359398,
    23.118096923828148,
    23.045617675781273,
    22.937463378906273,
    22.860833740234398,
    22.784265136718773,
    22.713464355468773,
    22.646325683593773,
    22.487481689453148,
    22.400384521484398,
    22.437768554687523,
    22.366906738281273,
    22.135583496093773,
    22.219567871093773,
    21.956658935546898,
    21.863824462890648,
    22.009271240234398,
    21.326409912109398,
    21.542993164062523,
    21.707147216796898,
    20.813287353515648
  ],
  "outdoor_temps": [
    -6.1035156022626325e-06,
    -6.1035156022626325e-06,
    -6.1035156022626325e-06,
    -6.1035156022626325e-06,
    -6.1035156022626325e-06,
    -6.1035156022626325e-06,
    -6.1035156022626325e-06,
    -6.1035156022626325e-06,
    -6.1035156022626325e-06,
    -6.1035156022626325e-06,
    -6.1035156022626325e-06,
    -6.1035156022626325e-06,
    -6.1035156022626325e-06,
    -6.1035156022626325e-06,
    -6.1035156022626325e-06,
    -6.1035156022626325e-06,
    -6.1035156022626325e-06,
    -6.1035156022626325e-06,
    -6.1035156022626325e-06,
    -6.1035156022626325e-06,
    -6.1035156022626325e-06,
    -6.1035156022626325e-06,
    -6.1035156022626325e-06,
    0.48467407226564774,
    1.5674987792968977,
    2.6915527343750227,
    3.3000122070312727,
    3.2094665527343977,
    2.8019348144531477,
    2.3684326171875227,
    2.2000061035156477,
    2.3021789550781477,
    2.5030456542968977,
    2.8273864746093977,
    3.3000122070312727,
    4.170007324218773,
    5.390008544921898,
    6.540002441406273,
    7.200006103515648,
    7.400476074218773,
    7.509606933593773,
    7.613946533203148,
    7.800012207031273,
    8.075891113281273,
    8.371636962890648,
    8.656549072265648,
    8.899987792968773,
    9.066003417968773,
    9.171868896484398,
    9.266809082031273,
    9.399987792968773,
    9.710534667968773,
    10.159387207031273,
    10.528527832031273,
    10.600000000000023,
    10.450006103515648,
    10.300012207031273,
    10.149987792968773,
    9.999993896484398,
    9.850000000000023,
    9.700006103515648,
    9.550012207031273,
    9.399987792968773,
    8.978875732421898,
    8.201959228515648,
    7.349084472656273,
    6.700006103515648,
    6.357904052734398,
    6.149987792968773,
    5.942102050781273,
    5.600000000000023,
    4.941003417968773,
    4.063317871093773,
    3.2539611816406477,
    2.8000122070312727,
    2.6291442871093977,
    2.4749084472656477,
    2.3332153320312727,
    2.2000061035156477,
    2.0766845703125227,
    1.9598327636718977,
    1.8380676269531477,
    1.7000061035156477,
    1.4921203613281477,
    1.2039733886718977,
    0.8888488769531477,
    0.6000000000000227,
    0.41335449218752274,
    0.31020507812502274,
    0.20195922851564774,
    -6.1035156022626325e-06,
    -0.7735656738281023,
    -2.1510986328124773,
    -3.5530761718749773,
    -4.399999999999977
  ],
  "rewards": [
    4.9077753899246455,
    4.9076752827316525,
    4.905702330842614,
    4.90387322165072,
    4.919595079384744,
    -0.5521128883634603,
    4.89699125027527,
    4.915663480669584,
    -0.774513289798214,
    4.893191010712282,
    4.893932625920228,
    4.893607260814827,
    4.893034064442567,
    4.892340447536629,
    -0.934451440019773,
    4.888265292408025,
    4.8887539931840225,
    4.888343188396615,
    -1.1863872196810312,
    4.884481961467992,
    4.88508037292115,
    4.8847668810998615,
    4.884262454182558,
    4.884143178096932,
    -0.045982487402525585,
    -1.341872236745825,
    4.885037352779638,
    -17.25573279058137,
    4.879542700988443,
    4.882575747600716,
    4.884395749293591,
    4.909151408306283,
    4.931134009220354,
    4.919139454063514,
    4.959661886544858,
    4.924488374947206,
    4.9418541620364005,
    4.945052637990726,
    -4.019868836978804,
    4.969082882399671,
    4.969547176307635,
    -5.750856416474757,
    4.981645418091313,
    4.995948564938229,
    4.995186254612129,
    4.991734224282529,
    4.988507926694076,
    4.9855139467346925,
    -0.028469907506983482,
    -0.12790432742919908,
    -0.2856115569320303,
    -2.788852713748929,
    -1.7794907535969522,
    -1.1049797750524033,
    -2.7465962222154476,
    -3.201965960699985,
    -1.783010286023172,
    -3.7119973584038632,
    -8.09047326685732,
    -4.166176554149351,
    -2.0425861340194946,
    -1.8558701522794725,
    -1.5653386935365508,
    -1.1924042295065758,
    -0.7947439237230902,
    -3.161600103719524,
    -0.3377385110537905,
    4.964415752740536,
    -0.08697361879052035,
    -0.048391156024916455,
    -0.01973698041523844,
    4.990727268130235,
    4.992539844781808,
    4.994151876591469,
    4.998458450438414,
    4.996540342630899,
    4.999038131094497,
    4.997580125923066,
    4.9919273748572754,
    4.988531675011568,
    4.985393548876695,
    4.982417340003278,
    4.984282599598493,
    4.981709816392673,
    4.973177404154254,
    4.97003818952195,
    4.973889465152245,
    4.9635103151688105,
    4.9686064265749375,
    4.9658657907807955,
    4.9541957876572145,
    4.975205955358182,
    4.9563886165116795,
    4.940804044950915,
    4.967623214665193
  ],