{
  "episode": 390,
  "steps": 95,
  "actions": [
    23,
    23,
    23,
    23,
    23,
    23,
    23,
    15,
    23,
    23,
    23,
    13,
    14,
    23,
    21,
    15,
    23,
    12,
    23,
    12,
    12,
    22,
    21,
    23,
    20,
    14,
    12,
    5,
    12,
    15,
    20,
    6,
    23,
    21,
    12,
    15,
    13,
    21,
    20,
    15,
    14,
    22,
    1,
    5,
    15,
    2,
    13,
    3,
    8,
    8,
    1,
    11,
    1,
    3,
    3,
    8,
    8,
    8,
    8,
    8,
    3,
    11,
    11,
    18,
    3,
    11,
    9,
    13,
    22,
    21,
    9,
    14,
    11,
    15,
    14,
    5,
    21,
    22,
    20,
    13,
    21,
    14,
    12,
    21,
    23,
    20,
    23,
    23,
    12,
    5,
    14,
    8,
    23,
    23,
    23
  ],
  "temperatures": [
    21.111627197265648,
    21.104028320312523,
    21.062646484375023,
    21.024285888671898,
    20.991937255859398,
    20.964624023437523,
    20.940820312500023,
    20.445367431640648,
    20.882165527343773,
    20.870324707031273,
    20.853601074218773,
    20.348291015625023,
    20.301324462890648,
    20.772790527343773,
    20.766015625000023,
    20.250787353515648,
    20.719354248046898,
    20.202844238281273,
    20.680047607421898,
    20.158593750000023,
    20.117150878906273,
    20.618493652343773,
    20.615960693359398,
    20.616326904296898,
    20.641534423828148,
    20.170068359375023,
    20.180444335937523,
    19.371270751953148,
    20.109704589843773,
    20.104974365234398,
    20.638635253906273,
    20.144647216796898,
    21.258172607421898,
    21.374444580078148,
    21.117944335937523,
    21.178186035156273,
    21.247521972656273,
    21.658074951171898,
    21.854974365234398,
    21.908959960937523,
    22.210656738281273,
    22.617486572265648,
    19.484613037109398,
    22.841516113281273,
    23.323541259765648,
    20.761102294921898,
    23.801660156250023,
    21.437524414062523,
    20.291802978515648,
    20.444390869140648,
    21.966790771484398,
    20.818994140625023,
    22.396600341796898,
    22.655145263671898,
    22.834191894531273,
    21.399346923828148,
    21.410607910156273,
    21.423272705078148,
    21.420678710937523,
    21.393731689453148,
    22.868341064453148,
    21.314050292968773,
    21.161248779296898,
    19.999139404296898,
    22.024285888671898,
    20.489648437500023,
    20.261590576171898,
    23.930780029296898,
    23.752130126953148,
    23.695703125000023,
    19.886895751953148,
    22.998162841796898,
    19.092828369140648,
    22.677545166015648,
    22.648034667968773,
    22.467492675781273,
    22.585473632812523,
    22.521264648437523,
    22.458215332031273,
    22.271203613281273,
    22.344689941406273,
    22.141625976562523,
    22.074487304687523,
    22.189111328125023,
    22.136590576171898,
    22.079766845703148,
    22.022454833984398,
    21.965966796875023,
    21.662896728515648,
    21.193231201171898,
    21.499047851562523,
    17.476373291015648,
    21.523950195312523,
    21.480249023437523,
    21.408685302734398
  ],
  "outdoor_temps": [
    -6.1035156022626325e-06,
    -6.1035156022626325e-06,
    -6.1035156022626325e-06,
    -6.1035156022626325e-06,
    -6.1035156022626325e-06,
    -6.1035156022626325e-06,
    -6.1035156022626325e-06,
    -6.1035156022626325e-06,
    -6.1035156022626325e-06,
    -6.1035156022626325e-06,
    -6.1035156022626325e-06,
    -6.1035156022626325e-06,
    -6.1035156022626325e-06,
    -6.1035156022626325e-06,
    -6.1035156022626325e-06,
    -6.1035156022626325e-06,
    -6.1035156022626325e-06,
    -6.1035156022626325e-06,
    -6.1035156022626325e-06,
    -6.1035156022626325e-06,
    -6.1035156022626325e-06,
    -6.1035156022626325e-06,
    -6.1035156022626325e-06,
    0.48467407226564774,
    1.5674987792968977,
    2.6915527343750227,
    3.3000122070312727,
    3.2094665527343977,
    2.8019348144531477,
    2.3684326171875227,
    2.2000061035156477,
    2.3021789550781477,
    2.5030456542968977,
    2.8273864746093977,
    3.3000122070312727,
    4.170007324218773,
    5.390008544921898,
    6.540002441406273,
    7.200006103515648,
    7.400476074218773,
    7.509606933593773,
    7.613946533203148,
    7.800012207031273,
    8.075891113281273,
    8.371636962890648,
    8.656549072265648,
    8.899987792968773,
    9.066003417968773,
    9.171868896484398,
    9.266809082031273,
    9.399987792968773,
    9.710534667968773,
    10.159387207031273,
    10.528527832031273,
    10.600000000000023,
    10.450006103515648,
    10.300012207031273,
    10.149987792968773,
    9.999993896484398,
    9.850000000000023,
    9.700006103515648,
    9.550012207031273,
    9.399987792968773,
    8.978875732421898,
    8.201959228515648,
    7.349084472656273,
    6.700006103515648,
    6.357904052734398,
    6.149987792968773,
    5.942102050781273,
    5.600000000000023,
    4.941003417968773,
    4.063317871093773,
    3.2539611816406477,
    2.8000122070312727,
    2.6291442871093977,
    2.4749084472656477,
    2.3332153320312727,
    2.2000061035156477,
    2.0766845703125227,
    1.9598327636718977,
    1.8380676269531477,
    1.7000061035156477,
    1.4921203613281477,
    1.2039733886718977,
    0.8888488769531477,
    0.6000000000000227,
    0.41335449218752274,
    0.31020507812502274,
    0.20195922851564774,
    -6.1035156022626325e-06,
    -0.7735656738281023,
    -2.1510986328124773,
    -3.5530761718749773,
    -4.399999999999977
  ],
  "rewards": [
    4.963678053930402,
    4.9635631695538756,
    4.962818720653653,
    4.962127915933729,
    4.961546352222562,
    4.961056741788983,
    4.960629737690091,
    4.96645534292236,
    4.959567364650576,
    4.959358914211393,
    4.959058324411512,
    4.965232016000897,
    4.964630242661128,
    4.957586163465743,
    4.957466615751386,
    4.9639917374147995,
    4.956613798337786,
    4.963378816995769,
    4.955894855547858,
    4.962812055502087,
    4.9622781456785034,
    4.954765895892097,
    4.954722254537369,
    4.954732732982091,
    4.955202505901456,
    4.96297698260374,
    4.963112691664016,
    -1.0016953293343533,
    4.9621984626033715,
    4.962137690909369,
    4.955154680209963,
    4.97882379689343,
    4.966601461472071,
    4.968745798185468,
    4.975233592440091,
    4.9760095985011885,
    4.976903094089388,
    4.973973385926822,
    4.977612912864141,
    4.985459572385024,
    4.989365024304746,
    4.991713855151897,
    -0.6690687046568742,
    4.998749892934833,
    4.998327862737458,
    4.9871368576202375,
    4.9964708087549585,
    4.985635312355609,
    4.979031677392352,
    4.978438873411359,
    4.984460296527685,
    4.976983796506796,
    4.983506563805205,
    4.982933028861557,
    4.98253596000098,
    4.974731027034152,
    4.9746876807224165,
    4.974638796569051,
    4.974649047971906,
    4.974753756047429,
    4.982460942165197,
    4.975062898543705,
    4.975656165607435,
    -0.014388989046053945,
    4.984333846459408,
    4.978264712241519,
    4.9791507728175946,
    4.995970068483735,
    4.994616168972591,
    4.9949292140829815,
    -0.04164830470019071,
    4.999551139568799,
    -2.065522325153481,
    4.995405457444651,
    4.995025279707073,
    4.995980999716436,
    4.991124019602071,
    4.989938548416547,
    4.988774399124409,
    4.990155490945052,
    4.9866781964269675,
    4.988480801929437,
    4.987613425576006,
    4.983806819308711,
    4.982838215441159,
    4.981789507582784,
    4.980731781891507,
    4.979689432695508,
    4.982297631654888,
    4.986575007341964,
    4.980180746434014,
    -15.926709904934112,
    4.971528974455984,
    4.970720803454518,
    4.969398157909512
  ],