{
  "episode": 126,
  "steps": 95,
  "actions": [
    23,
    23,
    23,
    23,
    23,
    23,
    23,
    23,
    23,
    23,
    23,
    23,
    23,
    23,
    23,
    23,
    23,
    23,
    23,
    23,
    23,
    23,
    23,
    23,
    23,
    23,
    23,
    23,
    23,
    23,
    23,
    23,
    0,
    13,
    23,
    23,
    2,
    23,
    23,
    23,
    7,
    4,
    7,
    22,
    5,
    6,
    11,
    14,
    14,
    23,
    8,
    23,
    20,
    0,
    4,
    9,
    21,
    21,
    15,
    11,
    8,
    20,
    1,
    13,
    20,
    12,
    14,
    14,
    14,
    12,
    23,
    20,
    23,
    23,
    23,
    19,
    23,
    23,
    18,
    7,
    6,
    23,
    23,
    15,
    23,
    23,
    19,
    21,
    23,
    16,
    23,
    3,
    11,
    4,
    23
  ],
  "temperatures": [
    20.975762939453148,
    20.971978759765648,
    20.926324462890648,
    20.884027099609398,
    20.848413085937523,
    20.818383789062523,
    20.792230224609398,
    20.768457031250023,
    20.746057128906273,
    20.724359130859398,
    20.703149414062523,
    20.682244873046898,
    20.661584472656273,
    20.641198730468773,
    20.621026611328148,
    20.601068115234398,
    20.581353759765648,
    20.561944580078148,
    20.542871093750023,
    20.524133300781273,
    20.505761718750023,
    20.487725830078148,
    20.470056152343773,
    20.463403320312523,
    20.485864257812523,
    20.523187255859398,
    20.552392578125023,
    20.555322265625023,
    20.539788818359398,
    20.522058105468773,
    20.533807373046898,
    21.077111816406273,
    17.298272705078148,
    20.704400634765648,
    21.298974609375023,
    21.387506103515648,
    17.671380615234398,
    21.462304687500023,
    21.721673583984398,
    22.020745849609398,
    21.775781250000023,
    22.163964843750023,
    22.583673095703148,
    23.046441650390648,
    23.456719970703148,
    23.875848388671898,
    20.240991210937523,
    24.096215820312523,
    24.443444824218773,
    24.388818359375023,
    21.272149658203148,
    24.647485351562523,
    24.855920410156273,
    23.789758300781273,
    26.289361572265648,
    22.192529296875023,
    25.218774414062523,
    25.305902099609398,
    25.894525146484398,
    22.374780273437523,
    22.233056640625023,
    25.158319091796898,
    24.014031982421898,
    25.395288085937523,
    24.770501708984398,
    24.986779785156273,
    24.818841552734398,
    24.670495605468773,
    24.546807861328148,
    24.439447021484398,
    24.068475341796898,
    23.494348144531273,
    23.358728027343773,
    23.238916015625023,
    23.138909912109398,
    18.784936523437523,
    22.854425048828148,
    22.818902587890648,
    18.438745117187523,
    22.171746826171898,
    22.247766113281273,
    22.478021240234398,
    22.430230712890648,
    22.230920410156273,
    22.306176757812523,
    22.241845703125023,
    17.797296142578148,
    21.978814697265648,
    21.971185302734398,
    17.521661376953148,
    21.738336181640648,
    18.674493408203148,
    17.621881103515648,
    20.322198486328148,
    21.328210449218773
  ],
  "outdoor_temps": [
    -6.1035156022626325e-06,
    -6.1035156022626325e-06,
    -6.1035156022626325e-06,
    -6.1035156022626325e-06,
    -6.1035156022626325e-06,
    -6.1035156022626325e-06,
    -6.1035156022626325e-06,
    -6.1035156022626325e-06,
    -6.1035156022626325e-06,
    -6.1035156022626325e-06,
    -6.1035156022626325e-06,
    -6.1035156022626325e-06,
    -6.1035156022626325e-06,
    -6.1035156022626325e-06,
    -6.1035156022626325e-06,
    -6.1035156022626325e-06,
    -6.1035156022626325e-06,
    -6.1035156022626325e-06,
    -6.1035156022626325e-06,
    -6.1035156022626325e-06,
    -6.1035156022626325e-06,
    -6.1035156022626325e-06,
    -6.1035156022626325e-06,
    0.48467407226564774,
    1.5674987792968977,
    2.6915527343750227,
    3.3000122070312727,
    3.2094665527343977,
    2.8019348144531477,
    2.3684326171875227,
    2.2000061035156477,
    2.3021789550781477,
    2.5030456542968977,
    2.8273864746093977,
    3.3000122070312727,
    4.170007324218773,
    5.390008544921898,
    6.540002441406273,
    7.200006103515648,
    7.400476074218773,
    7.509606933593773,
    7.613946533203148,
    7.800012207031273,
    8.075891113281273,
    8.371636962890648,
    8.656549072265648,
    8.899987792968773,
    9.066003417968773,
    9.171868896484398,
    9.266809082031273,
    9.399987792968773,
    9.710534667968773,
    10.159387207031273,
    10.528527832031273,
    10.600000000000023,
    10.450006103515648,
    10.300012207031273,
    10.149987792968773,
    9.999993896484398,
    9.850000000000023,
    9.700006103515648,
    9.550012207031273,
    9.399987792968773,
    8.978875732421898,
    8.201959228515648,
    7.349084472656273,
    6.700006103515648,
    6.357904052734398,
    6.149987792968773,
    5.942102050781273,
    5.600000000000023,
    4.941003417968773,
    4.063317871093773,
    3.2539611816406477,
    2.8000122070312727,
    2.6291442871093977,
    2.4749084472656477,
    2.3332153320312727,
    2.2000061035156477,
    2.0766845703125227,
    1.9598327636718977,
    1.8380676269531477,
    1.7000061035156477,
    1.4921203613281477,
    1.2039733886718977,
    0.8888488769531477,
    0.6000000000000227,
    0.41335449218752274,
    0.31020507812502274,
    0.20195922851564774,
    -6.1035156022626325e-06,
    -0.7735656738281023,
    -2.1510986328124773,
    -3.5530761718749773,
    -4.399999999999977
  ],
  "rewards": [
    4.9077753899246455,
    4.9076752827316525,
    4.905702330842614,
    4.90387322165072,
    4.902335326448083,
    4.901042344346642,
    4.899916627183557,
    4.89889272429049,
    4.897925631776452,
    4.896989104524255,
    4.896070191636682,
    4.895163533464074,
    4.894266431108117,
    4.893377902284264,
    4.892497641816735,
    4.8916256878525015,
    4.890763070359826,
    4.889912049546838,
    4.889075028672814,
    4.888252484574914,
    4.887444255128503,
    4.886651608720422,
    4.885875994935632,
    4.885590159669518,
    4.886594855561852,
    4.888258149400354,
    4.88955717779696,
    4.889688555970788,
    4.889001128450036,
    4.888215834870935,
    4.888737532868982,
    4.912843615785241,
    -7.301904407678981,
    4.931559534035623,
    4.922646724876502,
    4.926563408151269,
    -5.42545657271043,
    4.929863064057477,
    4.9413687632232906,
    4.954642135873437,
    4.981815593237989,
    4.987558460166152,
    4.993768374899038,
    4.997489474164727,
    4.997902534398574,
    4.996041933257821,
    4.952913579890585,
    -0.011877365846029282,
    -0.20003385582859823,
    -0.15643400480891526,
    4.943757419548929,
    -0.4253526593323929,
    -0.7394089718908461,
    4.96091483101431,
    -5.244849691628582,
    4.935590257591204,
    -1.4934277028785359,
    -1.7136869152554943,
    -3.5958358859563218,
    4.933974656904845,
    4.935232582029117,
    -1.3495186452519514,
    -0.010222488127689961,
    -1.9523315535154342,
    -0.6001973803746661,
    -0.978330279396001,
    -0.6747246022781972,
    -0.45345820793804076,
    -0.30261814473118365,
    -0.19649470923389484,
    -0.00887599869429081,
    4.991534750238061,
    4.9933394759213146,
    4.994933322146535,
    4.996263621225953,
    -1.489599804356639,
    4.991640485806958,
    4.990066602602601,
    -2.4495835763960363,
    4.987678379968982,
    4.9888027631542045,
    4.974954843284643,
    4.972838821187615,
    4.97670156236738,
    4.967343382495253,
    4.964494509473443,
    -4.861834284476835,
    4.952839333696858,
    4.952504069477968,
    -6.151175849847383,
    4.942185966680231,
    -1.7610631417622187,
    -5.661447692966871,
    4.960368494956916,
    4.924003069161073
  ],