{
  "episode": 78,
  "steps": 95,
  "actions": [
    23,
    23,
    23,
    23,
    23,
    23,
    23,
    23,
    23,
    23,
    23,
    23,
    23,
    23,
    23,
    23,
    23,
    23,
    23,
    23,
    23,
    23,
    23,
    23,
    23,
    23,
    23,
    23,
    23,
    23,
    23,
    23,
    23,
    23,
    21,
    1,
    14,
    23,
    23,
    19,
    13,
    8,
    23,
    8,
    23,
    23,
    4,
    5,
    23,
    23,
    23,
    8,
    12,
    23,
    14,
    2,
    23,
    5,
    12,
    14,
    8,
    23,
    23,
    23,
    23,
    3,
    23,
    15,
    23,
    14,
    22,
    18,
    23,
    14,
    4,
    23,
    23,
    23,
    23,
    23,
    2,
    3,
    6,
    23,
    4,
    6,
    11,
    23,
    23,
    5,
    23,
    23,
    23,
    23,
    13
  ],
  "temperatures": [
    20.975762939453148,
    20.971978759765648,
    20.926324462890648,
    20.884027099609398,
    20.848413085937523,
    20.818383789062523,
    20.792230224609398,
    20.768457031250023,
    20.746057128906273,
    20.724359130859398,
    20.703149414062523,
    20.682244873046898,
    20.661584472656273,
    20.641198730468773,
    20.621026611328148,
    20.601068115234398,
    20.581353759765648,
    20.561944580078148,
    20.542871093750023,
    20.524133300781273,
    20.505761718750023,
    20.487725830078148,
    20.470056152343773,
    20.463403320312523,
    20.485864257812523,
    20.523187255859398,
    20.552392578125023,
    20.555322265625023,
    20.539788818359398,
    20.522058105468773,
    20.533807373046898,
    21.077111816406273,
    21.201745605468773,
    21.302789306640648,
    21.379968261718773,
    17.627770996093773,
    20.966821289062523,
    21.533380126953148,
    21.754785156250023,
    17.010308837890648,
    21.889611816406273,
    18.260430908203148,
    22.672937011718773,
    19.045831298828148,
    23.156243896484398,
    23.466455078125023,
    24.112847900390648,
    24.511987304687523,
    24.184136962890648,
    24.374505615234398,
    24.552331542968773,
    21.481378173828148,
    25.173150634765648,
    24.996545410156273,
    25.611291503906273,
    24.163781738281273,
    25.266717529296898,
    26.685510253906273,
    25.972650146484398,
    25.979302978515648,
    22.413781738281273,
    25.243768310546898,
    25.171990966796898,
    25.024041748046898,
    24.830194091796898,
    23.346948242187523,
    24.465295410156273,
    24.685937500000023,
    24.261834716796898,
    24.456109619140648,
    24.090051269531273,
    19.301568603515648,
    23.265802001953148,
    23.249932861328148,
    23.193658447265648,
    23.034326171875023,
    22.951715087890648,
    22.867120361328148,
    22.786431884765648,
    22.712945556640648,
    20.158715820312523,
    19.894982910156273,
    21.982202148437523,
    22.366662597656273,
    21.925164794921898,
    21.795159912109398,
    18.410577392578148,
    22.003564453125023,
    21.989984130859398,
    21.321527099609398,
    21.868615722656273,
    21.812432861328148,
    21.719079589843773,
    21.611383056640648,
    21.166894531250023
  ],
  "outdoor_temps": [
    -6.1035156022626325e-06,
    -6.1035156022626325e-06,
    -6.1035156022626325e-06,
    -6.1035156022626325e-06,
    -6.1035156022626325e-06,
    -6.1035156022626325e-06,
    -6.1035156022626325e-06,
    -6.1035156022626325e-06,
    -6.1035156022626325e-06,
    -6.1035156022626325e-06,
    -6.1035156022626325e-06,
    -6.1035156022626325e-06,
    -6.1035156022626325e-06,
    -6.1035156022626325e-06,
    -6.1035156022626325e-06,
    -6.1035156022626325e-06,
    -6.1035156022626325e-06,
    -6.1035156022626325e-06,
    -6.1035156022626325e-06,
    -6.1035156022626325e-06,
    -6.1035156022626325e-06,
    -6.1035156022626325e-06,
    -6.1035156022626325e-06,
    0.48467407226564774,
    1.5674987792968977,
    2.6915527343750227,
    3.3000122070312727,
    3.2094665527343977,
    2.8019348144531477,
    2.3684326171875227,
    2.2000061035156477,
    2.3021789550781477,
    2.5030456542968977,
    2.8273864746093977,
    3.3000122070312727,
    4.170007324218773,
    5.390008544921898,
    6.540002441406273,
    7.200006103515648,
    7.400476074218773,
    7.509606933593773,
    7.613946533203148,
    7.800012207031273,
    8.075891113281273,
    8.371636962890648,
    8.656549072265648,
    8.899987792968773,
    9.066003417968773,
    9.171868896484398,
    9.266809082031273,
    9.399987792968773,
    9.710534667968773,
    10.159387207031273,
    10.528527832031273,
    10.600000000000023,
    10.450006103515648,
    10.300012207031273,
    10.149987792968773,
    9.999993896484398,
    9.850000000000023,
    9.700006103515648,
    9.550012207031273,
    9.399987792968773,
    8.978875732421898,
    8.201959228515648,
    7.349084472656273,
    6.700006103515648,
    6.357904052734398,
    6.149987792968773,
    5.942102050781273,
    5.600000000000023,
    4.941003417968773,
    4.063317871093773,
    3.2539611816406477,
    2.8000122070312727,
    2.6291442871093977,
    2.4749084472656477,
    2.3332153320312727,
    2.2000061035156477,
    2.0766845703125227,
    1.9598327636718977,
    1.8380676269531477,
    1.7000061035156477,
    1.4921203613281477,
    1.2039733886718977,
    0.8888488769531477,
    0.6000000000000227,
    0.41335449218752274,
    0.31020507812502274,
    0.20195922851564774,
    -6.1035156022626325e-06,
    -0.7735656738281023,
    -2.1510986328124773,
    -3.5530761718749773,
    -4.399999999999977
  ],
  "rewards": [
    4.120979222776403,
    4.115054529951921,
    4.041117961602322,
    3.9698265858460595,
    3.9077210109681286,
    3.853879691883962,
    3.805885754423257,
    3.7613691613823597,
    3.718646088801367,
    3.6765443842579115,
    3.634704109951898,
    3.592804602505684,
    3.5507493382320265,
    3.5086222347245086,
    3.466321936817887,
    3.423867874192122,
    3.381345204161528,
    3.338909506471877,
    3.296656541600873,
    3.254615599177828,
    3.2128832242638383,
    3.1714217349608016,
    3.1303298621997757,
    3.114743142649584,
    3.1671395712346357,
    3.2525262384582816,
    3.3178817418963207,
    3.324368238821675,
    3.289838607208853,
    3.249981652163019,
    3.2764469183702523,
    4.274051666222544,
    4.440449787043063,
    4.558249567644695,
    4.637910652421436,
    -24.07161621310377,
    4.138698172080973,
    4.769716204396343,
    4.897741083875307,
    -32.352956205475735,
    4.957441484986443,
    -7.5726741196059315,
    4.643956440915534,
    -2.285260293241482,
    3.993352061971254,
    3.3790283993631105,
    -0.03309503502679409,
    -0.6570288392086083,
    -0.08933900525633558,
    -0.3558428208716639,
    -0.7684740607441101,
    4.7401736994181,
    -3.4457159673561577,
    -2.4900341592989377,
    -6.496632844954912,
    -0.07725293527743818,
    -4.019609464135813,
    -28.03402603892174,
    -9.735155271234458,
    -9.800899225406411,
    4.805216696579805,
    -3.8754990324889627,
    -3.4417681512424196,
    -2.629022363741067,
    -1.7297787657567314,
    3.602180443550414,
    -0.5467578108674039,
    -1.1802037520334905,
    -0.17622442616638667,
    -0.523508013691805,
    -0.024532034973745634,
    -1.2344608046818217,
    3.792885281525752,
    3.82547811807129,
    3.9304600792991238,
    4.195281811824601,
    4.316633294271273,
    4.428280823202774,
    4.5247716176975254,
    4.604150612251809,
    2.4343135817303017,
    -0.03301986454397704,
    4.984642409820151,
    4.869191592285478,
    4.979839808833788,
    4.9506514517475075,
    -6.32340610421609,
    4.953926220286799,
    4.953261017100886,
    4.629886450585932,
    4.935014603661135,
    4.919086078377447,
    4.8821468561515315,
    4.823292089598266,
    4.424722740612953
  ],