{
  "episode": 706,
  "steps": 95,
  "actions": [
    23,
    23,
    23,
    23,
    15,
    20,
    20,
    14,
    21,
    21,
    13,
    14,
    21,
    21,
    12,
    13,
    14,
    15,
    21,
    22,
    15,
    21,
    21,
    15,
    13,
    21,
    12,
    14,
    21,
    12,
    12,
    21,
    12,
    21,
    21,
    14,
    14,
    22,
    21,
    20,
    20,
    13,
    15,
    20,
    21,
    21,
    2,
    3,
    3,
    0,
    2,
    0,
    11,
    1,
    9,
    2,
    1,
    0,
    3,
    9,
    8,
    0,
    1,
    0,
    2,
    3,
    0,
    9,
    11,
    12,
    22,
    20,
    4,
    13,
    21,
    13,
    21,
    13,
    13,
    4,
    22,
    22,
    15,
    12,
    22,
    13,
    13,
    21,
    14,
    13,
    21,
    22,
    15,
    13,
    21
  ],
  "temperatures": [
    21.111627197265648,
    21.104028320312523,
    21.062646484375023,
    21.024285888671898,
    20.531274414062523,
    20.948846435546898,
    20.932794189453148,
    20.438806152343773,
    20.878045654296898,
    20.867059326171898,
    20.365533447265648,
    20.319512939453148,
    20.788934326171898,
    20.782220458984398,
    20.269677734375023,
    20.225274658203148,
    20.193902587890648,
    20.165917968750023,
    20.663140869140648,
    20.661157226562523,
    20.132470703125023,
    20.620233154296898,
    20.615289306640648,
    20.089593505859398,
    20.092156982421898,
    20.646630859375023,
    20.182427978515648,
    20.168267822265648,
    20.656518554687523,
    20.144677734375023,
    20.138391113281273,
    21.159722900390648,
    20.916986083984398,
    21.378411865234398,
    21.460443115234398,
    21.198999023437523,
    21.259301757812523,
    21.665429687500023,
    21.860772705078148,
    22.128167724609398,
    22.386926269531273,
    22.524041748046898,
    22.805474853515648,
    23.083337402343773,
    23.325524902343773,
    23.560418701171898,
    21.193933105468773,
    21.378594970703148,
    21.635644531250023,
    21.888085937500023,
    22.123162841796898,
    22.353814697265648,
    21.090753173828148,
    22.690270996093773,
    21.354882812500023,
    22.928674316406273,
    23.062799072265648,
    23.133233642578148,
    23.172570800781273,
    21.580133056640648,
    21.489801025390648,
    22.938378906250023,
    22.848718261718773,
    22.639428710937523,
    22.355187988281273,
    22.079583740234398,
    21.835107421875023,
    20.326013183593773,
    20.127496337890648,
    23.826074218750023,
    23.676538085937523,
    23.146203613281273,
    23.081811523437523,
    22.936791992187523,
    22.857629394531273,
    22.744348144531273,
    22.714562988281273,
    22.566949462890648,
    22.479516601562523,
    22.243768310546898,
    22.443719482421898,
    22.393090820312523,
    22.198510742187523,
    22.125573730468773,
    22.221612548828148,
    21.980554199218773,
    21.899468994140648,
    22.038049316406273,
    21.755364990234398,
    21.677239990234398,
    21.865045166015648,
    21.806848144531273,
    21.430322265625023,
    21.294152832031273,
    21.515344238281273
  ],
  "outdoor_temps": [
    -6.1035156022626325e-06,
    -6.1035156022626325e-06,
    -6.1035156022626325e-06,
    -6.1035156022626325e-06,
    -6.1035156022626325e-06,
    -6.1035156022626325e-06,
    -6.1035156022626325e-06,
    -6.1035156022626325e-06,
    -6.1035156022626325e-06,
    -6.1035156022626325e-06,
    -6.1035156022626325e-06,
    -6.1035156022626325e-06,
    -6.1035156022626325e-06,
    -6.1035156022626325e-06,
    -6.1035156022626325e-06,
    -6.1035156022626325e-06,
    -6.1035156022626325e-06,
    -6.1035156022626325e-06,
    -6.1035156022626325e-06,
    -6.1035156022626325e-06,
    -6.1035156022626325e-06,
    -6.1035156022626325e-06,
    -6.1035156022626325e-06,
    0.48467407226564774,
    1.5674987792968977,
    2.6915527343750227,
    3.3000122070312727,
    3.2094665527343977,
    2.8019348144531477,
    2.3684326171875227,
    2.2000061035156477,
    2.3021789550781477,
    2.5030456542968977,
    2.8273864746093977,
    3.3000122070312727,
    4.170007324218773,
    5.390008544921898,
    6.540002441406273,
    7.200006103515648,
    7.400476074218773,
    7.509606933593773,
    7.613946533203148,
    7.800012207031273,
    8.075891113281273,
    8.371636962890648,
    8.656549072265648,
    8.899987792968773,
    9.066003417968773,
    9.171868896484398,
    9.266809082031273,
    9.399987792968773,
    9.710534667968773,
    10.159387207031273,
    10.528527832031273,
    10.600000000000023,
    10.450006103515648,
    10.300012207031273,
    10.149987792968773,
    9.999993896484398,
    9.850000000000023,
    9.700006103515648,
    9.550012207031273,
    9.399987792968773,
    8.978875732421898,
    8.201959228515648,
    7.349084472656273,
    6.700006103515648,
    6.357904052734398,
    6.149987792968773,
    5.942102050781273,
    5.600000000000023,
    4.941003417968773,
    4.063317871093773,
    3.2539611816406477,
    2.8000122070312727,
    2.6291442871093977,
    2.4749084472656477,
    2.3332153320312727,
    2.2000061035156477,
    2.0766845703125227,
    1.9598327636718977,
    1.8380676269531477,
    1.7000061035156477,
    1.4921203613281477,
    1.2039733886718977,
    0.8888488769531477,
    0.6000000000000227,
    0.41335449218752274,
    0.31020507812502274,
    0.20195922851564774,
    -6.1035156022626325e-06,
    -0.7735656738281023,
    -2.1510986328124773,
    -3.5530761718749773,
    -4.399999999999977
  ],
  "rewards": [
    4.963678053930402,
    4.9635631695538756,
    4.962818720653653,
    4.962127915933729,
    4.967531055390835,
    4.960764080482333,
    4.960481200388592,
    4.966370044956874,
    4.959491315071349,
    4.9592982854551595,
    4.96544778351923,
    4.964859249666819,
    4.957877994959121,
    4.957760771722249,
    4.9642317235960585,
    4.963661536105139,
    4.963259683922419,
    4.962901219152724,
    4.955582528310625,
    4.955549150914602,
    4.962476325136001,
    4.954798139530031,
    4.954710105866842,
    4.961930338193379,
    4.961966490781664,
    4.955299319264034,
    4.96313828711649,
    4.962955682404501,
    4.955484606210952,
    4.962651087094747,
    4.962570145256979,
    4.9647872760781775,
    4.972641521741353,
    4.968818931270553,
    4.970331139177732,
    4.976278908301793,
    4.977055456065451,
    4.974109584872489,
    4.97772021915796,
    4.98266436538165,
    4.987449815145653,
    4.993421860496473,
    4.997065421790371,
    4.998326422731189,
    4.996982607155066,
    4.995679182246976,
    4.986176103775106,
    4.985766094248094,
    4.985195451599587,
    4.984635033530224,
    4.984113261628896,
    4.983601319114961,
    4.975928472433239,
    4.982855035565955,
    4.974903403669272,
    4.982326592116738,
    4.982029197733201,
    4.981873052045379,
    4.981785876680165,
    4.97402989402138,
    4.974380589260842,
    4.982305300728621,
    4.982504147220403,
    4.982968546673332,
    4.983599489856512,
    4.9842113786147015,
    4.984754168313969,
    4.978900892887265,
    4.979671986832405,
    4.996376678846938,
    4.995035657573653,
    4.997980576921578,
    4.999743454107974,
    4.998760033628539,
    4.996151471000651,
    4.996272240255676,
    4.9935096929338965,
    4.9939794108762365,
    4.992848917022834,
    4.994330160916338,
    4.988507995008127,
    4.987573378347184,
    4.9892171175296856,
    4.988274815416692,
    4.984408451203419,
    4.986401816409405,
    4.985354082063327,
    4.981020772096255,
    4.983493072439633,
    4.982483834051405,
    4.977828063603977,
    4.976753629655294,
    4.979292634826477,
    4.977531980908274,
    4.9713680704799685
  ],