{
  "episode": 14,
  "steps": 95,
  "actions": [
    23,
    23,
    23,
    23,
    23,
    23,
    23,
    23,
    23,
    23,
    23,
    23,
    23,
    23,
    23,
    23,
    23,
    23,
    23,
    23,
    23,
    23,
    23,
    23,
    23,
    23,
    23,
    23,
    23,
    23,
    23,
    23,
    15,
    12,
    14,
    13,
    17,
    9,
    7,
    19,
    11,
    5,
    0,
    23,
    18,
    16,
    16,
    0,
    20,
    14,
    16,
    17,
    15,
    16,
    11,
    19,
    12,
    6,
    15,
    21,
    4,
    19,
    21,
    23,
    12,
    22,
    20,
    23,
    16,
    11,
    0,
    6,
    17,
    14,
    21,
    15,
    4,
    14,
    12,
    19,
    21,
    11,
    23,
    11,
    3,
    23,
    10,
    1,
    6,
    20,
    4,
    14,
    6,
    15,
    12
  ],
  "temperatures": [
    20.975762939453148,
    20.971978759765648,
    20.926324462890648,
    20.884027099609398,
    20.848413085937523,
    20.818383789062523,
    20.792230224609398,
    20.768457031250023,
    20.746057128906273,
    20.724359130859398,
    20.703149414062523,
    20.682244873046898,
    20.661584472656273,
    20.641198730468773,
    20.621026611328148,
    20.601068115234398,
    20.581353759765648,
    20.561944580078148,
    20.542871093750023,
    20.524133300781273,
    20.505761718750023,
    20.487725830078148,
    20.470056152343773,
    20.463403320312523,
    20.485864257812523,
    20.523187255859398,
    20.552392578125023,
    20.555322265625023,
    20.539788818359398,
    20.522058105468773,
    20.533807373046898,
    21.077111816406273,
    20.777612304687523,
    20.876733398437523,
    20.961846923828148,
    21.031640625000023,
    16.498345947265648,
    16.817468261718773,
    20.410516357421898,
    16.889215087890648,
    17.616510009765648,
    21.563043212890648,
    19.646478271484398,
    22.859918212890648,
    18.540155029296898,
    18.735528564453148,
    18.949060058593773,
    21.387322998046898,
    23.884423828125023,
    24.390618896484398,
    19.930780029296898,
    20.011376953125023,
    24.806665039062523,
    20.378839111328148,
    21.518853759765648,
    20.488427734375023,
    25.219995117187523,
    26.132379150390648,
    25.562615966796898,
    25.101922607421898,
    26.319299316406273,
    20.785913085937523,
    24.843957519531273,
    24.747674560546898,
    24.957635498046898,
    24.411218261718773,
    24.261926269531273,
    24.142633056640648,
    19.758111572265648,
    20.471124267578148,
    21.716394042968773,
    23.202996826171898,
    18.761621093750023,
    22.768945312500023,
    22.799707031250023,
    22.680291748046898,
    22.478662109375023,
    22.493951416015648,
    22.406427001953148,
    18.089044189453148,
    22.265252685546898,
    18.512353515625023,
    22.116082763671898,
    18.309075927734398,
    18.934350585937523,
    21.866845703125023,
    17.976007080078148,
    18.519158935546898,
    20.675012207031273,
    21.594079589843773,
    20.712792968750023,
    21.135125732421898,
    20.454339599609398,
    20.883660888671898,
    20.785424804687523
  ],
  "outdoor_temps": [
    -6.1035156022626325e-06,
    -6.1035156022626325e-06,
    -6.1035156022626325e-06,
    -6.1035156022626325e-06,
    -6.1035156022626325e-06,
    -6.1035156022626325e-06,
    -6.1035156022626325e-06,
    -6.1035156022626325e-06,
    -6.1035156022626325e-06,
    -6.1035156022626325e-06,
    -6.1035156022626325e-06,
    -6.1035156022626325e-06,
    -6.1035156022626325e-06,
    -6.1035156022626325e-06,
    -6.1035156022626325e-06,
    -6.1035156022626325e-06,
    -6.1035156022626325e-06,
    -6.1035156022626325e-06,
    -6.1035156022626325e-06,
    -6.1035156022626325e-06,
    -6.1035156022626325e-06,
    -6.1035156022626325e-06,
    -6.1035156022626325e-06,
    0.48467407226564774,
    1.5674987792968977,
    2.6915527343750227,
    3.3000122070312727,
    3.2094665527343977,
    2.8019348144531477,
    2.3684326171875227,
    2.2000061035156477,
    2.3021789550781477,
    2.5030456542968977,
    2.8273864746093977,
    3.3000122070312727,
    4.170007324218773,
    5.390008544921898,
    6.540002441406273,
    7.200006103515648,
    7.400476074218773,
    7.509606933593773,
    7.613946533203148,
    7.800012207031273,
    8.075891113281273,
    8.371636962890648,
    8.656549072265648,
    8.899987792968773,
    9.066003417968773,
    9.171868896484398,
    9.266809082031273,
    9.399987792968773,
    9.710534667968773,
    10.159387207031273,
    10.528527832031273,
    10.600000000000023,
    10.450006103515648,
    10.300012207031273,
    10.149987792968773,
    9.999993896484398,
    9.850000000000023,
    9.700006103515648,
    9.550012207031273,
    9.399987792968773,
    8.978875732421898,
    8.201959228515648,
    7.349084472656273,
    6.700006103515648,
    6.357904052734398,
    6.149987792968773,
    5.942102050781273,
    5.600000000000023,
    4.941003417968773,
    4.063317871093773,
    3.2539611816406477,
    2.8000122070312727,
    2.6291442871093977,
    2.4749084472656477,
    2.3332153320312727,
    2.2000061035156477,
    2.0766845703125227,
    1.9598327636718977,
    1.8380676269531477,
    1.7000061035156477,
    1.4921203613281477,
    1.2039733886718977,
    0.8888488769531477,
    0.6000000000000227,
    0.41335449218752274,
    0.31020507812502274,
    0.20195922851564774,
    -6.1035156022626325e-06,
    -0.7735656738281023,
    -2.1510986328124773,
    -3.5530761718749773,
    -4.399999999999977
  ],
  "rewards": [
    4.120979222776403,
    4.115054529951921,
    4.041117961602322,
    3.9698265858460595,
    3.9077210109681286,
    3.853879691883962,
    3.805885754423257,
    3.7613691613823597,
    3.718646088801367,
    3.6765443842579115,
    3.634704109951898,
    3.592804602505684,
    3.5507493382320265,
    3.5086222347245086,
    3.466321936817887,
    3.423867874192122,
    3.381345204161528,
    3.338909506471877,
    3.296656541600873,
    3.254615599177828,
    3.2128832242638383,
    3.1714217349608016,
    3.1303298621997757,
    3.114743142649584,
    3.1671395712346357,
    3.2525262384582816,
    3.3178817418963207,
    3.324368238821675,
    3.289838607208853,
    3.249981652163019,
    3.2764469183702523,
    4.274051666222544,
    3.8130626089498816,
    3.990361530179925,
    4.130844115747336,
    4.237930292916396,
    -40.65957199508608,
    -35.325491486688634,
    3.0667752652095523,
    -34.199376848274085,
    -24.208554996845407,
    4.835469081790363,
    -0.3176231292199509,
    4.437295209960983,
    -5.340283837634903,
    -4.010286108014719,
    -2.7749640082469553,
    4.690048287189992,
    2.3230400875955177,
    -0.384731119324538,
    -0.029024317710774003,
    1.9654079392650232,
    -1.6309677709397037,
    2.955360022638777,
    4.767943440843795,
    3.2113874820361183,
    -3.7260836788057725,
    -21.371101067385716,
    -6.110295444199912,
    -3.0432112414998485,
    -23.45157982119041,
    3.8155608241843555,
    -1.7874298512353508,
    -1.4039916757972872,
    -2.297195687648018,
    -0.4280795328578691,
    -0.17634470780909448,
    -0.05529465885186651,
    -0.16274404840541115,
    3.197779657040248,
    4.909797663546339,
    3.9136358774127027,
    -3.8471019829192774,
    4.549130392620395,
    4.509559158925749,
    4.642875079120203,
    4.820372960446183,
    4.801476805668875,
    4.8579946591247385,
    -9.140283413871744,
    4.912751155526004,
    -5.540702725566106,
    4.948803839629673,
    -7.155581800248282,
    -2.843404781823229,
    4.934572806724392,
    -20.248150724526266,
    -5.486148451186103,
    3.6488815854775725,
    4.812211844274869,
    3.7234614275414533,
    4.3833300368419295,
    3.170522310422665,
    4.002243174459904,
    3.827603180999706
  ],