{
  "episode": 275,
  "steps": 95,
  "actions": [
    23,
    23,
    23,
    23,
    21,
    21,
    21,
    21,
    21,
    21,
    21,
    21,
    21,
    21,
    21,
    21,
    21,
    20,
    22,
    22,
    22,
    22,
    22,
    22,
    22,
    22,
    22,
    22,
    22,
    22,
    21,
    21,
    21,
    21,
    21,
    21,
    21,
    21,
    20,
    20,
    20,
    20,
    6,
    4,
    2,
    1,
    0,
    0,
    0,
    0,
    0,
    8,
    9,
    8,
    11,
    11,
    9,
    8,
    8,
    8,
    9,
    9,
    11,
    8,
    8,
    3,
    1,
    1,
    1,
    1,
    1,
    3,
    21,
    4,
    21,
    4,
    14,
    4,
    14,
    14,
    14,
    6,
    14,
    14,
    14,
    14,
    23,
    7,
    21,
    21,
    22,
    20,
    20,
    23,
    21
  ],
  "temperatures": [
    20.975762939453148,
    20.971978759765648,
    20.926324462890648,
    20.884027099609398,
    20.848413085937523,
    20.818383789062523,
    20.792230224609398,
    20.768457031250023,
    20.746057128906273,
    20.724359130859398,
    20.703149414062523,
    20.682244873046898,
    20.661584472656273,
    20.641198730468773,
    20.621026611328148,
    20.601068115234398,
    20.581353759765648,
    20.561944580078148,
    20.542871093750023,
    20.524133300781273,
    20.505761718750023,
    20.487725830078148,
    20.470056152343773,
    20.463403320312523,
    20.485864257812523,
    20.523187255859398,
    20.552392578125023,
    20.555322265625023,
    20.539788818359398,
    20.522058105468773,
    20.533807373046898,
    21.077111816406273,
    21.201745605468773,
    21.302789306640648,
    21.379968261718773,
    21.441552734375023,
    21.505181884765648,
    21.604486083984398,
    21.801873779296898,
    22.079858398437523,
    22.351190185546898,
    22.608209228515648,
    22.700006103515648,
    23.097680664062523,
    21.009027099609398,
    21.248162841796898,
    21.599420166015648,
    21.939019775390648,
    22.259210205078148,
    22.560601806640648,
    22.837152099609398,
    21.355584716796898,
    21.489678955078148,
    21.635614013671898,
    21.752130126953148,
    21.829705810546898,
    21.881188964843773,
    21.912957763671898,
    21.923303222656273,
    21.905267333984398,
    21.857446289062523,
    21.778863525390648,
    21.646447753906273,
    21.442437744140648,
    21.179071044921898,
    22.497064208984398,
    22.326226806640648,
    22.128839111328148,
    21.952355957031273,
    21.792474365234398,
    21.638726806640648,
    20.800988769531273,
    22.927972412109398,
    22.779901123046898,
    22.767541503906273,
    22.530541992187523,
    22.535485839843773,
    22.286401367187523,
    22.346368408203148,
    22.267999267578148,
    22.192590332031273,
    21.865533447265648,
    22.037194824218773,
    21.969659423828148,
    21.891656494140648,
    21.809991455078148,
    21.974145507812523,
    21.271905517578148,
    21.837274169921898,
    21.790277099609398,
    21.737847900390648,
    21.673211669921898,
    21.578881835937523,
    21.471704101562523,
    21.376977539062523
  ],
  "outdoor_temps": [
    -6.1035156022626325e-06,
    -6.1035156022626325e-06,
    -6.1035156022626325e-06,
    -6.1035156022626325e-06,
    -6.1035156022626325e-06,
    -6.1035156022626325e-06,
    -6.1035156022626325e-06,
    -6.1035156022626325e-06,
    -6.1035156022626325e-06,
    -6.1035156022626325e-06,
    -6.1035156022626325e-06,
    -6.1035156022626325e-06,
    -6.1035156022626325e-06,
    -6.1035156022626325e-06,
    -6.1035156022626325e-06,
    -6.1035156022626325e-06,
    -6.1035156022626325e-06,
    -6.1035156022626325e-06,
    -6.1035156022626325e-06,
    -6.1035156022626325e-06,
    -6.1035156022626325e-06,
    -6.1035156022626325e-06,
    -6.1035156022626325e-06,
    0.48467407226564774,
    1.5674987792968977,
    2.6915527343750227,
    3.3000122070312727,
    3.2094665527343977,
    2.8019348144531477,
    2.3684326171875227,
    2.2000061035156477,
    2.3021789550781477,
    2.5030456542968977,
    2.8273864746093977,
    3.3000122070312727,
    4.170007324218773,
    5.390008544921898,
    6.540002441406273,
    7.200006103515648,
    7.400476074218773,
    7.509606933593773,
    7.613946533203148,
    7.800012207031273,
    8.075891113281273,
    8.371636962890648,
    8.656549072265648,
    8.899987792968773,
    9.066003417968773,
    9.171868896484398,
    9.266809082031273,
    9.399987792968773,
    9.710534667968773,
    10.159387207031273,
    10.528527832031273,
    10.600000000000023,
    10.450006103515648,
    10.300012207031273,
    10.149987792968773,
    9.999993896484398,
    9.850000000000023,
    9.700006103515648,
    9.550012207031273,
    9.399987792968773,
    8.978875732421898,
    8.201959228515648,
    7.349084472656273,
    6.700006103515648,
    6.357904052734398,
    6.149987792968773,
    5.942102050781273,
    5.600000000000023,
    4.941003417968773,
    4.063317871093773,
    3.2539611816406477,
    2.8000122070312727,
    2.6291442871093977,
    2.4749084472656477,
    2.3332153320312727,
    2.2000061035156477,
    2.0766845703125227,
    1.9598327636718977,
    1.8380676269531477,
    1.7000061035156477,
    1.4921203613281477,
    1.2039733886718977,
    0.8888488769531477,
    0.6000000000000227,
    0.41335449218752274,
    0.31020507812502274,
    0.20195922851564774,
    -6.1035156022626325e-06,
    -0.7735656738281023,
    -2.1510986328124773,
    -3.5530761718749773,
    -4.399999999999977
  ],
  "rewards": [
    4.120979222776403,
    4.115054529951921,
    4.041117961602322,
    3.9698265858460595,
    3.907721049115101,
    3.8538797203905313,
    3.8058857733930833,
    3.7613691708154424,
    3.71864609823445,
    3.6765443841542513,
    3.6347041193849807,
    3.5928046119387673,
    3.5507493476651093,
    3.5086222346208484,
    3.466321936714227,
    3.4238678740884616,
    3.381345204057868,
    3.3389095159049598,
    3.2966565414583404,
    3.254615608662741,
    3.2128832337487516,
    3.1714217349089715,
    3.1303298621479456,
    3.114743142597754,
    3.1671395711828056,
    3.252526247943195,
    3.317881751381234,
    3.324368248306588,
    3.2898386166937663,
    3.2499816616479325,
    3.276446956465395,
    4.274051694729113,
    4.440449801244517,
    4.558249577077778,
    4.637910685696377,
    4.695064978868436,
    4.748141798916006,
    4.818850245716712,
    4.915489068942799,
    4.952481917521872,
    4.876806419470295,
    4.703276034199571,
    4.627983133915747,
    4.095819411856166,
    4.236738185684797,
    4.548252509270172,
    4.850289021097744,
    4.966340471324513,
    4.917315446031271,
    4.730663999435473,
    4.439524321374455,
    4.6315633696411025,
    4.74650608164746,
    4.8409492374855505,
    4.893419238603886,
    4.917061047239397,
    4.927768017772751,
    4.932391410012854,
    4.9335704286072595,
    4.931411805651356,
    4.923325585802293,
    4.902587882046717,
    4.8466893686159915,
    4.709092689214455,
    4.439144631452158,
    4.781350204283557,
    4.887595745435014,
    4.955840617605157,
    4.967371382592855,
    4.9374835994473285,
    4.872577899806821,
    3.89597525465367,
    4.349040089438679,
    4.540472874579642,
    4.545941910690237,
    4.781869953315403,
    4.770634209534702,
    4.92785160602616,
    4.890127729710747,
    4.923923386662136,
    4.947744462211488,
    4.969593379037337,
    4.96993550463215,
    4.968289043336055,
    4.957872894360566,
    4.937188731162694,
    4.95212890425778,
    4.57680198122284,
    4.926708595361971,
    4.911499168368711,
    4.89062166878833,
    4.859207555869929,
    4.802114164016183,
    4.7210449210619325,
    4.635047275349519
  ],