{
  "episode": 544,
  "steps": 95,
  "actions": [
    23,
    23,
    23,
    23,
    23,
    15,
    23,
    21,
    21,
    12,
    23,
    12,
    23,
    15,
    15,
    15,
    15,
    15,
    21,
    12,
    15,
    15,
    15,
    12,
    15,
    12,
    21,
    12,
    12,
    15,
    22,
    20,
    14,
    12,
    20,
    20,
    12,
    12,
    20,
    14,
    14,
    14,
    12,
    21,
    12,
    21,
    15,
    21,
    20,
    1,
    3,
    2,
    0,
    11,
    3,
    2,
    16,
    9,
    8,
    8,
    18,
    11,
    3,
    1,
    2,
    11,
    8,
    22,
    2,
    2,
    4,
    23,
    4,
    7,
    21,
    23,
    5,
    12,
    14,
    7,
    15,
    13,
    15,
    12,
    20,
    15,
    15,
    21,
    7,
    23,
    12,
    15,
    1,
    12,
    13
  ],
  "temperatures": [
    21.111627197265648,
    21.104028320312523,
    21.062646484375023,
    21.024285888671898,
    20.991937255859398,
    20.498864746093773,
    20.924737548828148,
    20.910943603515648,
    20.893060302734398,
    20.393426513671898,
    20.839227294921898,
    20.339471435546898,
    20.795678710937523,
    20.290704345703148,
    20.247521972656273,
    20.216638183593773,
    20.188745117187523,
    20.162591552734398,
    20.661248779296898,
    20.141961669921898,
    20.103662109375023,
    20.076562500000023,
    20.051965332031273,
    20.040521240234398,
    20.063195800781273,
    20.104211425781273,
    20.653497314453148,
    20.167596435546898,
    20.134423828125023,
    20.107659912109398,
    20.635369873046898,
    21.162530517578148,
    20.913049316406273,
    21.014459228515648,
    21.441888427734398,
    21.509454345703148,
    21.261041259765648,
    21.361016845703148,
    21.845788574218773,
    21.901849365234398,
    22.204766845703148,
    22.503778076171898,
    22.790673828125023,
    23.072106933593773,
    23.373223876953148,
    23.550561523437523,
    23.930474853515648,
    23.981072998046898,
    24.171899414062523,
    22.133935546875023,
    22.269128417968773,
    22.472283935546898,
    22.682061767578148,
    21.335809326171898,
    22.937554931640648,
    23.095025634765648,
    20.535363769531273,
    21.528100585937523,
    21.531640625000023,
    21.503076171875023,
    20.420831298828148,
    21.319909667968773,
    22.698480224609398,
    22.544366455078148,
    22.276269531250023,
    20.636651611328148,
    20.393762207031273,
    23.858178710937523,
    21.444177246093773,
    21.226678466796898,
    23.918267822265648,
    23.120568847656273,
    23.041619873046898,
    22.888360595703148,
    22.832574462890648,
    22.763391113281273,
    22.534509277343773,
    22.534265136718773,
    22.450463867187523,
    22.208123779296898,
    22.295465087890648,
    22.231103515625023,
    22.165307617187523,
    22.096520996093773,
    22.199792480468773,
    21.954583740234398,
    21.874261474609398,
    22.018975830078148,
    21.391076660156273,
    21.893762207031273,
    21.590264892578148,
    21.505212402343773,
    18.120599365234398,
    21.135949707031273,
    21.091363525390648
  ],
  "outdoor_temps": [
    -6.1035156022626325e-06,
    -6.1035156022626325e-06,
    -6.1035156022626325e-06,
    -6.1035156022626325e-06,
    -6.1035156022626325e-06,
    -6.1035156022626325e-06,
    -6.1035156022626325e-06,
    -6.1035156022626325e-06,
    -6.1035156022626325e-06,
    -6.1035156022626325e-06,
    -6.1035156022626325e-06,
    -6.1035156022626325e-06,
    -6.1035156022626325e-06,
    -6.1035156022626325e-06,
    -6.1035156022626325e-06,
    -6.1035156022626325e-06,
    -6.1035156022626325e-06,
    -6.1035156022626325e-06,
    -6.1035156022626325e-06,
    -6.1035156022626325e-06,
    -6.1035156022626325e-06,
    -6.1035156022626325e-06,
    -6.1035156022626325e-06,
    0.48467407226564774,
    1.5674987792968977,
    2.6915527343750227,
    3.3000122070312727,
    3.2094665527343977,
    2.8019348144531477,
    2.3684326171875227,
    2.2000061035156477,
    2.3021789550781477,
    2.5030456542968977,
    2.8273864746093977,
    3.3000122070312727,
    4.170007324218773,
    5.390008544921898,
    6.540002441406273,
    7.200006103515648,
    7.400476074218773,
    7.509606933593773,
    7.613946533203148,
    7.800012207031273,
    8.075891113281273,
    8.371636962890648,
    8.656549072265648,
    8.899987792968773,
    9.066003417968773,
    9.171868896484398,
    9.266809082031273,
    9.399987792968773,
    9.710534667968773,
    10.159387207031273,
    10.528527832031273,
    10.600000000000023,
    10.450006103515648,
    10.300012207031273,
    10.149987792968773,
    9.999993896484398,
    9.850000000000023,
    9.700006103515648,
    9.550012207031273,
    9.399987792968773,
    8.978875732421898,
    8.201959228515648,
    7.349084472656273,
    6.700006103515648,
    6.357904052734398,
    6.149987792968773,
    5.942102050781273,
    5.600000000000023,
    4.941003417968773,
    4.063317871093773,
    3.2539611816406477,
    2.8000122070312727,
    2.6291442871093977,
    2.4749084472656477,
    2.3332153320312727,
    2.2000061035156477,
    2.0766845703125227,
    1.9598327636718977,
    1.8380676269531477,
    1.7000061035156477,
    1.4921203613281477,
    1.2039733886718977,
    0.8888488769531477,
    0.6000000000000227,
    0.41335449218752274,
    0.31020507812502274,
    0.20195922851564774,
    -6.1035156022626325e-06,
    -0.7735656738281023,
    -2.1510986328124773,
    -3.5530761718749773,
    -4.399999999999977
  ],
  "rewards": [
    4.963678053930402,
    4.9635631695538756,
    4.962818720653653,
    4.962127915933729,
    4.961546352222562,
    4.967124968919903,
    4.960331847864,
    4.960088957861066,
    4.959769442290716,
    4.965800826598607,
    4.958792252827598,
    4.965117499981075,
    4.958002649832679,
    4.964498621378094,
    4.963944981134294,
    4.96354980949199,
    4.963192943370698,
    4.962857964074968,
    4.955547477203218,
    4.962596831370793,
    4.962103780634863,
    4.961755676305651,
    4.961440348661302,
    4.961295563018679,
    4.961592108138067,
    4.9621249235037554,
    4.955427450228644,
    4.962946891833744,
    4.962518321402532,
    4.962172362931234,
    4.955094362693636,
    4.964839107059266,
    4.972590445290279,
    4.9738983690970295,
    4.969987905908538,
    4.971232783368748,
    4.977077911506366,
    4.978369039423925,
    4.977443231035186,
    4.985367792556953,
    4.989288668953692,
    4.993159628533637,
    4.996873978623068,
    4.998388752469955,
    4.998134964567326,
    4.995733917270018,
    4.995970525716148,
    4.993345095115512,
    -0.07764385965403664,
    4.9840894023431055,
    4.983789266869102,
    4.983338421505917,
    4.982872972409524,
    4.974977010641247,
    4.982306607864959,
    4.981957386058796,
    4.968077731437333,
    4.974231721250746,
    4.9742181403777845,
    4.974329142690839,
    4.968713747543485,
    4.975040187353511,
    4.982837570808989,
    4.983179559630383,
    4.983774659558807,
    4.977693766500153,
    4.978637376554472,
    4.994027815294655,
    4.985622136470254,
    4.986104912678995,
    4.997884947355189,
    4.998122889603124,
    4.999832616144792,
    4.99909031067659,
    4.995688388521257,
    4.994411152959517,
    4.996477242047899,
    4.993556446699183,
    4.992473174460394,
    4.994066640087282,
    4.990469642071458,
    4.989637996292471,
    4.988787822798381,
    4.987899249828218,
    4.98400520174594,
    4.98606593314461,
    4.9850282213453045,
    4.980668556886522,
    4.988035740975938,
    4.9783582236864,
    4.98136001721397,
    4.980260930188162,
    -8.833858480182466,
    4.9754865677651505,
    4.974908887870772
  ],