{
  "episode": 75,
  "steps": 95,
  "actions": [
    23,
    23,
    23,
    23,
    22,
    15,
    10,
    10,
    5,
    4,
    4,
    21,
    4,
    3,
    14,
    2,
    1,
    4,
    2,
    19,
    19,
    15,
    16,
    14,
    5,
    3,
    22,
    5,
    9,
    18,
    0,
    10,
    2,
    11,
    2,
    5,
    14,
    7,
    21,
    20,
    17,
    6,
    8,
    5,
    2,
    7,
    12,
    18,
    1,
    6,
    10,
    10,
    10,
    2,
    22,
    8,
    3,
    12,
    22,
    5,
    4,
    1,
    5,
    11,
    19,
    5,
    10,
    9,
    4,
    22,
    8,
    10,
    15,
    12,
    12,
    15,
    5,
    7,
    14,
    15,
    2,
    2,
    10,
    2,
    12,
    2,
    13,
    5,
    12,
    17,
    2,
    12,
    21,
    15,
    15
  ],
  "temperatures": [
    20.975762939453148,
    20.971978759765648,
    20.926324462890648,
    20.884027099609398,
    20.848413085937523,
    20.273736572265648,
    16.229730224609398,
    16.034844970703148,
    18.624780273437523,
    18.750512695312523,
    18.739373779296898,
    20.476739501953148,
    18.909082031250023,
    16.190545654296898,
    19.643914794921898,
    16.109765625000023,
    15.818933105468773,
    18.165856933593773,
    15.802453613281273,
    15.354028320312523,
    15.290582275390648,
    19.222436523437523,
    15.284967041015648,
    19.202508544921898,
    18.246881103515648,
    15.631402587890648,
    20.057733154296898,
    18.469262695312523,
    15.422204589843773,
    15.205651855468773,
    15.268548583984398,
    15.810601806640648,
    16.172082519531273,
    15.965478515625023,
    16.333734130859398,
    19.233453369140648,
    20.393548583984398,
    19.883264160156273,
    21.281610107421898,
    21.629571533203148,
    16.917810058593773,
    21.171960449218773,
    18.137445068359398,
    22.016656494140648,
    20.181390380859398,
    22.947442626953148,
    23.405999755859398,
    19.040216064453148,
    21.430444335937523,
    24.251824951171898,
    20.650842285156273,
    20.758508300781273,
    20.925897216796898,
    22.745843505859398,
    24.581719970703148,
    21.476190185546898,
    23.222314453125023,
    25.190270996093773,
    24.879266357421898,
    26.014062500000023,
    26.101403808593773,
    23.725915527343773,
    25.814141845703148,
    21.515496826171898,
    20.095208740234398,
    24.697137451171898,
    20.744744873046898,
    20.476922607421898,
    24.076867675781273,
    23.722192382812523,
    20.177728271484398,
    19.428399658203148,
    22.738824462890648,
    22.698754882812523,
    22.599084472656273,
    22.513665771484398,
    22.258172607421898,
    22.123864746093773,
    22.229791259765648,
    22.154992675781273,
    19.479547119140648,
    19.212976074218773,
    18.175500488281273,
    18.828240966796898,
    21.509088134765648,
    18.750787353515648,
    21.345666503906273,
    20.858453369140648,
    21.279046630859398,
    17.090447998046898,
    17.972894287109398,
    20.861077880859398,
    21.270227050781273,
    20.774804687500023,
    20.657586669921898
  ],
  "outdoor_temps": [
    -6.1035156022626325e-06,
    -6.1035156022626325e-06,
    -6.1035156022626325e-06,
    -6.1035156022626325e-06,
    -6.1035156022626325e-06,
    -6.1035156022626325e-06,
    -6.1035156022626325e-06,
    -6.1035156022626325e-06,
    -6.1035156022626325e-06,
    -6.1035156022626325e-06,
    -6.1035156022626325e-06,
    -6.1035156022626325e-06,
    -6.1035156022626325e-06,
    -6.1035156022626325e-06,
    -6.1035156022626325e-06,
    -6.1035156022626325e-06,
    -6.1035156022626325e-06,
    -6.1035156022626325e-06,
    -6.1035156022626325e-06,
    -6.1035156022626325e-06,
    -6.1035156022626325e-06,
    -6.1035156022626325e-06,
    -6.1035156022626325e-06,
    0.48467407226564774,
    1.5674987792968977,
    2.6915527343750227,
    3.3000122070312727,
    3.2094665527343977,
    2.8019348144531477,
    2.3684326171875227,
    2.2000061035156477,
    2.3021789550781477,
    2.5030456542968977,
    2.8273864746093977,
    3.3000122070312727,
    4.170007324218773,
    5.390008544921898,
    6.540002441406273,
    7.200006103515648,
    7.400476074218773,
    7.509606933593773,
    7.613946533203148,
    7.800012207031273,
    8.075891113281273,
    8.371636962890648,
    8.656549072265648,
    8.899987792968773,
    9.066003417968773,
    9.171868896484398,
    9.266809082031273,
    9.399987792968773,
    9.710534667968773,
    10.159387207031273,
    10.528527832031273,
    10.600000000000023,
    10.450006103515648,
    10.300012207031273,
    10.149987792968773,
    9.999993896484398,
    9.850000000000023,
    9.700006103515648,
    9.550012207031273,
    9.399987792968773,
    8.978875732421898,
    8.201959228515648,
    7.349084472656273,
    6.700006103515648,
    6.357904052734398,
    6.149987792968773,
    5.942102050781273,
    5.600000000000023,
    4.941003417968773,
    4.063317871093773,
    3.2539611816406477,
    2.8000122070312727,
    2.6291442871093977,
    2.4749084472656477,
    2.3332153320312727,
    2.2000061035156477,
    2.0766845703125227,
    1.9598327636718977,
    1.8380676269531477,
    1.7000061035156477,
    1.4921203613281477,
    1.2039733886718977,
    0.8888488769531477,
    0.6000000000000227,
    0.41335449218752274,
    0.31020507812502274,
    0.20195922851564774,
    -6.1035156022626325e-06,
    -0.7735656738281023,
    -2.1510986328124773,
    -3.5530761718749773,
    -4.399999999999977
  ],
  "rewards": [
    14.988456155031919,
    14.988443641632795,
    14.988197022646666,
    14.987968383997679,
    14.98777614709735,
    14.98981589033487,
    -71.07481485810828,
    -78.61239432497952,
    -9.456957862587258,
    -7.806880504663433,
    -7.946682080371756,
    14.985739138080374,
    -5.951268071417173,
    -72.55977897807756,
    -0.6352324176375471,
    -75.66967990045956,
    -87.40664818910982,
    -16.821298798554857,
    -88.09702374110536,
    -107.92534833302234,
    -110.8931500560897,
    -3.0244288721200094,
    -111.15775160682506,
    -3.181374318711991,
    -15.368008712150251,
    -95.42325266664345,
    14.98343674298473,
    -11.716621640157587,
    -104.78110837056519,
    -114.92893008324401,
    -111.93317833277021,
    -87.75538357029387,
    -73.26482720408681,
    -81.38693268851462,
    -67.20760210495474,
    -2.9386658902521323,
    14.990286584058532,
    -0.06871354997204795,
    14.99021378805715,
    14.99214415477281,
    -47.499818616535045,
    14.996609582092695,
    -17.34590997600617,
    14.998171983129547,
    14.99711593604436,
    14.999893652160935,
    14.999474651160124,
    -4.606623743152983,
    14.996422720611339,
    -0.31714942757208764,
    14.993654484929598,
    14.993535014513395,
    14.99334930909004,
    14.995692986277378,
    -1.6922791208215406,
    14.992739002250458,
    14.99542885488944,
    -7.0839757247887984,
    -3.8658846519358834,
    -20.282406923232173,
    -22.07966283601166,
    14.995149427138836,
    -16.455710252540364,
    14.992695459881554,
    14.9912670701185,
    -2.4300982168903213,
    14.993550918856393,
    14.993848200562857,
    -0.029603867830977154,
    14.99854579533507,
    14.9941803897846,
    -1.6341333992684661,
    14.998956828165314,
    14.998809356543033,
    14.998441352565003,
    14.998126055021,
    14.998618382197602,
    14.99837042695632,
    14.99707784129161,
    14.996801626746421,
    -1.3546051822253413,
    -3.0972676867227107,
    -16.64435174559378,
    -6.865309207403694,
    14.99441660243953,
    -7.8028699248367195,
    14.99381371278251,
    14.996034938415997,
    14.993568246522674,
    -42.32783695430151,
    -20.545953510488214,
    14.992025008983262,
    14.990163994971825,
    14.991706101388386,
    14.991272756534427
  ],