{
  "episode": 1006,
  "steps": 95,
  "actions": [
    23,
    23,
    23,
    23,
    13,
    22,
    14,
    20,
    22,
    21,
    21,
    12,
    13,
    12,
    14,
    20,
    13,
    21,
    21,
    21,
    22,
    22,
    12,
    20,
    13,
    13,
    12,
    15,
    22,
    20,
    12,
    12,
    13,
    21,
    20,
    20,
    23,
    12,
    21,
    13,
    23,
    20,
    23,
    0,
    12,
    3,
    0,
    3,
    1,
    13,
    3,
    1,
    0,
    1,
    17,
    1,
    3,
    0,
    2,
    3,
    8,
    2,
    11,
    3,
    9,
    11,
    13,
    3,
    1,
    12,
    6,
    15,
    12,
    12,
    20,
    22,
    13,
    13,
    12,
    20,
    13,
    13,
    14,
    15,
    14,
    13,
    22,
    5,
    20,
    20,
    20,
    13,
    21,
    12,
    14
  ],
  "temperatures": [
    21.111627197265648,
    21.104028320312523,
    21.062646484375023,
    21.024285888671898,
    20.531274414062523,
    20.948846435546898,
    20.460931396484398,
    20.897271728515648,
    20.886193847656273,
    20.869836425781273,
    20.852349853515648,
    20.346582031250023,
    20.299432373046898,
    20.266229248046898,
    20.236779785156273,
    20.722711181640648,
    20.211236572265648,
    20.689630126953148,
    20.684411621093773,
    20.672631835937523,
    20.658990478515648,
    20.644555664062523,
    20.107904052734398,
    20.606500244140648,
    20.117883300781273,
    20.139398193359398,
    20.164697265625023,
    20.163079833984398,
    20.655053710937523,
    20.654290771484398,
    20.165795898437523,
    20.766900634765648,
    20.905755615234398,
    21.376489257812523,
    21.460229492187523,
    21.523461914062523,
    21.586663818359398,
    21.390069580078148,
    21.862878417968773,
    21.919030761718773,
    22.385217285156273,
    22.628106689453148,
    22.859033203125023,
    19.968408203125023,
    23.277246093750023,
    20.762750244140648,
    20.978173828125023,
    21.268151855468773,
    21.547326660156273,
    24.414575195312523,
    22.214868164062523,
    22.363763427734398,
    22.576440429687523,
    22.776025390625023,
    20.361352539062523,
    22.884454345703148,
    23.043603515625023,
    23.117547607421898,
    23.158441162109398,
    23.163842773437523,
    21.540887451171898,
    22.973840332031273,
    21.328393554687523,
    22.569421386718773,
    20.890344238281273,
    20.621148681640648,
    24.211877441406273,
    21.667901611328148,
    21.426232910156273,
    23.884362792968773,
    24.132989501953148,
    23.227502441406273,
    23.083154296875023,
    22.960809326171898,
    22.876275634765648,
    22.804681396484398,
    22.676568603515648,
    22.583856201171898,
    22.496453857421898,
    22.519769287109398,
    22.348474121093773,
    22.277124023437523,
    22.208856201171898,
    22.138238525390648,
    22.063256835937523,
    21.985803222656273,
    22.106591796875023,
    21.531549072265648,
    21.978479003906273,
    21.930352783203148,
    21.879541015625023,
    21.551080322265648,
    21.719903564453148,
    21.313134765625023,
    21.190301513671898
  ],
  "outdoor_temps": [
    -6.1035156022626325e-06,
    -6.1035156022626325e-06,
    -6.1035156022626325e-06,
    -6.1035156022626325e-06,
    -6.1035156022626325e-06,
    -6.1035156022626325e-06,
    -6.1035156022626325e-06,
    -6.1035156022626325e-06,
    -6.1035156022626325e-06,
    -6.1035156022626325e-06,
    -6.1035156022626325e-06,
    -6.1035156022626325e-06,
    -6.1035156022626325e-06,
    -6.1035156022626325e-06,
    -6.1035156022626325e-06,
    -6.1035156022626325e-06,
    -6.1035156022626325e-06,
    -6.1035156022626325e-06,
    -6.1035156022626325e-06,
    -6.1035156022626325e-06,
    -6.1035156022626325e-06,
    -6.1035156022626325e-06,
    -6.1035156022626325e-06,
    0.48467407226564774,
    1.5674987792968977,
    2.6915527343750227,
    3.3000122070312727,
    3.2094665527343977,
    2.8019348144531477,
    2.3684326171875227,
    2.2000061035156477,
    2.3021789550781477,
    2.5030456542968977,
    2.8273864746093977,
    3.3000122070312727,
    4.170007324218773,
    5.390008544921898,
    6.540002441406273,
    7.200006103515648,
    7.400476074218773,
    7.509606933593773,
    7.613946533203148,
    7.800012207031273,
    8.075891113281273,
    8.371636962890648,
    8.656549072265648,
    8.899987792968773,
    9.066003417968773,
    9.171868896484398,
    9.266809082031273,
    9.399987792968773,
    9.710534667968773,
    10.159387207031273,
    10.528527832031273,
    10.600000000000023,
    10.450006103515648,
    10.300012207031273,
    10.149987792968773,
    9.999993896484398,
    9.850000000000023,
    9.700006103515648,
    9.550012207031273,
    9.399987792968773,
    8.978875732421898,
    8.201959228515648,
    7.349084472656273,
    6.700006103515648,
    6.357904052734398,
    6.149987792968773,
    5.942102050781273,
    5.600000000000023,
    4.941003417968773,
    4.063317871093773,
    3.2539611816406477,
    2.8000122070312727,
    2.6291442871093977,
    2.4749084472656477,
    2.3332153320312727,
    2.2000061035156477,
    2.0766845703125227,
    1.9598327636718977,
    1.8380676269531477,
    1.7000061035156477,
    1.4921203613281477,
    1.2039733886718977,
    0.8888488769531477,
    0.6000000000000227,
    0.41335449218752274,
    0.31020507812502274,
    0.20195922851564774,
    -6.1035156022626325e-06,
    -0.7735656738281023,
    -2.1510986328124773,
    -3.5530761718749773,
    -4.399999999999977
  ],
  "rewards": [
    4.963678053930402,
    4.9635631695538756,
    4.962818720653653,
    4.962127915933729,
    4.967531119711697,
    4.960764080521206,
    4.966645876270111,
    4.959836100523239,
    4.959642023018521,
    4.959349926971223,
    4.959035597056799,
    4.965209642697774,
    4.964605809576971,
    4.964181637838969,
    4.963805620797141,
    4.956671068851715,
    4.963484081040096,
    4.956068387266734,
    4.955975707978658,
    4.955760784358434,
    4.95551166436141,
    4.955247552655961,
    4.962163908582505,
    4.954551376391364,
    4.962299335013103,
    4.962580019310603,
    4.962909076288828,
    4.96288867724703,
    4.955457641082614,
    4.955443715118196,
    4.962924711714458,
    4.970704755909903,
    4.9724962694721055,
    4.968783531424144,
    4.970327123016767,
    4.971491927674931,
    4.9726565338885,
    4.97874497071281,
    4.97775927751155,
    4.985589999307595,
    4.987418213423828,
    4.9919101290553805,
    4.99618094461314,
    -0.00804134454950331,
    4.998507668789476,
    4.987133229576213,
    4.986654937190044,
    4.986011152494699,
    4.985391394120682,
    -0.43260670569576176,
    4.9839096854632,
    4.983579291028011,
    4.983107381388221,
    4.982664752531797,
    4.969042282413367,
    4.982424757396883,
    4.982071764394317,
    4.981907856387127,
    4.981817215610295,
    4.981805249373712,
    4.974182121899951,
    4.9822265975635665,
    4.975006967331566,
    4.983123943112952,
    4.976708308604587,
    4.977754066123749,
    -0.11476130149499694,
    4.985125462860355,
    4.985661948544014,
    4.996150400116716,
    -0.045505752350988166,
    4.998704085210419,
    4.9992641980748465,
    4.999070805419398,
    4.996496340770436,
    4.995174214339774,
    4.995396557849224,
    4.994197998866925,
    4.9930681724106165,
    4.989912214566184,
    4.991155412207317,
    4.990233035460601,
    4.989350816682467,
    4.988438664399897,
    4.987470114267229,
    4.98646944912604,
    4.982286150690654,
    4.989072733100827,
    4.97992186037613,
    4.979033948949497,
    4.978096071652096,
    4.980853696475696,
    4.97514823460255,
    4.977777388740979,
    4.97618820679949
  ],