{
  "episode": 37,
  "steps": 95,
  "actions": [
    23,
    23,
    23,
    23,
    23,
    23,
    23,
    23,
    23,
    23,
    23,
    23,
    23,
    23,
    23,
    23,
    23,
    23,
    23,
    23,
    23,
    23,
    23,
    23,
    23,
    23,
    23,
    23,
    23,
    23,
    23,
    23,
    15,
    23,
    12,
    0,
    19,
    15,
    21,
    23,
    23,
    2,
    23,
    14,
    22,
    5,
    8,
    15,
    16,
    2,
    16,
    23,
    23,
    1,
    15,
    6,
    23,
    23,
    12,
    23,
    23,
    23,
    11,
    11,
    7,
    23,
    15,
    12,
    23,
    12,
    23,
    2,
    23,
    0,
    23,
    23,
    22,
    21,
    9,
    23,
    5,
    12,
    4,
    23,
    15,
    23,
    10,
    23,
    23,
    22,
    22,
    13,
    9,
    23,
    23
  ],
  "temperatures": [
    20.975762939453148,
    20.971978759765648,
    20.926324462890648,
    20.884027099609398,
    20.848413085937523,
    20.818383789062523,
    20.792230224609398,
    20.768457031250023,
    20.746057128906273,
    20.724359130859398,
    20.703149414062523,
    20.682244873046898,
    20.661584472656273,
    20.641198730468773,
    20.621026611328148,
    20.601068115234398,
    20.581353759765648,
    20.561944580078148,
    20.542871093750023,
    20.524133300781273,
    20.505761718750023,
    20.487725830078148,
    20.470056152343773,
    20.463403320312523,
    20.485864257812523,
    20.523187255859398,
    20.552392578125023,
    20.555322265625023,
    20.539788818359398,
    20.522058105468773,
    20.533807373046898,
    21.077111816406273,
    20.777612304687523,
    21.286553955078148,
    20.985711669921898,
    17.581109619140648,
    16.424981689453148,
    20.950646972656273,
    21.666680908203148,
    21.987451171875023,
    22.286157226562523,
    19.420770263671898,
    22.720117187500023,
    22.999566650390648,
    23.278131103515648,
    23.818658447265648,
    20.203088378906273,
    24.064111328125023,
    19.704248046875023,
    22.347222900390648,
    20.007623291015648,
    24.494012451171898,
    24.733331298828148,
    23.615228271484398,
    25.460412597656273,
    26.388726806640648,
    25.243646240234398,
    25.284692382812523,
    25.856378173828148,
    25.339685058593773,
    25.313500976562523,
    25.260644531250023,
    22.154473876953148,
    21.861627197265648,
    25.602960205078148,
    24.554467773437523,
    24.753686523437523,
    24.620629882812523,
    24.199182128906273,
    24.383325195312523,
    24.030175781250023,
    21.508935546875023,
    23.274316406250023,
    21.038018798828148,
    23.032891845703148,
    22.978662109375023,
    22.900445556640648,
    22.818048095703148,
    19.157189941406273,
    22.567712402343773,
    22.286645507812523,
    22.365930175781273,
    22.097863769531273,
    22.361047363281273,
    22.141961669921898,
    22.230584716796898,
    18.397821044921898,
    21.990899658203148,
    21.975152587890648,
    21.924615478515648,
    21.871514892578148,
    21.523583984375023,
    17.793634033203148,
    21.479272460937523,
    21.440911865234398
  ],
  "outdoor_temps": [
    -6.1035156022626325e-06,
    -6.1035156022626325e-06,
    -6.1035156022626325e-06,
    -6.1035156022626325e-06,
    -6.1035156022626325e-06,
    -6.1035156022626325e-06,
    -6.1035156022626325e-06,
    -6.1035156022626325e-06,
    -6.1035156022626325e-06,
    -6.1035156022626325e-06,
    -6.1035156022626325e-06,
    -6.1035156022626325e-06,
    -6.1035156022626325e-06,
    -6.1035156022626325e-06,
    -6.1035156022626325e-06,
    -6.1035156022626325e-06,
    -6.1035156022626325e-06,
    -6.1035156022626325e-06,
    -6.1035156022626325e-06,
    -6.1035156022626325e-06,
    -6.1035156022626325e-06,
    -6.1035156022626325e-06,
    -6.1035156022626325e-06,
    0.48467407226564774,
    1.5674987792968977,
    2.6915527343750227,
    3.3000122070312727,
    3.2094665527343977,
    2.8019348144531477,
    2.3684326171875227,
    2.2000061035156477,
    2.3021789550781477,
    2.5030456542968977,
    2.8273864746093977,
    3.3000122070312727,
    4.170007324218773,
    5.390008544921898,
    6.540002441406273,
    7.200006103515648,
    7.400476074218773,
    7.509606933593773,
    7.613946533203148,
    7.800012207031273,
    8.075891113281273,
    8.371636962890648,
    8.656549072265648,
    8.899987792968773,
    9.066003417968773,
    9.171868896484398,
    9.266809082031273,
    9.399987792968773,
    9.710534667968773,
    10.159387207031273,
    10.528527832031273,
    10.600000000000023,
    10.450006103515648,
    10.300012207031273,
    10.149987792968773,
    9.999993896484398,
    9.850000000000023,
    9.700006103515648,
    9.550012207031273,
    9.399987792968773,
    8.978875732421898,
    8.201959228515648,
    7.349084472656273,
    6.700006103515648,
    6.357904052734398,
    6.149987792968773,
    5.942102050781273,
    5.600000000000023,
    4.941003417968773,
    4.063317871093773,
    3.2539611816406477,
    2.8000122070312727,
    2.6291442871093977,
    2.4749084472656477,
    2.3332153320312727,
    2.2000061035156477,
    2.0766845703125227,
    1.9598327636718977,
    1.8380676269531477,
    1.7000061035156477,
    1.4921203613281477,
    1.2039733886718977,
    0.8888488769531477,
    0.6000000000000227,
    0.41335449218752274,
    0.31020507812502274,
    0.20195922851564774,
    -6.1035156022626325e-06,
    -0.7735656738281023,
    -2.1510986328124773,
    -3.5530761718749773,
    -4.399999999999977
  ],
  "rewards": [
    4.120979222776403,
    4.115054529951921,
    4.041117961602322,
    3.9698265858460595,
    3.9077210109681286,
    3.853879691883962,
    3.805885754423257,
    3.7613691613823597,
    3.718646088801367,
    3.6765443842579115,
    3.634704109951898,
    3.592804602505684,
    3.5507493382320265,
    3.5086222347245086,
    3.466321936817887,
    3.423867874192122,
    3.381345204161528,
    3.338909506471877,
    3.296656541600873,
    3.254615599177828,
    3.2128832242638383,
    3.1714217349608016,
    3.1303298621997757,
    3.114743142649584,
    3.1671395712346357,
    3.2525262384582816,
    3.3178817418963207,
    3.324368238821675,
    3.289838607208853,
    3.249981652163019,
    3.2764469183702523,
    4.274051666222544,
    3.8130626089498816,
    4.540353482519098,
    4.1682861851249235,
    -24.630465008935452,
    -41.957264843005284,
    4.112947784124545,
    4.855602107350523,
    4.9530455639666835,
    4.905007070824494,
    -0.8436963985813124,
    4.596756711966617,
    4.250075471739949,
    3.7691899623636367,
    2.515656850551517,
    2.531581510418844,
    -0.012824345524227652,
    -0.23496448655163987,
    4.876894154302239,
    1.9542502394703938,
    -0.615725297117257,
    -1.3508380699344813,
    3.0049678051145197,
    -5.337659586262448,
    -24.268822881095588,
    -3.8747394247670335,
    -4.134322314039019,
    -8.621875528451268,
    -4.495309187050899,
    -4.321544067636282,
    -3.9812177098543886,
    4.918032349655399,
    4.9241680391711915,
    -6.426615193060619,
    -0.7743915508590944,
    -1.4241869677231573,
    -0.9667368086476746,
    -0.10380616056532636,
    -0.37060200791810344,
    -0.006336108546545515,
    4.790196500415931,
    3.776551293201053,
    4.279093461823683,
    4.197525461213628,
    4.278813078552451,
    4.385579382078691,
    4.488125756154132,
    -1.7852256193675116,
    4.7372073405413975,
    4.92775302126537,
    4.880259573982773,
    4.9794060705668945,
    4.872007408386652,
    4.958958952287207,
    4.924117802683985,
    -6.425160761233236,
    4.953312337746358,
    4.952216381030158,
    4.946180163370448,
    4.9357084371842,
    4.785584824592215,
    -22.176505786313868,
    4.727335426117433,
    4.694565112637375
  ],