{
  "episode": 288,
  "steps": 96,
  "actions": [
    23,
    23,
    23,
    23,
    21,
    23,
    21,
    23,
    22,
    22,
    21,
    21,
    21,
    21,
    21,
    21,
    21,
    22,
    23,
    23,
    23,
    21,
    23,
    23,
    23,
    21,
    21,
    23,
    21,
    21,
    14,
    7,
    4,
    20,
    4,
    6,
    6,
    6,
    6,
    6,
    6,
    15,
    22,
    21,
    20,
    21,
    21,
    23,
    2,
    0,
    0,
    1,
    2,
    1,
    1,
    1,
    2,
    1,
    2,
    1,
    1,
    2,
    2,
    0,
    2,
    2,
    2,
    3,
    3,
    3,
    3,
    14,
    6,
    6,
    6,
    7,
    6,
    6,
    6,
    6,
    14,
    6,
    13,
    7,
    13,
    7,
    6,
    6,
    4,
    4,
    4,
    4,
    20,
    12,
    22,
    15
  ],
  "temperatures": [
    21.269677734375023,
    21.254388427734398,
    21.209039306640648,
    21.165368652343773,
    21.125360107421898,
    21.089532470703148,
    21.057702636718773,
    21.029138183593773,
    21.002374267578148,
    20.976342773437523,
    20.950372314453148,
    20.924218750000023,
    20.898217773437523,
    20.872308349609398,
    20.846490478515648,
    20.820550537109398,
    20.794244384765648,
    20.768182373046898,
    20.744561767578148,
    20.722009277343773,
    20.700433349609398,
    20.689080810546898,
    20.698510742187523,
    20.732263183593773,
    20.785089111328148,
    20.850305175781273,
    20.920159912109398,
    20.990747070312523,
    21.065301513671898,
    21.146386718750023,
    20.834039306640648,
    21.058190917968773,
    21.247308349609398,
    22.065484619140648,
    21.679467773437523,
    21.851312255859398,
    22.057977294921898,
    22.265893554687523,
    22.470269775390648,
    22.682885742187523,
    22.905023193359398,
    23.106408691406273,
    23.220697021484398,
    23.339593505859398,
    23.441339111328148,
    23.538598632812523,
    23.635583496093773,
    23.731042480468773,
    21.210473632812523,
    21.197686767578148,
    21.266290283203148,
    21.340112304687523,
    21.409173583984398,
    21.468865966796898,
    21.518457031250023,
    21.563806152343773,
    21.599298095703148,
    21.617761230468773,
    21.617852783203148,
    21.596978759765648,
    21.548883056640648,
    21.480493164062523,
    21.403222656250023,
    21.322412109375023,
    21.239495849609398,
    21.161370849609398,
    21.089257812500023,
    21.025598144531273,
    20.968804931640648,
    20.906793212890648,
    20.829095458984398,
    22.999932861328148,
    22.968408203125023,
    22.876000976562523,
    22.778405761718773,
    22.682641601562523,
    22.585565185546898,
    22.485833740234398,
    22.388726806640648,
    22.291986083984398,
    22.372064208984398,
    22.109307861328148,
    22.223229980468773,
    21.921624755859398,
    22.077050781250023,
    21.739251708984398,
    21.632226562500023,
    21.533807373046898,
    21.435601806640648,
    21.337731933593773,
    21.240869140625023,
    21.144158935546898,
    21.768121337890648,
    21.435937500000023,
    21.676751708984398,
    21.322839355468773
  ],
  "outdoor_temps": [
    3.4666687011718977,
    3.1625000000000227,
    2.8999877929687727,
    2.6648498535156477,
    2.4479309082031477,
    2.2570434570312727,
    2.1000000000000227,
    1.9714904785156477,
    1.8531127929687727,
    1.7332092285156477,
    1.6000000000000227,
    1.4550720214843977,
    1.3073059082031477,
    1.1558471679687727,
    0.9999938964843977,
    0.8346801757812727,
    0.6591430664062727,
    0.47902832031252274,
    0.30001220703127274,
    0.008477783203147737,
    -0.37579956054685226,
    -0.6471923828124773,
    -0.6000122070312273,
    -0.21109619140622726,
    0.33709106445314774,
    0.9417358398437727,
    1.4999938964843977,
    1.9992919921875227,
    2.4972778320312727,
    2.9966369628906477,
    3.4999938964843977,
    4.021478271484398,
    4.559381103515648,
    5.092584228515648,
    5.600000000000023,
    6.067590332031273,
    6.509362792968773,
    6.946496582031273,
    7.399987792968773,
    7.872644042968773,
    8.350000000000023,
    8.827355957031273,
    9.300012207031273,
    9.774621582031273,
    10.246881103515648,
    10.695703125000023,
    11.100000000000023,
    11.475000000000023,
    11.850000000000023,
    12.225000000000023,
    12.600000000000023,
    12.975000000000023,
    13.350000000000023,
    13.725000000000023,
    14.100000000000023,
    14.475000000000023,
    14.850000000000023,
    15.225000000000023,
    15.600000000000023,
    15.789056396484398,
    15.712487792968773,
    15.529687500000023,
    15.399987792968773,
    15.350000000000023,
    15.300012207031273,
    15.249993896484398,
    15.200006103515648,
    15.253137207031273,
    15.374993896484398,
    15.359368896484398,
    14.999993896484398,
    14.399987792968773,
    13.800012207031273,
    13.200006103515648,
    12.600000000000023,
    11.999993896484398,
    11.399987792968773,
    10.800012207031273,
    10.200006103515648,
    9.600000000000023,
    8.999993896484398,
    8.399987792968773,
    7.800012207031273,
    7.225000000000023,
    6.683343505859398,
    6.149987792968773,
    5.600000000000023,
    5.029412841796898,
    4.453424072265648,
    3.8757263183593977,
    3.3000122070312727,
    2.6992736816406477,
    2.0882202148437727,
    1.5330749511718977,
    1.1000000000000227,
    0.8330932617187727
  ],
  "rewards": [
    4.966611685022712,
    4.966351832613349,
    4.965532367691398,
    4.96474327968061,
    4.964020148977637,
    4.963373146415405,
    4.96279860304296,
    4.962283372045211,
    4.961800220474601,
    4.961329746656443,
    4.9608589903641,
    4.960384679198913,
    4.959911476731948,
    4.959439840675048,
    4.958968580127411,
    4.958494104505233,
    4.958012683749847,
    4.957534460187606,
    4.957101419382121,
    4.956687354311347,
    4.956290877327323,
    4.956083420976997,
    4.956259692073516,
    4.956884886488319,
    4.9578616611808535,
    4.95906787918508,
    4.96035955584114,
    4.961664318204574,
    4.963042662605643,
    4.96454195654457,
    4.971572305270187,
    4.985578705998948,
    4.986973701514709,
    4.98152329012622,
    4.990164395590272,
    4.991433438208521,
    4.99296075820931,
    4.994497540593228,
    4.996008178144774,
    4.997580120489082,
    4.99922247260817,
    4.999170671166933,
    4.9975638790529056,
    4.9969042124974985,
    4.996339846388153,
    4.995800309947651,
    4.995262276292495,
    4.994732639253788,
    4.986139903826639,
    4.986168252979689,
    4.98601601706259,
    4.985852177901194,
    4.985698930779148,
    4.985566489552431,
    4.985456488588501,
    4.985355839589287,
    4.985277182021786,
    4.985236258660727,
    4.985236119189907,
    4.985282616173201,
    4.985389650622059,
    4.985541709521462,
    4.985713593517714,
    4.985893310462409,
    4.986077706081793,
    4.9862515382518104,
    4.986412057732515,
    4.9865537311186126,
    4.986680215156678,
    4.986818301535252,
    4.986991197622422,
    4.999572280883946,
    4.999679605620791,
    4.998998305536888,
    4.998278729319654,
    4.997572479322634,
    4.996856343321907,
    4.996120537221513,
    4.995404220223508,
    4.994690622985444,
    4.991465702453709,
    4.993342541488698,
    4.9895420731102,
    4.991956290985012,
    4.987652089344743,
    4.990608520294095,
    4.989817426003921,
    4.989089808017097,
    4.988363784998736,
    4.987639968541086,
    4.986923660483778,
    4.986208355572642,
    4.976028330771819,
    4.979355587630492,
    4.974337704021646,
    4.977890227198924
  ],