{
  "episode": 819,
  "steps": 95,
  "actions": [
    23,
    23,
    23,
    23,
    12,
    12,
    23,
    20,
    12,
    13,
    13,
    12,
    15,
    12,
    23,
    12,
    20,
    21,
    12,
    21,
    20,
    21,
    12,
    13,
    21,
    20,
    21,
    20,
    12,
    12,
    15,
    15,
    6,
    20,
    12,
    21,
    22,
    22,
    12,
    22,
    15,
    12,
    12,
    22,
    0,
    15,
    0,
    15,
    22,
    8,
    8,
    0,
    2,
    10,
    9,
    2,
    23,
    1,
    9,
    11,
    8,
    0,
    1,
    8,
    3,
    8,
    10,
    16,
    16,
    8,
    1,
    1,
    12,
    15,
    22,
    21,
    15,
    12,
    12,
    21,
    12,
    6,
    12,
    21,
    14,
    13,
    15,
    20,
    23,
    12,
    22,
    20,
    15,
    15,
    20
  ],
  "temperatures": [
    21.111627197265648,
    21.104028320312523,
    21.062646484375023,
    21.024285888671898,
    20.531274414062523,
    20.474237060546898,
    20.916040039062523,
    20.905114746093773,
    20.409600830078148,
    20.363702392578148,
    20.331079101562523,
    20.301812744140648,
    20.274377441406273,
    20.248040771484398,
    20.734033203125023,
    20.225305175781273,
    20.702172851562523,
    20.697045898437523,
    20.172235107421898,
    20.653192138671898,
    20.647119140625023,
    20.635186767578148,
    20.098504638671898,
    20.066278076171898,
    20.611291503906273,
    20.659722900390648,
    20.692926025390648,
    20.699121093750023,
    20.184747314453148,
    20.140252685546898,
    20.141015625000023,
    20.755426025390648,
    20.308526611328148,
    21.352197265625023,
    21.105218505859398,
    21.501000976562523,
    21.571313476562523,
    21.670800781250023,
    21.599969482421898,
    22.120233154296898,
    22.218835449218773,
    22.512719726562523,
    22.798699951171898,
    23.078424072265648,
    20.401879882812523,
    23.561517333984398,
    21.129418945312523,
    24.056329345703148,
    24.117517089843773,
    20.625238037109398,
    20.720300292968773,
    22.279321289062523,
    22.547601318359398,
    21.239434814453148,
    21.316735839843773,
    22.903009033203148,
    24.929589843750023,
    23.223229980468773,
    21.607934570312523,
    21.540155029296898,
    21.468743896484398,
    22.918695068359398,
    22.831933593750023,
    21.128839111328148,
    22.252008056640648,
    20.644891357421898,
    20.403680419921898,
    19.367303466796898,
    19.197869873046898,
    19.831140136718773,
    20.845056152343773,
    20.123620605468773,
    22.776208496093773,
    22.723504638671898,
    22.700677490234398,
    22.642663574218773,
    22.490655517578148,
    22.406518554687523,
    22.326867675781273,
    22.387933349609398,
    22.193017578125023,
    21.890374755859398,
    22.052911376953148,
    22.176660156250023,
    21.930322265625023,
    21.852868652343773,
    21.778558349609398,
    21.945520019531273,
    21.893457031250023,
    21.579949951171898,
    21.783319091796898,
    21.725976562500023,
    21.334588623046898,
    21.198663330078148,
    21.437921142578148
  ],
  "outdoor_temps": [
    -6.1035156022626325e-06,
    -6.1035156022626325e-06,
    -6.1035156022626325e-06,
    -6.1035156022626325e-06,
    -6.1035156022626325e-06,
    -6.1035156022626325e-06,
    -6.1035156022626325e-06,
    -6.1035156022626325e-06,
    -6.1035156022626325e-06,
    -6.1035156022626325e-06,
    -6.1035156022626325e-06,
    -6.1035156022626325e-06,
    -6.1035156022626325e-06,
    -6.1035156022626325e-06,
    -6.1035156022626325e-06,
    -6.1035156022626325e-06,
    -6.1035156022626325e-06,
    -6.1035156022626325e-06,
    -6.1035156022626325e-06,
    -6.1035156022626325e-06,
    -6.1035156022626325e-06,
    -6.1035156022626325e-06,
    -6.1035156022626325e-06,
    0.48467407226564774,
    1.5674987792968977,
    2.6915527343750227,
    3.3000122070312727,
    3.2094665527343977,
    2.8019348144531477,
    2.3684326171875227,
    2.2000061035156477,
    2.3021789550781477,
    2.5030456542968977,
    2.8273864746093977,
    3.3000122070312727,
    4.170007324218773,
    5.390008544921898,
    6.540002441406273,
    7.200006103515648,
    7.400476074218773,
    7.509606933593773,
    7.613946533203148,
    7.800012207031273,
    8.075891113281273,
    8.371636962890648,
    8.656549072265648,
    8.899987792968773,
    9.066003417968773,
    9.171868896484398,
    9.266809082031273,
    9.399987792968773,
    9.710534667968773,
    10.159387207031273,
    10.528527832031273,
    10.600000000000023,
    10.450006103515648,
    10.300012207031273,
    10.149987792968773,
    9.999993896484398,
    9.850000000000023,
    9.700006103515648,
    9.550012207031273,
    9.399987792968773,
    8.978875732421898,
    8.201959228515648,
    7.349084472656273,
    6.700006103515648,
    6.357904052734398,
    6.149987792968773,
    5.942102050781273,
    5.600000000000023,
    4.941003417968773,
    4.063317871093773,
    3.2539611816406477,
    2.8000122070312727,
    2.6291442871093977,
    2.4749084472656477,
    2.3332153320312727,
    2.2000061035156477,
    2.0766845703125227,
    1.9598327636718977,
    1.8380676269531477,
    1.7000061035156477,
    1.4921203613281477,
    1.2039733886718977,
    0.8888488769531477,
    0.6000000000000227,
    0.41335449218752274,
    0.31020507812502274,
    0.20195922851564774,
    -6.1035156022626325e-06,
    -0.7735656738281023,
    -2.1510986328124773,
    -3.5530761718749773,
    -4.399999999999977
  ],
  "rewards": [
    4.963678053930402,
    4.9635631695538756,
    4.962818720653653,
    4.962127915933729,
    4.967531105432659,
    4.966805889733298,
    4.960170775938941,
    4.959981029346586,
    4.966001427183818,
    4.96541572583483,
    4.965001671389231,
    4.964630117491374,
    4.96428123367594,
    4.963946222102998,
    4.956875499773933,
    4.963661700639873,
    4.956296042490912,
    4.956205412319821,
    4.96298624878069,
    4.955401529360724,
    4.955292442054204,
    4.955074728897732,
    4.962042150546513,
    4.961628675587637,
    4.95464357995663,
    4.95554103991454,
    4.956156363657635,
    4.956271451920919,
    4.963169196854305,
    4.9625938845949005,
    4.9626039983110255,
    4.970556156075357,
    4.980031345299243,
    4.968334490360773,
    4.975068904767704,
    4.971076494742347,
    4.972372228712492,
    4.974208748005654,
    4.981460437279518,
    4.982517670083952,
    4.989470869701679,
    4.993275550490974,
    4.996977645658118,
    4.998353568732901,
    4.987934328493054,
    4.997403573323041,
    4.986319273820876,
    -0.010161999970680919,
    -0.03814509807269251,
    4.977736413579757,
    4.977367039443196,
    4.983766654030623,
    4.983171436119824,
    4.975351307536759,
    4.975051470480373,
    4.982383528255048,
    -2.1662150943510317,
    4.981673356223851,
    4.973921863585387,
    4.974185093774582,
    4.974462378747923,
    4.982349001066031,
    4.98254137449339,
    4.9757819522914035,
    4.983828453914465,
    4.97766175701939,
    4.97859891367072,
    -1.0133960388902987,
    -1.6206954832612235,
    -0.08084289372856227,
    4.986951978401484,
    4.988557520135913,
    4.996680405065093,
    4.9960000855253766,
    4.993250957625715,
    4.992180027179743,
    4.992991446007691,
    4.991904180384038,
    4.990874614544374,
    4.987476522017432,
    4.9891447908177,
    4.991719475285312,
    4.987334508141584,
    4.983577233839942,
    4.985751225103341,
    4.984750892543112,
    4.983791014031062,
    4.979312188821642,
    4.978351505569141,
    4.981226189289242,
    4.9763188561687,
    4.975260086320664,
    4.978054943690967,
    4.976297361886858,
    4.9699384387310435
  ],