{
  "episode": 1927,
  "steps": 95,
  "actions": [
    23,
    23,
    23,
    23,
    21,
    15,
    22,
    20,
    22,
    21,
    22,
    22,
    14,
    22,
    15,
    15,
    21,
    13,
    13,
    22,
    21,
    22,
    21,
    15,
    20,
    20,
    14,
    21,
    21,
    22,
    21,
    12,
    22,
    21,
    14,
    20,
    20,
    14,
    21,
    12,
    14,
    13,
    12,
    20,
    13,
    20,
    19,
    15,
    3,
    3,
    0,
    3,
    10,
    2,
    2,
    0,
    3,
    3,
    11,
    0,
    9,
    11,
    2,
    19,
    11,
    3,
    3,
    0,
    2,
    7,
    15,
    14,
    6,
    15,
    13,
    15,
    5,
    4,
    20,
    14,
    4,
    20,
    5,
    22,
    7,
    13,
    21,
    21,
    14,
    21,
    15,
    14,
    15,
    22,
    14
  ],
  "temperatures": [
    21.111627197265648,
    21.104028320312523,
    21.062646484375023,
    21.024285888671898,
    20.991937255859398,
    20.498834228515648,
    20.924737548828148,
    20.910943603515648,
    20.893060302734398,
    20.874658203125023,
    20.856042480468773,
    20.837396240234398,
    20.328515625000023,
    20.783105468750023,
    20.274621582031273,
    20.230462646484398,
    20.713555908203148,
    20.198846435546898,
    20.157922363281273,
    20.653527832031273,
    20.650415039062523,
    20.639978027343773,
    20.627374267578148,
    20.100915527343773,
    20.628411865234398,
    20.673516845703148,
    20.203454589843773,
    20.691827392578148,
    20.687219238281273,
    20.675195312500023,
    20.689752197265648,
    20.809167480468773,
    21.306176757812523,
    21.408013916015648,
    21.150567626953148,
    21.531579589843773,
    21.597406005859398,
    21.403070068359398,
    21.873651123046898,
    21.931237792968773,
    22.230981445312523,
    22.529229736328148,
    22.814691162109398,
    23.092279052734398,
    23.399438476562523,
    23.572381591796898,
    19.095788574218773,
    24.022729492187523,
    21.759729003906273,
    21.931176757812523,
    22.156304931640648,
    22.382562255859398,
    21.112481689453148,
    22.714562988281273,
    22.924279785156273,
    23.048425292968773,
    23.134881591796898,
    23.194757080078148,
    21.624108886718773,
    23.129907226562523,
    21.550256347656273,
    21.434899902343773,
    22.805200195312523,
    20.146417236328148,
    20.820336914062523,
    21.925531005859398,
    21.736718750000023,
    21.541497802734398,
    21.367425537109398,
    24.055993652343773,
    23.850427246093773,
    23.194329833984398,
    23.085107421875023,
    22.937188720703148,
    22.829797363281273,
    22.742425537109398,
    22.565698242187523,
    22.444665527343773,
    22.563836669921898,
    22.398614501953148,
    22.146722412109398,
    22.384454345703148,
    21.978265380859398,
    22.272393798828148,
    21.795983886718773,
    21.958551025390648,
    22.089532470703148,
    22.035821533203148,
    21.750207519531273,
    21.917077636718773,
    21.612695312500023,
    21.525689697265648,
    21.411248779296898,
    21.600152587890648,
    21.182916259765648
  ],
  "outdoor_temps": [
    -6.1035156022626325e-06,
    -6.1035156022626325e-06,
    -6.1035156022626325e-06,
    -6.1035156022626325e-06,
    -6.1035156022626325e-06,
    -6.1035156022626325e-06,
    -6.1035156022626325e-06,
    -6.1035156022626325e-06,
    -6.1035156022626325e-06,
    -6.1035156022626325e-06,
    -6.1035156022626325e-06,
    -6.1035156022626325e-06,
    -6.1035156022626325e-06,
    -6.1035156022626325e-06,
    -6.1035156022626325e-06,
    -6.1035156022626325e-06,
    -6.1035156022626325e-06,
    -6.1035156022626325e-06,
    -6.1035156022626325e-06,
    -6.1035156022626325e-06,
    -6.1035156022626325e-06,
    -6.1035156022626325e-06,
    -6.1035156022626325e-06,
    0.48467407226564774,
    1.5674987792968977,
    2.6915527343750227,
    3.3000122070312727,
    3.2094665527343977,
    2.8019348144531477,
    2.3684326171875227,
    2.2000061035156477,
    2.3021789550781477,
    2.5030456542968977,
    2.8273864746093977,
    3.3000122070312727,
    4.170007324218773,
    5.390008544921898,
    6.540002441406273,
    7.200006103515648,
    7.400476074218773,
    7.509606933593773,
    7.613946533203148,
    7.800012207031273,
    8.075891113281273,
    8.371636962890648,
    8.656549072265648,
    8.899987792968773,
    9.066003417968773,
    9.171868896484398,
    9.266809082031273,
    9.399987792968773,
    9.710534667968773,
    10.159387207031273,
    10.528527832031273,
    10.600000000000023,
    10.450006103515648,
    10.300012207031273,
    10.149987792968773,
    9.999993896484398,
    9.850000000000023,
    9.700006103515648,
    9.550012207031273,
    9.399987792968773,
    8.978875732421898,
    8.201959228515648,
    7.349084472656273,
    6.700006103515648,
    6.357904052734398,
    6.149987792968773,
    5.942102050781273,
    5.600000000000023,
    4.941003417968773,
    4.063317871093773,
    3.2539611816406477,
    2.8000122070312727,
    2.6291442871093977,
    2.4749084472656477,
    2.3332153320312727,
    2.2000061035156477,
    2.0766845703125227,
    1.9598327636718977,
    1.8380676269531477,
    1.7000061035156477,
    1.4921203613281477,
    1.2039733886718977,
    0.8888488769531477,
    0.6000000000000227,
    0.41335449218752274,
    0.31020507812502274,
    0.20195922851564774,
    -6.1035156022626325e-06,
    -0.7735656738281023,
    -2.1510986328124773,
    -3.5530761718749773,
    -4.399999999999977
  ],
  "rewards": [
    4.963678053930402,
    4.9635631695538756,
    4.962818720653653,
    4.962127915933729,
    4.961546359375119,
    4.967124904443226,
    4.960332037406771,
    4.960088957809235,
    4.959769442251843,
    4.9594387867677465,
    4.959103628606252,
    4.958767047189499,
    4.964982488282349,
    4.957776968662506,
    4.964295578103836,
    4.963728666341661,
    4.9565065528925345,
    4.96332724695345,
    4.9628008831297254,
    4.955407691237071,
    4.955353310369278,
    4.955162834138326,
    4.954933108352448,
    4.9620765650763135,
    4.95495971222481,
    4.955796132258099,
    4.963410320292186,
    4.956136590425735,
    4.956051918477468,
    4.95583014270728,
    4.95609939720514,
    4.971251592089138,
    4.967488539505911,
    4.96936638977411,
    4.975655734588108,
    4.971641832773452,
    4.972854840329807,
    4.978913325677585,
    4.977958171834116,
    4.985748262156449,
    4.989627992637617,
    4.993489200048958,
    4.9971848931913465,
    4.998276766471727,
    4.998033200959634,
    4.9956127725658215,
    -2.0558771769040574,
    -0.0034558179801274826,
    4.9849200127634985,
    4.984539396685589,
    4.984039667171467,
    4.983537564802915,
    4.975844063309062,
    4.982801117761506,
    4.982336017410554,
    4.98206081203679,
    4.981869246888905,
    4.981736502570141,
    4.973858985503245,
    4.981880563996894,
    4.974145761881024,
    4.9745935781142965,
    4.982600742481811,
    4.970235659784921,
    4.976980200471924,
    4.984553265474898,
    4.984972511750687,
    4.98540596656226,
    4.985792436230928,
    -0.00904301290652015,
    4.99628220112476,
    4.998832837677358,
    4.999736088069966,
    4.998765100380487,
    4.997376798054932,
    4.996247516572962,
    4.996707805952786,
    4.995814043475073,
    4.990725981591837,
    4.991803287277889,
    4.993613277026331,
    4.9874135768400585,
    4.992369470084976,
    4.985345366576444,
    4.991024156388219,
    4.9861171115324225,
    4.9819707318512,
    4.980979948849134,
    4.983426296163998,
    4.978788555447822,
    4.9816498566164595,
    4.980525626576303,
    4.979046277426993,
    4.97293595929703,
    4.976092702251251
  ],