{
  "episode": 1413,
  "steps": 95,
  "actions": [
    23,
    23,
    23,
    23,
    23,
    20,
    23,
    23,
    21,
    22,
    13,
    23,
    5,
    23,
    22,
    20,
    21,
    20,
    23,
    12,
    9,
    5,
    23,
    22,
    21,
    21,
    20,
    23,
    23,
    22,
    23,
    22,
    21,
    21,
    12,
    22,
    23,
    23,
    23,
    22,
    21,
    21,
    23,
    23,
    23,
    23,
    23,
    22,
    22,
    21,
    21,
    5,
    22,
    22,
    22,
    21,
    22,
    22,
    23,
    23,
    22,
    22,
    23,
    21,
    22,
    4,
    23,
    22,
    20,
    23,
    21,
    21,
    23,
    23,
    20,
    23,
    21,
    20,
    13,
    21,
    21,
    21,
    21,
    15,
    21,
    22,
    22,
    21,
    23,
    23,
    21,
    23,
    22,
    23,
    22
  ],
  "temperatures": [
    20.975762939453148,
    20.971978759765648,
    20.926324462890648,
    20.884027099609398,
    20.848413085937523,
    20.818383789062523,
    20.792230224609398,
    20.768457031250023,
    20.746057128906273,
    20.724359130859398,
    20.138330078125023,
    20.660302734375023,
    19.108483886718773,
    20.577569580078148,
    20.588372802734398,
    20.578393554687523,
    20.564111328125023,
    20.547906494140648,
    20.530847167968773,
    19.915917968750023,
    15.843103027343773,
    18.343927001953148,
    20.296258544921898,
    20.354302978515648,
    20.403466796875023,
    20.455926513671898,
    20.494378662109398,
    20.503350830078148,
    20.491998291015648,
    20.477319335937523,
    20.491357421875023,
    21.035394287109398,
    21.161584472656273,
    21.263970947265648,
    20.951104736328148,
    21.390466308593773,
    21.461602783203148,
    21.563958740234398,
    21.763757324218773,
    22.044488525390648,
    22.319512939453148,
    22.577203369140648,
    22.824792480468773,
    23.067987060546898,
    23.323785400390648,
    23.573541259765648,
    23.808953857421898,
    24.028771972656273,
    24.234155273437523,
    24.426660156250023,
    24.602777099609398,
    25.784570312500023,
    24.965570068359398,
    25.102899169921898,
    25.218988037109398,
    25.303643798828148,
    25.367547607421898,
    25.414697265625023,
    25.442742919921898,
    25.446649169921898,
    25.422845458984398,
    25.369104003906273,
    25.263238525390648,
    25.106927490234398,
    24.907769775390648,
    25.809930419921898,
    24.597863769531273,
    24.455499267578148,
    24.345422363281273,
    24.250726318359398,
    24.161645507812523,
    23.592370605468773,
    23.454400634765648,
    23.331811523437523,
    23.228784179687523,
    23.146142578125023,
    23.063195800781273,
    22.975061035156273,
    22.869683837890648,
    22.812890625000023,
    22.741754150390648,
    22.674096679687523,
    22.608026123046898,
    22.437738037109398,
    22.465722656250023,
    22.393853759765648,
    22.321313476562523,
    22.249932861328148,
    22.177850341796898,
    22.109399414062523,
    22.044396972656273,
    21.969445800781273,
    21.867028808593773,
    21.753106689453148,
    21.651910400390648
  ],
  "outdoor_temps": [
    -6.1035156022626325e-06,
    -6.1035156022626325e-06,
    -6.1035156022626325e-06,
    -6.1035156022626325e-06,
    -6.1035156022626325e-06,
    -6.1035156022626325e-06,
    -6.1035156022626325e-06,
    -6.1035156022626325e-06,
    -6.1035156022626325e-06,
    -6.1035156022626325e-06,
    -6.1035156022626325e-06,
    -6.1035156022626325e-06,
    -6.1035156022626325e-06,
    -6.1035156022626325e-06,
    -6.1035156022626325e-06,
    -6.1035156022626325e-06,
    -6.1035156022626325e-06,
    -6.1035156022626325e-06,
    -6.1035156022626325e-06,
    -6.1035156022626325e-06,
    -6.1035156022626325e-06,
    -6.1035156022626325e-06,
    -6.1035156022626325e-06,
    0.48467407226564774,
    1.5674987792968977,
    2.6915527343750227,
    3.3000122070312727,
    3.2094665527343977,
    2.8019348144531477,
    2.3684326171875227,
    2.2000061035156477,
    2.3021789550781477,
    2.5030456542968977,
    2.8273864746093977,
    3.3000122070312727,
    4.170007324218773,
    5.390008544921898,
    6.540002441406273,
    7.200006103515648,
    7.400476074218773,
    7.509606933593773,
    7.613946533203148,
    7.800012207031273,
    8.075891113281273,
    8.371636962890648,
    8.656549072265648,
    8.899987792968773,
    9.066003417968773,
    9.171868896484398,
    9.266809082031273,
    9.399987792968773,
    9.710534667968773,
    10.159387207031273,
    10.528527832031273,
    10.600000000000023,
    10.450006103515648,
    10.300012207031273,
    10.149987792968773,
    9.999993896484398,
    9.850000000000023,
    9.700006103515648,
    9.550012207031273,
    9.399987792968773,
    8.978875732421898,
    8.201959228515648,
    7.349084472656273,
    6.700006103515648,
    6.357904052734398,
    6.149987792968773,
    5.942102050781273,
    5.600000000000023,
    4.941003417968773,
    4.063317871093773,
    3.2539611816406477,
    2.8000122070312727,
    2.6291442871093977,
    2.4749084472656477,
    2.3332153320312727,
    2.2000061035156477,
    2.0766845703125227,
    1.9598327636718977,
    1.8380676269531477,
    1.7000061035156477,
    1.4921203613281477,
    1.2039733886718977,
    0.8888488769531477,
    0.6000000000000227,
    0.41335449218752274,
    0.31020507812502274,
    0.20195922851564774,
    -6.1035156022626325e-06,
    -0.7735656738281023,
    -2.1510986328124773,
    -3.5530761718749773,
    -4.399999999999977
  ],
  "rewards": [
    4.9077753899246455,
    4.9076752827316525,
    4.905702330842614,
    4.90387322165072,
    4.902335326448083,
    4.901042344346642,
    4.899916627041024,
    4.89889272429049,
    4.897925631776452,
    4.896989104420594,
    4.91468091002139,
    4.894189316925147,
    -0.8092278203880009,
    4.890553376415502,
    4.891048791185021,
    4.890618903361585,
    4.889997584453743,
    4.889289519459657,
    4.888541552654427,
    -0.03006415050476407,
    -17.281848653990423,
    -2.759816132742715,
    4.878167006710302,
    4.880751654878258,
    4.882940470896985,
    4.885274340779238,
    4.886983916432313,
    4.887384001842659,
    4.88688233114779,
    4.886231553331018,
    4.8868552085984005,
    4.910992829576134,
    4.916575848780896,
    4.92110454765027,
    4.9388472269556445,
    4.926695668447924,
    4.929840819560315,
    4.934374186769128,
    4.943236658349633,
    4.955695936456323,
    4.967901136599805,
    4.97933941927617,
    4.990329100758485,
    4.997202524319291,
    4.993796181455255,
    4.990470396652817,
    4.987335214391351,
    -0.00488354168832433,
    -0.05956811559914016,
    -0.1874191520881588,
    -0.3693068130978698,
    -3.1878046351730744,
    -0.9394998295589424,
    -1.2240178500262144,
    -1.4939494122711119,
    -1.70778641031656,
    -1.878698353684853,
    -2.0100371236873054,
    -2.0902693097439804,
    -2.1015690193698466,
    -2.0331851549074704,
    -1.8829629710090523,
    -1.6039364190545993,
    -1.2329329616949467,
    -0.8310274358758225,
    -3.278989315024335,
    -0.3633906193984863,
    -0.21295523356648371,
    -0.12442576555131844,
    -0.06765755917230223,
    -0.03062659926713248,
    4.9902298202819155,
    4.99206593480771,
    4.993697128370404,
    4.995067900195718,
    4.996166926703375,
    4.997270554974675,
    4.996991050437741,
    4.995577409981709,
    4.9898011770812065,
    4.9866484030789655,
    4.983648780257158,
    4.980720560223512,
    4.982814130642168,
    4.974415557044356,
    4.971232154042177,
    4.96801865550163,
    4.964856738768842,
    4.961664137513093,
    4.958631520047784,
    4.955752808824181,
    4.95243098464673,
    4.947891905084252,
    4.94284132214668,
    4.938352606073022
  ],