{
  "episode": 676,
  "steps": 95,
  "actions": [
    23,
    23,
    23,
    23,
    23,
    23,
    23,
    15,
    23,
    21,
    22,
    11,
    21,
    23,
    5,
    21,
    23,
    3,
    4,
    14,
    23,
    23,
    22,
    23,
    23,
    15,
    23,
    1,
    13,
    23,
    23,
    23,
    23,
    20,
    23,
    20,
    12,
    12,
    23,
    22,
    21,
    12,
    23,
    23,
    5,
    20,
    23,
    22,
    23,
    13,
    23,
    23,
    6,
    23,
    23,
    21,
    22,
    12,
    23,
    14,
    5,
    15,
    22,
    21,
    12,
    23,
    21,
    23,
    22,
    23,
    20,
    23,
    23,
    22,
    6,
    23,
    23,
    23,
    15,
    5,
    6,
    23,
    12,
    15,
    21,
    23,
    21,
    23,
    23,
    22,
    23,
    23,
    23,
    23,
    23
  ],
  "temperatures": [
    20.975762939453148,
    20.971978759765648,
    20.926324462890648,
    20.884027099609398,
    20.848413085937523,
    20.818383789062523,
    20.792230224609398,
    20.214715576171898,
    20.724633789062523,
    20.713891601562523,
    20.696069335937523,
    16.105187988281273,
    20.501947021484398,
    20.562951660156273,
    18.985314941406273,
    20.500115966796898,
    20.517510986328148,
    16.290734863281273,
    18.427392578125023,
    19.675225830078148,
    20.356744384765648,
    20.378625488281273,
    20.380761718750023,
    20.385949707031273,
    20.415795898437523,
    19.856835937500023,
    20.466668701171898,
    16.229364013671898,
    19.649743652343773,
    20.357965087890648,
    20.409020996093773,
    20.969354248046898,
    21.106011962890648,
    21.214837646484398,
    21.297357177734398,
    21.362817382812523,
    21.058923339843773,
    21.160028076171898,
    21.711724853515648,
    22.002648925781273,
    22.284448242187523,
    22.407830810546898,
    22.789178466796898,
    23.034539794921898,
    23.423120117187523,
    23.540063476562523,
    23.773980712890648,
    23.993737792968773,
    24.199304199218773,
    24.704583740234398,
    24.577142333984398,
    24.744897460937523,
    25.998468017578148,
    25.087976074218773,
    25.194665527343773,
    25.278070068359398,
    25.341699218750023,
    25.945611572265648,
    25.433007812500023,
    26.001702880859398,
    26.875085449218773,
    25.987084960937523,
    25.290826416015648,
    25.120874023437523,
    25.383874511718773,
    24.744287109375023,
    24.581048583984398,
    24.449578857421898,
    24.340692138671898,
    24.246392822265648,
    24.157464599609398,
    23.587731933593773,
    23.449822998046898,
    23.327233886718773,
    23.377770996093773,
    23.145471191406273,
    23.060449218750023,
    22.971948242187523,
    22.865625000000023,
    22.709680175781273,
    22.589471435546898,
    22.665216064453148,
    22.512811279296898,
    22.426080322265648,
    22.458367919921898,
    22.387109375000023,
    22.314935302734398,
    22.243829345703148,
    22.171960449218773,
    22.103692626953148,
    22.038873291015648,
    21.964013671875023,
    21.861718750000023,
    21.747857666015648,
    21.646722412109398
  ],
  "outdoor_temps": [
    -6.1035156022626325e-06,
    -6.1035156022626325e-06,
    -6.1035156022626325e-06,
    -6.1035156022626325e-06,
    -6.1035156022626325e-06,
    -6.1035156022626325e-06,
    -6.1035156022626325e-06,
    -6.1035156022626325e-06,
    -6.1035156022626325e-06,
    -6.1035156022626325e-06,
    -6.1035156022626325e-06,
    -6.1035156022626325e-06,
    -6.1035156022626325e-06,
    -6.1035156022626325e-06,
    -6.1035156022626325e-06,
    -6.1035156022626325e-06,
    -6.1035156022626325e-06,
    -6.1035156022626325e-06,
    -6.1035156022626325e-06,
    -6.1035156022626325e-06,
    -6.1035156022626325e-06,
    -6.1035156022626325e-06,
    -6.1035156022626325e-06,
    0.48467407226564774,
    1.5674987792968977,
    2.6915527343750227,
    3.3000122070312727,
    3.2094665527343977,
    2.8019348144531477,
    2.3684326171875227,
    2.2000061035156477,
    2.3021789550781477,
    2.5030456542968977,
    2.8273864746093977,
    3.3000122070312727,
    4.170007324218773,
    5.390008544921898,
    6.540002441406273,
    7.200006103515648,
    7.400476074218773,
    7.509606933593773,
    7.613946533203148,
    7.800012207031273,
    8.075891113281273,
    8.371636962890648,
    8.656549072265648,
    8.899987792968773,
    9.066003417968773,
    9.171868896484398,
    9.266809082031273,
    9.399987792968773,
    9.710534667968773,
    10.159387207031273,
    10.528527832031273,
    10.600000000000023,
    10.450006103515648,
    10.300012207031273,
    10.149987792968773,
    9.999993896484398,
    9.850000000000023,
    9.700006103515648,
    9.550012207031273,
    9.399987792968773,
    8.978875732421898,
    8.201959228515648,
    7.349084472656273,
    6.700006103515648,
    6.357904052734398,
    6.149987792968773,
    5.942102050781273,
    5.600000000000023,
    4.941003417968773,
    4.063317871093773,
    3.2539611816406477,
    2.8000122070312727,
    2.6291442871093977,
    2.4749084472656477,
    2.3332153320312727,
    2.2000061035156477,
    2.0766845703125227,
    1.9598327636718977,
    1.8380676269531477,
    1.7000061035156477,
    1.4921203613281477,
    1.2039733886718977,
    0.8888488769531477,
    0.6000000000000227,
    0.41335449218752274,
    0.31020507812502274,
    0.20195922851564774,
    -6.1035156022626325e-06,
    -0.7735656738281023,
    -2.1510986328124773,
    -3.5530761718749773,
    -4.399999999999977
  ],
  "rewards": [
    4.9077753899246455,
    4.9076752827316525,
    4.905702330842614,
    4.90387322165072,
    4.902335326448083,
    4.901042344346642,
    4.899916627183557,
    4.916875629387796,
    4.896973988669722,
    4.896523883119226,
    4.895755479008607,
    -15.172199172093965,
    4.887178590048267,
    4.889904305607728,
    -1.0444632134353282,
    4.887144887188207,
    4.887930295140199,
    -13.760102082392963,
    -2.4900272162834924,
    -0.1302524615986044,
    4.880832774286037,
    4.88181111074984,
    4.881914508119226,
    4.882154557429578,
    4.883488328233361,
    -0.04391695659606998,
    4.885755002382009,
    -14.219082011668771,
    -0.14762965020195648,
    4.880937678512672,
    4.88320331312716,
    4.908063952699304,
    4.914110800996423,
    4.918924901261926,
    4.9225747653161696,
    4.925468566194176,
    4.94201764565609,
    4.944999828275455,
    4.940928036917163,
    4.953838536515832,
    4.966345221720959,
    4.981914729931108,
    4.9887487397083765,
    4.9976481746137145,
    4.998051677937619,
    4.99091595325781,
    4.987801085344475,
    4.9848745892196895,
    -0.044345535017235115,
    -0.5004083456099354,
    -0.33897458326398067,
    -0.5613119506091219,
    -3.997225103615874,
    -1.191273541687025,
    -1.4351623674482652,
    -1.6416772974655613,
    -1.8085826982849929,
    -3.7921281932813553,
    -2.0622411544135737,
    -4.013662685602995,
    -8.27043954599115,
    -3.955322588531634,
    -1.6744895204205816,
    -1.264049478895689,
    -1.9205859208771696,
    -0.5604003901294082,
    -0.3435110397264626,
    -0.20757705769625145,
    -0.12116452913732886,
    -0.06548885093598086,
    -0.029278449825949675,
    4.9902913072025,
    4.992127066031099,
    4.993757933154702,
    4.998258807751673,
    4.9961759500821,
    4.9973068235069515,
    4.996852907463908,
    4.995457062385976,
    4.995629660961947,
    4.993852987249139,
    4.983254977228201,
    4.985031149350107,
    4.982469222482456,
    4.974090108531325,
    4.970933396489076,
    4.967736286893487,
    4.964586228997163,
    4.9614030406624074,
    4.9583784577995536,
    4.955506961070324,
    4.952191383615136,
    4.947656562104822,
    4.942609040513634,
    4.938123676553369
  ],