{
  "episode": 149,
  "steps": 95,
  "actions": [
    23,
    23,
    23,
    23,
    23,
    23,
    23,
    23,
    23,
    23,
    23,
    23,
    23,
    23,
    23,
    23,
    23,
    23,
    23,
    23,
    23,
    23,
    23,
    23,
    23,
    23,
    23,
    23,
    23,
    23,
    23,
    23,
    3,
    23,
    1,
    23,
    23,
    23,
    23,
    23,
    20,
    23,
    23,
    3,
    13,
    18,
    23,
    19,
    23,
    23,
    23,
    8,
    23,
    23,
    23,
    13,
    0,
    23,
    13,
    21,
    22,
    23,
    23,
    13,
    23,
    1,
    23,
    9,
    23,
    1,
    16,
    23,
    23,
    23,
    23,
    23,
    23,
    9,
    16,
    16,
    23,
    23,
    14,
    23,
    23,
    15,
    20,
    23,
    23,
    23,
    23,
    16,
    23,
    23,
    23
  ],
  "temperatures": [
    20.975762939453148,
    20.971978759765648,
    20.926324462890648,
    20.884027099609398,
    20.848413085937523,
    20.818383789062523,
    20.792230224609398,
    20.768457031250023,
    20.746057128906273,
    20.724359130859398,
    20.703149414062523,
    20.682244873046898,
    20.661584472656273,
    20.641198730468773,
    20.621026611328148,
    20.601068115234398,
    20.581353759765648,
    20.561944580078148,
    20.542871093750023,
    20.524133300781273,
    20.505761718750023,
    20.487725830078148,
    20.470056152343773,
    20.463403320312523,
    20.485864257812523,
    20.523187255859398,
    20.552392578125023,
    20.555322265625023,
    20.539788818359398,
    20.522058105468773,
    20.533807373046898,
    21.077111816406273,
    17.298272705078148,
    21.181909179687523,
    17.459252929687523,
    21.283563232421898,
    21.415124511718773,
    21.536767578125023,
    21.747705078125023,
    22.035607910156273,
    22.315332031250023,
    22.574426269531273,
    22.823205566406273,
    20.468377685546898,
    23.274682617187523,
    18.982446289062523,
    23.654595947265648,
    19.451776123046898,
    24.029443359375023,
    24.288720703125023,
    24.487176513671898,
    21.410668945312523,
    24.751611328125023,
    24.947808837890648,
    25.083245849609398,
    25.685449218750023,
    24.219842529296898,
    25.285546875000023,
    25.873040771484398,
    25.355950927734398,
    25.330651855468773,
    25.278466796875023,
    25.174157714843773,
    25.512902832031273,
    24.835565185546898,
    23.342980957031273,
    24.460198974609398,
    21.184747314453148,
    24.160546875000023,
    22.459985351562523,
    19.721917724609398,
    23.329614257812523,
    23.254388427734398,
    23.151239013671898,
    23.060449218750023,
    22.983087158203148,
    22.902398681640648,
    19.261407470703148,
    18.333001708984398,
    18.166894531250023,
    22.356805419921898,
    22.369287109375023,
    22.180657958984398,
    22.280877685546898,
    22.226220703125023,
    21.971887207031273,
    22.095849609375023,
    22.035913085937523,
    21.972344970703148,
    21.911584472656273,
    21.853784179687523,
    17.359735107421898,
    21.553643798828148,
    21.509057617187523,
    21.428491210937523
  ],
  "outdoor_temps": [
    -6.1035156022626325e-06,
    -6.1035156022626325e-06,
    -6.1035156022626325e-06,
    -6.1035156022626325e-06,
    -6.1035156022626325e-06,
    -6.1035156022626325e-06,
    -6.1035156022626325e-06,
    -6.1035156022626325e-06,
    -6.1035156022626325e-06,
    -6.1035156022626325e-06,
    -6.1035156022626325e-06,
    -6.1035156022626325e-06,
    -6.1035156022626325e-06,
    -6.1035156022626325e-06,
    -6.1035156022626325e-06,
    -6.1035156022626325e-06,
    -6.1035156022626325e-06,
    -6.1035156022626325e-06,
    -6.1035156022626325e-06,
    -6.1035156022626325e-06,
    -6.1035156022626325e-06,
    -6.1035156022626325e-06,
    -6.1035156022626325e-06,
    0.48467407226564774,
    1.5674987792968977,
    2.6915527343750227,
    3.3000122070312727,
    3.2094665527343977,
    2.8019348144531477,
    2.3684326171875227,
    2.2000061035156477,
    2.3021789550781477,
    2.5030456542968977,
    2.8273864746093977,
    3.3000122070312727,
    4.170007324218773,
    5.390008544921898,
    6.540002441406273,
    7.200006103515648,
    7.400476074218773,
    7.509606933593773,
    7.613946533203148,
    7.800012207031273,
    8.075891113281273,
    8.371636962890648,
    8.656549072265648,
    8.899987792968773,
    9.066003417968773,
    9.171868896484398,
    9.266809082031273,
    9.399987792968773,
    9.710534667968773,
    10.159387207031273,
    10.528527832031273,
    10.600000000000023,
    10.450006103515648,
    10.300012207031273,
    10.149987792968773,
    9.999993896484398,
    9.850000000000023,
    9.700006103515648,
    9.550012207031273,
    9.399987792968773,
    8.978875732421898,
    8.201959228515648,
    7.349084472656273,
    6.700006103515648,
    6.357904052734398,
    6.149987792968773,
    5.942102050781273,
    5.600000000000023,
    4.941003417968773,
    4.063317871093773,
    3.2539611816406477,
    2.8000122070312727,
    2.6291442871093977,
    2.4749084472656477,
    2.3332153320312727,
    2.2000061035156477,
    2.0766845703125227,
    1.9598327636718977,
    1.8380676269531477,
    1.7000061035156477,
    1.4921203613281477,
    1.2039733886718977,
    0.8888488769531477,
    0.6000000000000227,
    0.41335449218752274,
    0.31020507812502274,
    0.20195922851564774,
    -6.1035156022626325e-06,
    -0.7735656738281023,
    -2.1510986328124773,
    -3.5530761718749773,
    -4.399999999999977
  ],
  "rewards": [
    4.120979222776403,
    4.115054529951921,
    4.041117961602322,
    3.9698265858460595,
    3.9077210109681286,
    3.853879691883962,
    3.805885754423257,
    3.7613691613823597,
    3.718646088801367,
    3.6765443842579115,
    3.634704109951898,
    3.592804602505684,
    3.5507493382320265,
    3.5086222347245086,
    3.466321936817887,
    3.423867874192122,
    3.381345204161528,
    3.338909506471877,
    3.296656541600873,
    3.254615599177828,
    3.2128832242638383,
    3.1714217349608016,
    3.1303298621997757,
    3.114743142649584,
    3.1671395712346357,
    3.2525262384582816,
    3.3178817418963207,
    3.324368238821675,
    3.289838607208853,
    3.249981652163019,
    3.2764469183702523,
    4.274051666222544,
    -28.250899962330863,
    4.41550977281581,
    -26.14124220659462,
    4.536989425686819,
    4.671218252442797,
    4.772229771986619,
    4.89478522337974,
    4.95435002978891,
    4.893140277639021,
    4.731742245673142,
    4.482007961831958,
    3.2162586364569665,
    3.77838897551689,
    -2.602426950189615,
    2.9361249375419693,
    -0.7668243119306238,
    -0.006225252316701132,
    -0.21332025416198674,
    -0.5989342138358015,
    4.682044399492463,
    -1.4187609298106976,
    -2.252969003189463,
    -2.941119641531382,
    -7.107994223647011,
    -0.1310807084278251,
    -4.139815824106481,
    -8.777267066743438,
    -4.604980547077622,
    -4.434974991633991,
    -4.094408874638201,
    -3.4544841276110554,
    -5.727951184101575,
    -1.7521639976870087,
    3.610201885583765,
    -0.534949087970335,
    4.446061936328215,
    -0.06893196234562357,
    4.808131362940169,
    -0.20967256771802334,
    3.6678220222987106,
    3.814610580550464,
    4.0020869971531985,
    4.153893288001382,
    4.272499055685442,
    4.3830254446435415,
    -1.3734325683674866,
    -6.958923412748302,
    -8.411851222654192,
    4.87409635504747,
    4.867855158224689,
    4.950735370451579,
    4.907050305000375,
    4.9254171637445605,
    4.968457589000464,
    4.951133885639514,
    4.95440249123327,
    4.951982115330176,
    4.944000380598012,
    4.931268711611634,
    -27.43597245277807,
    4.784575191047463,
    4.751254666373151,
    4.683482558056731
  ],