{
  "episode": 1823,
  "steps": 95,
  "actions": [
    23,
    23,
    23,
    23,
    14,
    12,
    12,
    20,
    22,
    13,
    12,
    21,
    22,
    21,
    22,
    22,
    14,
    13,
    22,
    22,
    21,
    20,
    14,
    22,
    20,
    22,
    13,
    14,
    14,
    21,
    21,
    22,
    15,
    12,
    21,
    15,
    15,
    21,
    22,
    13,
    13,
    15,
    12,
    12,
    22,
    3,
    10,
    0,
    0,
    0,
    1,
    10,
    0,
    10,
    1,
    3,
    0,
    0,
    10,
    1,
    1,
    8,
    9,
    0,
    3,
    3,
    3,
    0,
    13,
    1,
    6,
    15,
    6,
    5,
    5,
    12,
    7,
    20,
    5,
    22,
    13,
    13,
    14,
    21,
    2,
    15,
    22,
    13,
    21,
    15,
    22,
    22,
    6,
    12,
    22
  ],
  "temperatures": [
    21.111627197265648,
    21.104028320312523,
    21.062646484375023,
    21.024285888671898,
    20.531274414062523,
    20.474237060546898,
    20.435083007812523,
    20.887994384765648,
    20.879968261718773,
    20.382135009765648,
    20.337243652343773,
    20.804772949218773,
    20.798242187500023,
    20.784753417968773,
    20.769250488281273,
    20.752832031250023,
    20.231927490234398,
    20.185418701171898,
    20.674066162109398,
    20.669091796875023,
    20.657403564453148,
    20.643884277343773,
    20.107659912109398,
    20.606591796875023,
    20.637811279296898,
    20.676965332031273,
    20.205651855468773,
    20.186090087890648,
    20.157830810546898,
    20.646142578125023,
    20.672204589843773,
    21.190270996093773,
    20.941339111328148,
    21.040093994140648,
    21.461877441406273,
    21.205285644531273,
    21.266809082031273,
    21.672174072265648,
    21.867578125000023,
    21.922509765625023,
    22.222772216796898,
    22.521325683593773,
    22.807244873046898,
    23.092614746093773,
    23.329003906250023,
    20.825921630859398,
    19.814416503906273,
    21.234368896484398,
    21.550256347656273,
    21.819848632812523,
    22.064660644531273,
    20.861810302734398,
    22.439447021484398,
    21.184686279296898,
    22.774163818359398,
    22.942681884765648,
    23.038873291015648,
    23.104608154296898,
    21.552545166015648,
    23.047784423828148,
    23.065148925781273,
    21.431207275390648,
    21.264916992187523,
    22.513787841796898,
    22.275659179687523,
    22.010461425781273,
    21.771905517578148,
    21.563623046875023,
    23.974420166015648,
    21.359735107421898,
    23.978295898437523,
    23.196374511718773,
    23.086877441406273,
    22.931085205078148,
    22.791558837890648,
    22.742272949218773,
    22.566125488281273,
    22.636682128906273,
    22.343743896484398,
    22.501153564453148,
    22.328149414062523,
    22.257684326171898,
    22.190179443359398,
    22.278375244140648,
    18.979455566406273,
    21.855554199218773,
    22.051721191406273,
    21.785058593750023,
    21.947991943359398,
    21.651208496093773,
    21.842523193359398,
    21.785180664062523,
    20.973016357421898,
    21.250390625000023,
    21.489038085937523
  ],
  "outdoor_temps": [
    -6.1035156022626325e-06,
    -6.1035156022626325e-06,
    -6.1035156022626325e-06,
    -6.1035156022626325e-06,
    -6.1035156022626325e-06,
    -6.1035156022626325e-06,
    -6.1035156022626325e-06,
    -6.1035156022626325e-06,
    -6.1035156022626325e-06,
    -6.1035156022626325e-06,
    -6.1035156022626325e-06,
    -6.1035156022626325e-06,
    -6.1035156022626325e-06,
    -6.1035156022626325e-06,
    -6.1035156022626325e-06,
    -6.1035156022626325e-06,
    -6.1035156022626325e-06,
    -6.1035156022626325e-06,
    -6.1035156022626325e-06,
    -6.1035156022626325e-06,
    -6.1035156022626325e-06,
    -6.1035156022626325e-06,
    -6.1035156022626325e-06,
    0.48467407226564774,
    1.5674987792968977,
    2.6915527343750227,
    3.3000122070312727,
    3.2094665527343977,
    2.8019348144531477,
    2.3684326171875227,
    2.2000061035156477,
    2.3021789550781477,
    2.5030456542968977,
    2.8273864746093977,
    3.3000122070312727,
    4.170007324218773,
    5.390008544921898,
    6.540002441406273,
    7.200006103515648,
    7.400476074218773,
    7.509606933593773,
    7.613946533203148,
    7.800012207031273,
    8.075891113281273,
    8.371636962890648,
    8.656549072265648,
    8.899987792968773,
    9.066003417968773,
    9.171868896484398,
    9.266809082031273,
    9.399987792968773,
    9.710534667968773,
    10.159387207031273,
    10.528527832031273,
    10.600000000000023,
    10.450006103515648,
    10.300012207031273,
    10.149987792968773,
    9.999993896484398,
    9.850000000000023,
    9.700006103515648,
    9.550012207031273,
    9.399987792968773,
    8.978875732421898,
    8.201959228515648,
    7.349084472656273,
    6.700006103515648,
    6.357904052734398,
    6.149987792968773,
    5.942102050781273,
    5.600000000000023,
    4.941003417968773,
    4.063317871093773,
    3.2539611816406477,
    2.8000122070312727,
    2.6291442871093977,
    2.4749084472656477,
    2.3332153320312727,
    2.2000061035156477,
    2.0766845703125227,
    1.9598327636718977,
    1.8380676269531477,
    1.7000061035156477,
    1.4921203613281477,
    1.2039733886718977,
    0.8888488769531477,
    0.6000000000000227,
    0.41335449218752274,
    0.31020507812502274,
    0.20195922851564774,
    -6.1035156022626325e-06,
    -0.7735656738281023,
    -2.1510986328124773,
    -3.5530761718749773,
    -4.399999999999977
  ],
  "rewards": [
    4.963678053930402,
    4.9635631695538756,
    4.962818720653653,
    4.962127915933729,
    4.967531259212643,
    4.966805896782195,
    4.966310578711493,
    4.959664235402061,
    4.959526899031323,
    4.965654724937256,
    4.965081300810466,
    4.958163632441474,
    4.958050353736334,
    4.9578071954477085,
    4.957526743621282,
    4.9572284713018195,
    4.963751647573288,
    4.963153539919173,
    4.955784276959041,
    4.955695896409775,
    4.955482313894059,
    4.955235378951482,
    4.962160743485164,
    4.9545528711721945,
    4.9551331975686805,
    4.955859965256375,
    4.9634386838491515,
    4.963186159208903,
    4.962821242832457,
    4.9552931680128625,
    4.955775103778295,
    4.965351941794805,
    4.972956466775711,
    4.9742300403479325,
    4.970357367683364,
    4.976360098768674,
    4.97715271118915,
    4.974234343367426,
    4.977846191734724,
    4.985634967487629,
    4.989522059634814,
    4.9933866288517805,
    4.9970883287105545,
    4.999224895840673,
    4.9969632999488836,
    4.986993016179975,
    -0.09563028005038748,
    4.98608616933923,
    4.985384926427156,
    4.984786467481404,
    4.984243094850331,
    4.97681747987834,
    4.983411463357022,
    4.975563942346722,
    4.982669201351216,
    4.9822955339398725,
    4.982082285803783,
    4.981936581064016,
    4.974136890921741,
    4.982062784291318,
    4.982024180218254,
    4.974607956558142,
    4.975253512383642,
    4.983247414141084,
    4.983776006031781,
    4.9843647634210475,
    4.9848944263877755,
    4.985356829387177,
    4.995800625089556,
    4.985809646994362,
    4.997751779481445,
    4.99882495253355,
    4.999732177065483,
    4.999406247688539,
    4.998375896071773,
    4.996245344919841,
    4.996711142468428,
    4.992071250627222,
    4.995068564946722,
    4.989568417945634,
    4.9908923662717894,
    4.989981851056704,
    4.989109343663344,
    4.9854557501123,
    -2.6082204356744696,
    4.984785380508103,
    4.981272422271578,
    4.983876097329285,
    4.979358610746005,
    4.982147152472935,
    4.977411947446673,
    4.976353374384667,
    4.984949688788827,
    4.976965968748636,
    4.970882179428053
  ],