{
  "episode": 966,
  "steps": 95,
  "actions": [
    23,
    23,
    23,
    23,
    13,
    15,
    21,
    13,
    13,
    15,
    15,
    21,
    12,
    20,
    21,
    15,
    13,
    13,
    12,
    13,
    20,
    13,
    23,
    14,
    20,
    13,
    12,
    15,
    21,
    21,
    21,
    13,
    20,
    13,
    12,
    21,
    12,
    21,
    21,
    15,
    12,
    15,
    21,
    15,
    21,
    15,
    15,
    20,
    2,
    3,
    1,
    9,
    0,
    3,
    3,
    1,
    0,
    1,
    0,
    1,
    0,
    0,
    2,
    11,
    1,
    8,
    9,
    15,
    1,
    21,
    12,
    22,
    12,
    12,
    12,
    14,
    21,
    13,
    21,
    7,
    20,
    13,
    4,
    13,
    21,
    13,
    22,
    4,
    22,
    23,
    12,
    15,
    13,
    20,
    21
  ],
  "temperatures": [
    21.111627197265648,
    21.104028320312523,
    21.062646484375023,
    21.024285888671898,
    20.531274414062523,
    20.474237060546898,
    20.916040039062523,
    20.428277587890648,
    20.383996582031273,
    20.352227783203148,
    20.323388671875023,
    20.797235107421898,
    20.297174072265648,
    20.762963867187523,
    20.756555175781273,
    20.240350341796898,
    20.196313476562523,
    20.165399169921898,
    20.137902832031273,
    20.112420654296898,
    20.618890380859398,
    20.093652343750023,
    20.590875244140648,
    20.070397949218773,
    20.607080078125023,
    20.141015625000023,
    20.156121826171898,
    20.152703857421898,
    20.645593261718773,
    20.644708251953148,
    20.664117431640648,
    20.781518554687523,
    21.284722900390648,
    21.035363769531273,
    21.110406494140648,
    21.506036376953148,
    21.261590576171898,
    21.662774658203148,
    21.857598876953148,
    21.910607910156273,
    22.211419677734398,
    22.510003662109398,
    22.848321533203148,
    23.083428955078148,
    23.319573974609398,
    23.666619873046898,
    23.939691162109398,
    23.986901855468773,
    21.849633789062523,
    22.002862548828148,
    22.213800048828148,
    20.968499755859398,
    22.555261230468773,
    22.801080322265648,
    22.971337890625023,
    23.088708496093773,
    23.171441650390648,
    23.228814697265648,
    23.260430908203148,
    23.259729003906273,
    23.226800537109398,
    23.159204101562523,
    23.011773681640648,
    21.262322998046898,
    22.399468994140648,
    20.760858154296898,
    20.513482666015648,
    24.125512695312523,
    21.585565185546898,
    23.787561035156273,
    23.927789306640648,
    23.221612548828148,
    23.139276123046898,
    23.018121337890648,
    22.910729980468773,
    22.821679687500023,
    22.776239013671898,
    22.639550781250023,
    22.628137207031273,
    22.337060546875023,
    22.499841308593773,
    22.328454589843773,
    22.060723876953148,
    22.177941894531273,
    22.265924072265648,
    22.035241699218773,
    22.142205810546898,
    21.588006591796898,
    22.011560058593773,
    21.962060546875023,
    21.666345214843773,
    21.578454589843773,
    21.463098144531273,
    21.640313720703148,
    21.556604003906273
  ],
  "outdoor_temps": [
    -6.1035156022626325e-06,
    -6.1035156022626325e-06,
    -6.1035156022626325e-06,
    -6.1035156022626325e-06,
    -6.1035156022626325e-06,
    -6.1035156022626325e-06,
    -6.1035156022626325e-06,
    -6.1035156022626325e-06,
    -6.1035156022626325e-06,
    -6.1035156022626325e-06,
    -6.1035156022626325e-06,
    -6.1035156022626325e-06,
    -6.1035156022626325e-06,
    -6.1035156022626325e-06,
    -6.1035156022626325e-06,
    -6.1035156022626325e-06,
    -6.1035156022626325e-06,
    -6.1035156022626325e-06,
    -6.1035156022626325e-06,
    -6.1035156022626325e-06,
    -6.1035156022626325e-06,
    -6.1035156022626325e-06,
    -6.1035156022626325e-06,
    0.48467407226564774,
    1.5674987792968977,
    2.6915527343750227,
    3.3000122070312727,
    3.2094665527343977,
    2.8019348144531477,
    2.3684326171875227,
    2.2000061035156477,
    2.3021789550781477,
    2.5030456542968977,
    2.8273864746093977,
    3.3000122070312727,
    4.170007324218773,
    5.390008544921898,
    6.540002441406273,
    7.200006103515648,
    7.400476074218773,
    7.509606933593773,
    7.613946533203148,
    7.800012207031273,
    8.075891113281273,
    8.371636962890648,
    8.656549072265648,
    8.899987792968773,
    9.066003417968773,
    9.171868896484398,
    9.266809082031273,
    9.399987792968773,
    9.710534667968773,
    10.159387207031273,
    10.528527832031273,
    10.600000000000023,
    10.450006103515648,
    10.300012207031273,
    10.149987792968773,
    9.999993896484398,
    9.850000000000023,
    9.700006103515648,
    9.550012207031273,
    9.399987792968773,
    8.978875732421898,
    8.201959228515648,
    7.349084472656273,
    6.700006103515648,
    6.357904052734398,
    6.149987792968773,
    5.942102050781273,
    5.600000000000023,
    4.941003417968773,
    4.063317871093773,
    3.2539611816406477,
    2.8000122070312727,
    2.6291442871093977,
    2.4749084472656477,
    2.3332153320312727,
    2.2000061035156477,
    2.0766845703125227,
    1.9598327636718977,
    1.8380676269531477,
    1.7000061035156477,
    1.4921203613281477,
    1.2039733886718977,
    0.8888488769531477,
    0.6000000000000227,
    0.41335449218752274,
    0.31020507812502274,
    0.20195922851564774,
    -6.1035156022626325e-06,
    -0.7735656738281023,
    -2.1510986328124773,
    -3.5530761718749773,
    -4.399999999999977
  ],
  "rewards": [
    4.963678053930402,
    4.9635631695538756,
    4.962818720653653,
    4.962127915933729,
    4.967531119711697,
    4.966805889681468,
    4.960170954662173,
    4.966233552743398,
    4.9656697524343825,
    4.965267192200312,
    4.964901793039202,
    4.958023785549013,
    4.964576358844242,
    4.957404427815391,
    4.957292032412212,
    4.963856475402317,
    4.963290858304857,
    4.962894306257853,
    4.962541974857936,
    4.962214620240195,
    4.954770183798412,
    4.961976493607234,
    4.9542586972681075,
    4.961682015810162,
    4.9545656849787285,
    4.962601276646327,
    4.962798050717006,
    4.962754627593023,
    4.955282693105548,
    4.955266735763006,
    4.955625686854772,
    4.970893708542637,
    4.967091772791484,
    4.974168751846027,
    4.975136310533175,
    4.971169735480261,
    4.977085305501424,
    4.9740603074321275,
    4.977661451906614,
    4.985481149901353,
    4.989374750888704,
    4.993240250922901,
    4.995982850762813,
    4.999260609264202,
    4.997015547278135,
    4.996995370958649,
    4.995934780574201,
    4.993312819200366,
    4.98472052433617,
    4.98438032917241,
    4.98391207091235,
    4.976403023153219,
    4.9831544237491965,
    4.982609102059156,
    4.982231581133831,
    4.98197139613055,
    4.981788097545181,
    4.981660919714719,
    4.981590869351898,
    4.981592435766012,
    4.9816654544320444,
    4.981815279055387,
    4.9821422832496465,
    4.975263536717095,
    4.983501258395774,
    4.977211469560538,
    4.978172463895024,
    -0.04174702531181731,
    4.985308346560954,
    4.994419717352513,
    4.99598171142181,
    4.997562273878766,
    4.999046316210504,
    4.999516142402937,
    4.99842390996979,
    4.997272916637523,
    4.9946491985366395,
    4.994918494273625,
    4.991913941290716,
    4.995019676808916,
    4.989545088062468,
    4.990896836529445,
    4.992978831828126,
    4.988952109056161,
    4.98522717241619,
    4.98710895841261,
    4.982943831917384,
    4.989489745971139,
    4.980532488523618,
    4.979619602226045,
    4.982343717370182,
    4.981207644470198,
    4.979716591871141,
    4.973677175175885,
    4.972130364946049
  ],