{
  "episode": 1536,
  "steps": 95,
  "actions": [
    23,
    23,
    23,
    23,
    22,
    20,
    23,
    22,
    23,
    21,
    23,
    5,
    22,
    23,
    23,
    23,
    23,
    20,
    23,
    23,
    23,
    23,
    23,
    23,
    23,
    20,
    20,
    21,
    12,
    23,
    23,
    23,
    12,
    23,
    21,
    22,
    22,
    23,
    23,
    20,
    23,
    12,
    20,
    15,
    23,
    22,
    23,
    23,
    23,
    23,
    22,
    21,
    23,
    23,
    23,
    23,
    22,
    23,
    21,
    23,
    4,
    22,
    21,
    20,
    22,
    20,
    21,
    22,
    23,
    23,
    23,
    23,
    23,
    23,
    23,
    20,
    12,
    13,
    21,
    22,
    23,
    23,
    21,
    23,
    14,
    23,
    23,
    23,
    20,
    23,
    12,
    21,
    23,
    23,
    13
  ],
  "temperatures": [
    20.975762939453148,
    20.971978759765648,
    20.926324462890648,
    20.884027099609398,
    20.848413085937523,
    20.818383789062523,
    20.792230224609398,
    20.768457031250023,
    20.746057128906273,
    20.724359130859398,
    20.703149414062523,
    19.154229736328148,
    20.606134033203148,
    20.614587402343773,
    20.603112792968773,
    20.587823486328148,
    20.570855712890648,
    20.553094482421898,
    20.535089111328148,
    20.517114257812523,
    20.499230957031273,
    20.481561279296898,
    20.464166259765648,
    20.457727050781273,
    20.480340576171898,
    20.517816162109398,
    20.547113037109398,
    20.550164794921898,
    19.954888916015648,
    20.494195556640648,
    20.516900634765648,
    21.063775634765648,
    20.764093017578148,
    21.276605224609398,
    21.362207031250023,
    21.426904296875023,
    21.492364501953148,
    21.592858886718773,
    21.791192626953148,
    22.070123291015648,
    22.342553710937523,
    22.478540039062523,
    22.842736816406273,
    23.095697021484398,
    23.347192382812523,
    23.597772216796898,
    23.833581542968773,
    24.053521728515648,
    24.258813476562523,
    24.451135253906273,
    24.626947021484398,
    24.797509765625023,
    24.962182617187523,
    25.110772705078148,
    25.229608154296898,
    25.315637207031273,
    25.380212402343773,
    25.427575683593773,
    25.455560302734398,
    25.459039306640648,
    26.882379150390648,
    25.421289062500023,
    25.297113037109398,
    25.136468505859398,
    24.934808349609398,
    24.751184082031273,
    24.594445800781273,
    24.464532470703148,
    24.356317138671898,
    24.262322998046898,
    24.173516845703148,
    23.604821777343773,
    23.466790771484398,
    23.344018554687523,
    23.240716552734398,
    23.157739257812523,
    23.097283935546898,
    22.989465332031273,
    22.902581787109398,
    22.825128173828148,
    22.753503417968773,
    22.685540771484398,
    22.619195556640648,
    22.551049804687523,
    22.363275146484398,
    22.402490234375023,
    22.330957031250023,
    22.259576416015648,
    22.187371826171898,
    22.118737792968773,
    21.836755371093773,
    21.971582031250023,
    21.872277832031273,
    21.759118652343773,
    21.350305175781273
  ],
  "outdoor_temps": [
    -6.1035156022626325e-06,
    -6.1035156022626325e-06,
    -6.1035156022626325e-06,
    -6.1035156022626325e-06,
    -6.1035156022626325e-06,
    -6.1035156022626325e-06,
    -6.1035156022626325e-06,
    -6.1035156022626325e-06,
    -6.1035156022626325e-06,
    -6.1035156022626325e-06,
    -6.1035156022626325e-06,
    -6.1035156022626325e-06,
    -6.1035156022626325e-06,
    -6.1035156022626325e-06,
    -6.1035156022626325e-06,
    -6.1035156022626325e-06,
    -6.1035156022626325e-06,
    -6.1035156022626325e-06,
    -6.1035156022626325e-06,
    -6.1035156022626325e-06,
    -6.1035156022626325e-06,
    -6.1035156022626325e-06,
    -6.1035156022626325e-06,
    0.48467407226564774,
    1.5674987792968977,
    2.6915527343750227,
    3.3000122070312727,
    3.2094665527343977,
    2.8019348144531477,
    2.3684326171875227,
    2.2000061035156477,
    2.3021789550781477,
    2.5030456542968977,
    2.8273864746093977,
    3.3000122070312727,
    4.170007324218773,
    5.390008544921898,
    6.540002441406273,
    7.200006103515648,
    7.400476074218773,
    7.509606933593773,
    7.613946533203148,
    7.800012207031273,
    8.075891113281273,
    8.371636962890648,
    8.656549072265648,
    8.899987792968773,
    9.066003417968773,
    9.171868896484398,
    9.266809082031273,
    9.399987792968773,
    9.710534667968773,
    10.159387207031273,
    10.528527832031273,
    10.600000000000023,
    10.450006103515648,
    10.300012207031273,
    10.149987792968773,
    9.999993896484398,
    9.850000000000023,
    9.700006103515648,
    9.550012207031273,
    9.399987792968773,
    8.978875732421898,
    8.201959228515648,
    7.349084472656273,
    6.700006103515648,
    6.357904052734398,
    6.149987792968773,
    5.942102050781273,
    5.600000000000023,
    4.941003417968773,
    4.063317871093773,
    3.2539611816406477,
    2.8000122070312727,
    2.6291442871093977,
    2.4749084472656477,
    2.3332153320312727,
    2.2000061035156477,
    2.0766845703125227,
    1.9598327636718977,
    1.8380676269531477,
    1.7000061035156477,
    1.4921203613281477,
    1.2039733886718977,
    0.8888488769531477,
    0.6000000000000227,
    0.41335449218752274,
    0.31020507812502274,
    0.20195922851564774,
    -6.1035156022626325e-06,
    -0.7735656738281023,
    -2.1510986328124773,
    -3.5530761718749773,
    -4.399999999999977
  ],
  "rewards": [
    4.9077753899246455,
    4.9076752827316525,
    4.905702330842614,
    4.90387322165072,
    4.902335326448083,
    4.901042372905041,
    4.899916636577767,
    4.898892733827234,
    4.897925641261365,
    4.896989104524255,
    4.896070239216737,
    -0.7295879667391616,
    4.8918043112398495,
    4.892197015010144,
    4.8917029163986445,
    4.891038119569421,
    4.89029656149447,
    4.889519908204675,
    4.888730637661141,
    4.887940165773034,
    4.8871544144302606,
    4.886378190293908,
    4.885615041032434,
    4.8853388092666865,
    4.886350648179651,
    4.888019549623132,
    4.889323517910164,
    4.88945974074952,
    -0.024729587390368936,
    4.886979892004443,
    4.8879881928116085,
    4.912252270951867,
    4.933336663208902,
    4.921665775526477,
    4.925452382341027,
    4.928312356144838,
    4.931206114016796,
    4.935657360278394,
    4.94445530153811,
    4.956833646073937,
    4.968924843898933,
    4.984006851874292,
    4.9911256507524975,
    4.998590076758486,
    4.993484699683993,
    4.99014774478972,
    4.98700740309837,
    -0.007002627365293553,
    -0.0718059656769155,
    -0.2089847757667508,
    -0.39910967480394116,
    -0.6426366515231235,
    -0.9329583646649042,
    -1.2414734826609999,
    -1.5199891470000708,
    -1.739240509495199,
    -1.9135403253883752,
    -2.0466840091121585,
    -2.1274606389925546,
    -2.13761208257766,
    -8.312440859913025,
    -2.0287534494115604,
    -1.6907798750844927,
    -1.2993035008677838,
    -0.8809381344477545,
    -0.5707375833165728,
    -0.3593040154064749,
    -0.22129604480352907,
    -0.1321073414531253,
    -0.07364585082979204,
    -0.03464488815517022,
    4.9900638208538295,
    4.991901248469949,
    4.993534914627671,
    4.994908959046006,
    4.996012578830123,
    4.99858000692628,
    4.999117311660362,
    4.993777731653789,
    4.990343888670854,
    4.9871693369972965,
    4.984156541600823,
    4.981216521039605,
    4.978196444184236,
    4.98061444696039,
    4.971615161542659,
    4.968446509614587,
    4.9652841518074275,
    4.96208588577807,
    4.959045595756691,
    4.965067219696939,
    4.952526342619373,
    4.948125331074647,
    4.943107859864831,
    4.9506914710626
  ],