{
  "episode": 1707,
  "steps": 95,
  "actions": [
    23,
    23,
    23,
    23,
    23,
    15,
    22,
    6,
    21,
    23,
    21,
    6,
    21,
    21,
    12,
    21,
    23,
    21,
    23,
    23,
    23,
    22,
    22,
    23,
    23,
    21,
    22,
    14,
    23,
    23,
    21,
    22,
    20,
    23,
    23,
    23,
    21,
    22,
    23,
    23,
    23,
    13,
    15,
    20,
    23,
    20,
    20,
    21,
    23,
    23,
    20,
    13,
    14,
    12,
    21,
    23,
    21,
    12,
    12,
    15,
    23,
    23,
    23,
    20,
    21,
    21,
    23,
    0,
    20,
    21,
    23,
    23,
    13,
    5,
    5,
    23,
    15,
    20,
    21,
    23,
    23,
    13,
    13,
    21,
    23,
    23,
    23,
    23,
    15,
    23,
    5,
    21,
    20,
    8,
    15
  ],
  "temperatures": [
    20.975762939453148,
    20.971978759765648,
    20.926324462890648,
    20.884027099609398,
    20.848413085937523,
    20.273736572265648,
    20.771295166015648,
    19.250756835937523,
    20.684747314453148,
    20.693750000000023,
    20.682061767578148,
    19.130364990234398,
    20.592767333984398,
    20.603295898437523,
    20.008477783203148,
    20.555749511718773,
    20.550744628906273,
    20.537133789062523,
    20.521447753906273,
    20.504907226562523,
    20.487969970703148,
    20.470971679687523,
    20.454064941406273,
    20.447961425781273,
    20.470819091796898,
    20.508508300781273,
    20.537988281250023,
    19.962304687500023,
    20.502954101562523,
    20.496362304687523,
    20.512139892578148,
    21.057275390625023,
    21.183404541015648,
    21.285485839843773,
    21.363427734375023,
    21.425592041015648,
    21.489678955078148,
    21.589410400390648,
    21.787316894531273,
    22.066125488281273,
    22.338708496093773,
    22.473687744140648,
    22.777642822265648,
    23.082940673828148,
    23.341729736328148,
    23.592401123046898,
    23.828271484375023,
    24.048242187500023,
    24.253625488281273,
    24.446008300781273,
    24.621911621093773,
    25.197991943359398,
    25.418756103515648,
    25.613946533203148,
    25.251062011718773,
    25.328851318359398,
    25.390527343750023,
    26.004968261718773,
    26.065087890625023,
    26.084619140625023,
    25.475061035156273,
    25.410211181640648,
    25.300653076171898,
    25.141900634765648,
    24.941003417968773,
    24.757592773437523,
    24.600885009765648,
    23.065667724609398,
    24.326104736328148,
    24.248590087890648,
    24.163201904296898,
    23.595971679687523,
    23.573388671875023,
    23.569665527343773,
    23.415368652343773,
    23.160607910156273,
    23.097863769531273,
    22.987420654296898,
    22.902246093750023,
    22.824700927734398,
    22.753045654296898,
    22.616174316406273,
    22.531396484375023,
    22.546990966796898,
    22.476708984375023,
    22.403649902343773,
    22.330773925781273,
    22.259118652343773,
    22.002313232421898,
    22.112420654296898,
    21.503533935546898,
    21.958947753906273,
    21.864801025390648,
    17.900476074218773,
    21.171655273437523
  ],
  "outdoor_temps": [
    -6.1035156022626325e-06,
    -6.1035156022626325e-06,
    -6.1035156022626325e-06,
    -6.1035156022626325e-06,
    -6.1035156022626325e-06,
    -6.1035156022626325e-06,
    -6.1035156022626325e-06,
    -6.1035156022626325e-06,
    -6.1035156022626325e-06,
    -6.1035156022626325e-06,
    -6.1035156022626325e-06,
    -6.1035156022626325e-06,
    -6.1035156022626325e-06,
    -6.1035156022626325e-06,
    -6.1035156022626325e-06,
    -6.1035156022626325e-06,
    -6.1035156022626325e-06,
    -6.1035156022626325e-06,
    -6.1035156022626325e-06,
    -6.1035156022626325e-06,
    -6.1035156022626325e-06,
    -6.1035156022626325e-06,
    -6.1035156022626325e-06,
    0.48467407226564774,
    1.5674987792968977,
    2.6915527343750227,
    3.3000122070312727,
    3.2094665527343977,
    2.8019348144531477,
    2.3684326171875227,
    2.2000061035156477,
    2.3021789550781477,
    2.5030456542968977,
    2.8273864746093977,
    3.3000122070312727,
    4.170007324218773,
    5.390008544921898,
    6.540002441406273,
    7.200006103515648,
    7.400476074218773,
    7.509606933593773,
    7.613946533203148,
    7.800012207031273,
    8.075891113281273,
    8.371636962890648,
    8.656549072265648,
    8.899987792968773,
    9.066003417968773,
    9.171868896484398,
    9.266809082031273,
    9.399987792968773,
    9.710534667968773,
    10.159387207031273,
    10.528527832031273,
    10.600000000000023,
    10.450006103515648,
    10.300012207031273,
    10.149987792968773,
    9.999993896484398,
    9.850000000000023,
    9.700006103515648,
    9.550012207031273,
    9.399987792968773,
    8.978875732421898,
    8.201959228515648,
    7.349084472656273,
    6.700006103515648,
    6.357904052734398,
    6.149987792968773,
    5.942102050781273,
    5.600000000000023,
    4.941003417968773,
    4.063317871093773,
    3.2539611816406477,
    2.8000122070312727,
    2.6291442871093977,
    2.4749084472656477,
    2.3332153320312727,
    2.2000061035156477,
    2.0766845703125227,
    1.9598327636718977,
    1.8380676269531477,
    1.7000061035156477,
    1.4921203613281477,
    1.2039733886718977,
    0.8888488769531477,
    0.6000000000000227,
    0.41335449218752274,
    0.31020507812502274,
    0.20195922851564774,
    -6.1035156022626325e-06,
    -0.7735656738281023,
    -2.1510986328124773,
    -3.5530761718749773,
    -4.399999999999977
  ],
  "rewards": [
    4.9077753899246455,
    4.9076752827316525,
    4.905702330842614,
    4.90387322165072,
    4.902335326448083,
    4.918564472161234,
    4.898985526221602,
    -0.5752844276564341,
    4.895202023746527,
    4.895628678471498,
    4.895133416429162,
    -0.7706139347364771,
    4.891210133792914,
    4.891695286900453,
    4.910900869228594,
    4.88961473201604,
    4.889404627949648,
    4.888810794129967,
    4.888125140339784,
    4.887398736253381,
    4.886654994264245,
    4.885907828584314,
    4.885165841304089,
    4.884905450068738,
    4.885928838029503,
    4.887606704011559,
    4.888918578297548,
    -0.024060913785966424,
    4.887367923353677,
    4.887076480165124,
    4.887775904908776,
    4.911963612706117,
    4.917544142924573,
    4.9220594235574415,
    4.925506160035729,
    4.9282536862045525,
    4.931087047830224,
    4.935504080922059,
    4.944283096514965,
    4.956655595079065,
    4.9687531850486995,
    4.9838629126176235,
    4.992857922200599,
    4.99700371425113,
    4.993557198575657,
    4.990219064131379,
    4.987078138223809,
    -0.006447857537349532,
    -0.06913014981086993,
    -0.20436811737718227,
    -0.3928043933958098,
    -1.4402498608763348,
    -2.018423914838161,
    -2.6108114799663515,
    -1.5732805433384023,
    -1.7742290802964653,
    -1.9421546877176201,
    -4.026753236717919,
    -4.2715769342965695,
    -4.352669210869752,
    -2.1846748897855073,
    -1.9973495722935246,
    -1.6999878458306785,
    -1.311698005311243,
    -0.8925794646824612,
    -0.5804282446497506,
    -0.3670224495896452,
    4.964132273192518,
    -0.11138915371151262,
    -0.06658380802074039,
    -0.031137372768774922,
    4.990181932225823,
    4.994357872512191,
    4.997408206976505,
    4.998092005212548,
    4.995974417367708,
    4.998574703745544,
    4.9975389164265085,
    4.993763061991852,
    4.990325909525804,
    4.987148667350412,
    4.988084717951715,
    4.985580150966087,
    4.978017284568885,
    4.974903425843172,
    4.971666719689965,
    4.968438153043389,
    4.965264501348138,
    4.969955577813089,
    4.958766388552992,
    4.977821280944627,
    4.951966473797094,
    4.94779381957715,
    -4.414616595015806,
    4.945411815573664
  ],