{
  "episode": 1908,
  "steps": 95,
  "actions": [
    23,
    23,
    23,
    23,
    14,
    15,
    22,
    22,
    12,
    12,
    20,
    12,
    14,
    22,
    22,
    5,
    21,
    21,
    14,
    15,
    14,
    13,
    20,
    13,
    14,
    22,
    15,
    20,
    22,
    15,
    21,
    21,
    13,
    21,
    22,
    20,
    15,
    21,
    22,
    15,
    21,
    22,
    12,
    13,
    22,
    14,
    3,
    0,
    2,
    11,
    2,
    3,
    3,
    8,
    0,
    3,
    0,
    3,
    9,
    0,
    3,
    3,
    3,
    1,
    1,
    3,
    2,
    0,
    19,
    2,
    21,
    4,
    13,
    4,
    15,
    13,
    22,
    14,
    4,
    12,
    21,
    12,
    21,
    15,
    23,
    22,
    21,
    15,
    6,
    13,
    20,
    22,
    20,
    20,
    21
  ],
  "temperatures": [
    21.111627197265648,
    21.104028320312523,
    21.062646484375023,
    21.024285888671898,
    20.531274414062523,
    20.474237060546898,
    20.916040039062523,
    20.905114746093773,
    20.409600830078148,
    20.363702392578148,
    20.826928710937523,
    20.328851318359398,
    20.286767578125023,
    20.762872314453148,
    20.757592773437523,
    19.438134765625023,
    20.686730957031273,
    20.692071533203148,
    20.169580078125023,
    20.128259277343773,
    20.099328613281273,
    20.073480224609398,
    20.585626220703148,
    20.067254638671898,
    20.075097656250023,
    20.634851074218773,
    20.170526123046898,
    20.668695068359398,
    20.667077636718773,
    20.148126220703148,
    20.654534912109398,
    21.176751708984398,
    20.926568603515648,
    21.382745361328148,
    21.462792968750023,
    21.524041748046898,
    21.275506591796898,
    21.671746826171898,
    21.864923095703148,
    21.917901611328148,
    22.383599853515648,
    22.626367187500023,
    22.808770751953148,
    23.090203857421898,
    23.325860595703148,
    23.674096679687523,
    21.204156494140648,
    21.382165527343773,
    21.638330078125023,
    20.522637939453148,
    22.037347412109398,
    22.312097167968773,
    22.546716308593773,
    21.236413574218773,
    22.828210449218773,
    22.992089843750023,
    23.085168457031273,
    23.148675537109398,
    21.587701416015648,
    23.088311767578148,
    23.104638671875023,
    23.049310302734398,
    22.909570312500023,
    22.688653564453148,
    22.397851562500023,
    22.118035888671898,
    21.870660400390648,
    21.656304931640648,
    19.359368896484398,
    21.177117919921898,
    23.634179687500023,
    23.240258789062523,
    23.049432373046898,
    22.916711425781273,
    22.823083496093773,
    22.737786865234398,
    22.710504150390648,
    22.562860107421898,
    22.339746093750023,
    22.392755126953148,
    22.443536376953148,
    22.260736083984398,
    22.336175537109398,
    22.127435302734398,
    22.221063232421898,
    22.163140869140648,
    22.104028320312523,
    21.833856201171898,
    21.413079833984398,
    21.662438964843773,
    21.859674072265648,
    21.803033447265648,
    21.715386962890648,
    21.615350341796898,
    21.527001953125023
  ],
  "outdoor_temps": [
    -6.1035156022626325e-06,
    -6.1035156022626325e-06,
    -6.1035156022626325e-06,
    -6.1035156022626325e-06,
    -6.1035156022626325e-06,
    -6.1035156022626325e-06,
    -6.1035156022626325e-06,
    -6.1035156022626325e-06,
    -6.1035156022626325e-06,
    -6.1035156022626325e-06,
    -6.1035156022626325e-06,
    -6.1035156022626325e-06,
    -6.1035156022626325e-06,
    -6.1035156022626325e-06,
    -6.1035156022626325e-06,
    -6.1035156022626325e-06,
    -6.1035156022626325e-06,
    -6.1035156022626325e-06,
    -6.1035156022626325e-06,
    -6.1035156022626325e-06,
    -6.1035156022626325e-06,
    -6.1035156022626325e-06,
    -6.1035156022626325e-06,
    0.48467407226564774,
    1.5674987792968977,
    2.6915527343750227,
    3.3000122070312727,
    3.2094665527343977,
    2.8019348144531477,
    2.3684326171875227,
    2.2000061035156477,
    2.3021789550781477,
    2.5030456542968977,
    2.8273864746093977,
    3.3000122070312727,
    4.170007324218773,
    5.390008544921898,
    6.540002441406273,
    7.200006103515648,
    7.400476074218773,
    7.509606933593773,
    7.613946533203148,
    7.800012207031273,
    8.075891113281273,
    8.371636962890648,
    8.656549072265648,
    8.899987792968773,
    9.066003417968773,
    9.171868896484398,
    9.266809082031273,
    9.399987792968773,
    9.710534667968773,
    10.159387207031273,
    10.528527832031273,
    10.600000000000023,
    10.450006103515648,
    10.300012207031273,
    10.149987792968773,
    9.999993896484398,
    9.850000000000023,
    9.700006103515648,
    9.550012207031273,
    9.399987792968773,
    8.978875732421898,
    8.201959228515648,
    7.349084472656273,
    6.700006103515648,
    6.357904052734398,
    6.149987792968773,
    5.942102050781273,
    5.600000000000023,
    4.941003417968773,
    4.063317871093773,
    3.2539611816406477,
    2.8000122070312727,
    2.6291442871093977,
    2.4749084472656477,
    2.3332153320312727,
    2.2000061035156477,
    2.0766845703125227,
    1.9598327636718977,
    1.8380676269531477,
    1.7000061035156477,
    1.4921203613281477,
    1.2039733886718977,
    0.8888488769531477,
    0.6000000000000227,
    0.41335449218752274,
    0.31020507812502274,
    0.20195922851564774,
    -6.1035156022626325e-06,
    -0.7735656738281023,
    -2.1510986328124773,
    -3.5530761718749773,
    -4.399999999999977
  ],
  "rewards": [
    4.963678053930402,
    4.9635631695538756,
    4.962818720653653,
    4.962127915933729,
    4.967531259212643,
    4.966805896782195,
    4.960170926051943,
    4.959981032871033,
    4.966001505952652,
    4.9654157294111085,
    4.958565080452872,
    4.964980113516521,
    4.964441797860129,
    4.957402936507826,
    4.957310961850311,
    -0.8024408011320826,
    4.95601062683178,
    4.956113641471319,
    4.962951891471349,
    4.962419769787108,
    4.96204785827434,
    4.961715883039748,
    4.954161536928752,
    4.9616414034468646,
    4.961746038273463,
    4.955081652586227,
    4.962984163862045,
    4.955709132152407,
    4.955679470471066,
    4.9626957763250426,
    4.955448439317553,
    4.965102399796895,
    4.9727654809250454,
    4.968899157878497,
    4.970374812693052,
    4.971502813957955,
    4.9772653460604666,
    4.974226434427111,
    4.977796640605383,
    4.985575374167736,
    4.987388374703734,
    4.991877564699106,
    4.997108067598518,
    4.99923432467149,
    4.996980718944708,
    4.996966276865776,
    4.986153409578716,
    4.985758106631268,
    4.985189469385892,
    4.978134921933808,
    4.984303728841407,
    4.983693934004106,
    4.983173404854763,
    4.975363034156192,
    4.982549272672476,
    4.982185853052885,
    4.9819795339527015,
    4.9818388216979805,
    4.974000416544307,
    4.981972869544411,
    4.981936513114721,
    4.982059166950215,
    4.98236908368491,
    4.982859305662144,
    4.983504823967491,
    4.9841260217872,
    4.984675241631496,
    4.985151180844106,
    -1.0386321457809973,
    4.986214907305882,
    4.995270661793001,
    4.999392347943686,
    4.999395038594128,
    4.999299894571791,
    4.9972898123288605,
    4.996187586373447,
    4.9934344051149875,
    4.993926311236199,
    4.995039013274824,
    4.99172744802256,
    4.988504691410972,
    4.990021317948304,
    4.986522678423834,
    4.988299186874829,
    4.984398104148714,
    4.983329496100545,
    4.982238375209596,
    4.984506863404714,
    4.988198442867755,
    4.982292435309,
    4.977728843328098,
    4.976683552435558,
    4.975064919852044,
    4.973216241172474,
    4.971583267620724
  ],