{
  "episode": 371,
  "steps": 95,
  "actions": [
    23,
    23,
    23,
    23,
    21,
    21,
    21,
    21,
    21,
    21,
    21,
    22,
    21,
    20,
    20,
    20,
    22,
    22,
    21,
    22,
    22,
    22,
    22,
    22,
    21,
    22,
    22,
    22,
    22,
    21,
    21,
    21,
    21,
    21,
    21,
    21,
    21,
    23,
    7,
    20,
    7,
    6,
    21,
    5,
    20,
    0,
    2,
    0,
    0,
    0,
    10,
    10,
    10,
    10,
    11,
    11,
    10,
    11,
    9,
    10,
    9,
    11,
    11,
    11,
    1,
    1,
    1,
    1,
    1,
    3,
    1,
    3,
    4,
    12,
    5,
    7,
    5,
    5,
    5,
    5,
    12,
    14,
    20,
    14,
    13,
    22,
    21,
    7,
    22,
    20,
    20,
    22,
    21,
    23,
    22
  ],
  "temperatures": [
    20.975762939453148,
    20.971978759765648,
    20.926324462890648,
    20.884027099609398,
    20.848413085937523,
    20.818383789062523,
    20.792230224609398,
    20.768457031250023,
    20.746057128906273,
    20.724359130859398,
    20.703149414062523,
    20.682244873046898,
    20.661584472656273,
    20.641198730468773,
    20.621026611328148,
    20.601068115234398,
    20.581353759765648,
    20.561944580078148,
    20.542871093750023,
    20.524133300781273,
    20.505761718750023,
    20.487725830078148,
    20.470056152343773,
    20.463403320312523,
    20.485864257812523,
    20.523187255859398,
    20.552392578125023,
    20.555322265625023,
    20.539788818359398,
    20.522058105468773,
    20.533807373046898,
    21.077111816406273,
    21.201745605468773,
    21.302789306640648,
    21.379968261718773,
    21.441552734375023,
    21.505181884765648,
    21.604486083984398,
    21.020501708984398,
    22.056207275390648,
    21.833398437500023,
    22.220574951171898,
    22.831079101562523,
    23.088006591796898,
    23.343774414062523,
    21.429193115234398,
    21.655145263671898,
    21.976037597656273,
    22.288049316406273,
    22.584710693359398,
    21.155511474609398,
    21.296594238281273,
    21.461816406250023,
    21.615350341796898,
    21.735986328125023,
    21.816064453125023,
    21.869104003906273,
    21.901940917968773,
    21.913049316406273,
    21.895562744140648,
    21.848199462890648,
    21.769952392578148,
    21.637872314453148,
    21.434167480468773,
    22.807916259765648,
    22.604333496093773,
    22.370874023437523,
    22.162896728515648,
    21.981256103515648,
    21.818139648437523,
    21.662133789062523,
    20.823083496093773,
    22.830957031250023,
    22.829949951171898,
    22.654199218750023,
    22.533776855468773,
    22.412438964843773,
    22.285943603515648,
    22.163293457031273,
    22.050073242187523,
    22.184472656250023,
    22.118768310546898,
    22.230462646484398,
    21.984796142578148,
    21.900933837890648,
    22.045465087890648,
    21.987329101562523,
    21.286492919921898,
    21.844934082031273,
    21.797052001953148,
    21.744073486328148,
    21.679040527343773,
    21.584466552734398,
    21.477075195312523,
    21.382165527343773
  ],
  "outdoor_temps": [
    -6.1035156022626325e-06,
    -6.1035156022626325e-06,
    -6.1035156022626325e-06,
    -6.1035156022626325e-06,
    -6.1035156022626325e-06,
    -6.1035156022626325e-06,
    -6.1035156022626325e-06,
    -6.1035156022626325e-06,
    -6.1035156022626325e-06,
    -6.1035156022626325e-06,
    -6.1035156022626325e-06,
    -6.1035156022626325e-06,
    -6.1035156022626325e-06,
    -6.1035156022626325e-06,
    -6.1035156022626325e-06,
    -6.1035156022626325e-06,
    -6.1035156022626325e-06,
    -6.1035156022626325e-06,
    -6.1035156022626325e-06,
    -6.1035156022626325e-06,
    -6.1035156022626325e-06,
    -6.1035156022626325e-06,
    -6.1035156022626325e-06,
    0.48467407226564774,
    1.5674987792968977,
    2.6915527343750227,
    3.3000122070312727,
    3.2094665527343977,
    2.8019348144531477,
    2.3684326171875227,
    2.2000061035156477,
    2.3021789550781477,
    2.5030456542968977,
    2.8273864746093977,
    3.3000122070312727,
    4.170007324218773,
    5.390008544921898,
    6.540002441406273,
    7.200006103515648,
    7.400476074218773,
    7.509606933593773,
    7.613946533203148,
    7.800012207031273,
    8.075891113281273,
    8.371636962890648,
    8.656549072265648,
    8.899987792968773,
    9.066003417968773,
    9.171868896484398,
    9.266809082031273,
    9.399987792968773,
    9.710534667968773,
    10.159387207031273,
    10.528527832031273,
    10.600000000000023,
    10.450006103515648,
    10.300012207031273,
    10.149987792968773,
    9.999993896484398,
    9.850000000000023,
    9.700006103515648,
    9.550012207031273,
    9.399987792968773,
    8.978875732421898,
    8.201959228515648,
    7.349084472656273,
    6.700006103515648,
    6.357904052734398,
    6.149987792968773,
    5.942102050781273,
    5.600000000000023,
    4.941003417968773,
    4.063317871093773,
    3.2539611816406477,
    2.8000122070312727,
    2.6291442871093977,
    2.4749084472656477,
    2.3332153320312727,
    2.2000061035156477,
    2.0766845703125227,
    1.9598327636718977,
    1.8380676269531477,
    1.7000061035156477,
    1.4921203613281477,
    1.2039733886718977,
    0.8888488769531477,
    0.6000000000000227,
    0.41335449218752274,
    0.31020507812502274,
    0.20195922851564774,
    -6.1035156022626325e-06,
    -0.7735656738281023,
    -2.1510986328124773,
    -3.5530761718749773,
    -4.399999999999977
  ],
  "rewards": [
    4.120979222776403,
    4.115054529951921,
    4.041117961602322,
    3.9698265858460595,
    3.907721049115101,
    3.8538797203905313,
    3.8058857733930833,
    3.7613691708154424,
    3.71864609823445,
    3.6765443841542513,
    3.6347041193849807,
    3.5928046119387673,
    3.5507493477169394,
    3.5086222346208484,
    3.4663219366753544,
    3.423867874049589,
    3.3813452040189955,
    3.33890951595679,
    3.296656541549043,
    3.254615608610911,
    3.2128832337487516,
    3.1714217349089715,
    3.1303298621479456,
    3.114743142597754,
    3.1671395807195486,
    3.252526247891365,
    3.317881751381234,
    3.324368248306588,
    3.2898385785467936,
    3.249981518596785,
    3.276446803825674,
    4.274051484920763,
    4.440449739255686,
    4.558249548467548,
    4.637910676159634,
    4.695064978868436,
    4.748141803684377,
    4.81885017895951,
    4.251081570950371,
    4.953846803438322,
    4.961850805135409,
    4.951905993945363,
    4.472588738711603,
    4.111720820938848,
    3.6392329426498056,
    4.727027917031177,
    4.881196301174362,
    4.968534494215907,
    4.905350539865894,
    4.7098478163452615,
    4.409922233605786,
    4.572455609220549,
    4.7248429082739145,
    4.82974535518651,
    4.887364609729022,
    4.913558137949724,
    4.925611931208688,
    4.930959737080598,
    4.932402999524192,
    4.93004821843387,
    4.921366329503696,
    4.89965149684729,
    4.8421625622941065,
    4.702198206011388,
    4.47572804832565,
    4.692264536796724,
    4.864054865381344,
    4.948237606250352,
    4.968682165109229,
    4.9448650427075656,
    4.8847474546619285,
    3.935248829303957,
    4.479540998924536,
    4.477778992198947,
    4.6738195377282326,
    4.779335442629382,
    4.863652946469766,
    4.928040978840301,
    4.967553975430069,
    4.98399946164036,
    4.949800412581985,
    4.962803339643562,
    4.924146468258333,
    4.969253902749118,
    4.959590777411008,
    4.954238094209247,
    4.95309441494229,
    4.592789580611253,
    4.928874101238736,
    4.913896777699101,
    4.893316569157844,
    4.862298410355083,
    4.805866251582618,
    4.725517850340078,
    4.640106347166022
  ],