{
  "episode": 1158,
  "steps": 95,
  "actions": [
    23,
    23,
    23,
    23,
    14,
    15,
    12,
    14,
    14,
    23,
    13,
    21,
    21,
    22,
    14,
    23,
    23,
    20,
    20,
    12,
    23,
    21,
    20,
    14,
    22,
    20,
    23,
    14,
    22,
    13,
    21,
    6,
    15,
    14,
    23,
    20,
    14,
    23,
    14,
    12,
    14,
    15,
    22,
    13,
    12,
    20,
    8,
    21,
    0,
    11,
    0,
    2,
    2,
    1,
    2,
    0,
    9,
    11,
    1,
    0,
    1,
    0,
    0,
    0,
    9,
    1,
    11,
    2,
    3,
    15,
    1,
    20,
    14,
    4,
    4,
    22,
    14,
    15,
    20,
    15,
    22,
    6,
    22,
    21,
    15,
    14,
    15,
    6,
    6,
    5,
    23,
    15,
    20,
    22,
    14
  ],
  "temperatures": [
    21.111627197265648,
    21.104028320312523,
    21.062646484375023,
    21.024285888671898,
    20.531274414062523,
    20.474237060546898,
    20.435083007812523,
    20.402001953125023,
    20.372216796875023,
    20.838677978515648,
    20.344537353515648,
    20.803308105468773,
    20.796258544921898,
    20.782647705078148,
    20.268090820312523,
    20.733117675781273,
    20.724694824218773,
    20.710717773437523,
    20.695520019531273,
    20.166345214843773,
    20.645776367187523,
    20.638543701171898,
    20.625970458984398,
    20.099145507812523,
    20.626733398437523,
    20.671746826171898,
    20.703057861328148,
    20.209252929687523,
    20.677148437500023,
    20.163659667968773,
    20.667993164062523,
    20.177575683593773,
    20.891137695312523,
    21.015893554687523,
    21.448205566406273,
    21.518029785156273,
    21.272607421875023,
    21.671563720703148,
    21.605004882812523,
    21.908685302734398,
    22.215875244140648,
    22.515161132812523,
    22.852716064453148,
    23.089715576171898,
    23.387078857421898,
    23.562005615234398,
    19.904351806640648,
    23.891961669921898,
    21.761590576171898,
    20.556848144531273,
    22.068750000000023,
    22.338067626953148,
    22.569360351562523,
    22.777581787109398,
    22.943505859375023,
    23.059472656250023,
    21.551995849609398,
    21.537530517578148,
    23.084008789062523,
    23.139703369140648,
    23.122369384765648,
    23.064324951171898,
    22.923516845703148,
    22.701959228515648,
    20.959924316406273,
    22.044030761718773,
    20.500115966796898,
    21.552056884765648,
    21.408441162109398,
    23.883294677734398,
    21.242211914062523,
    23.117517089843773,
    23.048608398437523,
    22.920709228515648,
    22.785974121093773,
    22.784356689453148,
    22.654992675781273,
    22.564202880859398,
    22.569451904296898,
    22.403955078125023,
    22.448815917968773,
    22.073266601562523,
    22.335168457031273,
    22.284295654296898,
    22.058190917968773,
    21.977288818359398,
    21.899346923828148,
    21.505364990234398,
    21.384881591796898,
    21.280419921875023,
    21.842858886718773,
    21.520623779296898,
    21.699487304687523,
    21.604791259765648,
    21.184014892578148
  ],
  "outdoor_temps": [
    -6.1035156022626325e-06,
    -6.1035156022626325e-06,
    -6.1035156022626325e-06,
    -6.1035156022626325e-06,
    -6.1035156022626325e-06,
    -6.1035156022626325e-06,
    -6.1035156022626325e-06,
    -6.1035156022626325e-06,
    -6.1035156022626325e-06,
    -6.1035156022626325e-06,
    -6.1035156022626325e-06,
    -6.1035156022626325e-06,
    -6.1035156022626325e-06,
    -6.1035156022626325e-06,
    -6.1035156022626325e-06,
    -6.1035156022626325e-06,
    -6.1035156022626325e-06,
    -6.1035156022626325e-06,
    -6.1035156022626325e-06,
    -6.1035156022626325e-06,
    -6.1035156022626325e-06,
    -6.1035156022626325e-06,
    -6.1035156022626325e-06,
    0.48467407226564774,
    1.5674987792968977,
    2.6915527343750227,
    3.3000122070312727,
    3.2094665527343977,
    2.8019348144531477,
    2.3684326171875227,
    2.2000061035156477,
    2.3021789550781477,
    2.5030456542968977,
    2.8273864746093977,
    3.3000122070312727,
    4.170007324218773,
    5.390008544921898,
    6.540002441406273,
    7.200006103515648,
    7.400476074218773,
    7.509606933593773,
    7.613946533203148,
    7.800012207031273,
    8.075891113281273,
    8.371636962890648,
    8.656549072265648,
    8.899987792968773,
    9.066003417968773,
    9.171868896484398,
    9.266809082031273,
    9.399987792968773,
    9.710534667968773,
    10.159387207031273,
    10.528527832031273,
    10.600000000000023,
    10.450006103515648,
    10.300012207031273,
    10.149987792968773,
    9.999993896484398,
    9.850000000000023,
    9.700006103515648,
    9.550012207031273,
    9.399987792968773,
    8.978875732421898,
    8.201959228515648,
    7.349084472656273,
    6.700006103515648,
    6.357904052734398,
    6.149987792968773,
    5.942102050781273,
    5.600000000000023,
    4.941003417968773,
    4.063317871093773,
    3.2539611816406477,
    2.8000122070312727,
    2.6291442871093977,
    2.4749084472656477,
    2.3332153320312727,
    2.2000061035156477,
    2.0766845703125227,
    1.9598327636718977,
    1.8380676269531477,
    1.7000061035156477,
    1.4921203613281477,
    1.2039733886718977,
    0.8888488769531477,
    0.6000000000000227,
    0.41335449218752274,
    0.31020507812502274,
    0.20195922851564774,
    -6.1035156022626325e-06,
    -0.7735656738281023,
    -2.1510986328124773,
    -3.5530761718749773,
    -4.399999999999977
  ],
  "rewards": [
    4.963678053930402,
    4.9635631695538756,
    4.962818720653653,
    4.962127915933729,
    4.967531259212643,
    4.966805896782195,
    4.96631057862079,
    4.965892926581366,
    4.9655171811812275,
    4.958773205463653,
    4.965175900612026,
    4.958136617493371,
    4.958013747052006,
    4.957768342704229,
    4.964211167119767,
    4.95686368722177,
    4.956712528780103,
    4.956458376958966,
    4.95618093626849,
    4.96291245223112,
    4.95526709346862,
    4.955136269643903,
    4.95490737339919,
    4.9620536840064045,
    4.954928745214706,
    4.955763212703492,
    4.956343592575711,
    4.963486080322415,
    4.95586590546823,
    4.962896620136078,
    4.955696965691188,
    4.979067261044584,
    4.972307134410447,
    4.973917046225427,
    4.97010467845655,
    4.971391507700085,
    4.977227777252864,
    4.974222906415229,
    4.981525632813573,
    4.985456032776153,
    4.9894325177149605,
    4.993306940370117,
    4.996064148294537,
    4.999236155588504,
    4.998081210442374,
    4.995670404348684,
    -0.03257332248336803,
    4.993839505893381,
    4.984915921513639,
    4.978002064976841,
    4.98423401644097,
    4.983636309433728,
    4.983123115222253,
    4.982661313931741,
    4.982293386384521,
    4.982036339561739,
    4.974138663046062,
    4.97419511808374,
    4.98198237886296,
    4.9818588220324855,
    4.9818971722610295,
    4.9820258270945885,
    4.982338139940053,
    4.982829808522016,
    4.976438015256077,
    4.984290294557001,
    4.978224386125479,
    4.985382507942779,
    4.9857014413879295,
    4.996154513505329,
    4.98607062052822,
    4.998139797702108,
    4.999398280951154,
    4.999329552332749,
    4.99833442377542,
    4.994798784552709,
    4.995117399346407,
    4.993943519764458,
    4.990829846459238,
    4.991872106502723,
    4.988602128821222,
    4.993070846375401,
    4.986504193546331,
    4.985565141402509,
    4.987404599536858,
    4.98635952416694,
    4.985352449440276,
    4.9888792706642135,
    4.98799011222095,
    4.987219090676016,
    4.977418472448122,
    4.9804601432420315,
    4.97477074225506,
    4.973021189144772,
    4.976106914382751
  ],