{
  "episode": 1722,
  "steps": 95,
  "actions": [
    23,
    23,
    23,
    23,
    13,
    14,
    20,
    22,
    14,
    13,
    13,
    21,
    12,
    20,
    22,
    13,
    12,
    22,
    15,
    22,
    15,
    22,
    22,
    21,
    15,
    14,
    14,
    20,
    13,
    13,
    14,
    14,
    13,
    14,
    14,
    22,
    13,
    23,
    12,
    13,
    15,
    22,
    14,
    13,
    21,
    3,
    3,
    8,
    9,
    3,
    11,
    8,
    0,
    3,
    1,
    8,
    9,
    10,
    1,
    10,
    3,
    2,
    3,
    0,
    10,
    1,
    3,
    3,
    9,
    11,
    12,
    4,
    22,
    22,
    20,
    22,
    21,
    14,
    21,
    6,
    20,
    14,
    14,
    21,
    21,
    6,
    21,
    14,
    6,
    14,
    22,
    12,
    22,
    15,
    22
  ],
  "temperatures": [
    21.111627197265648,
    21.104028320312523,
    21.062646484375023,
    21.024285888671898,
    20.531274414062523,
    20.474237060546898,
    20.916040039062523,
    20.905114746093773,
    20.409600830078148,
    20.363702392578148,
    20.331079101562523,
    20.801995849609398,
    20.301629638671898,
    20.766168212890648,
    20.759362792968773,
    20.243310546875023,
    20.199090576171898,
    20.686914062500023,
    20.168542480468773,
    20.652520751953148,
    20.128015136718773,
    20.617669677734398,
    20.613244628906273,
    20.612695312500023,
    20.118127441406273,
    20.137475585937523,
    20.161737060546898,
    20.670800781250023,
    20.165063476562523,
    20.126672363281273,
    20.130944824218773,
    20.747308349609398,
    20.891229248046898,
    21.006341552734398,
    21.094628906250023,
    21.497094726562523,
    21.253778076171898,
    21.657800292968773,
    21.590203857421898,
    21.895227050781273,
    22.203820800781273,
    22.612603759765648,
    22.795404052734398,
    23.077783203125023,
    23.316033935546898,
    20.804620361328148,
    21.009484863281273,
    20.029656982421898,
    20.206475830078148,
    21.707208251953148,
    20.612603759765648,
    20.761529541015648,
    22.349511718750023,
    22.614770507812523,
    22.797845458984398,
    21.371514892578148,
    21.384576416015648,
    21.398583984375023,
    22.930383300781273,
    21.429223632812523,
    22.886224365234398,
    22.879113769531273,
    22.752282714843773,
    22.539788818359398,
    20.830682373046898,
    21.895318603515648,
    21.692712402343773,
    21.490228271484398,
    20.071221923828148,
    19.894219970703148,
    23.634332275390648,
    23.114923095703148,
    22.953607177734398,
    22.856530761718773,
    22.773889160156273,
    22.706994628906273,
    22.638146972656273,
    22.476007080078148,
    22.498345947265648,
    22.140039062500023,
    22.376947021484398,
    22.182427978515648,
    22.114709472656273,
    22.219995117187523,
    22.166436767578148,
    21.617517089843773,
    22.037011718750023,
    21.758935546875023,
    21.318017578125023,
    21.592126464843773,
    21.805841064453148,
    21.469873046875023,
    21.655969238281273,
    21.238458251953148,
    21.465447998046898
  ],
  "outdoor_temps": [
    -6.1035156022626325e-06,
    -6.1035156022626325e-06,
    -6.1035156022626325e-06,
    -6.1035156022626325e-06,
    -6.1035156022626325e-06,
    -6.1035156022626325e-06,
    -6.1035156022626325e-06,
    -6.1035156022626325e-06,
    -6.1035156022626325e-06,
    -6.1035156022626325e-06,
    -6.1035156022626325e-06,
    -6.1035156022626325e-06,
    -6.1035156022626325e-06,
    -6.1035156022626325e-06,
    -6.1035156022626325e-06,
    -6.1035156022626325e-06,
    -6.1035156022626325e-06,
    -6.1035156022626325e-06,
    -6.1035156022626325e-06,
    -6.1035156022626325e-06,
    -6.1035156022626325e-06,
    -6.1035156022626325e-06,
    -6.1035156022626325e-06,
    0.48467407226564774,
    1.5674987792968977,
    2.6915527343750227,
    3.3000122070312727,
    3.2094665527343977,
    2.8019348144531477,
    2.3684326171875227,
    2.2000061035156477,
    2.3021789550781477,
    2.5030456542968977,
    2.8273864746093977,
    3.3000122070312727,
    4.170007324218773,
    5.390008544921898,
    6.540002441406273,
    7.200006103515648,
    7.400476074218773,
    7.509606933593773,
    7.613946533203148,
    7.800012207031273,
    8.075891113281273,
    8.371636962890648,
    8.656549072265648,
    8.899987792968773,
    9.066003417968773,
    9.171868896484398,
    9.266809082031273,
    9.399987792968773,
    9.710534667968773,
    10.159387207031273,
    10.528527832031273,
    10.600000000000023,
    10.450006103515648,
    10.300012207031273,
    10.149987792968773,
    9.999993896484398,
    9.850000000000023,
    9.700006103515648,
    9.550012207031273,
    9.399987792968773,
    8.978875732421898,
    8.201959228515648,
    7.349084472656273,
    6.700006103515648,
    6.357904052734398,
    6.149987792968773,
    5.942102050781273,
    5.600000000000023,
    4.941003417968773,
    4.063317871093773,
    3.2539611816406477,
    2.8000122070312727,
    2.6291442871093977,
    2.4749084472656477,
    2.3332153320312727,
    2.2000061035156477,
    2.0766845703125227,
    1.9598327636718977,
    1.8380676269531477,
    1.7000061035156477,
    1.4921203613281477,
    1.2039733886718977,
    0.8888488769531477,
    0.6000000000000227,
    0.41335449218752274,
    0.31020507812502274,
    0.20195922851564774,
    -6.1035156022626325e-06,
    -0.7735656738281023,
    -2.1510986328124773,
    -3.5530761718749773,
    -4.399999999999977
  ],
  "rewards": [
    4.963678053930402,
    4.9635631695538756,
    4.962818720653653,
    4.962127915933729,
    4.967531119711697,
    4.966805893257747,
    4.9601707221911004,
    4.9599810292040525,
    4.966001427274521,
    4.9654157257311695,
    4.965001671389231,
    4.958111887213329,
    4.964634087134801,
    4.957463443566276,
    4.957343766859692,
    4.963894881110962,
    4.963326717690119,
    4.956018419552756,
    4.962938491206939,
    4.955389251905291,
    4.962418829303559,
    4.954750564294665,
    4.954672132991578,
    4.954666056894089,
    4.9623024285330395,
    4.962555135524629,
    4.9628707742922655,
    4.955748199407821,
    4.962914834032726,
    4.962418475226054,
    4.9624739576135966,
    4.970451263808524,
    4.97230816605023,
    4.9737934304033615,
    4.97493178846768,
    4.9710043968603665,
    4.976984105807121,
    4.973968157407382,
    4.981333955083042,
    4.985282152421934,
    4.989276571348796,
    4.991623123633473,
    4.996935205709513,
    4.9992825684276125,
    4.9970352987689175,
    4.987040316884123,
    4.986585445624817,
    4.980049972680439,
    4.979363033891858,
    4.985036453825543,
    4.977785377697129,
    4.977206895478232,
    4.983611087695898,
    4.98302265040949,
    4.982616656941403,
    4.974839182644758,
    4.9747887856971635,
    4.974734640850808,
    4.982323321558049,
    4.974615872651015,
    4.98242122933965,
    4.982436861318577,
    4.982718158881464,
    4.983189730566967,
    4.976939933452755,
    4.984620279527714,
    4.985070183500324,
    4.985519745868672,
    4.979890567210544,
    -0.03765478417729647,
    4.997121405132277,
    4.9996703875466935,
    4.99792287319769,
    4.996130163111117,
    4.994603960030104,
    4.99336855547778,
    4.992097303830411,
    4.99280310352584,
    4.989516222958331,
    4.993563533697925,
    4.987274499835527,
    4.989008640955162,
    4.988133638226306,
    4.984377326850658,
    4.983389495224409,
    4.989706244890295,
    4.981001031102694,
    4.983538330246411,
    4.9874961493395915,
    4.981383586665697,
    4.97673491853929,
    4.9798040087040025,
    4.973967343855811,
    4.976811911564644,
    4.970446529584734
  ],