{
  "episode": 1708,
  "steps": 95,
  "actions": [
    23,
    23,
    23,
    23,
    14,
    13,
    14,
    21,
    15,
    22,
    14,
    15,
    12,
    22,
    21,
    15,
    20,
    20,
    14,
    22,
    21,
    22,
    14,
    21,
    22,
    21,
    22,
    22,
    20,
    13,
    15,
    12,
    12,
    14,
    21,
    22,
    13,
    22,
    22,
    21,
    15,
    12,
    13,
    13,
    22,
    12,
    9,
    10,
    0,
    3,
    13,
    0,
    1,
    3,
    11,
    8,
    3,
    3,
    8,
    0,
    0,
    2,
    3,
    0,
    3,
    3,
    0,
    3,
    0,
    3,
    15,
    23,
    12,
    14,
    15,
    20,
    20,
    6,
    15,
    21,
    20,
    5,
    14,
    7,
    23,
    20,
    21,
    14,
    22,
    20,
    21,
    13,
    6,
    15,
    14
  ],
  "temperatures": [
    21.111627197265648,
    21.104028320312523,
    21.062646484375023,
    21.024285888671898,
    20.531274414062523,
    20.474237060546898,
    20.435083007812523,
    20.887994384765648,
    20.398797607421898,
    20.848382568359398,
    20.352410888671898,
    20.309686279296898,
    20.278924560546898,
    20.758325195312523,
    20.754022216796898,
    20.238488769531273,
    20.709771728515648,
    20.702752685546898,
    20.177667236328148,
    20.657098388671898,
    20.650567626953148,
    20.638330078125023,
    20.101892089843773,
    20.602105712890648,
    20.633538818359398,
    20.672875976562523,
    20.702752685546898,
    20.707086181640648,
    20.693811035156273,
    20.173822021484398,
    20.160607910156273,
    20.770989990234398,
    20.911004638671898,
    21.023645019531273,
    21.452325439453148,
    21.520959472656273,
    21.275292968750023,
    21.673364257812523,
    21.867547607421898,
    22.134088134765648,
    22.230615234375023,
    22.523797607421898,
    22.808892822265648,
    23.093621826171898,
    23.329400634765648,
    23.678826904296898,
    19.913232421875023,
    20.054528808593773,
    21.523522949218773,
    21.826348876953148,
    24.609124755859398,
    22.466882324218773,
    22.614312744140648,
    22.807031250000023,
    21.406488037109398,
    21.436547851562523,
    23.010583496093773,
    23.122521972656273,
    21.574884033203148,
    23.077874755859398,
    23.097161865234398,
    23.043664550781273,
    22.905145263671898,
    22.685021972656273,
    22.394769287109398,
    22.115350341796898,
    21.868310546875023,
    21.654168701171898,
    21.468469238281273,
    21.302453613281273,
    23.803308105468773,
    23.162133789062523,
    23.076257324218773,
    22.956536865234398,
    22.850549316406273,
    22.803460693359398,
    22.731500244140648,
    22.481958007812523,
    22.495050048828148,
    22.520440673828148,
    22.464318847656273,
    22.095544433593773,
    22.205804443359398,
    21.908715820312523,
    22.226464843750023,
    22.171716308593773,
    22.113305664062523,
    21.846276855468773,
    21.990350341796898,
    21.937585449218773,
    21.885430908203148,
    21.557427978515648,
    21.011590576171898,
    21.287408447265648,
    21.181726074218773
  ],
  "outdoor_temps": [
    -6.1035156022626325e-06,
    -6.1035156022626325e-06,
    -6.1035156022626325e-06,
    -6.1035156022626325e-06,
    -6.1035156022626325e-06,
    -6.1035156022626325e-06,
    -6.1035156022626325e-06,
    -6.1035156022626325e-06,
    -6.1035156022626325e-06,
    -6.1035156022626325e-06,
    -6.1035156022626325e-06,
    -6.1035156022626325e-06,
    -6.1035156022626325e-06,
    -6.1035156022626325e-06,
    -6.1035156022626325e-06,
    -6.1035156022626325e-06,
    -6.1035156022626325e-06,
    -6.1035156022626325e-06,
    -6.1035156022626325e-06,
    -6.1035156022626325e-06,
    -6.1035156022626325e-06,
    -6.1035156022626325e-06,
    -6.1035156022626325e-06,
    0.48467407226564774,
    1.5674987792968977,
    2.6915527343750227,
    3.3000122070312727,
    3.2094665527343977,
    2.8019348144531477,
    2.3684326171875227,
    2.2000061035156477,
    2.3021789550781477,
    2.5030456542968977,
    2.8273864746093977,
    3.3000122070312727,
    4.170007324218773,
    5.390008544921898,
    6.540002441406273,
    7.200006103515648,
    7.400476074218773,
    7.509606933593773,
    7.613946533203148,
    7.800012207031273,
    8.075891113281273,
    8.371636962890648,
    8.656549072265648,
    8.899987792968773,
    9.066003417968773,
    9.171868896484398,
    9.266809082031273,
    9.399987792968773,
    9.710534667968773,
    10.159387207031273,
    10.528527832031273,
    10.600000000000023,
    10.450006103515648,
    10.300012207031273,
    10.149987792968773,
    9.999993896484398,
    9.850000000000023,
    9.700006103515648,
    9.550012207031273,
    9.399987792968773,
    8.978875732421898,
    8.201959228515648,
    7.349084472656273,
    6.700006103515648,
    6.357904052734398,
    6.149987792968773,
    5.942102050781273,
    5.600000000000023,
    4.941003417968773,
    4.063317871093773,
    3.2539611816406477,
    2.8000122070312727,
    2.6291442871093977,
    2.4749084472656477,
    2.3332153320312727,
    2.2000061035156477,
    2.0766845703125227,
    1.9598327636718977,
    1.8380676269531477,
    1.7000061035156477,
    1.4921203613281477,
    1.2039733886718977,
    0.8888488769531477,
    0.6000000000000227,
    0.41335449218752274,
    0.31020507812502274,
    0.20195922851564774,
    -6.1035156022626325e-06,
    -0.7735656738281023,
    -2.1510986328124773,
    -3.5530761718749773,
    -4.399999999999977
  ],
  "rewards": [
    4.963678053930402,
    4.9635631695538756,
    4.962818720653653,
    4.962127915933729,
    4.967531259212643,
    4.966805893205916,
    4.9663105750833845,
    4.959664281790023,
    4.965861719895802,
    4.958952591615526,
    4.965277924638565,
    4.964731894754683,
    4.964340399539827,
    4.957318368245078,
    4.957245068811203,
    4.963832625225835,
    4.956436969238131,
    4.956310880354565,
    4.963056561957073,
    4.955474006120925,
    4.955356142781999,
    4.955132475108556,
    4.962086142402466,
    4.954469869320159,
    4.95505429408019,
    4.955784405730988,
    4.956337913484029,
    4.956418411992813,
    4.956173815988327,
    4.963028084049892,
    4.9628574813162185,
    4.970757666862367,
    4.972563868291838,
    4.974017314441664,
    4.970181116049056,
    4.971445849151067,
    4.9772626818235475,
    4.974256455537418,
    4.977845320962693,
    4.98277390327337,
    4.989623240579568,
    4.993418907410263,
    4.997109912313682,
    4.999220993007088,
    4.996960985150674,
    4.9969479457552985,
    -0.028540629662401507,
    4.979953393473411,
    4.985444227314999,
    4.984772024679929,
    -0.9308854359304821,
    4.983350410908947,
    4.983023322749883,
    4.982595953866515,
    4.974702969339717,
    4.974586573966009,
    4.982145083443465,
    4.981896832508076,
    4.974050203708042,
    4.981996045605483,
    4.981953126717359,
    4.982071691084653,
    4.982378904144563,
    4.982867420238484,
    4.983511681485921,
    4.984131983441341,
    4.984680520218838,
    4.985155940879136,
    4.985568223220337,
    4.985936797190457,
    4.9964651725413685,
    4.997892238861679,
    4.99929092182219,
    4.999015528164966,
    4.997645461507951,
    4.995151500749199,
    4.993822557798546,
    4.996089630956721,
    4.993050056835718,
    4.989925054210036,
    4.988888560146742,
    4.993235551799607,
    4.98931144368438,
    4.99185626963607,
    4.984497903833571,
    4.983488059356809,
    4.982409961393993,
    4.984667263080083,
    4.980140724961524,
    4.979167564176347,
    4.9782045223032645,
    4.980935954526715,
    4.9852344419067,
    4.9774445374217695,
    4.976077299154161
  ],