{
  "episode": 1698,
  "steps": 95,
  "actions": [
    23,
    23,
    23,
    23,
    15,
    12,
    20,
    22,
    20,
    22,
    14,
    22,
    14,
    14,
    13,
    23,
    14,
    6,
    15,
    14,
    12,
    14,
    14,
    22,
    14,
    12,
    13,
    13,
    12,
    13,
    14,
    22,
    13,
    22,
    22,
    22,
    4,
    20,
    20,
    14,
    13,
    20,
    14,
    22,
    21,
    13,
    12,
    1,
    0,
    3,
    2,
    2,
    3,
    0,
    11,
    9,
    10,
    8,
    3,
    10,
    3,
    3,
    10,
    3,
    3,
    18,
    2,
    3,
    9,
    12,
    5,
    1,
    14,
    4,
    21,
    6,
    13,
    22,
    14,
    13,
    15,
    4,
    15,
    4,
    13,
    14,
    5,
    21,
    13,
    14,
    12,
    21,
    14,
    13,
    12
  ],
  "temperatures": [
    21.111627197265648,
    21.104028320312523,
    21.062646484375023,
    21.024285888671898,
    20.531274414062523,
    20.474237060546898,
    20.916040039062523,
    20.905114746093773,
    20.888757324218773,
    20.871240234375023,
    20.368402099609398,
    20.817864990234398,
    20.314996337890648,
    20.270898437500023,
    20.239404296875023,
    20.724053955078148,
    20.212304687500023,
    19.337213134765648,
    20.101495361328148,
    20.098626708984398,
    20.080224609375023,
    20.059960937500023,
    20.039178466796898,
    20.569299316406273,
    20.083337402343773,
    20.110284423828148,
    20.139062500000023,
    20.139825439453148,
    20.119683837890648,
    20.096582031250023,
    20.106103515625023,
    21.136712646484398,
    20.893090820312523,
    21.360101318359398,
    21.443444824218773,
    21.506768798828148,
    20.772637939453148,
    21.642388916015648,
    21.843316650390648,
    21.896264648437523,
    22.199060058593773,
    22.608209228515648,
    22.789941406250023,
    23.068872070312523,
    23.310327148437523,
    23.655206298828148,
    23.928155517578148,
    21.528375244140648,
    21.687066650390648,
    21.922052001953148,
    22.148248291015648,
    22.373620605468773,
    22.595727539062523,
    22.798944091796898,
    21.403710937500023,
    21.435632324218773,
    21.463769531250023,
    21.478906250000023,
    23.026147460937523,
    21.508325195312523,
    22.979486083984398,
    22.970910644531273,
    21.299707031250023,
    22.535821533203148,
    22.293145751953148,
    19.735437011718773,
    21.646600341796898,
    21.502465820312523,
    20.089532470703148,
    23.787835693359398,
    24.036981201171898,
    20.445336914062523,
    22.930383300781273,
    22.826867675781273,
    22.799829101562523,
    22.597619628906273,
    22.590417480468773,
    22.590722656250023,
    22.423913574218773,
    22.346063232421898,
    22.275476074218773,
    21.996789550781273,
    22.134149169921898,
    21.819940185546898,
    21.987817382812523,
    21.918237304687523,
    21.530755615234398,
    21.988122558593773,
    21.700524902343773,
    21.625421142578148,
    21.557641601562523,
    21.760736083984398,
    21.380273437500023,
    21.245843505859398,
    21.130883789062523
  ],
  "outdoor_temps": [
    -6.1035156022626325e-06,
    -6.1035156022626325e-06,
    -6.1035156022626325e-06,
    -6.1035156022626325e-06,
    -6.1035156022626325e-06,
    -6.1035156022626325e-06,
    -6.1035156022626325e-06,
    -6.1035156022626325e-06,
    -6.1035156022626325e-06,
    -6.1035156022626325e-06,
    -6.1035156022626325e-06,
    -6.1035156022626325e-06,
    -6.1035156022626325e-06,
    -6.1035156022626325e-06,
    -6.1035156022626325e-06,
    -6.1035156022626325e-06,
    -6.1035156022626325e-06,
    -6.1035156022626325e-06,
    -6.1035156022626325e-06,
    -6.1035156022626325e-06,
    -6.1035156022626325e-06,
    -6.1035156022626325e-06,
    -6.1035156022626325e-06,
    0.48467407226564774,
    1.5674987792968977,
    2.6915527343750227,
    3.3000122070312727,
    3.2094665527343977,
    2.8019348144531477,
    2.3684326171875227,
    2.2000061035156477,
    2.3021789550781477,
    2.5030456542968977,
    2.8273864746093977,
    3.3000122070312727,
    4.170007324218773,
    5.390008544921898,
    6.540002441406273,
    7.200006103515648,
    7.400476074218773,
    7.509606933593773,
    7.613946533203148,
    7.800012207031273,
    8.075891113281273,
    8.371636962890648,
    8.656549072265648,
    8.899987792968773,
    9.066003417968773,
    9.171868896484398,
    9.266809082031273,
    9.399987792968773,
    9.710534667968773,
    10.159387207031273,
    10.528527832031273,
    10.600000000000023,
    10.450006103515648,
    10.300012207031273,
    10.149987792968773,
    9.999993896484398,
    9.850000000000023,
    9.700006103515648,
    9.550012207031273,
    9.399987792968773,
    8.978875732421898,
    8.201959228515648,
    7.349084472656273,
    6.700006103515648,
    6.357904052734398,
    6.149987792968773,
    5.942102050781273,
    5.600000000000023,
    4.941003417968773,
    4.063317871093773,
    3.2539611816406477,
    2.8000122070312727,
    2.6291442871093977,
    2.4749084472656477,
    2.3332153320312727,
    2.2000061035156477,
    2.0766845703125227,
    1.9598327636718977,
    1.8380676269531477,
    1.7000061035156477,
    1.4921203613281477,
    1.2039733886718977,
    0.8888488769531477,
    0.6000000000000227,
    0.41335449218752274,
    0.31020507812502274,
    0.20195922851564774,
    -6.1035156022626325e-06,
    -0.7735656738281023,
    -2.1510986328124773,
    -3.5530761718749773,
    -4.399999999999977
  ],
  "rewards": [
    4.963678053930402,
    4.9635631695538756,
    4.962818720653653,
    4.962127915933729,
    4.967531055390835,
    4.966805889642595,
    4.960170722294761,
    4.9599810292040525,
    4.959689662717606,
    4.959375375679653,
    4.9654849768694,
    4.958405624811416,
    4.964807247024353,
    4.964242402338301,
    4.963839856409346,
    4.956696024280528,
    4.963497910652309,
    -1.1117955619525626,
    4.962070582052774,
    4.962036138809084,
    4.961800318979536,
    4.961540881522161,
    4.9612747419112075,
    4.953863758032089,
    4.961852514844711,
    4.962203437113081,
    4.962577533848745,
    4.962587862089762,
    4.962327537611613,
    4.962029150851233,
    4.962152578905711,
    4.964362389032607,
    4.972332350712593,
    4.96848019514654,
    4.970016736157562,
    4.971183216236855,
    4.983450832840378,
    4.973683523236409,
    4.977397227457684,
    4.9852955526215545,
    4.989214902841365,
    4.991541882243493,
    4.99686439912669,
    4.998406694891741,
    4.997066863924588,
    4.997039674346052,
    4.995979513824472,
    4.985433635316951,
    4.985081300362621,
    4.984559670615941,
    4.984057577175129,
    4.983557393471994,
    4.983064589421549,
    4.982613896054256,
    4.974713691029698,
    4.97459016454981,
    4.97448128296354,
    4.974422690949848,
    4.98211081554109,
    4.974308686402667,
    4.982214277244618,
    4.982233158272732,
    4.9751184309991485,
    4.9831985066900755,
    4.983737153333653,
    -0.18863930160452075,
    4.98517253209116,
    4.985492592077055,
    4.979819477942813,
    4.9965251762262834,
    -0.004602730543194899,
    4.987843711865823,
    4.9986753069606165,
    4.998635580413853,
    4.9950834272788915,
    4.9969430504484995,
    4.994282115688629,
    4.991222039994338,
    4.992129917841728,
    4.991123389326845,
    4.990211084262023,
    4.992505712917803,
    4.988385086494134,
    4.991200362256525,
    4.986494775551007,
    4.985595838502536,
    4.9890661133312335,
    4.980099000612031,
    4.982784137800984,
    4.981813748553882,
    4.9809381699793684,
    4.975902234006835,
    4.978645818282566,
    4.9769070619576325,
    4.97542009182323
  ],