{
  "episode": 145,
  "steps": 95,
  "actions": [
    23,
    23,
    23,
    23,
    20,
    21,
    20,
    5,
    5,
    21,
    5,
    20,
    22,
    4,
    6,
    19,
    22,
    21,
    21,
    15,
    3,
    22,
    22,
    20,
    20,
    6,
    0,
    22,
    20,
    20,
    22,
    0,
    10,
    20,
    22,
    12,
    6,
    0,
    4,
    15,
    13,
    21,
    12,
    5,
    20,
    7,
    12,
    19,
    0,
    6,
    13,
    17,
    0,
    20,
    19,
    0,
    21,
    17,
    4,
    4,
    8,
    20,
    22,
    0,
    0,
    0,
    22,
    17,
    20,
    21,
    19,
    11,
    11,
    22,
    10,
    12,
    20,
    15,
    19,
    22,
    21,
    0,
    22,
    15,
    9,
    19,
    20,
    0,
    4,
    0,
    0,
    20,
    22,
    12,
    16
  ],
  "temperatures": [
    20.975762939453148,
    20.971978759765648,
    20.926324462890648,
    20.884027099609398,
    20.848413085937523,
    20.818383789062523,
    20.792230224609398,
    19.267633056640648,
    19.046716308593773,
    20.636926269531273,
    19.105859375000023,
    20.593225097656273,
    20.610070800781273,
    19.040765380859398,
    18.833795166015648,
    15.686730957031273,
    20.341210937500023,
    20.423150634765648,
    20.438775634765648,
    19.827294921875023,
    16.107080078125023,
    20.263909912109398,
    20.329522705078148,
    20.350671386718773,
    20.388665771484398,
    18.837701416015648,
    16.064019775390648,
    20.298150634765648,
    20.369927978515648,
    20.383538818359398,
    20.413293457031273,
    16.961511230468773,
    16.317285156250023,
    20.990380859375023,
    21.164086914062523,
    20.853906250000023,
    20.299096679687523,
    17.541162109375023,
    20.393060302734398,
    21.537286376953148,
    21.935388183593773,
    22.439080810546898,
    22.606958007812523,
    22.857934570312523,
    23.199334716796898,
    23.685784912109398,
    23.847894287109398,
    19.425805664062523,
    21.953515625000023,
    24.765802001953148,
    24.732080078125023,
    20.216760253906273,
    23.041864013671898,
    24.804284667968773,
    20.629479980468773,
    23.539605712890648,
    25.029748535156273,
    20.808496093750023,
    26.089624023437523,
    26.420770263671898,
    22.101464843750023,
    25.028924560546898,
    24.969293212890648,
    23.583734130859398,
    23.223413085937523,
    22.912622070312523,
    24.246270751953148,
    19.878015136718773,
    23.940423583984398,
    23.915032958984398,
    19.527276611328148,
    19.690759277343773,
    19.465203857421898,
    22.840020751953148,
    19.216424560546898,
    22.526544189453148,
    22.612603759765648,
    22.451043701171898,
    18.127435302734398,
    22.298974609375023,
    22.299981689453148,
    19.503778076171898,
    22.135949707031273,
    21.913659667968773,
    18.238122558593773,
    17.490319824218773,
    21.761712646484398,
    18.715386962890648,
    20.736413574218773,
    18.434808349609398,
    18.193200683593773,
    21.399194335937523,
    21.378778076171898,
    20.889367675781273,
    16.716455078125023
  ],
  "outdoor_temps": [
    -6.1035156022626325e-06,
    -6.1035156022626325e-06,
    -6.1035156022626325e-06,
    -6.1035156022626325e-06,
    -6.1035156022626325e-06,
    -6.1035156022626325e-06,
    -6.1035156022626325e-06,
    -6.1035156022626325e-06,
    -6.1035156022626325e-06,
    -6.1035156022626325e-06,
    -6.1035156022626325e-06,
    -6.1035156022626325e-06,
    -6.1035156022626325e-06,
    -6.1035156022626325e-06,
    -6.1035156022626325e-06,
    -6.1035156022626325e-06,
    -6.1035156022626325e-06,
    -6.1035156022626325e-06,
    -6.1035156022626325e-06,
    -6.1035156022626325e-06,
    -6.1035156022626325e-06,
    -6.1035156022626325e-06,
    -6.1035156022626325e-06,
    0.48467407226564774,
    1.5674987792968977,
    2.6915527343750227,
    3.3000122070312727,
    3.2094665527343977,
    2.8019348144531477,
    2.3684326171875227,
    2.2000061035156477,
    2.3021789550781477,
    2.5030456542968977,
    2.8273864746093977,
    3.3000122070312727,
    4.170007324218773,
    5.390008544921898,
    6.540002441406273,
    7.200006103515648,
    7.400476074218773,
    7.509606933593773,
    7.613946533203148,
    7.800012207031273,
    8.075891113281273,
    8.371636962890648,
    8.656549072265648,
    8.899987792968773,
    9.066003417968773,
    9.171868896484398,
    9.266809082031273,
    9.399987792968773,
    9.710534667968773,
    10.159387207031273,
    10.528527832031273,
    10.600000000000023,
    10.450006103515648,
    10.300012207031273,
    10.149987792968773,
    9.999993896484398,
    9.850000000000023,
    9.700006103515648,
    9.550012207031273,
    9.399987792968773,
    8.978875732421898,
    8.201959228515648,
    7.349084472656273,
    6.700006103515648,
    6.357904052734398,
    6.149987792968773,
    5.942102050781273,
    5.600000000000023,
    4.941003417968773,
    4.063317871093773,
    3.2539611816406477,
    2.8000122070312727,
    2.6291442871093977,
    2.4749084472656477,
    2.3332153320312727,
    2.2000061035156477,
    2.0766845703125227,
    1.9598327636718977,
    1.8380676269531477,
    1.7000061035156477,
    1.4921203613281477,
    1.2039733886718977,
    0.8888488769531477,
    0.6000000000000227,
    0.41335449218752274,
    0.31020507812502274,
    0.20195922851564774,
    -6.1035156022626325e-06,
    -0.7735656738281023,
    -2.1510986328124773,
    -3.5530761718749773,
    -4.399999999999977
  ],
  "rewards": [
    4.9077753899246455,
    4.9076752827316525,
    4.905702330842614,
    4.90387322165072,
    4.902335326448083,
    4.901042344204109,
    4.899916627079897,
    -0.5502179209217501,
    -0.9234198580060287,
    4.893104102352392,
    -0.8139305612503186,
    4.891210553386937,
    4.891978938213509,
    -0.9348057225282353,
    -1.3754715701493754,
    -18.60720520452941,
    4.880106255693928,
    4.883753878794934,
    4.884456717640809,
    -0.05347689322316639,
    -15.15607587533074,
    4.876722209223587,
    4.879642359935071,
    4.880589959346081,
    4.882284257045907,
    -1.3663454101309058,
    -15.493143242251799,
    4.878283574357629,
    4.881468217097546,
    4.882072341076058,
    4.883392722240608,
    -9.23461435432593,
    -13.565499169435185,
    4.908965832892319,
    4.916661374202889,
    4.9359617566171545,
    4.959983494251197,
    -6.048727345977718,
    4.961361072058789,
    4.9561558818282645,
    4.9679348204981375,
    4.973208114799598,
    4.987807515718691,
    4.997827547609036,
    4.995453370252382,
    4.996885530503426,
    4.991911880271915,
    -0.34506345222499035,
    4.969064690971383,
    -0.5884356875112629,
    -0.5399724034722417,
    4.928639099296668,
    4.964233977777033,
    -0.6535109665245183,
    4.923145720592659,
    4.962026655578621,
    -1.0677694263309707,
    4.920765444905213,
    -4.369980119382046,
    -5.863947699919817,
    4.936400527900652,
    -1.0660705612551726,
    -0.9467156776348975,
    4.961830697003144,
    4.963430337901227,
    4.9648103761626405,
    -0.06542850028724598,
    -0.03174863246795369,
    4.98558663106159,
    4.985924745432061,
    -0.23916768781028805,
    -0.10622223919013161,
    -0.296097718056105,
    4.9909929118046295,
    -0.6235277803760152,
    4.985426109920701,
    4.9809149644264705,
    4.983199409066659,
    -3.5175300016301927,
    4.967013272924916,
    4.967060281955029,
    -0.2512509876920656,
    4.959791369214654,
    4.967324399859037,
    -3.1115758014518127,
    -6.307404292468677,
    4.943213092966572,
    -1.6543708921298204,
    4.966483526225201,
    -2.4536543944033933,
    -3.2680856574093102,
    4.927154404893518,
    4.926249658695381,
    4.937071494967069,
    -10.788005077343122
  ],