{
  "episode": 681,
  "steps": 95,
  "actions": [
    23,
    23,
    23,
    23,
    23,
    22,
    23,
    15,
    21,
    23,
    23,
    15,
    22,
    21,
    23,
    22,
    22,
    21,
    13,
    6,
    22,
    15,
    22,
    12,
    21,
    20,
    15,
    12,
    22,
    15,
    12,
    15,
    23,
    23,
    22,
    12,
    21,
    21,
    20,
    21,
    21,
    21,
    9,
    15,
    15,
    21,
    12,
    0,
    1,
    3,
    2,
    0,
    8,
    18,
    8,
    1,
    9,
    3,
    16,
    11,
    2,
    9,
    1,
    22,
    0,
    9,
    22,
    10,
    10,
    1,
    9,
    21,
    22,
    20,
    13,
    21,
    14,
    13,
    20,
    14,
    8,
    15,
    11,
    13,
    12,
    13,
    7,
    13,
    13,
    15,
    23,
    22,
    12,
    12,
    13
  ],
  "temperatures": [
    21.111627197265648,
    21.104028320312523,
    21.062646484375023,
    21.024285888671898,
    20.991937255859398,
    20.964624023437523,
    20.940820312500023,
    20.445367431640648,
    20.882165527343773,
    20.870324707031273,
    20.853601074218773,
    20.348291015625023,
    20.800714111328148,
    20.790765380859398,
    20.775445556640648,
    20.758935546875023,
    20.741937255859398,
    20.724847412109398,
    20.199090576171898,
    19.315759277343773,
    20.618646240234398,
    20.103662109375023,
    20.601892089843773,
    20.084100341796898,
    20.619317626953148,
    20.667199707031273,
    20.197839355468773,
    20.180474853515648,
    20.665399169921898,
    20.154077148437523,
    20.147119140625023,
    20.761010742187523,
    21.281793212890648,
    21.389581298828148,
    21.468103027343773,
    21.207086181640648,
    21.581323242187523,
    21.681878662109398,
    21.872155761718773,
    22.137292480468773,
    22.394311523437523,
    22.634606933593773,
    18.507531738281273,
    22.934197998046898,
    23.327508544921898,
    23.525415039062523,
    23.907586669921898,
    21.510400390625023,
    21.673608398437523,
    21.911676025390648,
    22.139978027343773,
    22.366815185546898,
    21.099420166015648,
    20.219323730468773,
    21.262536621093773,
    22.860620117187523,
    21.443139648437523,
    22.989282226562523,
    20.463342285156273,
    21.409082031250023,
    22.897332763671898,
    21.339715576171898,
    22.683679199218773,
    24.529016113281273,
    22.354455566406273,
    20.652612304687523,
    24.007379150390648,
    20.324853515625023,
    20.101983642578148,
    21.126733398437523,
    19.824884033203148,
    23.007714843750023,
    22.941644287109398,
    22.851495361328148,
    22.725823974609398,
    22.706292724609398,
    22.563592529296898,
    22.475793457031273,
    22.500085449218773,
    22.321954345703148,
    18.369653320312523,
    22.035180664062523,
    18.147576904296898,
    21.840692138671898,
    21.854821777343773,
    21.802148437500023,
    21.393762207031273,
    21.659234619140648,
    21.599359130859398,
    21.535302734375023,
    21.755914306640648,
    21.702386474609398,
    21.308953857421898,
    21.174829101562523,
    21.060876464843773
  ],
  "outdoor_temps": [
    -6.1035156022626325e-06,
    -6.1035156022626325e-06,
    -6.1035156022626325e-06,
    -6.1035156022626325e-06,
    -6.1035156022626325e-06,
    -6.1035156022626325e-06,
    -6.1035156022626325e-06,
    -6.1035156022626325e-06,
    -6.1035156022626325e-06,
    -6.1035156022626325e-06,
    -6.1035156022626325e-06,
    -6.1035156022626325e-06,
    -6.1035156022626325e-06,
    -6.1035156022626325e-06,
    -6.1035156022626325e-06,
    -6.1035156022626325e-06,
    -6.1035156022626325e-06,
    -6.1035156022626325e-06,
    -6.1035156022626325e-06,
    -6.1035156022626325e-06,
    -6.1035156022626325e-06,
    -6.1035156022626325e-06,
    -6.1035156022626325e-06,
    0.48467407226564774,
    1.5674987792968977,
    2.6915527343750227,
    3.3000122070312727,
    3.2094665527343977,
    2.8019348144531477,
    2.3684326171875227,
    2.2000061035156477,
    2.3021789550781477,
    2.5030456542968977,
    2.8273864746093977,
    3.3000122070312727,
    4.170007324218773,
    5.390008544921898,
    6.540002441406273,
    7.200006103515648,
    7.400476074218773,
    7.509606933593773,
    7.613946533203148,
    7.800012207031273,
    8.075891113281273,
    8.371636962890648,
    8.656549072265648,
    8.899987792968773,
    9.066003417968773,
    9.171868896484398,
    9.266809082031273,
    9.399987792968773,
    9.710534667968773,
    10.159387207031273,
    10.528527832031273,
    10.600000000000023,
    10.450006103515648,
    10.300012207031273,
    10.149987792968773,
    9.999993896484398,
    9.850000000000023,
    9.700006103515648,
    9.550012207031273,
    9.399987792968773,
    8.978875732421898,
    8.201959228515648,
    7.349084472656273,
    6.700006103515648,
    6.357904052734398,
    6.149987792968773,
    5.942102050781273,
    5.600000000000023,
    4.941003417968773,
    4.063317871093773,
    3.2539611816406477,
    2.8000122070312727,
    2.6291442871093977,
    2.4749084472656477,
    2.3332153320312727,
    2.2000061035156477,
    2.0766845703125227,
    1.9598327636718977,
    1.8380676269531477,
    1.7000061035156477,
    1.4921203613281477,
    1.2039733886718977,
    0.8888488769531477,
    0.6000000000000227,
    0.41335449218752274,
    0.31020507812502274,
    0.20195922851564774,
    -6.1035156022626325e-06,
    -0.7735656738281023,
    -2.1510986328124773,
    -3.5530761718749773,
    -4.399999999999977
  ],
  "rewards": [
    4.963678053930402,
    4.9635631695538756,
    4.962818720653653,
    4.962127915933729,
    4.961546352222562,
    4.961056741788983,
    4.960629737638261,
    4.966455353651196,
    4.959567364650576,
    4.9593589141077326,
    4.959058324411512,
    4.965232037458569,
    4.958096147971957,
    4.957918457053926,
    4.957640966386251,
    4.957340938165784,
    4.957031654380585,
    4.956719792150285,
    4.963333777238332,
    -1.1841199350053395,
    4.954765956701792,
    4.962106040817078,
    4.954462230401843,
    4.961859138112839,
    4.954791637946082,
    4.955679298848562,
    4.963337464342785,
    4.9631138038996445,
    4.955648428488685,
    4.962772848707016,
    4.962683270013689,
    4.9706284810380765,
    4.967037717300265,
    4.9690251431018115,
    4.970472498849034,
    4.976383564573105,
    4.972557345915748,
    4.974413788527898,
    4.977930581182889,
    4.982833355239552,
    4.987586292237691,
    4.992029930711441,
    -5.575642860303746,
    4.9987323404877735,
    4.9983124712470755,
    4.995873340192048,
    4.996059365396104,
    4.985473546587093,
    4.985111181963235,
    4.984582676812683,
    4.984075936001767,
    4.983572519342698,
    4.9758947624303405,
    4.969829803985746,
    4.975262065073718,
    4.982477661268057,
    4.97456136705694,
    4.982192535512271,
    4.968477924176533,
    4.9746941430256095,
    4.982396572731597,
    4.974963181241699,
    4.982870436816598,
    -0.7044058931809033,
    4.983601115223344,
    4.97763180032745,
    -0.0034496393584371224,
    4.978905338149842,
    4.979771137319019,
    4.9863267241488005,
    -0.08621048285470014,
    4.998748761270084,
    4.997701916307859,
    4.996036780439641,
    4.996031733686995,
    4.993355663951973,
    4.993934994836055,
    4.992800101661001,
    4.989547993775943,
    4.990811611126136,
    -6.651789947322507,
    4.987104376376809,
    -8.584961026114403,
    4.984591497905714,
    4.984774979725966,
    4.984095103271468,
    4.988054026514778,
    4.982249112217161,
    4.981476056650767,
    4.98064892955173,
    4.975812510448305,
    4.9748243418484925,
    4.977723642688568,
    4.975988963373167,
    4.974514749773008
  ],