{
  "episode": 356,
  "steps": 95,
  "actions": [
    23,
    23,
    23,
    23,
    12,
    23,
    23,
    23,
    23,
    23,
    23,
    13,
    7,
    23,
    12,
    20,
    15,
    23,
    15,
    23,
    20,
    15,
    22,
    12,
    20,
    22,
    14,
    15,
    23,
    7,
    12,
    13,
    23,
    23,
    12,
    14,
    20,
    13,
    14,
    15,
    23,
    20,
    15,
    13,
    23,
    13,
    6,
    19,
    11,
    11,
    3,
    3,
    8,
    3,
    18,
    11,
    3,
    8,
    3,
    1,
    3,
    8,
    23,
    1,
    11,
    0,
    13,
    16,
    15,
    12,
    21,
    15,
    15,
    14,
    10,
    1,
    15,
    23,
    14,
    12,
    20,
    15,
    15,
    22,
    21,
    23,
    23,
    7,
    23,
    14,
    23,
    14,
    23,
    15,
    23
  ],
  "temperatures": [
    21.111627197265648,
    21.104028320312523,
    21.062646484375023,
    21.024285888671898,
    20.531274414062523,
    20.948876953125023,
    20.932794189453148,
    20.913690185546898,
    20.894586181640648,
    20.875543212890648,
    20.856622314453148,
    20.350610351562523,
    19.490716552734398,
    20.747491455078148,
    20.250756835937523,
    20.726220703125023,
    20.214135742187523,
    20.691552734375023,
    20.172906494140648,
    20.655786132812523,
    20.650628662109398,
    20.118524169921898,
    20.607354736328148,
    20.086785888671898,
    20.619500732421898,
    20.666253662109398,
    20.196008300781273,
    20.178155517578148,
    20.663110351562523,
    19.355767822265648,
    20.105432128906273,
    20.739556884765648,
    21.268762207031273,
    21.379174804687523,
    21.121850585937523,
    21.181176757812523,
    21.567285156250023,
    21.374597167968773,
    21.586572265625023,
    21.897363281250023,
    22.375146484375023,
    22.618951416015648,
    22.800866699218773,
    23.083093261718773,
    23.320458984375023,
    23.667932128906273,
    24.182153320312523,
    19.332818603515648,
    20.276574707031273,
    20.456384277343773,
    21.986352539062523,
    22.271142578125023,
    21.035028076171898,
    22.631738281250023,
    20.299676513671898,
    21.311090087890648,
    22.888024902343773,
    21.446405029296898,
    22.969323730468773,
    23.029138183593773,
    23.015618896484398,
    21.389794921875023,
    24.691857910156273,
    22.667810058593773,
    20.895806884765648,
    21.965112304687523,
    24.252740478515648,
    19.473565673828148,
    23.923242187500023,
    23.940972900390648,
    23.702172851562523,
    23.213098144531273,
    23.076318359375023,
    22.954125976562523,
    19.015771484375023,
    19.700524902343773,
    22.485559082031273,
    22.557641601562523,
    22.398034667968773,
    22.327752685546898,
    22.393731689453148,
    22.203393554687523,
    22.136743164062523,
    22.237664794921898,
    22.184136962890648,
    22.126519775390648,
    22.068505859375023,
    21.464044189453148,
    21.937463378906273,
    21.639794921875023,
    21.832849121093773,
    21.498986816406273,
    21.678948974609398,
    21.264550781250023,
    21.486688232421898
  ],
  "outdoor_temps": [
    -6.1035156022626325e-06,
    -6.1035156022626325e-06,
    -6.1035156022626325e-06,
    -6.1035156022626325e-06,
    -6.1035156022626325e-06,
    -6.1035156022626325e-06,
    -6.1035156022626325e-06,
    -6.1035156022626325e-06,
    -6.1035156022626325e-06,
    -6.1035156022626325e-06,
    -6.1035156022626325e-06,
    -6.1035156022626325e-06,
    -6.1035156022626325e-06,
    -6.1035156022626325e-06,
    -6.1035156022626325e-06,
    -6.1035156022626325e-06,
    -6.1035156022626325e-06,
    -6.1035156022626325e-06,
    -6.1035156022626325e-06,
    -6.1035156022626325e-06,
    -6.1035156022626325e-06,
    -6.1035156022626325e-06,
    -6.1035156022626325e-06,
    0.48467407226564774,
    1.5674987792968977,
    2.6915527343750227,
    3.3000122070312727,
    3.2094665527343977,
    2.8019348144531477,
    2.3684326171875227,
    2.2000061035156477,
    2.3021789550781477,
    2.5030456542968977,
    2.8273864746093977,
    3.3000122070312727,
    4.170007324218773,
    5.390008544921898,
    6.540002441406273,
    7.200006103515648,
    7.400476074218773,
    7.509606933593773,
    7.613946533203148,
    7.800012207031273,
    8.075891113281273,
    8.371636962890648,
    8.656549072265648,
    8.899987792968773,
    9.066003417968773,
    9.171868896484398,
    9.266809082031273,
    9.399987792968773,
    9.710534667968773,
    10.159387207031273,
    10.528527832031273,
    10.600000000000023,
    10.450006103515648,
    10.300012207031273,
    10.149987792968773,
    9.999993896484398,
    9.850000000000023,
    9.700006103515648,
    9.550012207031273,
    9.399987792968773,
    8.978875732421898,
    8.201959228515648,
    7.349084472656273,
    6.700006103515648,
    6.357904052734398,
    6.149987792968773,
    5.942102050781273,
    5.600000000000023,
    4.941003417968773,
    4.063317871093773,
    3.2539611816406477,
    2.8000122070312727,
    2.6291442871093977,
    2.4749084472656477,
    2.3332153320312727,
    2.2000061035156477,
    2.0766845703125227,
    1.9598327636718977,
    1.8380676269531477,
    1.7000061035156477,
    1.4921203613281477,
    1.2039733886718977,
    0.8888488769531477,
    0.6000000000000227,
    0.41335449218752274,
    0.31020507812502274,
    0.20195922851564774,
    -6.1035156022626325e-06,
    -0.7735656738281023,
    -2.1510986328124773,
    -3.5530761718749773,
    -4.399999999999977
  ],
  "rewards": [
    4.963678053930402,
    4.9635631695538756,
    4.962818720653653,
    4.962127915933729,
    4.967531105432659,
    4.96076488523574,
    4.960481232717633,
    4.960139762476087,
    4.959797423198819,
    4.959455538108945,
    4.959114239528775,
    4.965261842165142,
    -0.6614451926801503,
    4.957118221769514,
    4.9639868737794455,
    4.956735992822958,
    4.963521599779796,
    4.956104235845415,
    4.962994678173215,
    4.955449462133258,
    4.955356843784451,
    4.962298294316005,
    4.954563517766802,
    4.961893978219803,
    4.954794895935965,
    4.955661953858059,
    4.963314071994598,
    4.963083773874556,
    4.955606500106661,
    -1.0510888960062725,
    4.962143738357756,
    4.970350754387838,
    4.96679704451237,
    4.968833189919591,
    4.97528407529369,
    4.976048179395659,
    4.972298122827773,
    4.978544723997783,
    4.981286842898021,
    4.9853097111218325,
    4.987231848138182,
    4.991740646973252,
    4.997006006325554,
    4.999261927864312,
    4.997010615181664,
    4.996990299280733,
    -0.08429471828741998,
    -1.125366686852492,
    4.979090730636016,
    4.978392247710539,
    4.984416842966502,
    4.983784850169014,
    4.976144849804271,
    4.9829849760692735,
    4.969384482213337,
    4.97507387053432,
    4.982417054079635,
    4.974548940804828,
    4.982236900822462,
    4.9821041654767875,
    4.982134070321593,
    4.974768690613139,
    -1.2018809047070027,
    4.982905597019941,
    4.9766870440539455,
    4.984465385578734,
    -0.16230492590370668,
    -0.7057613034913446,
    4.995999376712772,
    4.995930511615037,
    4.994893454451276,
    4.998760045331619,
    4.999290734453855,
    4.998984067494779,
    -2.429734830877753,
    -0.22945798199669007,
    4.9929257109758,
    4.99061071534714,
    4.9917949788309635,
    4.990886706733023,
    4.987584430072618,
    4.989279594133567,
    4.988418403900026,
    4.98470423628649,
    4.983716250919129,
    4.982653212756566,
    4.981582532241941,
    4.988574013043195,
    4.979164388427916,
    4.981999899301678,
    4.97723329264379,
    4.980180505070836,
    4.9743918981001425,
    4.9771490348652,
    4.970839120941966
  ],