{
  "episode": 1622,
  "steps": 95,
  "actions": [
    23,
    23,
    23,
    23,
    15,
    15,
    14,
    12,
    15,
    14,
    21,
    13,
    14,
    13,
    15,
    15,
    15,
    14,
    14,
    15,
    15,
    21,
    13,
    22,
    22,
    15,
    15,
    15,
    14,
    14,
    20,
    12,
    15,
    13,
    12,
    14,
    15,
    20,
    21,
    14,
    13,
    14,
    14,
    14,
    15,
    13,
    3,
    3,
    9,
    8,
    1,
    3,
    9,
    11,
    10,
    8,
    3,
    1,
    0,
    11,
    3,
    3,
    11,
    10,
    0,
    1,
    9,
    11,
    23,
    3,
    20,
    21,
    6,
    15,
    15,
    21,
    22,
    4,
    15,
    22,
    14,
    14,
    15,
    12,
    13,
    20,
    15,
    14,
    4,
    14,
    20,
    14,
    14,
    13,
    15
  ],
  "temperatures": [
    21.111627197265648,
    21.104028320312523,
    21.062646484375023,
    21.024285888671898,
    20.531274414062523,
    20.474237060546898,
    20.435083007812523,
    20.401971435546898,
    20.372216796875023,
    20.344323730468773,
    20.815698242187523,
    20.318658447265648,
    20.278436279296898,
    20.249261474609398,
    20.222283935546898,
    20.196527099609398,
    20.171563720703148,
    20.147241210937523,
    20.123468017578148,
    20.100213623046898,
    20.077447509765648,
    20.590600585937523,
    20.062219238281273,
    20.575006103515648,
    20.610437011718773,
    20.138238525390648,
    20.151300048828148,
    20.146905517578148,
    20.123895263671898,
    20.099084472656273,
    20.628839111328148,
    20.752954101562523,
    20.884759521484398,
    20.996789550781273,
    21.083612060546898,
    21.153222656250023,
    21.225305175781273,
    21.640832519531273,
    21.838952636718773,
    21.891198730468773,
    22.194360351562523,
    22.493554687500023,
    22.780938720703148,
    23.065301513671898,
    23.362207031250023,
    23.651055908203148,
    21.172937011718773,
    21.350335693359398,
    20.287957763671898,
    20.444665527343773,
    21.968530273437523,
    22.251184082031273,
    21.017236328125023,
    21.134057617187523,
    21.235467529296898,
    21.301690673828148,
    22.866510009765648,
    22.989068603515648,
    23.042535400390648,
    21.479119873046898,
    22.935388183593773,
    22.922082519531273,
    21.256921386718773,
    21.030236816406273,
    22.155694580078148,
    21.929315185546898,
    20.383935546875023,
    20.169824218750023,
    23.719232177734398,
    21.223992919921898,
    23.595117187500023,
    23.084710693359398,
    22.988946533203148,
    22.863702392578148,
    22.758569335937523,
    22.729608154296898,
    22.659692382812523,
    22.372552490234398,
    22.409967041015648,
    22.453485107421898,
    22.270043945312523,
    22.200616455078148,
    22.134393310546898,
    22.065698242187523,
    21.992547607421898,
    22.115075683593773,
    21.850000000000023,
    21.770898437500023,
    21.338250732421898,
    21.607568359375023,
    21.818048095703148,
    21.484185791015648,
    21.366052246093773,
    21.237878417968773,
    21.124017333984398
  ],
  "outdoor_temps": [
    -6.1035156022626325e-06,
    -6.1035156022626325e-06,
    -6.1035156022626325e-06,
    -6.1035156022626325e-06,
    -6.1035156022626325e-06,
    -6.1035156022626325e-06,
    -6.1035156022626325e-06,
    -6.1035156022626325e-06,
    -6.1035156022626325e-06,
    -6.1035156022626325e-06,
    -6.1035156022626325e-06,
    -6.1035156022626325e-06,
    -6.1035156022626325e-06,
    -6.1035156022626325e-06,
    -6.1035156022626325e-06,
    -6.1035156022626325e-06,
    -6.1035156022626325e-06,
    -6.1035156022626325e-06,
    -6.1035156022626325e-06,
    -6.1035156022626325e-06,
    -6.1035156022626325e-06,
    -6.1035156022626325e-06,
    -6.1035156022626325e-06,
    0.48467407226564774,
    1.5674987792968977,
    2.6915527343750227,
    3.3000122070312727,
    3.2094665527343977,
    2.8019348144531477,
    2.3684326171875227,
    2.2000061035156477,
    2.3021789550781477,
    2.5030456542968977,
    2.8273864746093977,
    3.3000122070312727,
    4.170007324218773,
    5.390008544921898,
    6.540002441406273,
    7.200006103515648,
    7.400476074218773,
    7.509606933593773,
    7.613946533203148,
    7.800012207031273,
    8.075891113281273,
    8.371636962890648,
    8.656549072265648,
    8.899987792968773,
    9.066003417968773,
    9.171868896484398,
    9.266809082031273,
    9.399987792968773,
    9.710534667968773,
    10.159387207031273,
    10.528527832031273,
    10.600000000000023,
    10.450006103515648,
    10.300012207031273,
    10.149987792968773,
    9.999993896484398,
    9.850000000000023,
    9.700006103515648,
    9.550012207031273,
    9.399987792968773,
    8.978875732421898,
    8.201959228515648,
    7.349084472656273,
    6.700006103515648,
    6.357904052734398,
    6.149987792968773,
    5.942102050781273,
    5.600000000000023,
    4.941003417968773,
    4.063317871093773,
    3.2539611816406477,
    2.8000122070312727,
    2.6291442871093977,
    2.4749084472656477,
    2.3332153320312727,
    2.2000061035156477,
    2.0766845703125227,
    1.9598327636718977,
    1.8380676269531477,
    1.7000061035156477,
    1.4921203613281477,
    1.2039733886718977,
    0.8888488769531477,
    0.6000000000000227,
    0.41335449218752274,
    0.31020507812502274,
    0.20195922851564774,
    -6.1035156022626325e-06,
    -0.7735656738281023,
    -2.1510986328124773,
    -3.5530761718749773,
    -4.399999999999977
  ],
  "rewards": [
    4.963678053930402,
    4.9635631695538756,
    4.962818720653653,
    4.962127915933729,
    4.967531055390835,
    4.9668058109644635,
    4.966310557163118,
    4.96589291574887,
    4.965517177708609,
    4.965164799726366,
    4.958357201998,
    4.964848338414631,
    4.964333865717539,
    4.963961925529754,
    4.963618213013301,
    4.963289449251055,
    4.962970509565233,
    4.962659298217653,
    4.962355024837767,
    4.962056927704131,
    4.961764434612154,
    4.954250410991518,
    4.9615727818503,
    4.953969540831188,
    4.954627790712143,
    4.962565016847427,
    4.962735637462496,
    4.962679564988969,
    4.962382118738054,
    4.962061312221801,
    4.9549739100382375,
    4.970524261007976,
    4.9722243614272905,
    4.973669827020524,
    4.974789300635943,
    4.975686533577902,
    4.976615421795165,
    4.973654819923251,
    4.977316585949581,
    4.9852297115816695,
    4.989154026531493,
    4.993027468994746,
    4.996747896247422,
    4.999331040163403,
    4.9981777318053595,
    4.99705582592523,
    4.986222651750335,
    4.985828797143925,
    4.979046606567729,
    4.978437786235596,
    4.9844564430874,
    4.983829135223899,
    4.976213939932216,
    4.975760598315979,
    4.975367189772589,
    4.975110316358021,
    4.982464795605482,
    4.98219297520541,
    4.9820744698491435,
    4.974422088418156,
    4.982312129639251,
    4.982341462296475,
    4.975284518745768,
    4.976164907343847,
    4.984042206264546,
    4.984544843364507,
    4.978675592690382,
    4.979507417216087,
    4.9947986383625995,
    4.9861108671911065,
    4.99548738987096,
    4.99832167248517,
    4.999832472822345,
    4.997814057013101,
    4.996455435341953,
    4.993786679702608,
    4.992495617628745,
    4.995281004485067,
    4.991949582236455,
    4.988687754767744,
    4.990141120653923,
    4.989243635558402,
    4.988387946509635,
    4.987500847912191,
    4.986556017525656,
    4.982441888686756,
    4.98471454773001,
    4.98369293812549,
    4.987645598449623,
    4.981582924860165,
    4.976959934417968,
    4.979988945136737,
    4.978461942099845,
    4.976804270767485,
    4.975331156924853
  ],