{
  "episode": 330,
  "steps": 95,
  "actions": [
    23,
    23,
    23,
    23,
    23,
    23,
    10,
    20,
    20,
    20,
    20,
    21,
    20,
    20,
    20,
    18,
    22,
    20,
    22,
    22,
    22,
    22,
    22,
    22,
    22,
    22,
    22,
    22,
    22,
    21,
    21,
    21,
    23,
    23,
    21,
    21,
    21,
    23,
    20,
    6,
    21,
    21,
    20,
    7,
    2,
    2,
    1,
    1,
    2,
    2,
    1,
    9,
    10,
    9,
    10,
    10,
    11,
    10,
    10,
    10,
    8,
    11,
    11,
    10,
    1,
    0,
    2,
    1,
    1,
    2,
    1,
    2,
    4,
    4,
    13,
    7,
    4,
    7,
    4,
    7,
    6,
    15,
    12,
    20,
    23,
    15,
    23,
    21,
    22,
    20,
    22,
    20,
    21,
    23,
    23
  ],
  "temperatures": [
    20.975762939453148,
    20.971978759765648,
    20.926324462890648,
    20.884027099609398,
    20.848413085937523,
    20.818383789062523,
    16.251947021484398,
    20.614099121093773,
    20.673242187500023,
    20.673730468750023,
    20.664300537109398,
    20.650354003906273,
    20.634027099609398,
    20.616448974609398,
    20.598199462890648,
    15.751672363281273,
    20.395196533203148,
    20.460565185546898,
    20.466577148437523,
    20.461541748046898,
    20.451409912109398,
    20.438623046875023,
    20.424493408203148,
    20.420312500000023,
    20.444482421875023,
    20.483117675781273,
    20.513360595703148,
    20.517266845703148,
    20.502648925781273,
    20.485742187500023,
    20.498284912109398,
    21.041345214843773,
    21.166741943359398,
    21.268518066406273,
    21.346368408203148,
    21.408593750000023,
    21.472802734375023,
    21.572747802734398,
    21.771020507812523,
    21.375756835937523,
    22.306878662109398,
    22.573999023437523,
    22.822900390625023,
    23.061456298828148,
    20.956750488281273,
    21.193261718750023,
    21.544427490234398,
    21.884240722656273,
    22.204766845703148,
    22.506555175781273,
    22.783593750000023,
    21.311212158203148,
    21.446099853515648,
    21.592797851562523,
    21.710046386718773,
    21.788293457031273,
    21.840447998046898,
    21.872857666015648,
    21.883874511718773,
    21.866448974609398,
    21.819268798828148,
    21.741326904296898,
    21.609613037109398,
    21.406335449218773,
    22.774865722656273,
    22.571405029296898,
    22.338189697265648,
    22.130487060546898,
    21.949182128906273,
    21.786431884765648,
    21.630792236328148,
    20.791589355468773,
    22.802392578125023,
    22.757379150390648,
    22.704248046875023,
    22.511376953125023,
    22.386437988281273,
    22.259759521484398,
    22.137261962890648,
    22.024255371093773,
    21.919000244140648,
    22.088372802734398,
    22.025628662109398,
    22.154626464843773,
    22.099176025390648,
    21.810052490234398,
    21.969293212890648,
    21.912408447265648,
    21.851495361328148,
    21.793298339843773,
    21.737969970703148,
    21.671746826171898,
    21.576531982421898,
    21.468865966796898,
    21.373803710937523
  ],
  "outdoor_temps": [
    -6.1035156022626325e-06,
    -6.1035156022626325e-06,
    -6.1035156022626325e-06,
    -6.1035156022626325e-06,
    -6.1035156022626325e-06,
    -6.1035156022626325e-06,
    -6.1035156022626325e-06,
    -6.1035156022626325e-06,
    -6.1035156022626325e-06,
    -6.1035156022626325e-06,
    -6.1035156022626325e-06,
    -6.1035156022626325e-06,
    -6.1035156022626325e-06,
    -6.1035156022626325e-06,
    -6.1035156022626325e-06,
    -6.1035156022626325e-06,
    -6.1035156022626325e-06,
    -6.1035156022626325e-06,
    -6.1035156022626325e-06,
    -6.1035156022626325e-06,
    -6.1035156022626325e-06,
    -6.1035156022626325e-06,
    -6.1035156022626325e-06,
    0.48467407226564774,
    1.5674987792968977,
    2.6915527343750227,
    3.3000122070312727,
    3.2094665527343977,
    2.8019348144531477,
    2.3684326171875227,
    2.2000061035156477,
    2.3021789550781477,
    2.5030456542968977,
    2.8273864746093977,
    3.3000122070312727,
    4.170007324218773,
    5.390008544921898,
    6.540002441406273,
    7.200006103515648,
    7.400476074218773,
    7.509606933593773,
    7.613946533203148,
    7.800012207031273,
    8.075891113281273,
    8.371636962890648,
    8.656549072265648,
    8.899987792968773,
    9.066003417968773,
    9.171868896484398,
    9.266809082031273,
    9.399987792968773,
    9.710534667968773,
    10.159387207031273,
    10.528527832031273,
    10.600000000000023,
    10.450006103515648,
    10.300012207031273,
    10.149987792968773,
    9.999993896484398,
    9.850000000000023,
    9.700006103515648,
    9.550012207031273,
    9.399987792968773,
    8.978875732421898,
    8.201959228515648,
    7.349084472656273,
    6.700006103515648,
    6.357904052734398,
    6.149987792968773,
    5.942102050781273,
    5.600000000000023,
    4.941003417968773,
    4.063317871093773,
    3.2539611816406477,
    2.8000122070312727,
    2.6291442871093977,
    2.4749084472656477,
    2.3332153320312727,
    2.2000061035156477,
    2.0766845703125227,
    1.9598327636718977,
    1.8380676269531477,
    1.7000061035156477,
    1.4921203613281477,
    1.2039733886718977,
    0.8888488769531477,
    0.6000000000000227,
    0.41335449218752274,
    0.31020507812502274,
    0.20195922851564774,
    -6.1035156022626325e-06,
    -0.7735656738281023,
    -2.1510986328124773,
    -3.5530761718749773,
    -4.399999999999977
  ],
  "rewards": [
    4.120979222776403,
    4.115054529951921,
    4.041117961602322,
    3.9698265858460595,
    3.9077210109681286,
    3.853879691883962,
    -45.122718803192996,
    3.4514921723711574,
    3.5744760295068896,
    3.5754969020998155,
    3.5562758708531095,
    3.5275895009627622,
    3.493631240817481,
    3.4566194469267573,
    3.4177013755375594,
    -50.0,
    2.950955793045759,
    3.108019116590176,
    3.1221515408968674,
    3.1103348017431833,
    3.0864336337097034,
    3.056049199425061,
    3.0221884778834927,
    3.0121189567674005,
    3.070033984505017,
    3.1607816161815108,
    3.2302540443040453,
    3.2391277859307848,
    3.2058086480800085,
    3.1668729755509677,
    3.1958006037201274,
    4.22199253962257,
    4.396064945253289,
    4.520006880722965,
    4.604324036063648,
    4.665178262860251,
    4.72188489463992,
    4.797855580392024,
    4.904236128851779,
    4.683638526799138,
    4.896709705773811,
    4.7320905904180135,
    4.482370836407566,
    4.154640241322962,
    4.157213571486504,
    4.484320490347533,
    4.8152215924452255,
    4.959322362719715,
    4.936502401866619,
    4.774161013836307,
    4.504865522371862,
    4.5875892311387485,
    4.712109587107926,
    4.816551949422334,
    4.876817684601193,
    4.9055640027704515,
    4.919624152419607,
    4.926305709390136,
    4.928218553442026,
    4.92511005492274,
    4.91440771409635,
    4.8894132828481744,
    4.826464333890181,
    4.678241738502118,
    4.515108624211,
    4.721447082795791,
    4.881581374076183,
    4.955512742732,
    4.967151147304712,
    4.935602190755922,
    4.8682660223881875,
    3.879045714019515,
    4.514110120522115,
    4.5661065597344015,
    4.618703821247986,
    4.796562890328005,
    4.878847161946279,
    4.938370519827678,
    4.973037014357215,
    4.985057116912313,
    4.97902296131052,
    4.966626368384886,
    4.970138865974529,
    4.942691013153799,
    4.950789886170023,
    4.937207235330723,
    4.951707964022442,
    4.944141226457435,
    4.930657833683027,
    4.912576500684353,
    4.890675714888578,
    4.858423871318213,
    4.800522042640458,
    4.718664204197671,
    4.631933709904573
  ],