{
  "episode": 63,
  "steps": 95,
  "actions": [
    23,
    23,
    23,
    23,
    23,
    23,
    23,
    23,
    23,
    23,
    23,
    23,
    23,
    23,
    23,
    23,
    23,
    23,
    23,
    23,
    23,
    23,
    23,
    23,
    23,
    23,
    23,
    23,
    23,
    23,
    23,
    23,
    7,
    15,
    13,
    23,
    14,
    23,
    23,
    23,
    23,
    23,
    13,
    23,
    13,
    7,
    6,
    23,
    21,
    9,
    23,
    12,
    23,
    23,
    23,
    23,
    23,
    8,
    20,
    23,
    12,
    23,
    8,
    23,
    23,
    17,
    6,
    4,
    23,
    4,
    19,
    23,
    23,
    23,
    23,
    6,
    10,
    7,
    23,
    23,
    17,
    12,
    23,
    13,
    23,
    23,
    14,
    5,
    23,
    23,
    23,
    23,
    19,
    8,
    6
  ],
  "temperatures": [
    20.975762939453148,
    20.971978759765648,
    20.926324462890648,
    20.884027099609398,
    20.848413085937523,
    20.818383789062523,
    20.792230224609398,
    20.768457031250023,
    20.746057128906273,
    20.724359130859398,
    20.703149414062523,
    20.682244873046898,
    20.661584472656273,
    20.641198730468773,
    20.621026611328148,
    20.601068115234398,
    20.581353759765648,
    20.561944580078148,
    20.542871093750023,
    20.524133300781273,
    20.505761718750023,
    20.487725830078148,
    20.470056152343773,
    20.463403320312523,
    20.485864257812523,
    20.523187255859398,
    20.552392578125023,
    20.555322265625023,
    20.539788818359398,
    20.522058105468773,
    20.533807373046898,
    21.077111816406273,
    20.101037597656273,
    20.840020751953148,
    20.945275878906273,
    21.402642822265648,
    21.118432617187523,
    21.571374511718773,
    21.778741455078148,
    22.061761474609398,
    22.336907958984398,
    22.594842529296898,
    22.783380126953148,
    23.084954833984398,
    23.412988281250023,
    23.922570800781273,
    24.320367431640648,
    24.068139648437523,
    24.266839599609398,
    21.121759033203148,
    24.535607910156273,
    25.141320800781273,
    24.933374023437523,
    25.083642578125023,
    25.205072021484398,
    25.292962646484398,
    25.358941650390648,
    22.406427001953148,
    25.346948242187523,
    25.390039062500023,
    25.940789794921898,
    25.345513916015648,
    22.268731689453148,
    24.995233154296898,
    24.833184814453148,
    20.455590820312523,
    25.119409179687523,
    25.218804931640648,
    24.254510498046898,
    24.911920166015648,
    19.832818603515648,
    23.399774169921898,
    23.315515136718773,
    23.207543945312523,
    23.114221191406273,
    23.072503662109398,
    19.446191406250023,
    22.538903808593773,
    22.725701904296898,
    22.665765380859398,
    18.278161621093773,
    22.248773193359398,
    22.405267333984398,
    22.213433837890648,
    22.296594238281273,
    22.235009765625023,
    21.979760742187523,
    21.571862792968773,
    22.019403076171898,
    21.964898681640648,
    21.907281494140648,
    21.838098144531273,
    17.328302001953148,
    17.545343017578148,
    20.248010253906273
  ],
  "outdoor_temps": [
    -6.1035156022626325e-06,
    -6.1035156022626325e-06,
    -6.1035156022626325e-06,
    -6.1035156022626325e-06,
    -6.1035156022626325e-06,
    -6.1035156022626325e-06,
    -6.1035156022626325e-06,
    -6.1035156022626325e-06,
    -6.1035156022626325e-06,
    -6.1035156022626325e-06,
    -6.1035156022626325e-06,
    -6.1035156022626325e-06,
    -6.1035156022626325e-06,
    -6.1035156022626325e-06,
    -6.1035156022626325e-06,
    -6.1035156022626325e-06,
    -6.1035156022626325e-06,
    -6.1035156022626325e-06,
    -6.1035156022626325e-06,
    -6.1035156022626325e-06,
    -6.1035156022626325e-06,
    -6.1035156022626325e-06,
    -6.1035156022626325e-06,
    0.48467407226564774,
    1.5674987792968977,
    2.6915527343750227,
    3.3000122070312727,
    3.2094665527343977,
    2.8019348144531477,
    2.3684326171875227,
    2.2000061035156477,
    2.3021789550781477,
    2.5030456542968977,
    2.8273864746093977,
    3.3000122070312727,
    4.170007324218773,
    5.390008544921898,
    6.540002441406273,
    7.200006103515648,
    7.400476074218773,
    7.509606933593773,
    7.613946533203148,
    7.800012207031273,
    8.075891113281273,
    8.371636962890648,
    8.656549072265648,
    8.899987792968773,
    9.066003417968773,
    9.171868896484398,
    9.266809082031273,
    9.399987792968773,
    9.710534667968773,
    10.159387207031273,
    10.528527832031273,
    10.600000000000023,
    10.450006103515648,
    10.300012207031273,
    10.149987792968773,
    9.999993896484398,
    9.850000000000023,
    9.700006103515648,
    9.550012207031273,
    9.399987792968773,
    8.978875732421898,
    8.201959228515648,
    7.349084472656273,
    6.700006103515648,
    6.357904052734398,
    6.149987792968773,
    5.942102050781273,
    5.600000000000023,
    4.941003417968773,
    4.063317871093773,
    3.2539611816406477,
    2.8000122070312727,
    2.6291442871093977,
    2.4749084472656477,
    2.3332153320312727,
    2.2000061035156477,
    2.0766845703125227,
    1.9598327636718977,
    1.8380676269531477,
    1.7000061035156477,
    1.4921203613281477,
    1.2039733886718977,
    0.8888488769531477,
    0.6000000000000227,
    0.41335449218752274,
    0.31020507812502274,
    0.20195922851564774,
    -6.1035156022626325e-06,
    -0.7735656738281023,
    -2.1510986328124773,
    -3.5530761718749773,
    -4.399999999999977
  ],
  "rewards": [
    4.120979222776403,
    4.115054529951921,
    4.041117961602322,
    3.9698265858460595,
    3.9077210109681286,
    3.853879691883962,
    3.805885754423257,
    3.7613691613823597,
    3.718646088801367,
    3.6765443842579115,
    3.634704109951898,
    3.592804602505684,
    3.5507493382320265,
    3.5086222347245086,
    3.466321936817887,
    3.423867874192122,
    3.381345204161528,
    3.338909506471877,
    3.296656541600873,
    3.254615599177828,
    3.2128832242638383,
    3.1714217349608016,
    3.1303298621997757,
    3.114743142649584,
    3.1671395712346357,
    3.2525262384582816,
    3.3178817418963207,
    3.324368238821675,
    3.289838607208853,
    3.249981652163019,
    3.2764469183702523,
    4.274051666222544,
    2.25254171926069,
    3.9264072587531778,
    4.104342678817753,
    4.6596094554351115,
    4.360907026045054,
    4.796913690698226,
    4.907185152443133,
    4.953601077394558,
    4.883544065104786,
    4.714744329275543,
    4.532764486381757,
    4.114131533695835,
    3.4983711322210245,
    2.2236257119024647,
    -0.25807689762171765,
    -0.015794313637466507,
    -0.1828566400893336,
    4.366612529064275,
    -0.7229326014415687,
    -3.2614722802118767,
    -2.185034749906454,
    -2.943270291164641,
    -3.638467755485463,
    -4.187644785810408,
    -4.62528927015156,
    4.809806113550426,
    -4.5441172150847935,
    -4.839108189561602,
    -9.423375738617253,
    -4.534457912042728,
    4.880752234170204,
    -2.4834952369843646,
    -1.7422255531140618,
    3.136564975306444,
    -3.135067192380363,
    -3.716198805132007,
    -0.16674547467140702,
    -2.0811405806197887,
    -0.08659139651560309,
    3.523267997682614,
    3.6959795748814495,
    3.90172913186248,
    4.065475563667677,
    4.136914117229135,
    -0.7768054447824558,
    4.775290317049676,
    4.5909513506855895,
    4.650845650928073,
    -7.423350016921564,
    4.930809556316657,
    4.848550775369777,
    4.9420190993789515,
    4.900942077819734,
    4.922769103422753,
    4.968977354280651,
    4.841349124662471,
    4.954358808334674,
    4.951302912132816,
    4.943227272527295,
    4.926949916742748,
    -27.85329696210071,
    -25.069181050506508,
    2.657169317156339
  ],