{
  "episode": 208,
  "steps": 95,
  "actions": [
    23,
    23,
    23,
    23,
    23,
    23,
    22,
    21,
    21,
    21,
    21,
    21,
    21,
    21,
    20,
    22,
    22,
    20,
    22,
    22,
    22,
    22,
    20,
    20,
    21,
    22,
    22,
    22,
    23,
    21,
    22,
    21,
    21,
    4,
    5,
    23,
    20,
    4,
    4,
    6,
    23,
    7,
    14,
    7,
    5,
    20,
    9,
    20,
    3,
    2,
    0,
    0,
    9,
    18,
    0,
    18,
    0,
    18,
    0,
    1,
    18,
    0,
    11,
    0,
    0,
    0,
    2,
    2,
    1,
    11,
    12,
    0,
    12,
    6,
    7,
    7,
    7,
    7,
    22,
    4,
    22,
    22,
    22,
    22,
    22,
    22,
    20,
    22,
    22,
    22,
    5,
    20,
    5,
    15,
    22
  ],
  "temperatures": [
    20.975762939453148,
    20.971978759765648,
    20.926324462890648,
    20.884027099609398,
    20.848413085937523,
    20.818383789062523,
    20.792230224609398,
    20.768457031250023,
    20.746057128906273,
    20.724359130859398,
    20.703149414062523,
    20.682244873046898,
    20.661584472656273,
    20.641198730468773,
    20.621026611328148,
    20.601068115234398,
    20.581353759765648,
    20.561944580078148,
    20.542871093750023,
    20.524133300781273,
    20.505761718750023,
    20.487725830078148,
    20.470056152343773,
    20.463403320312523,
    20.485864257812523,
    20.523187255859398,
    20.552392578125023,
    20.555322265625023,
    20.539788818359398,
    20.522058105468773,
    20.533807373046898,
    21.077142333984398,
    21.201745605468773,
    20.260827636718773,
    20.277612304687523,
    21.383538818359398,
    21.470880126953148,
    20.692956542968773,
    20.900994873046898,
    21.287225341796898,
    22.298516845703148,
    22.220666503906273,
    22.738702392578148,
    23.047509765625023,
    23.477868652343773,
    23.579339599609398,
    20.244531250000023,
    23.936303710937523,
    22.427697753906273,
    22.626947021484398,
    22.884729003906273,
    23.143365478515648,
    21.591729736328148,
    20.566278076171898,
    23.527673339843773,
    20.740380859375023,
    23.691094970703148,
    20.813531494140648,
    23.745721435546898,
    23.904107666015648,
    20.807702636718773,
    23.631646728515648,
    21.777001953125023,
    23.273553466796898,
    23.049890136718773,
    22.772882080078148,
    22.522576904296898,
    22.304650878906273,
    22.115899658203148,
    20.470452880859398,
    23.849572753906273,
    21.038323974609398,
    23.006890869140648,
    22.915887451171898,
    22.773614501953148,
    22.651330566406273,
    22.526971435546898,
    22.397546386718773,
    22.540155029296898,
    22.178704833984398,
    22.408441162109398,
    22.355035400390648,
    22.299432373046898,
    22.240838623046898,
    22.178063964843773,
    22.113061523437523,
    22.048211669921898,
    21.984613037109398,
    21.920526123046898,
    21.860101318359398,
    21.085198974609398,
    21.711877441406273,
    20.807946777343773,
    21.126367187500023,
    21.400628662109398
  ],
  "outdoor_temps": [
    -6.1035156022626325e-06,
    -6.1035156022626325e-06,
    -6.1035156022626325e-06,
    -6.1035156022626325e-06,
    -6.1035156022626325e-06,
    -6.1035156022626325e-06,
    -6.1035156022626325e-06,
    -6.1035156022626325e-06,
    -6.1035156022626325e-06,
    -6.1035156022626325e-06,
    -6.1035156022626325e-06,
    -6.1035156022626325e-06,
    -6.1035156022626325e-06,
    -6.1035156022626325e-06,
    -6.1035156022626325e-06,
    -6.1035156022626325e-06,
    -6.1035156022626325e-06,
    -6.1035156022626325e-06,
    -6.1035156022626325e-06,
    -6.1035156022626325e-06,
    -6.1035156022626325e-06,
    -6.1035156022626325e-06,
    -6.1035156022626325e-06,
    0.48467407226564774,
    1.5674987792968977,
    2.6915527343750227,
    3.3000122070312727,
    3.2094665527343977,
    2.8019348144531477,
    2.3684326171875227,
    2.2000061035156477,
    2.3021789550781477,
    2.5030456542968977,
    2.8273864746093977,
    3.3000122070312727,
    4.170007324218773,
    5.390008544921898,
    6.540002441406273,
    7.200006103515648,
    7.400476074218773,
    7.509606933593773,
    7.613946533203148,
    7.800012207031273,
    8.075891113281273,
    8.371636962890648,
    8.656549072265648,
    8.899987792968773,
    9.066003417968773,
    9.171868896484398,
    9.266809082031273,
    9.399987792968773,
    9.710534667968773,
    10.159387207031273,
    10.528527832031273,
    10.600000000000023,
    10.450006103515648,
    10.300012207031273,
    10.149987792968773,
    9.999993896484398,
    9.850000000000023,
    9.700006103515648,
    9.550012207031273,
    9.399987792968773,
    8.978875732421898,
    8.201959228515648,
    7.349084472656273,
    6.700006103515648,
    6.357904052734398,
    6.149987792968773,
    5.942102050781273,
    5.600000000000023,
    4.941003417968773,
    4.063317871093773,
    3.2539611816406477,
    2.8000122070312727,
    2.6291442871093977,
    2.4749084472656477,
    2.3332153320312727,
    2.2000061035156477,
    2.0766845703125227,
    1.9598327636718977,
    1.8380676269531477,
    1.7000061035156477,
    1.4921203613281477,
    1.2039733886718977,
    0.8888488769531477,
    0.6000000000000227,
    0.41335449218752274,
    0.31020507812502274,
    0.20195922851564774,
    -6.1035156022626325e-06,
    -0.7735656738281023,
    -2.1510986328124773,
    -3.5530761718749773,
    -4.399999999999977
  ],
  "rewards": [
    4.9077753899246455,
    4.9076752827316525,
    4.905702330842614,
    4.90387322165072,
    4.902335326448083,
    4.901042344346642,
    4.899916627183557,
    4.898892752848889,
    4.897925622136048,
    4.8969890948838515,
    4.896070181996278,
    4.895163523823671,
    4.894266421467714,
    4.893377883107118,
    4.892497641713075,
    4.891625687709968,
    4.890763070307996,
    4.889912049495007,
    4.889075028530281,
    4.8882524845230835,
    4.887444255076672,
    4.886651608668592,
    4.885875975810315,
    4.885590302578133,
    4.8865949221765215,
    4.888258196980409,
    4.8895572063553585,
    4.889688584529187,
    4.889001137934948,
    4.888215834870935,
    4.8887375423020645,
    4.912844979487683,
    4.918357321888856,
    4.959441106211111,
    4.959682080724844,
    4.926387288311254,
    4.930253269448876,
    4.965802655072842,
    4.968876097181448,
    4.974588220098623,
    4.966970453025854,
    4.988397223944776,
    4.991705961125377,
    4.999719287712005,
    4.99780865930527,
    4.99039320025755,
    4.952882175265771,
    4.985639148707623,
    4.966959948392544,
    4.966075298775029,
    4.964930942045808,
    4.96378291844856,
    4.94092081066221,
    4.923986308331723,
    4.962078978971821,
    4.921670400872826,
    4.961354744390827,
    4.920698354020715,
    4.961112956957203,
    4.960409917826764,
    4.920776531468753,
    4.961618549780232,
    4.939279751740396,
    4.9632075094870975,
    4.96420058011543,
    4.96543064116966,
    4.966542236800305,
    4.967509949194551,
    4.968348019110322,
    4.950881566960041,
    4.9918988102042805,
    4.97314304587168,
    4.999384601069615,
    4.9986683091215545,
    4.996567237955599,
    4.994761843015845,
    4.992925146748717,
    4.9910138475200485,
    4.977706169793787,
    4.9877812778384865,
    4.971869189499513,
    4.969503242694165,
    4.967038993560101,
    4.964444336615826,
    4.961664735995557,
    4.958785764895703,
    4.955912272654797,
    4.953096115223091,
    4.950258433543469,
    4.947581722461011,
    4.971640262547273,
    4.941014239528905,
    4.9675463293511015,
    4.944075908588003,
    4.927214042576758
  ],