{
  "episode": 44,
  "steps": 95,
  "actions": [
    23,
    23,
    23,
    23,
    20,
    21,
    4,
    21,
    21,
    5,
    11,
    17,
    8,
    21,
    19,
    21,
    1,
    21,
    4,
    20,
    20,
    3,
    2,
    20,
    4,
    20,
    1,
    12,
    14,
    20,
    20,
    7,
    1,
    2,
    6,
    13,
    16,
    13,
    13,
    13,
    7,
    13,
    23,
    5,
    20,
    20,
    3,
    18,
    3,
    4,
    18,
    15,
    8,
    6,
    17,
    7,
    2,
    7,
    13,
    18,
    11,
    18,
    6,
    1,
    10,
    0,
    5,
    21,
    10,
    7,
    2,
    19,
    5,
    16,
    14,
    18,
    6,
    2,
    5,
    9,
    7,
    17,
    6,
    13,
    23,
    13,
    13,
    19,
    1,
    15,
    0,
    8,
    23,
    3,
    15
  ],
  "temperatures": [
    20.975762939453148,
    20.971978759765648,
    20.926324462890648,
    20.884027099609398,
    20.848413085937523,
    20.818383789062523,
    19.300347900390648,
    20.714868164062523,
    20.721093750000023,
    19.183435058593773,
    16.064843750000023,
    15.724420166015648,
    15.788598632812523,
    20.323205566406273,
    15.628503417968773,
    20.279534912109398,
    16.099359130859398,
    20.245782470703148,
    18.631555175781273,
    20.283410644531273,
    20.319512939453148,
    15.990838623046898,
    15.626824951171898,
    20.095574951171898,
    18.499688720703148,
    20.237786865234398,
    15.995721435546898,
    19.496575927734398,
    19.596704101562523,
    20.249597167968773,
    20.300653076171898,
    19.563348388671898,
    16.870080566406273,
    16.698663330078148,
    19.545556640625023,
    20.611993408203148,
    16.221032714843773,
    20.688317871093773,
    21.072198486328148,
    21.458123779296898,
    21.406091308593773,
    22.155236816406273,
    22.615686035156273,
    22.737969970703148,
    23.113336181640648,
    23.361535644531273,
    21.466302490234398,
    19.256372070312523,
    21.746331787109398,
    24.572045898437523,
    19.866967773437523,
    24.613549804687523,
    21.304833984375023,
    25.506890869140648,
    20.511865234375023,
    25.752862548828148,
    23.790887451171898,
    26.158715820312523,
    25.614617919921898,
    20.828729248046898,
    21.845239257812523,
    20.603326416015648,
    25.637689208984398,
    23.359002685546898,
    21.272393798828148,
    22.556054687500023,
    24.729547119140648,
    24.027093505859398,
    20.589349365234398,
    24.141320800781273,
    21.828576660156273,
    18.834466552734398,
    22.723107910156273,
    18.516503906250023,
    22.526300048828148,
    18.272973632812523,
    21.978417968750023,
    19.750756835937523,
    21.793725585937523,
    18.502191162109398,
    21.473535156250023,
    17.693261718750023,
    21.173913574218773,
    21.673944091796898,
    21.909844970703148,
    21.599237060546898,
    21.523675537109398,
    17.287927246093773,
    18.254205322265648,
    21.074182128906273,
    18.193902587890648,
    17.274896240234398,
    21.191827392578148,
    17.713677978515648,
    20.482110595703148
  ],
  "outdoor_temps": [
    -6.1035156022626325e-06,
    -6.1035156022626325e-06,
    -6.1035156022626325e-06,
    -6.1035156022626325e-06,
    -6.1035156022626325e-06,
    -6.1035156022626325e-06,
    -6.1035156022626325e-06,
    -6.1035156022626325e-06,
    -6.1035156022626325e-06,
    -6.1035156022626325e-06,
    -6.1035156022626325e-06,
    -6.1035156022626325e-06,
    -6.1035156022626325e-06,
    -6.1035156022626325e-06,
    -6.1035156022626325e-06,
    -6.1035156022626325e-06,
    -6.1035156022626325e-06,
    -6.1035156022626325e-06,
    -6.1035156022626325e-06,
    -6.1035156022626325e-06,
    -6.1035156022626325e-06,
    -6.1035156022626325e-06,
    -6.1035156022626325e-06,
    0.48467407226564774,
    1.5674987792968977,
    2.6915527343750227,
    3.3000122070312727,
    3.2094665527343977,
    2.8019348144531477,
    2.3684326171875227,
    2.2000061035156477,
    2.3021789550781477,
    2.5030456542968977,
    2.8273864746093977,
    3.3000122070312727,
    4.170007324218773,
    5.390008544921898,
    6.540002441406273,
    7.200006103515648,
    7.400476074218773,
    7.509606933593773,
    7.613946533203148,
    7.800012207031273,
    8.075891113281273,
    8.371636962890648,
    8.656549072265648,
    8.899987792968773,
    9.066003417968773,
    9.171868896484398,
    9.266809082031273,
    9.399987792968773,
    9.710534667968773,
    10.159387207031273,
    10.528527832031273,
    10.600000000000023,
    10.450006103515648,
    10.300012207031273,
    10.149987792968773,
    9.999993896484398,
    9.850000000000023,
    9.700006103515648,
    9.550012207031273,
    9.399987792968773,
    8.978875732421898,
    8.201959228515648,
    7.349084472656273,
    6.700006103515648,
    6.357904052734398,
    6.149987792968773,
    5.942102050781273,
    5.600000000000023,
    4.941003417968773,
    4.063317871093773,
    3.2539611816406477,
    2.8000122070312727,
    2.6291442871093977,
    2.4749084472656477,
    2.3332153320312727,
    2.2000061035156477,
    2.0766845703125227,
    1.9598327636718977,
    1.8380676269531477,
    1.7000061035156477,
    1.4921203613281477,
    1.2039733886718977,
    0.8888488769531477,
    0.6000000000000227,
    0.41335449218752274,
    0.31020507812502274,
    0.20195922851564774,
    -6.1035156022626325e-06,
    -0.7735656738281023,
    -2.1510986328124773,
    -3.5530761718749773,
    -4.399999999999977
  ],
  "rewards": [
    4.9077753899246455,
    4.9076752827316525,
    4.905702330842614,
    4.90387322165072,
    4.902335326448083,
    4.901042344204109,
    -0.5032536784245355,
    4.896510436295167,
    4.896816527516298,
    -0.6809380303381611,
    -15.488003923146119,
    -18.2836241547648,
    -17.737837160950253,
    4.879262358886392,
    -19.11270392092978,
    4.877356297655598,
    -15.21624111887637,
    4.875883910428409,
    -1.8888194941042342,
    4.877571875809328,
    4.879181506267708,
    -16.074496253810683,
    -19.12537755342363,
    4.869276025063642,
    -2.267591964088352,
    4.8756000874029555,
    -16.03537399911121,
    -0.2795182018022269,
    -0.18798973305877897,
    4.876131817941432,
    4.878397462001961,
    -0.2033844418153373,
    -9.79849480908775,
    -10.900732971224178,
    -0.21931103786795725,
    4.928804621646262,
    -14.285289853218286,
    4.931041760342601,
    4.942395624999443,
    4.95381350028936,
    4.9763456272254905,
    4.974440078633311,
    4.981047560867409,
    4.996052452023141,
    4.99659839976741,
    4.993293079069775,
    4.971228074880276,
    -0.5677828092192488,
    4.96998440022884,
    -0.32900448521783987,
    -0.03453103014955745,
    -0.3802113820628906,
    4.943467635954527,
    -2.2735251688676477,
    4.924712278606451,
    -3.075605002296156,
    4.960911855628188,
    -4.6635822030005984,
    -2.6129802551024075,
    4.920496666130164,
    4.938675169868637,
    4.923497397650195,
    -2.684976218321192,
    4.962828230840235,
    4.943759307820026,
    4.966392977161778,
    -0.5341813188186247,
    -0.004783641247322962,
    4.949825582363359,
    -0.021261152598567902,
    4.969624011447127,
    -1.3718583918070781,
    4.995813048386582,
    -2.2130900896696266,
    4.985415780442241,
    -2.994137543047821,
    4.984815759615284,
    -0.06741185448030092,
    4.9820894908777476,
    -2.251382238155406,
    4.977359838461625,
    -5.330627392073583,
    4.972934737187891,
    4.960239484259939,
    4.949773838218788,
    4.958037795983255,
    4.955806956176201,
    -7.3635751315982505,
    -3.051428311199235,
    4.942531580883686,
    -3.2655505422317694,
    -7.4314194141327095,
    4.9179627678219395,
    -5.2302994539727345,
    4.925033993677277
  ],