{
  "episode": 1402,
  "steps": 95,
  "actions": [
    23,
    23,
    23,
    23,
    21,
    23,
    20,
    21,
    21,
    21,
    13,
    12,
    20,
    13,
    21,
    5,
    21,
    21,
    13,
    22,
    21,
    21,
    22,
    23,
    21,
    6,
    13,
    23,
    22,
    11,
    23,
    21,
    23,
    21,
    21,
    21,
    21,
    21,
    12,
    22,
    21,
    21,
    23,
    22,
    21,
    21,
    22,
    13,
    21,
    20,
    23,
    22,
    23,
    23,
    20,
    15,
    23,
    21,
    20,
    21,
    21,
    21,
    21,
    21,
    23,
    21,
    22,
    21,
    23,
    4,
    21,
    23,
    21,
    20,
    23,
    21,
    13,
    22,
    21,
    13,
    2,
    21,
    23,
    23,
    23,
    13,
    21,
    23,
    22,
    22,
    22,
    23,
    21,
    23,
    23
  ],
  "temperatures": [
    20.975762939453148,
    20.971978759765648,
    20.926324462890648,
    20.884027099609398,
    20.848413085937523,
    20.818383789062523,
    20.792230224609398,
    20.768457031250023,
    20.746057128906273,
    20.724359130859398,
    20.138330078125023,
    20.078057861328148,
    20.627526855468773,
    20.042352294921898,
    20.584924316406273,
    19.009027099609398,
    20.507592773437523,
    20.520684814453148,
    19.913995361328148,
    20.476495361328148,
    20.473352050781273,
    20.461480712890648,
    20.447473144531273,
    20.443139648437523,
    20.467095947265648,
    18.938226318359398,
    19.860314941406273,
    20.482873535156273,
    20.489526367187523,
    15.821801757812523,
    20.343072509765648,
    20.966363525390648,
    21.117669677734398,
    21.233331298828148,
    21.319329833984398,
    21.386651611328148,
    21.454217529296898,
    21.556512451171898,
    21.448388671875023,
    22.027978515625023,
    22.309533691406273,
    22.568109130859398,
    22.816644287109398,
    23.060266113281273,
    23.316003417968773,
    23.565881347656273,
    23.801477050781273,
    24.249047851562523,
    24.232965087890648,
    24.422906494140648,
    24.598474121093773,
    24.769128417968773,
    24.934136962890648,
    25.083276367187523,
    25.202478027343773,
    25.821435546875023,
    25.368737792968773,
    25.410302734375023,
    25.437432861328148,
    25.441033935546898,
    25.416894531250023,
    25.363092041015648,
    25.257043457031273,
    25.100701904296898,
    24.901574707031273,
    24.719689941406273,
    24.564294433593773,
    24.435479736328148,
    24.328302001953148,
    25.028741455078148,
    24.166101074218773,
    23.587426757812523,
    23.448419189453148,
    23.325494384765648,
    23.222375488281273,
    23.139855957031273,
    23.074975585937523,
    22.969201660156273,
    22.884484863281273,
    22.767022705078148,
    20.312921142578148,
    22.604455566406273,
    22.567590332031273,
    22.506463623046898,
    22.438836669921898,
    22.225885009765648,
    22.292779541015648,
    22.224664306640648,
    22.154199218750023,
    22.086968994140648,
    22.022973632812523,
    21.948876953125023,
    21.847131347656273,
    21.733758544921898,
    21.633081054687523
  ],
  "outdoor_temps": [
    -6.1035156022626325e-06,
    -6.1035156022626325e-06,
    -6.1035156022626325e-06,
    -6.1035156022626325e-06,
    -6.1035156022626325e-06,
    -6.1035156022626325e-06,
    -6.1035156022626325e-06,
    -6.1035156022626325e-06,
    -6.1035156022626325e-06,
    -6.1035156022626325e-06,
    -6.1035156022626325e-06,
    -6.1035156022626325e-06,
    -6.1035156022626325e-06,
    -6.1035156022626325e-06,
    -6.1035156022626325e-06,
    -6.1035156022626325e-06,
    -6.1035156022626325e-06,
    -6.1035156022626325e-06,
    -6.1035156022626325e-06,
    -6.1035156022626325e-06,
    -6.1035156022626325e-06,
    -6.1035156022626325e-06,
    -6.1035156022626325e-06,
    0.48467407226564774,
    1.5674987792968977,
    2.6915527343750227,
    3.3000122070312727,
    3.2094665527343977,
    2.8019348144531477,
    2.3684326171875227,
    2.2000061035156477,
    2.3021789550781477,
    2.5030456542968977,
    2.8273864746093977,
    3.3000122070312727,
    4.170007324218773,
    5.390008544921898,
    6.540002441406273,
    7.200006103515648,
    7.400476074218773,
    7.509606933593773,
    7.613946533203148,
    7.800012207031273,
    8.075891113281273,
    8.371636962890648,
    8.656549072265648,
    8.899987792968773,
    9.066003417968773,
    9.171868896484398,
    9.266809082031273,
    9.399987792968773,
    9.710534667968773,
    10.159387207031273,
    10.528527832031273,
    10.600000000000023,
    10.450006103515648,
    10.300012207031273,
    10.149987792968773,
    9.999993896484398,
    9.850000000000023,
    9.700006103515648,
    9.550012207031273,
    9.399987792968773,
    8.978875732421898,
    8.201959228515648,
    7.349084472656273,
    6.700006103515648,
    6.357904052734398,
    6.149987792968773,
    5.942102050781273,
    5.600000000000023,
    4.941003417968773,
    4.063317871093773,
    3.2539611816406477,
    2.8000122070312727,
    2.6291442871093977,
    2.4749084472656477,
    2.3332153320312727,
    2.2000061035156477,
    2.0766845703125227,
    1.9598327636718977,
    1.8380676269531477,
    1.7000061035156477,
    1.4921203613281477,
    1.2039733886718977,
    0.8888488769531477,
    0.6000000000000227,
    0.41335449218752274,
    0.31020507812502274,
    0.20195922851564774,
    -6.1035156022626325e-06,
    -0.7735656738281023,
    -2.1510986328124773,
    -3.5530761718749773,
    -4.399999999999977
  ],
  "rewards": [
    4.9077753899246455,
    4.9076752827316525,
    4.905702330842614,
    4.90387322165072,
    4.902335364595055,
    4.901042372853212,
    4.899916646257043,
    4.898892733684701,
    4.897925641209535,
    4.896989104420594,
    4.914681100704424,
    4.912915248755851,
    4.89275440906377,
    4.911890373050195,
    4.890894944590071,
    -0.9968148532940597,
    4.887489440181981,
    4.888081910283021,
    -0.030407196536008405,
    4.886138617691139,
    4.886006657801892,
    4.885487448841982,
    4.8848738643235485,
    4.884690787516858,
    4.885762641206384,
    -1.1423992863728223,
    -0.0429061299319437,
    4.886476218399147,
    4.8867716286331415,
    -17.45934964330443,
    4.880279032934618,
    4.9079303620010615,
    4.9146273681229875,
    4.91974507547915,
    4.923550274044923,
    4.9265259620255755,
    4.929513313443117,
    4.934043757588319,
    4.953527469494096,
    4.954962947119189,
    4.9674592635262265,
    4.978936153323106,
    4.9899674555367755,
    4.997305302172899,
    4.993899944447304,
    4.990572235257082,
    4.987434882790498,
    -0.06498390780358047,
    -0.05900822285887751,
    -0.18421772263136227,
    -0.36412357128511436,
    -0.598078897818958,
    -0.879681490823345,
    -1.1810537040979163,
    -1.4539160736650776,
    -3.324075753049117,
    -1.8819590673272353,
    -1.9976080138236925,
    -2.0749576460489765,
    -2.0853353094617963,
    -2.016266309201134,
    -1.8665170671710474,
    -1.5883024856740289,
    -1.2191684334644657,
    -0.8197978034907472,
    -0.5243088056892484,
    -0.3242660102539993,
    -0.19505159781842812,
    -0.1128343479999531,
    -1.0605832096329426,
    -0.03210169309508001,
    4.990295429498605,
    4.9921456853300334,
    4.993781203598432,
    4.995152878395241,
    4.996250855103135,
    4.9987777340493125,
    4.996731469180921,
    4.992975284181859,
    4.9925426714203285,
    4.976375369943233,
    4.980560745961316,
    4.978928754002504,
    4.976219637170434,
    4.973224682584405,
    4.976555969677865,
    4.966754214462379,
    4.963737203747682,
    4.960615534558892,
    4.957637235842968,
    4.954803359233167,
    4.951519233905103,
    4.947010214105249,
    4.941984288365297,
    4.937518794313073
  ],