{
  "episode": 112,
  "steps": 95,
  "actions": [
    23,
    23,
    23,
    23,
    23,
    21,
    21,
    21,
    21,
    10,
    14,
    15,
    11,
    23,
    18,
    21,
    23,
    16,
    23,
    4,
    5,
    2,
    21,
    8,
    21,
    21,
    14,
    11,
    8,
    21,
    20,
    18,
    13,
    15,
    13,
    23,
    2,
    15,
    6,
    13,
    7,
    7,
    7,
    0,
    6,
    3,
    1,
    2,
    5,
    3,
    3,
    23,
    10,
    17,
    3,
    18,
    8,
    14,
    17,
    8,
    18,
    8,
    8,
    8,
    1,
    3,
    4,
    3,
    11,
    22,
    14,
    22,
    3,
    5,
    21,
    10,
    13,
    15,
    15,
    13,
    15,
    13,
    15,
    15,
    15,
    15,
    13,
    12,
    7,
    3,
    12,
    16,
    15,
    7,
    3
  ],
  "temperatures": [
    20.975762939453148,
    20.971978759765648,
    20.926324462890648,
    20.884027099609398,
    20.848413085937523,
    20.818383789062523,
    20.792230224609398,
    20.768457031250023,
    20.746057128906273,
    16.165887451171898,
    19.872460937500023,
    19.974633789062523,
    15.988885498046898,
    20.420220947265648,
    15.691278076171898,
    20.337152099609398,
    20.420678710937523,
    15.615319824218773,
    20.270471191406273,
    18.664025878906273,
    18.495812988281273,
    15.859887695312523,
    20.148370361328148,
    15.581445312500023,
    20.140252685546898,
    20.280908203125023,
    19.730249023437523,
    15.670007324218773,
    15.476678466796898,
    20.112329101562523,
    20.239282226562523,
    15.934747314453148,
    20.248956298828148,
    20.508569335937523,
    20.642053222656273,
    21.171014404296898,
    17.384973144531273,
    20.811730957031273,
    20.557489013671898,
    21.487939453125023,
    21.452539062500023,
    21.866143798828148,
    22.299768066406273,
    20.128350830078148,
    22.926171875000023,
    21.018914794921898,
    21.246148681640648,
    21.577478027343773,
    24.324670410156273,
    22.411523437500023,
    22.558251953125023,
    24.446527099609398,
    21.376489257812523,
    20.359155273437523,
    23.238305664062523,
    20.530572509765648,
    21.644586181640648,
    25.296533203125023,
    20.670861816406273,
    21.720391845703148,
    20.544274902343773,
    21.551995849609398,
    21.441064453125023,
    21.244653320312523,
    22.585931396484398,
    22.384912109375023,
    24.535089111328148,
    22.111260986328148,
    20.371697998046898,
    23.648492431640648,
    23.792565917968773,
    23.061669921875023,
    20.604272460937523,
    22.565667724609398,
    22.705529785156273,
    18.988031005859398,
    22.307458496093773,
    22.298822021484398,
    22.224114990234398,
    22.150109863281273,
    22.079614257812523,
    22.011285400390648,
    21.943322753906273,
    21.871850585937523,
    21.794915771484398,
    21.714746093750023,
    21.634240722656273,
    21.555047607421898,
    21.019647216796898,
    18.552606201171898,
    21.185083007812523,
    17.060327148437523,
    20.875177001953148,
    20.213403320312523,
    17.722314453125023
  ],
  "outdoor_temps": [
    -6.1035156022626325e-06,
    -6.1035156022626325e-06,
    -6.1035156022626325e-06,
    -6.1035156022626325e-06,
    -6.1035156022626325e-06,
    -6.1035156022626325e-06,
    -6.1035156022626325e-06,
    -6.1035156022626325e-06,
    -6.1035156022626325e-06,
    -6.1035156022626325e-06,
    -6.1035156022626325e-06,
    -6.1035156022626325e-06,
    -6.1035156022626325e-06,
    -6.1035156022626325e-06,
    -6.1035156022626325e-06,
    -6.1035156022626325e-06,
    -6.1035156022626325e-06,
    -6.1035156022626325e-06,
    -6.1035156022626325e-06,
    -6.1035156022626325e-06,
    -6.1035156022626325e-06,
    -6.1035156022626325e-06,
    -6.1035156022626325e-06,
    0.48467407226564774,
    1.5674987792968977,
    2.6915527343750227,
    3.3000122070312727,
    3.2094665527343977,
    2.8019348144531477,
    2.3684326171875227,
    2.2000061035156477,
    2.3021789550781477,
    2.5030456542968977,
    2.8273864746093977,
    3.3000122070312727,
    4.170007324218773,
    5.390008544921898,
    6.540002441406273,
    7.200006103515648,
    7.400476074218773,
    7.509606933593773,
    7.613946533203148,
    7.800012207031273,
    8.075891113281273,
    8.371636962890648,
    8.656549072265648,
    8.899987792968773,
    9.066003417968773,
    9.171868896484398,
    9.266809082031273,
    9.399987792968773,
    9.710534667968773,
    10.159387207031273,
    10.528527832031273,
    10.600000000000023,
    10.450006103515648,
    10.300012207031273,
    10.149987792968773,
    9.999993896484398,
    9.850000000000023,
    9.700006103515648,
    9.550012207031273,
    9.399987792968773,
    8.978875732421898,
    8.201959228515648,
    7.349084472656273,
    6.700006103515648,
    6.357904052734398,
    6.149987792968773,
    5.942102050781273,
    5.600000000000023,
    4.941003417968773,
    4.063317871093773,
    3.2539611816406477,
    2.8000122070312727,
    2.6291442871093977,
    2.4749084472656477,
    2.3332153320312727,
    2.2000061035156477,
    2.0766845703125227,
    1.9598327636718977,
    1.8380676269531477,
    1.7000061035156477,
    1.4921203613281477,
    1.2039733886718977,
    0.8888488769531477,
    0.6000000000000227,
    0.41335449218752274,
    0.31020507812502274,
    0.20195922851564774,
    -6.1035156022626325e-06,
    -0.7735656738281023,
    -2.1510986328124773,
    -3.5530761718749773,
    -4.399999999999977
  ],
  "rewards": [
    4.9077753899246455,
    4.9076752827316525,
    4.905702330842614,
    4.90387322165072,
    4.902335326448083,
    4.901042372956872,
    4.89991663661664,
    4.8988927337235735,
    4.897925641209535,
    -14.703192828550113,
    -0.039610599760446244,
    -0.023226616325908524,
    -16.091419854578582,
    4.883568055380297,
    -18.568015197180014,
    4.8799129745720515,
    4.88363336291974,
    -19.228097749873797,
    4.876989886472407,
    -1.8008838162337755,
    -2.279256438978312,
    -17.141505971265083,
    4.871607310540326,
    -19.52510111398165,
    4.871266572219522,
    4.877513234288148,
    -0.09712119578504112,
    -18.75050907054815,
    -20.461681485052782,
    4.870044219237955,
    4.8756758948869034,
    -16.53002161349435,
    4.918101320190598,
    4.925767264251152,
    4.929705386007933,
    4.916955725845436,
    -6.8410360238467085,
    4.9346939181827985,
    4.963793611405215,
    4.954695420214987,
    4.977032692350002,
    4.983152092625792,
    4.989567921092208,
    4.9771679853698565,
    4.99883805483114,
    4.973214247209101,
    4.972205259788822,
    4.970734133711692,
    -0.10690434715124918,
    4.9670314597680605,
    4.966380147922825,
    -0.204832883893492,
    4.942831754647195,
    4.926744229498764,
    4.963363375646143,
    4.924464366206009,
    4.940455431862046,
    -1.686281684483258,
    4.922598616723781,
    4.939783492038107,
    4.92428423140684,
    4.94127765647905,
    4.942261905600519,
    4.9440051984090525,
    4.966259899102354,
    4.967152616968986,
    -0.2880468928273605,
    4.9683682679921475,
    4.951757469133515,
    4.9894739589581025,
    4.992404951960172,
    4.99729455800808,
    4.975071582737702,
    4.993489422190975,
    4.985029945114385,
    -1.0331114118837332,
    4.978951573263368,
    4.97869818199102,
    4.976492316568999,
    4.974306137407927,
    4.9722237228197255,
    4.970205888594299,
    4.968199121837059,
    4.966088623846678,
    4.963817479456573,
    4.961450967634826,
    4.959074535216002,
    4.956736926917473,
    4.970668239562934,
    -2.09890881568612,
    4.945810475305695,
    -8.649156765442047,
    4.936653604405406,
    4.958761145940314,
    -5.190892163481985
  ],