{
  "episode": 28,
  "steps": 95,
  "actions": [
    23,
    23,
    23,
    23,
    23,
    23,
    23,
    23,
    23,
    23,
    23,
    23,
    23,
    23,
    23,
    23,
    23,
    23,
    23,
    23,
    23,
    23,
    23,
    23,
    23,
    23,
    23,
    23,
    23,
    23,
    23,
    23,
    23,
    7,
    14,
    4,
    12,
    5,
    1,
    0,
    23,
    20,
    20,
    7,
    5,
    23,
    23,
    23,
    0,
    23,
    21,
    13,
    22,
    22,
    1,
    5,
    15,
    0,
    23,
    7,
    7,
    3,
    1,
    16,
    1,
    22,
    3,
    5,
    23,
    3,
    23,
    5,
    8,
    22,
    18,
    21,
    2,
    23,
    21,
    23,
    21,
    13,
    21,
    23,
    23,
    21,
    7,
    22,
    18,
    22,
    23,
    22,
    6,
    23,
    0
  ],
  "temperatures": [
    20.975762939453148,
    20.971978759765648,
    20.926324462890648,
    20.884027099609398,
    20.848413085937523,
    20.818383789062523,
    20.792230224609398,
    20.768457031250023,
    20.746057128906273,
    20.724359130859398,
    20.703149414062523,
    20.682244873046898,
    20.661584472656273,
    20.641198730468773,
    20.621026611328148,
    20.601068115234398,
    20.581353759765648,
    20.561944580078148,
    20.542871093750023,
    20.524133300781273,
    20.505761718750023,
    20.487725830078148,
    20.470056152343773,
    20.463403320312523,
    20.485864257812523,
    20.523187255859398,
    20.552392578125023,
    20.555322265625023,
    20.539788818359398,
    20.522058105468773,
    20.533807373046898,
    21.077111816406273,
    21.201745605468773,
    20.260827636718773,
    20.939324951171898,
    20.408898925781273,
    21.068505859375023,
    20.636865234375023,
    17.996881103515648,
    18.113580322265648,
    22.195184326171898,
    22.513238525390648,
    22.774621582031273,
    22.994226074218773,
    23.421624755859398,
    23.546899414062523,
    23.784417724609398,
    24.006555175781273,
    22.478021240234398,
    24.360467529296898,
    24.558404541015648,
    25.127282714843773,
    24.915490722656273,
    25.062707519531273,
    24.061883544921898,
    26.502435302734398,
    25.910119628906273,
    24.447503662109398,
    25.399468994140648,
    26.834619140625023,
    26.917535400390648,
    24.538446044921898,
    24.254235839843773,
    20.871850585937523,
    23.416497802734398,
    24.589990234375023,
    23.048120117187523,
    25.096765136718773,
    24.249963378906273,
    22.542779541015648,
    24.032678222656273,
    23.813745117187523,
    19.998590087890648,
    23.154718017578148,
    18.825646972656273,
    22.901818847656273,
    20.524530029296898,
    22.740197753906273,
    22.695581054687523,
    22.633813476562523,
    22.573327636718773,
    22.404656982421898,
    22.451684570312523,
    22.391168212890648,
    22.325311279296898,
    22.256982421875023,
    21.721459960937523,
    22.107110595703148,
    17.659631347656273,
    21.852288818359398,
    21.852502441406273,
    21.797631835937523,
    20.950250244140648,
    21.576989746093773,
    18.306695556640648
  ],
  "outdoor_temps": [
    -6.1035156022626325e-06,
    -6.1035156022626325e-06,
    -6.1035156022626325e-06,
    -6.1035156022626325e-06,
    -6.1035156022626325e-06,
    -6.1035156022626325e-06,
    -6.1035156022626325e-06,
    -6.1035156022626325e-06,
    -6.1035156022626325e-06,
    -6.1035156022626325e-06,
    -6.1035156022626325e-06,
    -6.1035156022626325e-06,
    -6.1035156022626325e-06,
    -6.1035156022626325e-06,
    -6.1035156022626325e-06,
    -6.1035156022626325e-06,
    -6.1035156022626325e-06,
    -6.1035156022626325e-06,
    -6.1035156022626325e-06,
    -6.1035156022626325e-06,
    -6.1035156022626325e-06,
    -6.1035156022626325e-06,
    -6.1035156022626325e-06,
    0.48467407226564774,
    1.5674987792968977,
    2.6915527343750227,
    3.3000122070312727,
    3.2094665527343977,
    2.8019348144531477,
    2.3684326171875227,
    2.2000061035156477,
    2.3021789550781477,
    2.5030456542968977,
    2.8273864746093977,
    3.3000122070312727,
    4.170007324218773,
    5.390008544921898,
    6.540002441406273,
    7.200006103515648,
    7.400476074218773,
    7.509606933593773,
    7.613946533203148,
    7.800012207031273,
    8.075891113281273,
    8.371636962890648,
    8.656549072265648,
    8.899987792968773,
    9.066003417968773,
    9.171868896484398,
    9.266809082031273,
    9.399987792968773,
    9.710534667968773,
    10.159387207031273,
    10.528527832031273,
    10.600000000000023,
    10.450006103515648,
    10.300012207031273,
    10.149987792968773,
    9.999993896484398,
    9.850000000000023,
    9.700006103515648,
    9.550012207031273,
    9.399987792968773,
    8.978875732421898,
    8.201959228515648,
    7.349084472656273,
    6.700006103515648,
    6.357904052734398,
    6.149987792968773,
    5.942102050781273,
    5.600000000000023,
    4.941003417968773,
    4.063317871093773,
    3.2539611816406477,
    2.8000122070312727,
    2.6291442871093977,
    2.4749084472656477,
    2.3332153320312727,
    2.2000061035156477,
    2.0766845703125227,
    1.9598327636718977,
    1.8380676269531477,
    1.7000061035156477,
    1.4921203613281477,
    1.2039733886718977,
    0.8888488769531477,
    0.6000000000000227,
    0.41335449218752274,
    0.31020507812502274,
    0.20195922851564774,
    -6.1035156022626325e-06,
    -0.7735656738281023,
    -2.1510986328124773,
    -3.5530761718749773,
    -4.399999999999977
  ],
  "rewards": [
    4.120979222776403,
    4.115054529951921,
    4.041117961602322,
    3.9698265858460595,
    3.9077210109681286,
    3.853879691883962,
    3.805885754423257,
    3.7613691613823597,
    3.718646088801367,
    3.6765443842579115,
    3.634704109951898,
    3.592804602505684,
    3.5507493382320265,
    3.5086222347245086,
    3.466321936817887,
    3.423867874192122,
    3.381345204161528,
    3.338909506471877,
    3.296656541600873,
    3.254615599177828,
    3.2128832242638383,
    3.1714217349608016,
    3.1303298621997757,
    3.114743142649584,
    3.1671395712346357,
    3.2525262384582816,
    3.3178817418963207,
    3.324368238821675,
    3.289838607208853,
    3.249981652163019,
    3.2764469183702523,
    4.274051666222544,
    4.440449787043063,
    2.69090068149852,
    4.094725700114363,
    3.062914647214047,
    4.291539400166499,
    3.571370866864197,
    -20.03456231626963,
    -8.899926399587764,
    4.933810610147186,
    4.7789393719006155,
    4.5380732960691,
    4.25847967010403,
    3.4822956683257433,
    3.1961516804636294,
    2.5995519240665574,
    -0.004089114516974242,
    4.79535836365538,
    -0.3300020978041403,
    -0.7853579761274794,
    -3.1818239894429614,
    -2.102315676141149,
    -2.8308656465036623,
    -0.019652841883394615,
    -25.659365755915317,
    -9.128037517907558,
    -0.5111552090572864,
    -4.90490178393216,
    -30.091942408881472,
    -31.28440233892288,
    -0.735417757839552,
    -0.1718817990850541,
    3.9653799360205353,
    3.457723847232184,
    -0.8761446351599133,
    4.140292738165528,
    -3.009584155066023,
    -0.1609956066667022,
    4.745496596661378,
    -0.006737650490329146,
    2.529073229576399,
    -0.011279069425780977,
    3.9960236180715034,
    -3.4611194883803917,
    4.383781419618267,
    3.3426730834820773,
    4.575656633331699,
    4.621723783537721,
    4.680571685255201,
    4.732650991938988,
    4.859022078866773,
    4.820775373425805,
    4.856349358650559,
    4.888821099819604,
    4.915634317770592,
    4.922845158021623,
    4.949921202417865,
    -23.702785696885893,
    4.930871898986647,
    4.930930640608401,
    4.914101697728045,
    4.143168302243004,
    4.80083173150765,
    -7.171888203616061
  ],