{
  "episode": 150,
  "steps": 95,
  "actions": [
    23,
    23,
    23,
    23,
    15,
    14,
    14,
    20,
    7,
    14,
    7,
    20,
    14,
    6,
    20,
    20,
    21,
    14,
    0,
    1,
    5,
    14,
    14,
    7,
    22,
    22,
    5,
    16,
    13,
    13,
    20,
    22,
    20,
    14,
    18,
    21,
    22,
    20,
    14,
    23,
    4,
    20,
    19,
    20,
    0,
    14,
    13,
    22,
    22,
    4,
    14,
    17,
    21,
    16,
    21,
    8,
    2,
    8,
    22,
    18,
    23,
    0,
    10,
    7,
    8,
    20,
    0,
    8,
    19,
    5,
    11,
    6,
    20,
    21,
    20,
    13,
    13,
    20,
    7,
    5,
    20,
    14,
    13,
    12,
    6,
    3,
    20,
    14,
    4,
    6,
    20,
    15,
    0,
    14,
    21
  ],
  "temperatures": [
    21.111627197265648,
    21.104028320312523,
    21.062646484375023,
    21.024285888671898,
    20.531274414062523,
    20.474237060546898,
    20.435083007812523,
    20.887994384765648,
    19.618951416015648,
    20.317224121093773,
    19.491265869140648,
    20.762841796875023,
    20.273919677734398,
    19.414880371093773,
    20.700524902343773,
    20.711358642578148,
    20.705072021484398,
    20.182550048828148,
    16.116113281250023,
    15.835198974609398,
    18.769769287109398,
    19.866265869140648,
    19.911523437500023,
    19.046014404296898,
    20.487969970703148,
    20.563867187500023,
    19.281030273437523,
    15.533746337890648,
    19.839685058593773,
    19.933770751953148,
    20.518853759765648,
    21.061273193359398,
    21.196374511718773,
    20.934259033203148,
    16.207238769531273,
    21.300866699218773,
    21.432397460937523,
    21.551995849609398,
    21.473016357421898,
    22.024743652343773,
    21.823297119140648,
    22.534082031250023,
    17.768701171875023,
    22.885675048828148,
    20.156976318359398,
    23.393579101562523,
    23.734063720703148,
    23.832635498046898,
    24.032739257812523,
    24.851678466796898,
    24.702020263671898,
    20.001794433593773,
    24.596276855468773,
    20.253869628906273,
    24.788262939453148,
    21.463037109375023,
    22.994958496093773,
    21.510827636718773,
    24.937219238281273,
    20.512536621093773,
    24.879418945312523,
    23.071038818359398,
    21.333734130859398,
    25.377252197265648,
    20.974847412109398,
    24.212792968750023,
    21.933770751953148,
    20.357843017578148,
    19.320245361328148,
    23.962792968750023,
    19.940698242187523,
    23.020959472656273,
    22.990350341796898,
    22.897698974609398,
    22.816003417968773,
    22.697229003906273,
    22.610955810546898,
    22.605706787109398,
    22.296136474609398,
    22.184564208984398,
    22.411065673828148,
    22.223962402343773,
    22.155816650390648,
    22.086785888671898,
    21.747064208984398,
    18.812615966796898,
    21.986962890625023,
    21.739678955078148,
    21.307733154296898,
    21.196069335937523,
    21.794702148437523,
    21.465203857421898,
    18.057763671875023,
    21.093469238281273,
    21.413354492187523
  ],
  "outdoor_temps": [
    -6.1035156022626325e-06,
    -6.1035156022626325e-06,
    -6.1035156022626325e-06,
    -6.1035156022626325e-06,
    -6.1035156022626325e-06,
    -6.1035156022626325e-06,
    -6.1035156022626325e-06,
    -6.1035156022626325e-06,
    -6.1035156022626325e-06,
    -6.1035156022626325e-06,
    -6.1035156022626325e-06,
    -6.1035156022626325e-06,
    -6.1035156022626325e-06,
    -6.1035156022626325e-06,
    -6.1035156022626325e-06,
    -6.1035156022626325e-06,
    -6.1035156022626325e-06,
    -6.1035156022626325e-06,
    -6.1035156022626325e-06,
    -6.1035156022626325e-06,
    -6.1035156022626325e-06,
    -6.1035156022626325e-06,
    -6.1035156022626325e-06,
    0.48467407226564774,
    1.5674987792968977,
    2.6915527343750227,
    3.3000122070312727,
    3.2094665527343977,
    2.8019348144531477,
    2.3684326171875227,
    2.2000061035156477,
    2.3021789550781477,
    2.5030456542968977,
    2.8273864746093977,
    3.3000122070312727,
    4.170007324218773,
    5.390008544921898,
    6.540002441406273,
    7.200006103515648,
    7.400476074218773,
    7.509606933593773,
    7.613946533203148,
    7.800012207031273,
    8.075891113281273,
    8.371636962890648,
    8.656549072265648,
    8.899987792968773,
    9.066003417968773,
    9.171868896484398,
    9.266809082031273,
    9.399987792968773,
    9.710534667968773,
    10.159387207031273,
    10.528527832031273,
    10.600000000000023,
    10.450006103515648,
    10.300012207031273,
    10.149987792968773,
    9.999993896484398,
    9.850000000000023,
    9.700006103515648,
    9.550012207031273,
    9.399987792968773,
    8.978875732421898,
    8.201959228515648,
    7.349084472656273,
    6.700006103515648,
    6.357904052734398,
    6.149987792968773,
    5.942102050781273,
    5.600000000000023,
    4.941003417968773,
    4.063317871093773,
    3.2539611816406477,
    2.8000122070312727,
    2.6291442871093977,
    2.4749084472656477,
    2.3332153320312727,
    2.2000061035156477,
    2.0766845703125227,
    1.9598327636718977,
    1.8380676269531477,
    1.7000061035156477,
    1.4921203613281477,
    1.2039733886718977,
    0.8888488769531477,
    0.6000000000000227,
    0.41335449218752274,
    0.31020507812502274,
    0.20195922851564774,
    -6.1035156022626325e-06,
    -0.7735656738281023,
    -2.1510986328124773,
    -3.5530761718749773,
    -4.399999999999977
  ],
  "rewards": [
    4.963678053930402,
    4.9635631695538756,
    4.962818720653653,
    4.962127915933729,
    4.967531055390835,
    4.966805889642595,
    4.966310575031554,
    4.959664160196548,
    -0.3755539286667453,
    4.964813848821851,
    -0.6600507390900221,
    4.957387587080183,
    4.964275243292522,
    -0.8692118051890834,
    4.956255598368204,
    4.9564611555849725,
    4.95634961145274,
    4.963116318062596,
    -37.7127107161867,
    -43.36487793954415,
    -3.7993433045485965,
    -0.06516503634140318,
    -0.03972901435859467,
    -2.289870905767208,
    4.952364510545912,
    4.953769870065476,
    -1.30607163028751,
    -49.87055292836737,
    -0.08486965719009344,
    -0.030974592480315057,
    4.9529413785902054,
    4.962967722586315,
    4.965458790324952,
    4.972860545526218,
    -35.966462726588055,
    4.967375847375263,
    4.969803514689855,
    4.97201179172876,
    4.979816779504489,
    4.980751955692535,
    4.991216905344277,
    4.990170835851328,
    -12.454935773917262,
    4.996674069909946,
    4.988477811898064,
    4.998055762279779,
    4.996733320006048,
    4.994168669220547,
    -0.006063912577606897,
    -1.8154786399377103,
    -1.2355645055337594,
    4.971036093418364,
    -0.8938128204177934,
    4.9696380366987505,
    -1.5588761401415445,
    4.974483757664166,
    4.982179750100912,
    4.97429873898188,
    -2.2018426844206607,
    4.968204982541825,
    -1.9391769275607973,
    4.982010921169072,
    4.97498620704189,
    -4.744730151948231,
    4.976380061595175,
    -0.11708552938961292,
    4.984535201581155,
    4.97877723768726,
    -1.1676690472575832,
    4.997786137151167,
    -0.018563116120410738,
    4.999878893901989,
    4.998601992667734,
    4.996890912151855,
    4.9953821025646254,
    4.995662684301805,
    4.994547528699527,
    4.991498900291065,
    4.994716808433604,
    4.993892577751014,
    4.987904849329721,
    4.989545740793418,
    4.98866529765061,
    4.987773289755473,
    4.990662760935885,
    -3.528960154128977,
    4.980076647111256,
    4.983289181600284,
    4.987420112290298,
    4.986595976861761,
    4.9765292504449254,
    4.979743787656497,
    -9.434126883604547,
    4.974936995659023,
    4.9694845517323065
  ],