{
  "episode": 1581,
  "steps": 95,
  "actions": [
    23,
    23,
    23,
    23,
    13,
    13,
    20,
    20,
    13,
    14,
    12,
    22,
    4,
    20,
    13,
    15,
    13,
    12,
    13,
    13,
    14,
    13,
    14,
    14,
    15,
    22,
    14,
    13,
    12,
    20,
    14,
    12,
    23,
    13,
    14,
    14,
    12,
    22,
    12,
    13,
    13,
    13,
    21,
    21,
    12,
    13,
    12,
    3,
    9,
    1,
    1,
    3,
    8,
    0,
    3,
    9,
    11,
    3,
    0,
    8,
    9,
    18,
    11,
    11,
    0,
    1,
    11,
    11,
    3,
    21,
    23,
    4,
    13,
    7,
    4,
    13,
    23,
    13,
    13,
    4,
    22,
    14,
    21,
    23,
    7,
    20,
    12,
    13,
    13,
    22,
    13,
    6,
    22,
    21,
    13
  ],
  "temperatures": [
    21.111627197265648,
    21.104028320312523,
    21.062646484375023,
    21.024285888671898,
    20.531274414062523,
    20.474237060546898,
    20.916040039062523,
    20.905114746093773,
    20.409600830078148,
    20.363702392578148,
    20.331079101562523,
    20.801995849609398,
    19.506250000000023,
    20.740808105468773,
    20.242822265625023,
    20.205957031250023,
    20.178765869140648,
    20.153283691406273,
    20.128839111328148,
    20.105157470703148,
    20.082086181640648,
    20.059503173828148,
    20.037438964843773,
    20.027520751953148,
    20.051171875000023,
    20.618920898437523,
    20.154504394531273,
    20.143151855468773,
    20.120019531250023,
    20.616937255859398,
    20.132012939453148,
    20.736291503906273,
    21.260156250000023,
    21.011499023437523,
    21.089562988281273,
    21.156884765625023,
    21.227746582031273,
    21.642266845703148,
    21.573724365234398,
    21.880273437500023,
    22.190393066406273,
    22.490289306640648,
    22.833734130859398,
    23.063562011718773,
    23.361322021484398,
    23.650079345703148,
    23.922082519531273,
    21.520471191406273,
    20.344628906250023,
    21.827569580078148,
    22.097894287109398,
    22.332482910156273,
    21.074060058593773,
    22.671533203125023,
    22.882775878906273,
    21.441156005859398,
    21.451623535156273,
    23.010064697265648,
    23.100030517578148,
    21.529901123046898,
    21.445397949218773,
    20.335076904296898,
    21.170129394531273,
    20.984796142578148,
    22.117456054687523,
    21.900659179687523,
    20.365289306640648,
    20.154718017578148,
    21.187585449218773,
    23.637048339843773,
    23.612908935546898,
    23.158746337890648,
    22.979547119140648,
    22.825433349609398,
    22.688043212890648,
    22.663507080078148,
    22.651574707031273,
    22.492456054687523,
    22.406671142578148,
    22.152490234375023,
    22.387261962890648,
    22.195153808593773,
    22.285028076171898,
    22.234216308593773,
    21.727960205078148,
    22.107141113281273,
    21.843469238281273,
    21.765008544921898,
    21.689263916015648,
    21.874078369140648,
    21.562310791015648,
    21.056024169921898,
    21.653710937500023,
    21.564904785156273,
    21.137811279296898
  ],
  "outdoor_temps": [
    -6.1035156022626325e-06,
    -6.1035156022626325e-06,
    -6.1035156022626325e-06,
    -6.1035156022626325e-06,
    -6.1035156022626325e-06,
    -6.1035156022626325e-06,
    -6.1035156022626325e-06,
    -6.1035156022626325e-06,
    -6.1035156022626325e-06,
    -6.1035156022626325e-06,
    -6.1035156022626325e-06,
    -6.1035156022626325e-06,
    -6.1035156022626325e-06,
    -6.1035156022626325e-06,
    -6.1035156022626325e-06,
    -6.1035156022626325e-06,
    -6.1035156022626325e-06,
    -6.1035156022626325e-06,
    -6.1035156022626325e-06,
    -6.1035156022626325e-06,
    -6.1035156022626325e-06,
    -6.1035156022626325e-06,
    -6.1035156022626325e-06,
    0.48467407226564774,
    1.5674987792968977,
    2.6915527343750227,
    3.3000122070312727,
    3.2094665527343977,
    2.8019348144531477,
    2.3684326171875227,
    2.2000061035156477,
    2.3021789550781477,
    2.5030456542968977,
    2.8273864746093977,
    3.3000122070312727,
    4.170007324218773,
    5.390008544921898,
    6.540002441406273,
    7.200006103515648,
    7.400476074218773,
    7.509606933593773,
    7.613946533203148,
    7.800012207031273,
    8.075891113281273,
    8.371636962890648,
    8.656549072265648,
    8.899987792968773,
    9.066003417968773,
    9.171868896484398,
    9.266809082031273,
    9.399987792968773,
    9.710534667968773,
    10.159387207031273,
    10.528527832031273,
    10.600000000000023,
    10.450006103515648,
    10.300012207031273,
    10.149987792968773,
    9.999993896484398,
    9.850000000000023,
    9.700006103515648,
    9.550012207031273,
    9.399987792968773,
    8.978875732421898,
    8.201959228515648,
    7.349084472656273,
    6.700006103515648,
    6.357904052734398,
    6.149987792968773,
    5.942102050781273,
    5.600000000000023,
    4.941003417968773,
    4.063317871093773,
    3.2539611816406477,
    2.8000122070312727,
    2.6291442871093977,
    2.4749084472656477,
    2.3332153320312727,
    2.2000061035156477,
    2.0766845703125227,
    1.9598327636718977,
    1.8380676269531477,
    1.7000061035156477,
    1.4921203613281477,
    1.2039733886718977,
    0.8888488769531477,
    0.6000000000000227,
    0.41335449218752274,
    0.31020507812502274,
    0.20195922851564774,
    -6.1035156022626325e-06,
    -0.7735656738281023,
    -2.1510986328124773,
    -3.5530761718749773,
    -4.399999999999977
  ],
  "rewards": [
    4.963678053930402,
    4.9635631695538756,
    4.962818720653653,
    4.962127915933729,
    4.967531119711697,
    4.966805889681468,
    4.960170926090816,
    4.95998103278033,
    4.966001441488933,
    4.965415725783,
    4.965001671337401,
    4.958112159062338,
    -0.6224362315419987,
    4.95699448615183,
    4.963883966217708,
    4.963411572054515,
    4.963063678777575,
    4.962737575844416,
    4.962424426205618,
    4.9621206820761055,
    4.9618243981157635,
    4.961534966253554,
    4.961252304390559,
    4.961127445720946,
    4.961436446928298,
    4.954786874252169,
    4.962777072292145,
    4.962630963348662,
    4.962332061604152,
    4.954753493357612,
    4.962487547407817,
    4.970308752679144,
    4.96663784651847,
    4.973859904561192,
    4.974866221026073,
    4.975733865522658,
    4.976647116565024,
    4.973681234408332,
    4.981120712261971,
    4.98508843792246,
    4.989102702513823,
    4.992985075787196,
    4.9957131864247115,
    4.9984360444589475,
    4.998181151088975,
    4.997059590943319,
    4.996003092229852,
    4.985451210044486,
    4.978826465156901,
    4.98476936390915,
    4.984169316216979,
    4.983648699447189,
    4.975993220952381,
    4.982896636621298,
    4.982428154874593,
    4.9745686711343415,
    4.974528407587791,
    4.9821463995204995,
    4.98194683961295,
    4.974224969301373,
    4.974553049923124,
    4.9691893300368735,
    4.975621695632357,
    4.976341355569822,
    4.984127078555686,
    4.9846084528453645,
    4.978747994452391,
    4.9795660824851815,
    4.986191560574969,
    4.995254652806598,
    4.995388588369541,
    4.999573175007478,
    4.999311756339491,
    4.9986250896756745,
    4.997610503448579,
    4.99522647409384,
    4.992345823433737,
    4.993015594039113,
    4.991906673983226,
    4.99365567296792,
    4.987464832066194,
    4.989173204403694,
    4.985577589456802,
    4.984640287966184,
    4.990521468449384,
    4.982295338163557,
    4.98463031561203,
    4.983616913683874,
    4.9826383472238875,
    4.977994292613605,
    4.980998593099739,
    4.985562637895832,
    4.973925521077669,
    4.972284863852288,
    4.97550951843401
  ],