{
  "episode": 899,
  "steps": 95,
  "actions": [
    23,
    23,
    23,
    23,
    22,
    21,
    1,
    13,
    21,
    21,
    22,
    10,
    21,
    21,
    5,
    21,
    22,
    22,
    22,
    12,
    12,
    7,
    22,
    22,
    21,
    22,
    21,
    22,
    12,
    15,
    14,
    22,
    22,
    21,
    14,
    20,
    21,
    5,
    7,
    21,
    4,
    21,
    14,
    12,
    21,
    20,
    20,
    22,
    21,
    22,
    22,
    20,
    15,
    21,
    21,
    15,
    20,
    12,
    21,
    12,
    21,
    22,
    22,
    22,
    4,
    21,
    21,
    15,
    21,
    21,
    21,
    21,
    7,
    20,
    12,
    21,
    10,
    20,
    21,
    20,
    21,
    21,
    22,
    12,
    22,
    20,
    22,
    12,
    15,
    22,
    5,
    21,
    7,
    21,
    20
  ],
  "temperatures": [
    20.975762939453148,
    20.971978759765648,
    20.926324462890648,
    20.884027099609398,
    20.848413085937523,
    20.818383789062523,
    16.733239746093773,
    19.975732421875023,
    20.654534912109398,
    20.666741943359398,
    20.660607910156273,
    16.069573974609398,
    20.476495361328148,
    20.540429687500023,
    18.955438232421898,
    20.480676269531273,
    20.499169921875023,
    20.494439697265648,
    20.484033203125023,
    19.865655517578148,
    19.811059570312523,
    18.719750976562523,
    20.340142822265648,
    20.372521972656273,
    20.409661865234398,
    20.455407714843773,
    20.489923095703148,
    20.496514892578148,
    19.894464111328148,
    19.838861083984398,
    19.835809326171898,
    20.978967285156273,
    21.122491455078148,
    21.232171630859398,
    20.917687988281273,
    21.365197753906273,
    21.438195800781273,
    20.636926269531273,
    20.840020751953148,
    21.982415771484398,
    21.732995605468773,
    22.528649902343773,
    22.714715576171898,
    23.022027587890648,
    23.287927246093773,
    23.538964843750023,
    23.775445556640648,
    23.996209716796898,
    24.202386474609398,
    24.395623779296898,
    24.572442626953148,
    24.744042968750023,
    25.341912841796898,
    25.071740722656273,
    25.186364746093773,
    25.799890136718773,
    25.351342773437523,
    25.950677490234398,
    25.435968017578148,
    26.004571533203148,
    25.423852539062523,
    25.361749267578148,
    25.253167724609398,
    25.095422363281273,
    26.078790283203148,
    24.743920898437523,
    24.573419189453148,
    24.790002441406273,
    24.341424560546898,
    24.242883300781273,
    24.153283691406273,
    23.583184814453148,
    23.734185791015648,
    23.329766845703148,
    23.281823730468773,
    23.141656494140648,
    19.584497070312523,
    22.874383544921898,
    22.830865478515648,
    22.763055419921898,
    22.697045898437523,
    22.632958984375023,
    22.569512939453148,
    22.392541503906273,
    22.430596923828148,
    22.360284423828148,
    22.288995361328148,
    22.041162109375023,
    21.944848632812523,
    22.071069335937523,
    21.438775634765648,
    21.920312500000023,
    21.153466796875023,
    21.696405029296898,
    21.607537841796898
  ],
  "outdoor_temps": [
    -6.1035156022626325e-06,
    -6.1035156022626325e-06,
    -6.1035156022626325e-06,
    -6.1035156022626325e-06,
    -6.1035156022626325e-06,
    -6.1035156022626325e-06,
    -6.1035156022626325e-06,
    -6.1035156022626325e-06,
    -6.1035156022626325e-06,
    -6.1035156022626325e-06,
    -6.1035156022626325e-06,
    -6.1035156022626325e-06,
    -6.1035156022626325e-06,
    -6.1035156022626325e-06,
    -6.1035156022626325e-06,
    -6.1035156022626325e-06,
    -6.1035156022626325e-06,
    -6.1035156022626325e-06,
    -6.1035156022626325e-06,
    -6.1035156022626325e-06,
    -6.1035156022626325e-06,
    -6.1035156022626325e-06,
    -6.1035156022626325e-06,
    0.48467407226564774,
    1.5674987792968977,
    2.6915527343750227,
    3.3000122070312727,
    3.2094665527343977,
    2.8019348144531477,
    2.3684326171875227,
    2.2000061035156477,
    2.3021789550781477,
    2.5030456542968977,
    2.8273864746093977,
    3.3000122070312727,
    4.170007324218773,
    5.390008544921898,
    6.540002441406273,
    7.200006103515648,
    7.400476074218773,
    7.509606933593773,
    7.613946533203148,
    7.800012207031273,
    8.075891113281273,
    8.371636962890648,
    8.656549072265648,
    8.899987792968773,
    9.066003417968773,
    9.171868896484398,
    9.266809082031273,
    9.399987792968773,
    9.710534667968773,
    10.159387207031273,
    10.528527832031273,
    10.600000000000023,
    10.450006103515648,
    10.300012207031273,
    10.149987792968773,
    9.999993896484398,
    9.850000000000023,
    9.700006103515648,
    9.550012207031273,
    9.399987792968773,
    8.978875732421898,
    8.201959228515648,
    7.349084472656273,
    6.700006103515648,
    6.357904052734398,
    6.149987792968773,
    5.942102050781273,
    5.600000000000023,
    4.941003417968773,
    4.063317871093773,
    3.2539611816406477,
    2.8000122070312727,
    2.6291442871093977,
    2.4749084472656477,
    2.3332153320312727,
    2.2000061035156477,
    2.0766845703125227,
    1.9598327636718977,
    1.8380676269531477,
    1.7000061035156477,
    1.4921203613281477,
    1.2039733886718977,
    0.8888488769531477,
    0.6000000000000227,
    0.41335449218752274,
    0.31020507812502274,
    0.20195922851564774,
    -6.1035156022626325e-06,
    -0.7735656738281023,
    -2.1510986328124773,
    -3.5530761718749773,
    -4.399999999999977
  ],
  "rewards": [
    4.9077753899246455,
    4.9076752827316525,
    4.905702330842614,
    4.90387322165072,
    4.902335326448083,
    4.901042344294812,
    -10.673668559050324,
    -0.02318678062813975,
    4.893859746154884,
    4.894429776341371,
    4.894180647999696,
    -15.450808248273525,
    4.886049010458848,
    4.888904206425599,
    -1.106097220821542,
    4.886282193401586,
    4.887116000325135,
    4.886917512141491,
    4.88646440240028,
    -0.04141448041018621,
    -0.05946682198701134,
    -1.654886547553133,
    4.88011266441125,
    4.881559865199353,
    4.883215348445202,
    4.88525165286725,
    4.886786591731336,
    4.887081524998598,
    -0.03427910228785781,
    -0.04951784538833258,
    -0.05053305294849852,
    4.908489358072048,
    4.914841744624402,
    4.919694006167676,
    4.93785898671364,
    4.925573951844935,
    4.92880140506379,
    4.964973940740987,
    4.967974016626123,
    4.952941071698848,
    4.981182519089147,
    4.977184676884309,
    4.99099618193572,
    4.9992441292487735,
    4.994273814011527,
    4.99093076315587,
    4.98778125964753,
    4.984841674200219,
    -0.04559395806459901,
    -0.16179516515817832,
    -0.33355623172193777,
    -0.5600368578505595,
    -1.8061145535047252,
    -1.156155778509816,
    -1.4153702977591773,
    -3.2460050345132054,
    -1.834585250211212,
    -3.81187765955286,
    -2.0707437221593192,
    -4.02516164030079,
    -2.036055411200873,
    -1.8628537308344346,
    -1.5785606528964948,
    -1.2075563487184287,
    -4.324808688155146,
    -0.5598542130900804,
    -0.33467782489148185,
    -0.6282629293867787,
    -0.12166656695793762,
    -0.06376004996832106,
    -0.02796534809406086,
    4.990351922184876,
    4.996679074059888,
    4.993724240670386,
    4.9969437516918,
    4.996226619530631,
    -0.18299496761642775,
    4.992527211609742,
    4.990598355761689,
    4.987591927916459,
    4.984665656915825,
    4.981824909121446,
    4.979013764531068,
    4.9814780627790345,
    4.972858874548388,
    4.969743668757703,
    4.966586000553291,
    4.971101298243131,
    4.9682573389375335,
    4.956933462279646,
    4.976864407006043,
    4.950253717640172,
    4.972651779543325,
    4.940328337857905,
    4.936386124760561
  ],