{
  "episode": 1923,
  "steps": 95,
  "actions": [
    23,
    23,
    23,
    23,
    14,
    13,
    21,
    20,
    22,
    20,
    20,
    21,
    14,
    20,
    20,
    12,
    22,
    20,
    21,
    12,
    15,
    14,
    15,
    20,
    12,
    12,
    14,
    15,
    23,
    12,
    22,
    12,
    13,
    21,
    12,
    22,
    21,
    14,
    15,
    20,
    22,
    13,
    12,
    21,
    14,
    10,
    23,
    1,
    15,
    3,
    11,
    10,
    3,
    11,
    0,
    11,
    3,
    3,
    9,
    2,
    11,
    3,
    3,
    2,
    2,
    3,
    11,
    3,
    1,
    21,
    17,
    5,
    6,
    6,
    20,
    20,
    12,
    20,
    15,
    6,
    13,
    12,
    12,
    22,
    12,
    5,
    14,
    22,
    13,
    14,
    20,
    20,
    20,
    23,
    13
  ],
  "temperatures": [
    21.111627197265648,
    21.104028320312523,
    21.062646484375023,
    21.024285888671898,
    20.531274414062523,
    20.474237060546898,
    20.916040039062523,
    20.905114746093773,
    20.888757324218773,
    20.871240234375023,
    20.853143310546898,
    20.834863281250023,
    20.325799560546898,
    20.780908203125023,
    20.770959472656273,
    20.254754638671898,
    20.721643066406273,
    20.713311767578148,
    20.699456787109398,
    20.171594238281273,
    20.126367187500023,
    20.095178222656273,
    20.068017578125023,
    20.590386962890648,
    20.105493164062523,
    20.130853271484398,
    20.158532714843773,
    20.158380126953148,
    20.651940917968773,
    20.141473388671898,
    20.653161621093773,
    20.778375244140648,
    20.908044433593773,
    21.376947021484398,
    21.122705078125023,
    21.511682128906273,
    21.579736328125023,
    21.383752441406273,
    21.593530273437523,
    22.120538330078148,
    22.384057617187523,
    22.521112060546898,
    22.803155517578148,
    23.081933593750023,
    23.385614013671898,
    19.593713378906273,
    23.684136962890648,
    21.443353271484398,
    24.280725097656273,
    22.042016601562523,
    20.763116455078148,
    20.885247802734398,
    22.480767822265648,
    21.219323730468773,
    22.814721679687523,
    21.421258544921898,
    22.979974365234398,
    23.091882324218773,
    21.549859619140648,
    23.048974609375023,
    21.487084960937523,
    22.919793701171898,
    22.828118896484398,
    22.618218994140648,
    22.333917236328148,
    22.058465576171898,
    20.480218505859398,
    21.523400878906273,
    21.377435302734398,
    23.712426757812523,
    19.137841796875023,
    22.974603271484398,
    22.976434326171898,
    22.838525390625023,
    22.805963134765648,
    22.740289306640648,
    22.603326416015648,
    22.599114990234398,
    22.433709716796898,
    22.185540771484398,
    22.278161621093773,
    22.214471435546898,
    22.149255371093773,
    22.247003173828148,
    22.015161132812523,
    21.648461914062523,
    21.846948242187523,
    22.003259277343773,
    21.714471435546898,
    21.638024902343773,
    21.835076904296898,
    21.777856445312523,
    21.690179443359398,
    21.590386962890648,
    21.164300537109398
  ],
  "outdoor_temps": [
    -6.1035156022626325e-06,
    -6.1035156022626325e-06,
    -6.1035156022626325e-06,
    -6.1035156022626325e-06,
    -6.1035156022626325e-06,
    -6.1035156022626325e-06,
    -6.1035156022626325e-06,
    -6.1035156022626325e-06,
    -6.1035156022626325e-06,
    -6.1035156022626325e-06,
    -6.1035156022626325e-06,
    -6.1035156022626325e-06,
    -6.1035156022626325e-06,
    -6.1035156022626325e-06,
    -6.1035156022626325e-06,
    -6.1035156022626325e-06,
    -6.1035156022626325e-06,
    -6.1035156022626325e-06,
    -6.1035156022626325e-06,
    -6.1035156022626325e-06,
    -6.1035156022626325e-06,
    -6.1035156022626325e-06,
    -6.1035156022626325e-06,
    0.48467407226564774,
    1.5674987792968977,
    2.6915527343750227,
    3.3000122070312727,
    3.2094665527343977,
    2.8019348144531477,
    2.3684326171875227,
    2.2000061035156477,
    2.3021789550781477,
    2.5030456542968977,
    2.8273864746093977,
    3.3000122070312727,
    4.170007324218773,
    5.390008544921898,
    6.540002441406273,
    7.200006103515648,
    7.400476074218773,
    7.509606933593773,
    7.613946533203148,
    7.800012207031273,
    8.075891113281273,
    8.371636962890648,
    8.656549072265648,
    8.899987792968773,
    9.066003417968773,
    9.171868896484398,
    9.266809082031273,
    9.399987792968773,
    9.710534667968773,
    10.159387207031273,
    10.528527832031273,
    10.600000000000023,
    10.450006103515648,
    10.300012207031273,
    10.149987792968773,
    9.999993896484398,
    9.850000000000023,
    9.700006103515648,
    9.550012207031273,
    9.399987792968773,
    8.978875732421898,
    8.201959228515648,
    7.349084472656273,
    6.700006103515648,
    6.357904052734398,
    6.149987792968773,
    5.942102050781273,
    5.600000000000023,
    4.941003417968773,
    4.063317871093773,
    3.2539611816406477,
    2.8000122070312727,
    2.6291442871093977,
    2.4749084472656477,
    2.3332153320312727,
    2.2000061035156477,
    2.0766845703125227,
    1.9598327636718977,
    1.8380676269531477,
    1.7000061035156477,
    1.4921203613281477,
    1.2039733886718977,
    0.8888488769531477,
    0.6000000000000227,
    0.41335449218752274,
    0.31020507812502274,
    0.20195922851564774,
    -6.1035156022626325e-06,
    -0.7735656738281023,
    -2.1510986328124773,
    -3.5530761718749773,
    -4.399999999999977
  ],
  "rewards": [
    4.963678053930402,
    4.9635631695538756,
    4.962818720653653,
    4.962127915933729,
    4.967531259212643,
    4.966805893205916,
    4.960170818802456,
    4.959981029242925,
    4.959689666203182,
    4.959375375770356,
    4.959050231150311,
    4.958720058373135,
    4.9649472976221665,
    4.957736470882659,
    4.9575581576143914,
    4.964042960415553,
    4.956656474162055,
    4.956506295465257,
    4.956253974608105,
    4.962980412293874,
    4.962397518284781,
    4.96199639562404,
    4.961647887253081,
    4.95425380845627,
    4.9621392929656025,
    4.962469791300757,
    4.962829182274802,
    4.962828023456847,
    4.955400130945056,
    4.9626098991967735,
    4.955423176575614,
    4.970853176813896,
    4.972525732644064,
    4.968791576263049,
    4.975295322586499,
    4.971273894597006,
    4.972528099082734,
    4.9786631542935,
    4.981376848840033,
    4.982523222165911,
    4.987396808437031,
    4.993383947115715,
    4.997035569698105,
    4.9983342127391825,
    4.998086868759892,
    -0.42177055904928673,
    4.994992591086289,
    4.985622376132756,
    -0.1996817282292825,
    4.984293387940882,
    4.977200810459483,
    4.976726399190886,
    4.983319746113827,
    4.975429388430942,
    4.982579181097609,
    4.974646034989506,
    4.9822130220161505,
    4.9819648408117185,
    4.974147331860888,
    4.9820601432613385,
    4.974391130353608,
    4.982346587084396,
    4.9825498341741445,
    4.9830156122865565,
    4.983646716396608,
    4.98425821534852,
    4.978301619437564,
    4.985446131728751,
    4.985770198029507,
    4.994836447249774,
    -1.8702888211302449,
    4.9997249649884985,
    4.999740035557877,
    4.998721763705916,
    4.995196626337326,
    4.993984157315414,
    4.9944488108260146,
    4.991377039987755,
    4.992256628434133,
    4.993899912199734,
    4.990245919963426,
    4.989423043206821,
    4.988580288715823,
    4.9848763626703745,
    4.986848434608754,
    4.989934981964691,
    4.984675053177159,
    4.980378180925613,
    4.9829644055444255,
    4.981976887658725,
    4.977274718467956,
    4.976218233874958,
    4.974598969987553,
    4.9727550836121255,
    4.975851881060749
  ],