{
  "episode": 606,
  "steps": 95,
  "actions": [
    23,
    23,
    23,
    23,
    21,
    23,
    23,
    23,
    21,
    20,
    23,
    21,
    22,
    23,
    21,
    14,
    23,
    21,
    22,
    23,
    21,
    23,
    12,
    23,
    23,
    23,
    12,
    12,
    21,
    12,
    22,
    22,
    22,
    6,
    23,
    23,
    22,
    11,
    23,
    22,
    4,
    6,
    5,
    23,
    22,
    22,
    23,
    23,
    21,
    22,
    23,
    3,
    14,
    21,
    9,
    6,
    15,
    15,
    23,
    23,
    23,
    5,
    22,
    23,
    23,
    14,
    21,
    22,
    23,
    22,
    19,
    6,
    23,
    21,
    23,
    23,
    20,
    22,
    22,
    21,
    23,
    23,
    21,
    21,
    20,
    23,
    22,
    23,
    22,
    23,
    15,
    22,
    23,
    22,
    23
  ],
  "temperatures": [
    20.975762939453148,
    20.971978759765648,
    20.926324462890648,
    20.884027099609398,
    20.848413085937523,
    20.818383789062523,
    20.792230224609398,
    20.768457031250023,
    20.746057128906273,
    20.724359130859398,
    20.703149414062523,
    20.682244873046898,
    20.661584472656273,
    20.641198730468773,
    20.621026611328148,
    20.018853759765648,
    20.558618164062523,
    20.550439453125023,
    20.534997558593773,
    20.518243408203148,
    20.501062011718773,
    20.483728027343773,
    19.860955810546898,
    20.436364746093773,
    20.470513916015648,
    20.511834716796898,
    19.961877441406273,
    19.933831787109398,
    20.496606445312523,
    19.904931640625023,
    20.489465332031273,
    21.047021484375023,
    21.177880859375023,
    20.229760742187523,
    21.324761962890648,
    21.405480957031273,
    21.475823974609398,
    17.024163818359398,
    21.651361083984398,
    22.002099609375023,
    21.759423828125023,
    22.150201416015648,
    22.572198486328148,
    23.040887451171898,
    23.304437255859398,
    23.557702636718773,
    23.795495605468773,
    24.016992187500023,
    24.223565673828148,
    24.416955566406273,
    24.593774414062523,
    23.378015136718773,
    25.308435058593773,
    25.069421386718773,
    22.104882812500023,
    26.354180908203148,
    25.868371582031273,
    25.939752197265648,
    25.421472167968773,
    25.420220947265648,
    25.395715332031273,
    26.743524169921898,
    25.274377441406273,
    25.100457763671898,
    24.897668457031273,
    25.130273437500023,
    24.568780517578148,
    24.434350585937523,
    24.325860595703148,
    24.232110595703148,
    19.897515869140648,
    23.626763916015648,
    23.370507812500023,
    23.259149169921898,
    23.163507080078148,
    23.085992431640648,
    23.003198242187523,
    22.917108154296898,
    22.834924316406273,
    22.759942626953148,
    22.690576171875023,
    22.624627685546898,
    22.560144042968773,
    22.493676757812523,
    22.423608398437523,
    22.351617431640648,
    22.279931640625023,
    22.209558105468773,
    22.138513183593773,
    22.071130371093773,
    21.778314208984398,
    21.925988769531273,
    21.827966308593773,
    21.715722656250023,
    21.615777587890648
  ],
  "outdoor_temps": [
    -6.1035156022626325e-06,
    -6.1035156022626325e-06,
    -6.1035156022626325e-06,
    -6.1035156022626325e-06,
    -6.1035156022626325e-06,
    -6.1035156022626325e-06,
    -6.1035156022626325e-06,
    -6.1035156022626325e-06,
    -6.1035156022626325e-06,
    -6.1035156022626325e-06,
    -6.1035156022626325e-06,
    -6.1035156022626325e-06,
    -6.1035156022626325e-06,
    -6.1035156022626325e-06,
    -6.1035156022626325e-06,
    -6.1035156022626325e-06,
    -6.1035156022626325e-06,
    -6.1035156022626325e-06,
    -6.1035156022626325e-06,
    -6.1035156022626325e-06,
    -6.1035156022626325e-06,
    -6.1035156022626325e-06,
    -6.1035156022626325e-06,
    0.48467407226564774,
    1.5674987792968977,
    2.6915527343750227,
    3.3000122070312727,
    3.2094665527343977,
    2.8019348144531477,
    2.3684326171875227,
    2.2000061035156477,
    2.3021789550781477,
    2.5030456542968977,
    2.8273864746093977,
    3.3000122070312727,
    4.170007324218773,
    5.390008544921898,
    6.540002441406273,
    7.200006103515648,
    7.400476074218773,
    7.509606933593773,
    7.613946533203148,
    7.800012207031273,
    8.075891113281273,
    8.371636962890648,
    8.656549072265648,
    8.899987792968773,
    9.066003417968773,
    9.171868896484398,
    9.266809082031273,
    9.399987792968773,
    9.710534667968773,
    10.159387207031273,
    10.528527832031273,
    10.600000000000023,
    10.450006103515648,
    10.300012207031273,
    10.149987792968773,
    9.999993896484398,
    9.850000000000023,
    9.700006103515648,
    9.550012207031273,
    9.399987792968773,
    8.978875732421898,
    8.201959228515648,
    7.349084472656273,
    6.700006103515648,
    6.357904052734398,
    6.149987792968773,
    5.942102050781273,
    5.600000000000023,
    4.941003417968773,
    4.063317871093773,
    3.2539611816406477,
    2.8000122070312727,
    2.6291442871093977,
    2.4749084472656477,
    2.3332153320312727,
    2.2000061035156477,
    2.0766845703125227,
    1.9598327636718977,
    1.8380676269531477,
    1.7000061035156477,
    1.4921203613281477,
    1.2039733886718977,
    0.8888488769531477,
    0.6000000000000227,
    0.41335449218752274,
    0.31020507812502274,
    0.20195922851564774,
    -6.1035156022626325e-06,
    -0.7735656738281023,
    -2.1510986328124773,
    -3.5530761718749773,
    -4.399999999999977
  ],
  "rewards": [
    4.9077753899246455,
    4.9076752827316525,
    4.905702330842614,
    4.90387322165072,
    4.902335364595055,
    4.901042372853212,
    4.899916646257043,
    4.898892733827234,
    4.897925641313195,
    4.896989104420594,
    4.896070201030891,
    4.895163543000817,
    4.8942664405412,
    4.893377902232434,
    4.892497641816735,
    4.911220254254244,
    4.889753663186793,
    4.889402014985681,
    4.888726260334901,
    4.887991416178967,
    4.8872349236160515,
    4.886474358708314,
    -0.042729501277202,
    4.88439069484563,
    4.885914857164026,
    4.887754199281335,
    -0.024096844848243648,
    -0.027228599663658863,
    4.887085501898242,
    -0.03210172823751318,
    4.886771161306811,
    4.911509101115491,
    4.9172978088486445,
    4.9589813064963995,
    4.9237911913414365,
    4.927361762300134,
    4.930471513047815,
    -8.860280475221115,
    4.9382482120880615,
    4.953814646974206,
    4.981573307457704,
    4.987354761341223,
    4.993598852139979,
    4.997563517616819,
    4.994053721502423,
    4.990681292735363,
    4.9875143811333436,
    -0.00430523015558797,
    -0.05468583952636543,
    -0.17919999334153225,
    -0.3585046924424182,
    4.962741339202039,
    -1.717312471835893,
    -1.1511819169476465,
    4.936367244579546,
    -5.545912904996411,
    -3.4973647862430703,
    -3.769349358049512,
    -2.0292744270388843,
    -2.0257147390768577,
    -1.9566269870848099,
    -7.531102181910662,
    -1.6322397693603516,
    -1.2186302469817045,
    -0.8127564897388628,
    -1.2824323816225445,
    -0.32936409229334274,
    -0.19406563836273324,
    -0.11122913317351424,
    -0.058607244901369634,
    -0.027435730263262213,
    4.997156422340878,
    4.993182652356184,
    4.994664031341672,
    4.995936450631074,
    4.996967440545559,
    4.998068806813098,
    4.99442191981427,
    4.9907776352989925,
    4.987453815661694,
    4.984378289849214,
    4.981455504670739,
    4.978597650304437,
    4.975652651459627,
    4.972548470169953,
    4.969359843364876,
    4.966184513345361,
    4.963066532336499,
    4.95992039181292,
    4.956935221873548,
    4.96334024425596,
    4.950505768912642,
    4.946160952769543,
    4.94118454195559,
    4.936751544200208
  ],