{
  "episode": 950,
  "steps": 95,
  "actions": [
    23,
    23,
    23,
    23,
    12,
    13,
    13,
    21,
    12,
    15,
    22,
    12,
    7,
    15,
    12,
    12,
    12,
    6,
    15,
    13,
    12,
    12,
    22,
    12,
    12,
    21,
    20,
    15,
    21,
    12,
    23,
    21,
    12,
    12,
    15,
    15,
    15,
    20,
    21,
    12,
    6,
    12,
    15,
    20,
    12,
    4,
    1,
    0,
    0,
    3,
    1,
    1,
    1,
    11,
    11,
    0,
    1,
    3,
    0,
    3,
    10,
    11,
    0,
    10,
    1,
    8,
    2,
    10,
    9,
    12,
    1,
    20,
    13,
    13,
    15,
    22,
    14,
    7,
    13,
    13,
    13,
    12,
    13,
    12,
    4,
    23,
    20,
    15,
    13,
    15,
    23,
    12,
    15,
    13,
    21
  ],
  "temperatures": [
    21.111627197265648,
    21.104028320312523,
    21.062646484375023,
    21.024285888671898,
    20.531274414062523,
    20.474237060546898,
    20.435083007812523,
    20.887994384765648,
    20.398797607421898,
    20.356317138671898,
    20.822351074218773,
    20.324517822265648,
    19.466363525390648,
    20.211968994140648,
    20.207818603515648,
    20.187707519531273,
    20.165673828125023,
    19.300714111328148,
    20.077844238281273,
    20.078607177734398,
    20.062463378906273,
    20.043695068359398,
    20.564050292968773,
    20.044793701171898,
    20.054315185546898,
    20.618127441406273,
    20.661553955078148,
    20.166619873046898,
    20.644219970703148,
    20.127740478515648,
    20.638970947265648,
    21.161981201171898,
    20.909906005859398,
    21.009820556640648,
    21.092401123046898,
    21.159661865234398,
    21.230249023437523,
    21.644128417968773,
    21.841607666015648,
    21.893823242187523,
    21.919183349609398,
    22.484979248046898,
    22.778924560546898,
    23.062921142578148,
    23.361657714843773,
    23.812585449218773,
    21.185754394531273,
    21.354730224609398,
    21.610040283203148,
    21.861871337890648,
    22.096704101562523,
    22.327355957031273,
    22.552941894531273,
    21.237145996093773,
    21.311669921875023,
    22.895227050781273,
    23.033074951171898,
    23.105462646484398,
    23.145989990234398,
    23.151300048828148,
    21.530450439453148,
    21.409600830078148,
    22.772393798828148,
    21.111199951171898,
    22.235131835937523,
    20.632684326171898,
    21.689477539062523,
    20.243218994140648,
    20.054864501953148,
    23.773828125000023,
    21.119683837890648,
    23.055017089843773,
    22.974511718750023,
    22.858453369140648,
    22.756463623046898,
    22.729547119140648,
    22.589959716796898,
    22.370935058593773,
    22.411676025390648,
    22.338006591796898,
    22.268243408203148,
    22.201684570312523,
    22.136224365234398,
    22.067987060546898,
    21.724023437500023,
    22.109460449218773,
    22.058312988281273,
    21.779504394531273,
    21.698968505859398,
    21.626458740234398,
    21.826196289062523,
    21.491815185546898,
    21.372674560546898,
    21.244012451171898,
    21.476647949218773
  ],
  "outdoor_temps": [
    -6.1035156022626325e-06,
    -6.1035156022626325e-06,
    -6.1035156022626325e-06,
    -6.1035156022626325e-06,
    -6.1035156022626325e-06,
    -6.1035156022626325e-06,
    -6.1035156022626325e-06,
    -6.1035156022626325e-06,
    -6.1035156022626325e-06,
    -6.1035156022626325e-06,
    -6.1035156022626325e-06,
    -6.1035156022626325e-06,
    -6.1035156022626325e-06,
    -6.1035156022626325e-06,
    -6.1035156022626325e-06,
    -6.1035156022626325e-06,
    -6.1035156022626325e-06,
    -6.1035156022626325e-06,
    -6.1035156022626325e-06,
    -6.1035156022626325e-06,
    -6.1035156022626325e-06,
    -6.1035156022626325e-06,
    -6.1035156022626325e-06,
    0.48467407226564774,
    1.5674987792968977,
    2.6915527343750227,
    3.3000122070312727,
    3.2094665527343977,
    2.8019348144531477,
    2.3684326171875227,
    2.2000061035156477,
    2.3021789550781477,
    2.5030456542968977,
    2.8273864746093977,
    3.3000122070312727,
    4.170007324218773,
    5.390008544921898,
    6.540002441406273,
    7.200006103515648,
    7.400476074218773,
    7.509606933593773,
    7.613946533203148,
    7.800012207031273,
    8.075891113281273,
    8.371636962890648,
    8.656549072265648,
    8.899987792968773,
    9.066003417968773,
    9.171868896484398,
    9.266809082031273,
    9.399987792968773,
    9.710534667968773,
    10.159387207031273,
    10.528527832031273,
    10.600000000000023,
    10.450006103515648,
    10.300012207031273,
    10.149987792968773,
    9.999993896484398,
    9.850000000000023,
    9.700006103515648,
    9.550012207031273,
    9.399987792968773,
    8.978875732421898,
    8.201959228515648,
    7.349084472656273,
    6.700006103515648,
    6.357904052734398,
    6.149987792968773,
    5.942102050781273,
    5.600000000000023,
    4.941003417968773,
    4.063317871093773,
    3.2539611816406477,
    2.8000122070312727,
    2.6291442871093977,
    2.4749084472656477,
    2.3332153320312727,
    2.2000061035156477,
    2.0766845703125227,
    1.9598327636718977,
    1.8380676269531477,
    1.7000061035156477,
    1.4921203613281477,
    1.2039733886718977,
    0.8888488769531477,
    0.6000000000000227,
    0.41335449218752274,
    0.31020507812502274,
    0.20195922851564774,
    -6.1035156022626325e-06,
    -0.7735656738281023,
    -2.1510986328124773,
    -3.5530761718749773,
    -4.399999999999977
  ],
  "rewards": [
    4.963678053930402,
    4.9635631695538756,
    4.962818720653653,
    4.962127915933729,
    4.967531105432659,
    4.966805889733298,
    4.9663105750833845,
    4.959664296146968,
    4.965861591149769,
    4.965320153363211,
    4.958480283531157,
    4.964924109082992,
    -0.7250308796127893,
    4.963479306785795,
    4.963430951869844,
    4.9631753338651485,
    4.962894334919913,
    -1.2362164280700876,
    4.961764742275781,
    4.961777223384737,
    4.961570650414118,
    4.961330417521459,
    4.953762889195396,
    4.961350569825943,
    4.961477069981558,
    4.954772547770453,
    4.955576484412603,
    4.962934521446895,
    4.955257466035692,
    4.962432329703771,
    4.9551610496530065,
    4.964828975513577,
    4.972549795557462,
    4.973838114269239,
    4.97490325701998,
    4.975769565737604,
    4.97667924765384,
    4.9737154128130365,
    4.977365892103832,
    4.985263766695462,
    4.991926211922591,
    4.992916451534337,
    4.996721662558777,
    4.998439594964294,
    4.9981798562137,
    4.998118962586088,
    4.986194249006555,
    4.985819053575073,
    4.985252258110791,
    4.984693228531629,
    4.98417198590659,
    4.983660091682944,
    4.9831595753875115,
    4.975360180288229,
    4.975071234829886,
    4.98240081240998,
    4.982095121074468,
    4.981934676691566,
    4.981844860238064,
    4.981833040643483,
    4.9742227001460675,
    4.974691768370083,
    4.982673566244705,
    4.975850446972996,
    4.983865947581342,
    4.977709174900923,
    4.98507734318191,
    4.979222337748207,
    4.9799541658977775,
    4.996579657702829,
    4.986342560863284,
    4.99848638082077,
    4.9992464773645215,
    4.997746139839777,
    4.996427890435347,
    4.9937853184815335,
    4.994276001580383,
    4.99526894608966,
    4.991971600441667,
    4.991019461825976,
    4.990117502883563,
    4.989257448092589,
    4.988411827214224,
    4.987530518547187,
    4.99049252381192,
    4.982338140903607,
    4.981394080236554,
    4.98380433026604,
    4.982764001524805,
    4.981827209666857,
    4.977110592323153,
    4.980087843690067,
    4.978547406323416,
    4.976883603370546,
    4.970653385159115
  ],