{
  "episode": 268,
  "steps": 95,
  "actions": [
    23,
    23,
    23,
    23,
    21,
    21,
    21,
    21,
    21,
    21,
    21,
    20,
    21,
    22,
    22,
    22,
    22,
    22,
    22,
    22,
    22,
    22,
    22,
    22,
    22,
    22,
    22,
    22,
    22,
    22,
    21,
    21,
    21,
    21,
    21,
    21,
    21,
    23,
    20,
    20,
    6,
    6,
    21,
    4,
    0,
    3,
    1,
    3,
    1,
    3,
    3,
    11,
    11,
    11,
    11,
    11,
    11,
    10,
    8,
    10,
    10,
    11,
    11,
    9,
    3,
    1,
    1,
    1,
    1,
    1,
    3,
    2,
    4,
    21,
    4,
    4,
    4,
    7,
    13,
    7,
    13,
    13,
    20,
    23,
    14,
    23,
    20,
    12,
    20,
    22,
    20,
    20,
    20,
    23,
    23
  ],
  "temperatures": [
    20.975762939453148,
    20.971978759765648,
    20.926324462890648,
    20.884027099609398,
    20.848413085937523,
    20.818383789062523,
    20.792230224609398,
    20.768457031250023,
    20.746057128906273,
    20.724359130859398,
    20.703149414062523,
    20.682244873046898,
    20.661584472656273,
    20.641198730468773,
    20.621026611328148,
    20.601068115234398,
    20.581353759765648,
    20.561944580078148,
    20.542871093750023,
    20.524133300781273,
    20.505761718750023,
    20.487725830078148,
    20.470056152343773,
    20.463403320312523,
    20.485864257812523,
    20.523187255859398,
    20.552392578125023,
    20.555322265625023,
    20.539788818359398,
    20.522058105468773,
    20.533807373046898,
    21.077111816406273,
    21.201745605468773,
    21.302789306640648,
    21.379968261718773,
    21.441552734375023,
    21.505181884765648,
    21.604486083984398,
    21.801873779296898,
    22.079858398437523,
    21.851434326171898,
    22.235620117187523,
    22.838159179687523,
    23.098382568359398,
    21.001763916015648,
    21.240869140625023,
    21.592645263671898,
    21.932641601562523,
    22.253106689453148,
    22.554742431640648,
    22.831475830078148,
    21.350885009765648,
    21.485131835937523,
    21.631188964843773,
    21.747796630859398,
    21.825463867187523,
    21.877038574218773,
    21.908898925781273,
    21.919305419921898,
    21.901330566406273,
    21.853570556640648,
    21.775048828125023,
    21.642724609375023,
    21.438806152343773,
    22.813348388671898,
    22.609613037109398,
    22.376031494140648,
    22.167932128906273,
    21.986169433593773,
    21.822961425781273,
    21.666864013671898,
    20.827752685546898,
    22.835260009765648,
    22.861993408203148,
    22.660638427734398,
    22.538659667968773,
    22.417077636718773,
    22.290399169921898,
    22.354669189453148,
    22.069665527343773,
    22.191979980468773,
    22.125024414062523,
    22.234918212890648,
    22.181604003906273,
    21.915368652343773,
    22.052423095703148,
    21.993188476562523,
    21.677514648437523,
    21.861901855468773,
    21.807458496093773,
    21.752648925781273,
    21.686578369140648,
    21.591363525390648,
    21.483544921875023,
    21.388330078125023
  ],
  "outdoor_temps": [
    -6.1035156022626325e-06,
    -6.1035156022626325e-06,
    -6.1035156022626325e-06,
    -6.1035156022626325e-06,
    -6.1035156022626325e-06,
    -6.1035156022626325e-06,
    -6.1035156022626325e-06,
    -6.1035156022626325e-06,
    -6.1035156022626325e-06,
    -6.1035156022626325e-06,
    -6.1035156022626325e-06,
    -6.1035156022626325e-06,
    -6.1035156022626325e-06,
    -6.1035156022626325e-06,
    -6.1035156022626325e-06,
    -6.1035156022626325e-06,
    -6.1035156022626325e-06,
    -6.1035156022626325e-06,
    -6.1035156022626325e-06,
    -6.1035156022626325e-06,
    -6.1035156022626325e-06,
    -6.1035156022626325e-06,
    -6.1035156022626325e-06,
    0.48467407226564774,
    1.5674987792968977,
    2.6915527343750227,
    3.3000122070312727,
    3.2094665527343977,
    2.8019348144531477,
    2.3684326171875227,
    2.2000061035156477,
    2.3021789550781477,
    2.5030456542968977,
    2.8273864746093977,
    3.3000122070312727,
    4.170007324218773,
    5.390008544921898,
    6.540002441406273,
    7.200006103515648,
    7.400476074218773,
    7.509606933593773,
    7.613946533203148,
    7.800012207031273,
    8.075891113281273,
    8.371636962890648,
    8.656549072265648,
    8.899987792968773,
    9.066003417968773,
    9.171868896484398,
    9.266809082031273,
    9.399987792968773,
    9.710534667968773,
    10.159387207031273,
    10.528527832031273,
    10.600000000000023,
    10.450006103515648,
    10.300012207031273,
    10.149987792968773,
    9.999993896484398,
    9.850000000000023,
    9.700006103515648,
    9.550012207031273,
    9.399987792968773,
    8.978875732421898,
    8.201959228515648,
    7.349084472656273,
    6.700006103515648,
    6.357904052734398,
    6.149987792968773,
    5.942102050781273,
    5.600000000000023,
    4.941003417968773,
    4.063317871093773,
    3.2539611816406477,
    2.8000122070312727,
    2.6291442871093977,
    2.4749084472656477,
    2.3332153320312727,
    2.2000061035156477,
    2.0766845703125227,
    1.9598327636718977,
    1.8380676269531477,
    1.7000061035156477,
    1.4921203613281477,
    1.2039733886718977,
    0.8888488769531477,
    0.6000000000000227,
    0.41335449218752274,
    0.31020507812502274,
    0.20195922851564774,
    -6.1035156022626325e-06,
    -0.7735656738281023,
    -2.1510986328124773,
    -3.5530761718749773,
    -4.399999999999977
  ],
  "rewards": [
    4.120979222776403,
    4.115054529951921,
    4.041117961602322,
    3.9698265858460595,
    3.907721049115101,
    3.8538797203905313,
    3.8058857733930833,
    3.7613691708154424,
    3.71864609823445,
    3.6765443841542513,
    3.6347041193849807,
    3.5928046119387673,
    3.550749347626237,
    3.5086222346208484,
    3.466321936766057,
    3.4238678741402917,
    3.381345204109698,
    3.33890951595679,
    3.296656541549043,
    3.254615608662741,
    3.2128832337487516,
    3.1714217349089715,
    3.1303298621479456,
    3.114743152134497,
    3.1671395807195486,
    3.252526247943195,
    3.317881751381234,
    3.324368248306588,
    3.2898385785467936,
    3.24998159489073,
    3.276446899244936,
    4.274051647045398,
    4.440449767865916,
    4.558249553235919,
    4.637910671391262,
    4.695064964563321,
    4.748141789379263,
    4.8188501551176515,
    4.915489183487377,
    4.9524827853655005,
    4.966380806613678,
    4.946980909836551,
    4.464039451988466,
    4.094660301966272,
    4.225934484552262,
    4.540019362564225,
    4.846213851159494,
    4.965754873296856,
    4.919687671398776,
    4.735591449849896,
    4.446653227692483,
    4.627045721042033,
    4.743050293412239,
    4.838555275920953,
    4.891832363123244,
    4.91600159724446,
    4.927052275419401,
    4.931885277453975,
    4.933134076384345,
    4.9308757568571915,
    4.922519949687164,
    4.9013454227554485,
    4.844737575587059,
    4.706077969793411,
    4.469098750524317,
    4.687434230258709,
    4.861142829172908,
    4.946965824543169,
    4.968780327020821,
    4.946141545056048,
    4.88710699815365,
    3.9434545526263176,
    4.474227216501045,
    4.434692297608198,
    4.66756461338482,
    4.775480581985404,
    4.860835542546206,
    4.926181201811505,
    4.8860087510388555,
    4.982529495462328,
    4.947902930761154,
    4.961844527159369,
    4.922789211391018,
    4.937083092748141,
    4.962005470544103,
    4.954035830191213,
    4.953438786789776,
    4.882358321516746,
    4.933356471892613,
    4.9174438701262355,
    4.896933640450571,
    4.8662183657819105,
    4.8104356176191665,
    4.730847892991244,
    4.646064219847343
  ],