{
  "episode": 40,
  "steps": 95,
  "actions": [
    23,
    23,
    23,
    23,
    14,
    19,
    4,
    13,
    1,
    16,
    0,
    21,
    21,
    21,
    12,
    15,
    20,
    20,
    21,
    20,
    13,
    6,
    23,
    3,
    22,
    22,
    21,
    22,
    22,
    22,
    20,
    22,
    18,
    22,
    14,
    2,
    8,
    21,
    1,
    21,
    15,
    17,
    14,
    21,
    22,
    2,
    15,
    20,
    13,
    19,
    5,
    1,
    3,
    2,
    3,
    14,
    9,
    11,
    12,
    10,
    19,
    9,
    1,
    1,
    7,
    19,
    18,
    18,
    22,
    0,
    19,
    2,
    19,
    22,
    22,
    19,
    6,
    21,
    16,
    6,
    21,
    20,
    6,
    9,
    3,
    10,
    15,
    12,
    5,
    3,
    12,
    23,
    8,
    7,
    12
  ],
  "temperatures": [
    21.111627197265648,
    21.104028320312523,
    21.062646484375023,
    21.024285888671898,
    20.531274414062523,
    15.939874267578148,
    19.234613037109398,
    20.258233642578148,
    16.343286132812523,
    15.698114013671898,
    15.952386474609398,
    20.515618896484398,
    20.609429931640648,
    20.637078857421898,
    20.124169921875023,
    20.095117187500023,
    20.606805419921898,
    20.608728027343773,
    20.601739501953148,
    20.591577148437523,
    20.049493408203148,
    19.145074462890648,
    20.495111083984398,
    15.895501708984398,
    20.411645507812523,
    20.520898437500023,
    20.575219726562523,
    20.593530273437523,
    20.589196777343773,
    20.579980468750023,
    20.597222900390648,
    21.110925292968773,
    16.091424560546898,
    21.183526611328148,
    20.961602783203148,
    17.106530761718773,
    16.484246826171898,
    21.393518066406273,
    17.487145996093773,
    21.872888183593773,
    22.020745849609398,
    17.362573242187523,
    22.433007812500023,
    22.893426513671898,
    23.137139892578148,
    20.525140380859398,
    23.624444580078148,
    23.779656982421898,
    24.187615966796898,
    19.549096679687523,
    24.738366699218773,
    22.300592041015648,
    22.432641601562523,
    22.623620605468773,
    22.781640625000023,
    25.223046875000023,
    21.491510009765648,
    21.445550537109398,
    25.284661865234398,
    21.527276611328148,
    20.390405273437523,
    21.268243408203148,
    22.626977539062523,
    22.465539550781273,
    25.024133300781273,
    19.727777099609398,
    19.478601074218773,
    19.286492919921898,
    23.675317382812523,
    21.151666259765648,
    18.988488769531273,
    20.051354980468773,
    18.270471191406273,
    22.640313720703148,
    22.619561767578148,
    17.996575927734398,
    21.956658935546898,
    22.371484375000023,
    17.729302978515648,
    21.592279052734398,
    22.154931640625023,
    22.135217285156273,
    21.597009277343773,
    17.886773681640648,
    18.357141113281273,
    17.567620849609398,
    21.356622314453148,
    21.399499511718773,
    20.897698974609398,
    17.942346191406273,
    21.118218994140648,
    21.470971679687523,
    17.051141357421898,
    20.085931396484398,
    20.729486083984398
  ],
  "outdoor_temps": [
    -6.1035156022626325e-06,
    -6.1035156022626325e-06,
    -6.1035156022626325e-06,
    -6.1035156022626325e-06,
    -6.1035156022626325e-06,
    -6.1035156022626325e-06,
    -6.1035156022626325e-06,
    -6.1035156022626325e-06,
    -6.1035156022626325e-06,
    -6.1035156022626325e-06,
    -6.1035156022626325e-06,
    -6.1035156022626325e-06,
    -6.1035156022626325e-06,
    -6.1035156022626325e-06,
    -6.1035156022626325e-06,
    -6.1035156022626325e-06,
    -6.1035156022626325e-06,
    -6.1035156022626325e-06,
    -6.1035156022626325e-06,
    -6.1035156022626325e-06,
    -6.1035156022626325e-06,
    -6.1035156022626325e-06,
    -6.1035156022626325e-06,
    0.48467407226564774,
    1.5674987792968977,
    2.6915527343750227,
    3.3000122070312727,
    3.2094665527343977,
    2.8019348144531477,
    2.3684326171875227,
    2.2000061035156477,
    2.3021789550781477,
    2.5030456542968977,
    2.8273864746093977,
    3.3000122070312727,
    4.170007324218773,
    5.390008544921898,
    6.540002441406273,
    7.200006103515648,
    7.400476074218773,
    7.509606933593773,
    7.613946533203148,
    7.800012207031273,
    8.075891113281273,
    8.371636962890648,
    8.656549072265648,
    8.899987792968773,
    9.066003417968773,
    9.171868896484398,
    9.266809082031273,
    9.399987792968773,
    9.710534667968773,
    10.159387207031273,
    10.528527832031273,
    10.600000000000023,
    10.450006103515648,
    10.300012207031273,
    10.149987792968773,
    9.999993896484398,
    9.850000000000023,
    9.700006103515648,
    9.550012207031273,
    9.399987792968773,
    8.978875732421898,
    8.201959228515648,
    7.349084472656273,
    6.700006103515648,
    6.357904052734398,
    6.149987792968773,
    5.942102050781273,
    5.600000000000023,
    4.941003417968773,
    4.063317871093773,
    3.2539611816406477,
    2.8000122070312727,
    2.6291442871093977,
    2.4749084472656477,
    2.3332153320312727,
    2.2000061035156477,
    2.0766845703125227,
    1.9598327636718977,
    1.8380676269531477,
    1.7000061035156477,
    1.4921203613281477,
    1.2039733886718977,
    0.8888488769531477,
    0.6000000000000227,
    0.41335449218752274,
    0.31020507812502274,
    0.20195922851564774,
    -6.1035156022626325e-06,
    -0.7735656738281023,
    -2.1510986328124773,
    -3.5530761718749773,
    -4.399999999999977
  ],
  "rewards": [
    4.963678053930402,
    4.9635631695538756,
    4.962818720653653,
    4.962127915933729,
    4.967531259212643,
    -41.2146806765484,
    -1.4785339403164555,
    4.9640297283107495,
    -33.430413929044306,
    -46.268012986741795,
    -40.959027078946185,
    4.952813909366727,
    4.95455749890273,
    4.955075830430441,
    4.962347861577474,
    4.9619768298940485,
    4.9545330299909995,
    4.954572919777553,
    4.95444732802264,
    4.954262860030584,
    4.961402769098949,
    -1.841530089377774,
    4.9524889794011475,
    -42.11829118369474,
    4.95095399052747,
    4.952975843213822,
    4.9539811816442265,
    4.954320523948125,
    4.9542405083406225,
    4.954070838950898,
    4.95438950326326,
    4.963885374239605,
    -38.19595144854036,
    4.965216322219242,
    4.973210282426651,
    -20.932781895792836,
    -30.904361726410936,
    4.969080496710927,
    -15.788881347025743,
    4.977943041037444,
    4.98690657322546,
    -17.39712283296594,
    4.992243591686791,
    4.996817358170515,
    4.998027753294163,
    4.987660558101114,
    4.997159099574485,
    4.994462704556792,
    -0.09048379985342396,
    -0.5214239373238972,
    -1.3649258096343666,
    4.983719461453836,
    4.983426558896575,
    4.9830029504718665,
    4.982652634303369,
    -3.7441039684890822,
    4.974373526000297,
    4.97455223633268,
    -4.130504679094984,
    4.974235150940878,
    4.968882581833264,
    4.9752407986546014,
    4.98299622169056,
    4.9833544468131405,
    -2.6244017796669836,
    -0.19889736446135864,
    -0.6925847986650912,
    -1.285140502301652,
    4.995042383870352,
    4.986271417971093,
    -2.5694699662326617,
    4.988717905419515,
    -7.48776161158875,
    4.9921332668500105,
    4.991751849167373,
    -10.04309528858532,
    4.992206005590604,
    4.987170827092684,
    -12.89824538564964,
    4.9895153914526436,
    4.983172803225076,
    4.982809596270971,
    4.989552218998742,
    -11.170090272126396,
    -6.751216684858006,
    -14.796328115901591,
    4.978335762105396,
    4.978891370928644,
    4.984391059778792,
    -10.58814162962326,
    4.975257380154956,
    4.970550762105895,
    -21.743574344224893,
    4.9783955859106195,
    4.970229985205862
  ],