{
  "episode": 39,
  "steps": 96,
  "actions": [
    23,
    23,
    23,
    23,
    14,
    9,
    10,
    14,
    4,
    22,
    13,
    10,
    22,
    16,
    22,
    22,
    23,
    22,
    5,
    22,
    22,
    12,
    14,
    18,
    8,
    22,
    3,
    18,
    19,
    22,
    10,
    1,
    19,
    6,
    12,
    22,
    21,
    1,
    4,
    14,
    8,
    10,
    12,
    2,
    10,
    13,
    3,
    10,
    17,
    1,
    0,
    9,
    15,
    5,
    13,
    19,
    18,
    12,
    13,
    18,
    0,
    0,
    8,
    18,
    12,
    14,
    8,
    13,
    2,
    14,
    16,
    8,
    12,
    19,
    23,
    6,
    22,
    14,
    20,
    23,
    9,
    0,
    5,
    6,
    5,
    8,
    15,
    5,
    10,
    17,
    15,
    23,
    14,
    11,
    18,
    9
  ],
  "temperatures": [
    21.282800292968773,
    21.272180175781273,
    21.231622314453148,
    21.192895507812523,
    20.737695312500023,
    16.335473632812523,
    16.152429199218773,
    20.298364257812523,
    19.578210449218773,
    20.809136962890648,
    20.311669921875023,
    15.953515625000023,
    20.619287109375023,
    15.671716308593773,
    20.532159423828148,
    20.608666992187523,
    20.635339355468773,
    20.652429199218773,
    19.330255126953148,
    20.597619628906273,
    20.559899902343773,
    19.940209960937523,
    19.835504150390648,
    15.356072998046898,
    15.300805664062523,
    20.146356201171898,
    15.592370605468773,
    15.264398193359398,
    15.296838378906273,
    20.403588867187523,
    15.735253906250023,
    16.708642578125023,
    16.323815917968773,
    20.676812744140648,
    21.736383056640648,
    22.223901367187523,
    22.451074218750023,
    19.244378662109398,
    22.534906005859398,
    23.080834960937523,
    19.304437255859398,
    19.490441894531273,
    23.752343750000023,
    21.482629394531273,
    20.333123779296898,
    24.439477539062523,
    22.340264892578148,
    21.053857421875023,
    20.228845214843773,
    22.879815673828148,
    23.224664306640648,
    21.817163085937523,
    25.738641357421898,
    26.765588378906273,
    26.178765869140648,
    21.307702636718773,
    21.242425537109398,
    26.108728027343773,
    26.266076660156273,
    21.367028808593773,
    24.115167236328148,
    24.128320312500023,
    22.299768066406273,
    21.002496337890648,
    25.667535400390648,
    25.647149658203148,
    21.754449462890648,
    25.234002685546898,
    22.969415283203148,
    24.953179931640648,
    20.128198242187523,
    20.362084960937523,
    23.847619628906273,
    19.233300781250023,
    23.439019775390648,
    23.614556884765648,
    23.319238281250023,
    23.302667236328148,
    23.182244873046898,
    23.125878906250023,
    19.298364257812523,
    20.077416992187523,
    22.699060058593773,
    22.741113281250023,
    22.687097167968773,
    18.853265380859398,
    22.509729003906273,
    22.394464111328148,
    18.581750488281273,
    17.818383789062523,
    22.052026367187523,
    22.246820068359398,
    22.051934814453148,
    18.100976562500023,
    17.436059570312523,
    17.770684814453148
  ],
  "outdoor_temps": [
    3.8500000000000227,
    3.5750061035156477,
    3.3000122070312727,
    3.0249877929687727,
    2.7499938964843977,
    2.4750000000000227,
    2.2000061035156477,
    1.7379699707031477,
    1.0595642089843977,
    0.40139160156252274,
    -6.1035156022626325e-06,
    -0.11841430664060226,
    -0.12167968749997726,
    -0.06409301757810226,
    -6.1035156022626325e-06,
    0.11406860351564774,
    0.30495605468752274,
    0.49334106445314774,
    0.6000000000000227,
    0.005364990234397737,
    -1.3500122070312273,
    -2.7053894042968523,
    -3.2999938964843523,
    -3.0589965820312273,
    -2.5632995605468523,
    -2.0359863281249773,
    -1.6999877929687273,
    -1.6952880859374773,
    -1.8533996582031023,
    -1.9347900390624773,
    -1.6999877929687273,
    -0.9384521484374773,
    0.18303833007814774,
    1.3380065917968977,
    2.2000061035156477,
    2.7610717773437727,
    3.2729125976562727,
    3.7982727050781477,
    4.399987792968773,
    5.083795166015648,
    5.795953369140648,
    6.510125732421898,
    7.200006103515648,
    7.797906494140648,
    8.308740234375023,
    8.815240478515648,
    9.399987792968773,
    10.344903564453148,
    11.643243408203148,
    12.944970703125023,
    13.899987792968773,
    14.514306640625023,
    15.014825439453148,
    15.382928466796898,
    15.600000000000023,
    15.729455566406273,
    15.851525878906273,
    15.972833251953148,
    16.100000000000023,
    16.252404785156273,
    16.424127197265648,
    16.583764648437523,
    16.700006103515648,
    16.534570312500023,
    15.983117675781273,
    15.215112304687523,
    14.399987792968773,
    13.607629394531273,
    12.794152832031273,
    11.958612060546898,
    11.100000000000023,
    10.154412841796898,
    9.123864746093773,
    8.106378173828148,
    7.200006103515648,
    6.489770507812523,
    5.990899658203148,
    5.696588134765648,
    5.600000000000023,
    5.600000000000023,
    5.600000000000023,
    5.600000000000023,
    5.600000000000023,
    5.600000000000023,
    5.600000000000023,
    5.600000000000023,
    5.600000000000023,
    5.279138183593773,
    4.552667236328148,
    3.7748962402343977,
    3.3000122070312727,
    3.1177307128906477,
    2.9776855468750227,
    2.8737731933593977,
    2.8000122070312727,
    2.8455444335937727
  ],
  "rewards": [
    4.966856971353293,
    4.966685631841421,
    4.965955287784338,
    4.965257337659597,
    4.970212464742363,
    -33.57465644270804,
    -37.01191900205649,
    4.964555140502265,
    -0.45747368579365216,
    4.9582327824371015,
    4.964755365636523,
    -40.93711820277477,
    4.954745570916196,
    -46.837480472273306,
    4.9531481330640945,
    4.954569596566583,
    4.955068036832239,
    4.955389408439398,
    -1.1349967284375524,
    4.95438526802672,
    4.953691612996485,
    -0.02890631862324185,
    -0.08829215660300666,
    -53.9166505584182,
    -55.20682974190374,
    4.9460648232076485,
    -48.56868167171824,
    -56.06606277476473,
    -55.30066470852975,
    4.9508245210634625,
    -45.471752540472075,
    -27.0845131713777,
    -33.79001361449426,
    4.982754833478117,
    4.983240828340954,
    4.984446945432735,
    4.988644716956045,
    -1.4321512636935452,
    4.996485608682644,
    4.999269760177106,
    -1.2180550726755013,
    -0.6580214978593592,
    4.996661778978518,
    4.985534357571205,
    4.978869599971272,
    -0.4858252558341021,
    4.983629467876183,
    4.976068680119742,
    4.969772546786329,
    4.98243178114955,
    4.981666725740444,
    4.973105184275657,
    -7.56268049000677,
    -19.12540871445607,
    -11.87390131563556,
    4.963799435388783,
    4.964164276598589,
    -11.123047079285602,
    -12.844276102013982,
    4.963478897106389,
    -0.043301458184377466,
    -0.051322236201740486,
    4.971249767977745,
    4.965504479942115,
    -6.95704101563426,
    -6.7880709336661065,
    4.97336450368992,
    -3.811421184393515,
    4.982242545874344,
    -2.27534989533649,
    4.9703444884613805,
    4.978770433439347,
    4.996296093122305,
    -1.4818238419254612,
    4.9963561831699765,
    4.9985609370665625,
    4.997019979240454,
    4.9984108063693595,
    4.997779018011753,
    4.998091372861486,
    -1.23924822094656,
    4.98866638287914,
    4.997696581353433,
    4.9980075988757795,
    4.997608725137158,
    -3.2951526321527744,
    4.99324410002047,
    4.995447631679273,
    -5.0357042901088365,
    -11.9069515040929,
    4.987326526468701,
    4.984875644597023,
    4.9873254875727,
    -9.021917400068508,
    -16.44174495756208,
    -12.430167143055671
  ],