{
  "episode": 276,
  "steps": 95,
  "actions": [
    23,
    23,
    23,
    23,
    14,
    7,
    15,
    0,
    21,
    21,
    5,
    7,
    22,
    2,
    22,
    21,
    8,
    7,
    21,
    20,
    20,
    13,
    15,
    7,
    15,
    10,
    15,
    22,
    15,
    21,
    20,
    21,
    22,
    14,
    15,
    20,
    6,
    20,
    22,
    20,
    10,
    6,
    14,
    20,
    6,
    20,
    20,
    4,
    15,
    22,
    13,
    22,
    0,
    22,
    20,
    7,
    1,
    13,
    7,
    5,
    22,
    22,
    21,
    20,
    20,
    21,
    14,
    15,
    15,
    21,
    20,
    6,
    20,
    7,
    1,
    4,
    12,
    15,
    22,
    20,
    12,
    12,
    20,
    3,
    15,
    5,
    21,
    22,
    22,
    21,
    11,
    0,
    22,
    20,
    5
  ],
  "temperatures": [
    20.975762939453148,
    20.971978759765648,
    20.926324462890648,
    20.884027099609398,
    20.309686279296898,
    19.266351318359398,
    20.133355712890648,
    16.607751464843773,
    20.571252441406273,
    20.633782958984398,
    19.082757568359398,
    18.878717041015648,
    20.527398681640648,
    16.371270751953148,
    20.409936523437523,
    20.475091552734398,
    15.865655517578148,
    18.352441406250023,
    20.312799072265648,
    20.363580322265648,
    20.375268554687523,
    19.751794433593773,
    19.706140136718773,
    18.615350341796898,
    19.649438476562523,
    15.698144531250023,
    19.551995849609398,
    20.321343994140648,
    19.739251708984398,
    20.338464355468773,
    20.377709960937523,
    20.932244873046898,
    21.066949462890648,
    20.747888183593773,
    20.824884033203148,
    21.299005126953148,
    20.387200927734398,
    21.448236083984398,
    21.668115234375023,
    21.959436035156273,
    17.811578369140648,
    21.654718017578148,
    22.572595214843773,
    22.948510742187523,
    23.288293457031273,
    23.460748291015648,
    23.698632812500023,
    24.434655761718773,
    24.401971435546898,
    24.338098144531273,
    24.851647949218773,
    24.692376708984398,
    23.527764892578148,
    24.967797851562523,
    25.104180908203148,
    26.466302490234398,
    24.306756591796898,
    25.839044189453148,
    26.760003662109398,
    26.858666992187523,
    25.406640625000023,
    25.330499267578148,
    25.218011474609398,
    25.057916259765648,
    24.856988525390648,
    24.674401855468773,
    24.890588378906273,
    24.747674560546898,
    24.620721435546898,
    24.208581542968773,
    24.115808105468773,
    23.910363769531273,
    23.416223144531273,
    23.486474609375023,
    21.075402832031273,
    23.024346923828148,
    22.993951416015648,
    22.892541503906273,
    22.827386474609398,
    22.752984619140648,
    22.614495849609398,
    22.530145263671898,
    22.550012207031273,
    19.897210693359398,
    22.172937011718773,
    21.892602539062523,
    22.225854492187523,
    22.166741943359398,
    22.100732421875023,
    22.036645507812523,
    18.157189941406273,
    18.701684570312523,
    21.650140380859398,
    21.595605468750023,
    20.646936035156273
  ],
  "outdoor_temps": [
    -6.1035156022626325e-06,
    -6.1035156022626325e-06,
    -6.1035156022626325e-06,
    -6.1035156022626325e-06,
    -6.1035156022626325e-06,
    -6.1035156022626325e-06,
    -6.1035156022626325e-06,
    -6.1035156022626325e-06,
    -6.1035156022626325e-06,
    -6.1035156022626325e-06,
    -6.1035156022626325e-06,
    -6.1035156022626325e-06,
    -6.1035156022626325e-06,
    -6.1035156022626325e-06,
    -6.1035156022626325e-06,
    -6.1035156022626325e-06,
    -6.1035156022626325e-06,
    -6.1035156022626325e-06,
    -6.1035156022626325e-06,
    -6.1035156022626325e-06,
    -6.1035156022626325e-06,
    -6.1035156022626325e-06,
    -6.1035156022626325e-06,
    0.48467407226564774,
    1.5674987792968977,
    2.6915527343750227,
    3.3000122070312727,
    3.2094665527343977,
    2.8019348144531477,
    2.3684326171875227,
    2.2000061035156477,
    2.3021789550781477,
    2.5030456542968977,
    2.8273864746093977,
    3.3000122070312727,
    4.170007324218773,
    5.390008544921898,
    6.540002441406273,
    7.200006103515648,
    7.400476074218773,
    7.509606933593773,
    7.613946533203148,
    7.800012207031273,
    8.075891113281273,
    8.371636962890648,
    8.656549072265648,
    8.899987792968773,
    9.066003417968773,
    9.171868896484398,
    9.266809082031273,
    9.399987792968773,
    9.710534667968773,
    10.159387207031273,
    10.528527832031273,
    10.600000000000023,
    10.450006103515648,
    10.300012207031273,
    10.149987792968773,
    9.999993896484398,
    9.850000000000023,
    9.700006103515648,
    9.550012207031273,
    9.399987792968773,
    8.978875732421898,
    8.201959228515648,
    7.349084472656273,
    6.700006103515648,
    6.357904052734398,
    6.149987792968773,
    5.942102050781273,
    5.600000000000023,
    4.941003417968773,
    4.063317871093773,
    3.2539611816406477,
    2.8000122070312727,
    2.6291442871093977,
    2.4749084472656477,
    2.3332153320312727,
    2.2000061035156477,
    2.0766845703125227,
    1.9598327636718977,
    1.8380676269531477,
    1.7000061035156477,
    1.4921203613281477,
    1.2039733886718977,
    0.8888488769531477,
    0.6000000000000227,
    0.41335449218752274,
    0.31020507812502274,
    0.20195922851564774,
    -6.1035156022626325e-06,
    -0.7735656738281023,
    -2.1510986328124773,
    -3.5530761718749773,
    -4.399999999999977
  ],
  "rewards": [
    4.9077753899246455,
    4.9076752827316525,
    4.905702330842614,
    4.90387322165072,
    4.919594817124307,
    -0.5521128825043279,
    4.914436435597422,
    -11.509156577754814,
    4.890159556642175,
    4.892964856297426,
    -0.8558621970249896,
    -1.2725556322682707,
    4.888308036039057,
    -13.169219536772442,
    4.883128459221967,
    4.886035058223035,
    -17.09491082961774,
    -2.7316611763180254,
    4.878866945961896,
    4.881128861576967,
    4.881655156246346,
    -0.08581100772417277,
    -0.11089441005463145,
    -1.933486819323292,
    -0.1478490685201698,
    -18.5076951500075,
    -0.22638086907239616,
    4.879312894004195,
    -0.09227808644588985,
    4.880072838919966,
    4.881814629704408,
    4.906416976085823,
    4.912377020985536,
    4.932846293360319,
    4.93511326296336,
    4.92263581480345,
    4.961287014337215,
    4.929237682582891,
    4.938991419902962,
    4.951920044146802,
    -4.79561583875952,
    4.980023741646184,
    4.986790397116995,
    4.995822267924313,
    4.998650145979558,
    4.991972114430822,
    4.988804170942824,
    -0.19054113303130932,
    -0.16487956212592397,
    -0.119395850044893,
    -0.7296007320431003,
    -0.4856503780591414,
    4.962077159825105,
    -0.9438141918927871,
    -1.2268509315100555,
    -6.0865175230132085,
    -0.10444990873763357,
    -3.388570803556999,
    -7.621815608752531,
    -8.176281889346154,
    -1.987279914131695,
    -1.7786169348803509,
    -1.4915662051883634,
    -1.126668142295774,
    -0.7412417670647478,
    -0.46102229572187775,
    -0.797529997296024,
    -0.5630823537513306,
    -0.389078439143717,
    -0.04815989021698719,
    -0.01775625529821031,
    4.995897985251579,
    4.9925741229076745,
    4.997777216138277,
    4.972985379626448,
    4.999825855512779,
    4.999248691892818,
    4.996251611646427,
    4.990443170922606,
    4.987144618951108,
    4.988034575997811,
    4.985542128022922,
    4.978148399342013,
    -0.01601602353904253,
    4.974989528612275,
    4.983560689566454,
    4.963787042835484,
    4.961168858677797,
    4.95824624987724,
    4.955407659732129,
    -3.4031329352326822,
    -1.6897485052819947,
    4.938278109803796,
    4.935859129153515,
    4.965165109487209
  ],