{
  "episode": 185,
  "steps": 96,
  "actions": [
    23,
    23,
    23,
    23,
    13,
    15,
    4,
    4,
    4,
    4,
    4,
    4,
    4,
    4,
    4,
    5,
    20,
    20,
    4,
    15,
    4,
    21,
    20,
    21,
    20,
    20,
    20,
    20,
    20,
    20,
    20,
    20,
    21,
    20,
    20,
    20,
    3,
    3,
    2,
    2,
    2,
    2,
    2,
    1,
    2,
    1,
    3,
    0,
    3,
    11,
    11,
    3,
    10,
    11,
    3,
    11,
    11,
    11,
    11,
    3,
    11,
    9,
    3,
    2,
    1,
    2,
    1,
    1,
    2,
    0,
    3,
    2,
    2,
    3,
    3,
    3,
    23,
    20,
    20,
    20,
    20,
    20,
    22,
    21,
    20,
    20,
    20,
    20,
    20,
    21,
    12,
    12,
    12,
    12,
    6,
    6
  ],
  "temperatures": [
    22.094567871093773,
    22.132409667968773,
    22.145989990234398,
    22.153894042968773,
    21.964105224609398,
    21.954431152343773,
    21.636437988281273,
    21.600732421875023,
    21.582482910156273,
    21.568475341796898,
    21.557611083984398,
    21.549340820312523,
    21.543450927734398,
    21.539605712890648,
    21.537561035156273,
    21.537683105468773,
    22.093438720703148,
    22.115502929687523,
    21.623254394531273,
    21.930993652343773,
    21.650415039062523,
    22.174584960937523,
    22.222863769531273,
    22.280175781250023,
    22.352990722656273,
    22.434320068359398,
    22.515802001953148,
    22.590905761718773,
    22.655908203125023,
    22.717095947265648,
    22.780389404296898,
    23.337121582031273,
    23.446221923828148,
    23.549340820312523,
    23.650079345703148,
    23.752374267578148,
    20.943688964843773,
    20.931207275390648,
    21.051446533203148,
    21.187066650390648,
    21.330682373046898,
    21.480706787109398,
    21.635095214843773,
    21.790155029296898,
    21.943505859375023,
    22.093682861328148,
    22.239007568359398,
    22.378289794921898,
    22.510369873046898,
    21.093469238281273,
    21.120385742187523,
    22.691705322265648,
    21.282739257812523,
    21.300439453125023,
    22.875726318359398,
    21.390740966796898,
    21.337609863281273,
    21.274713134765648,
    21.204644775390648,
    22.636224365234398,
    21.124414062500023,
    21.020349121093773,
    22.373284912109398,
    22.347161865234398,
    22.274560546875023,
    22.196832275390648,
    22.123345947265648,
    22.058343505859398,
    22.001519775390648,
    21.949182128906273,
    21.896569824218773,
    21.215051269531273,
    21.078942871093773,
    20.970727539062523,
    20.874230957031273,
    20.786553955078148,
    23.430627441406273,
    23.447106933593773,
    23.438562011718773,
    23.425012207031273,
    23.408135986328148,
    23.389367675781273,
    23.370019531250023,
    23.350854492187523,
    23.331567382812523,
    23.312066650390648,
    23.292352294921898,
    23.270959472656273,
    23.245507812500023,
    23.219445800781273,
    23.243859863281273,
    23.223046875000023,
    23.207635498046898,
    23.196130371093773,
    23.245141601562523,
    23.234918212890648
  ],
  "outdoor_temps": [
    20.899987792968773,
    20.553125000000023,
    20.300012207031273,
    20.139581298828148,
    20.005548095703148,
    19.893762207031273,
    19.800012207031273,
    19.714990234375023,
    19.634454345703148,
    19.561669921875023,
    19.499993896484398,
    19.452508544921898,
    19.420007324218773,
    19.402490234375023,
    19.399987792968773,
    19.422845458984398,
    19.472619628906273,
    19.536065673828148,
    19.600000000000023,
    19.660180664062523,
    19.742395019531273,
    19.878411865234398,
    20.100000000000023,
    20.550012207031273,
    21.233331298828148,
    21.975000000000023,
    22.600000000000023,
    23.123834228515648,
    23.638543701171898,
    24.083978271484398,
    24.399987792968773,
    24.621850585937523,
    24.826989746093773,
    25.018640136718773,
    25.200006103515648,
    25.373925781250023,
    25.544885253906273,
    25.718408203125023,
    25.899987792968773,
    26.088281250000023,
    26.281243896484398,
    26.483605957031273,
    26.700006103515648,
    26.925012207031273,
    27.149987792968773,
    27.374993896484398,
    27.600000000000023,
    27.825006103515648,
    28.050012207031273,
    28.274987792968773,
    28.499993896484398,
    28.725000000000023,
    28.950006103515648,
    29.175012207031273,
    29.399987792968773,
    29.237634277343773,
    28.525354003906273,
    27.600396728515648,
    26.800012207031273,
    26.174798583984398,
    25.550195312500023,
    24.925469970703148,
    24.300012207031273,
    23.611901855468773,
    22.874444580078148,
    22.199792480468773,
    21.700006103515648,
    21.440820312500023,
    21.350549316406273,
    21.334985351562523,
    21.300012207031273,
    21.225335693359398,
    21.151971435546898,
    21.077600097656273,
    20.999993896484398,
    20.920617675781273,
    20.834985351562523,
    20.731866455078148,
    20.600000000000023,
    20.424371337890648,
    20.214990234375023,
    19.998132324218773,
    19.800012207031273,
    19.622552490234398,
    19.448449707031273,
    19.275140380859398,
    19.100000000000023,
    18.884851074218773,
    18.636529541015648,
    18.419946289062523,
    18.300012207031273,
    18.319940185546898,
    18.436547851562523,
    18.584863281250023,
    18.700006103515648,
    18.775598144531273
  ],
  "rewards": [
    4.981950573131442,
    4.98266021053493,
    4.982913144633174,
    4.983057545825839,
    4.986101221036166,
    4.985973764200249,
    4.9897791425295015,
    4.989512436282457,
    4.989375857305348,
    4.989271256518186,
    4.989189913165391,
    4.98912824470979,
    4.9890841277359135,
    4.989055425417245,
    4.989040251266778,
    4.989041534256757,
    4.981924616465102,
    4.982334922811907,
    4.989678217236843,
    4.98566328247507,
    4.989878503174318,
    4.983431181101696,
    4.9843296557671355,
    4.985396966597956,
    4.986753112972431,
    4.98826712425701,
    4.989783212504309,
    4.991179881653708,
    4.9923894157623465,
    4.99352781947605,
    4.994704954287928,
    4.996903951949399,
    4.9962950793271474,
    4.9957193409658,
    4.995156601852696,
    4.994585250875872,
    4.9866431412743,
    4.986669985852245,
    4.98640044619799,
    4.986096466978364,
    4.985774567921929,
    4.985438205500417,
    4.985092239876561,
    4.98474492957192,
    4.984401698017169,
    4.9840658335884145,
    4.983740864300777,
    4.983429490230087,
    4.983134196905419,
    4.975747878165025,
    4.97564269263686,
    4.982729328157542,
    4.975008223266381,
    4.974939526464304,
    4.982319050314067,
    4.974587196917314,
    4.974794440459622,
    4.975039175938977,
    4.975311302136792,
    4.982849323036311,
    4.9756193395564745,
    4.9760231157058605,
    4.983429685124318,
    4.98348489215136,
    4.983643358846479,
    4.9838134931564815,
    4.983975239296727,
    4.9841192703485975,
    4.984245259070445,
    4.9843615685899785,
    4.984478824047372,
    4.986009701094631,
    4.986316187282377,
    4.986560129721933,
    4.986777838370804,
    4.986975879273419,
    4.996382353180129,
    4.996290577158332,
    4.99633876647703,
    4.996414559892338,
    4.996509003377478,
    4.996613998896402,
    4.996722191831988,
    4.996829290964033,
    4.996937125325851,
    4.997046035489958,
    4.997156178056222,
    4.997275842799764,
    4.9974180505042485,
    4.9975636440505795,
    4.998631774150483,
    4.998713074945075,
    4.998773266956372,
    4.9988182256409655,
    4.999375319922505,
    4.999398043163201
  ],