{
  "episode": 63,
  "steps": 95,
  "actions": [
    23,
    23,
    23,
    23,
    23,
    23,
    23,
    23,
    23,
    23,
    23,
    23,
    23,
    23,
    23,
    23,
    23,
    23,
    23,
    23,
    23,
    23,
    23,
    23,
    23,
    23,
    23,
    23,
    23,
    23,
    23,
    23,
    23,
    23,
    21,
    8,
    23,
    1,
    23,
    20,
    13,
    23,
    15,
    23,
    17,
    20,
    16,
    0,
    23,
    23,
    23,
    20,
    7,
    14,
    20,
    16,
    23,
    19,
    23,
    23,
    20,
    3,
    23,
    23,
    23,
    23,
    17,
    8,
    23,
    17,
    23,
    23,
    23,
    23,
    19,
    0,
    14,
    6,
    10,
    23,
    23,
    10,
    21,
    23,
    23,
    14,
    7,
    4,
    19,
    23,
    23,
    23,
    23,
    23,
    3
  ],
  "temperatures": [
    20.975762939453148,
    20.971978759765648,
    20.926324462890648,
    20.884027099609398,
    20.848413085937523,
    20.818383789062523,
    20.792230224609398,
    20.768457031250023,
    20.746057128906273,
    20.724359130859398,
    20.703149414062523,
    20.682244873046898,
    20.661584472656273,
    20.641198730468773,
    20.621026611328148,
    20.601068115234398,
    20.581353759765648,
    20.561944580078148,
    20.542871093750023,
    20.524133300781273,
    20.505761718750023,
    20.487725830078148,
    20.470056152343773,
    20.463403320312523,
    20.485864257812523,
    20.523187255859398,
    20.552392578125023,
    20.555322265625023,
    20.539788818359398,
    20.522058105468773,
    20.533807373046898,
    21.077111816406273,
    21.201745605468773,
    21.302789306640648,
    21.379968261718773,
    16.871453857421898,
    21.371911621093773,
    17.779962158203148,
    21.649438476562523,
    21.997460937500023,
    22.093499755859398,
    22.553216552734398,
    22.740411376953148,
    23.053765869140648,
    18.703942871093773,
    23.437066650390648,
    19.212243652343773,
    21.686486816406273,
    24.045831298828148,
    24.286676025390648,
    24.483300781250023,
    24.667199707031273,
    25.889001464843773,
    25.493890380859398,
    25.150079345703148,
    20.935754394531273,
    25.164514160156273,
    20.981927490234398,
    25.181512451171898,
    25.251550292968773,
    25.251641845703148,
    24.165490722656273,
    25.085900878906273,
    24.948937988281273,
    24.758325195312523,
    24.583032226562523,
    20.206170654296898,
    20.955194091796898,
    24.049218750000023,
    19.728845214843773,
    23.830041503906273,
    23.316217041015648,
    23.201562500000023,
    23.095635986328148,
    18.712854003906273,
    20.314508056640648,
    22.614373779296898,
    22.470086669921898,
    18.963952636718773,
    22.434472656250023,
    22.422204589843773,
    18.668328857421898,
    22.219842529296898,
    22.213159179687523,
    22.164392089843773,
    21.898614501953148,
    21.468835449218773,
    21.334497070312523,
    17.479669189453148,
    21.711633300781273,
    21.723931884765648,
    21.675439453125023,
    21.589501953125023,
    21.487084960937523,
    18.112878417968773
  ],
  "outdoor_temps": [
    -6.1035156022626325e-06,
    -6.1035156022626325e-06,
    -6.1035156022626325e-06,
    -6.1035156022626325e-06,
    -6.1035156022626325e-06,
    -6.1035156022626325e-06,
    -6.1035156022626325e-06,
    -6.1035156022626325e-06,
    -6.1035156022626325e-06,
    -6.1035156022626325e-06,
    -6.1035156022626325e-06,
    -6.1035156022626325e-06,
    -6.1035156022626325e-06,
    -6.1035156022626325e-06,
    -6.1035156022626325e-06,
    -6.1035156022626325e-06,
    -6.1035156022626325e-06,
    -6.1035156022626325e-06,
    -6.1035156022626325e-06,
    -6.1035156022626325e-06,
    -6.1035156022626325e-06,
    -6.1035156022626325e-06,
    -6.1035156022626325e-06,
    0.48467407226564774,
    1.5674987792968977,
    2.6915527343750227,
    3.3000122070312727,
    3.2094665527343977,
    2.8019348144531477,
    2.3684326171875227,
    2.2000061035156477,
    2.3021789550781477,
    2.5030456542968977,
    2.8273864746093977,
    3.3000122070312727,
    4.170007324218773,
    5.390008544921898,
    6.540002441406273,
    7.200006103515648,
    7.400476074218773,
    7.509606933593773,
    7.613946533203148,
    7.800012207031273,
    8.075891113281273,
    8.371636962890648,
    8.656549072265648,
    8.899987792968773,
    9.066003417968773,
    9.171868896484398,
    9.266809082031273,
    9.399987792968773,
    9.710534667968773,
    10.159387207031273,
    10.528527832031273,
    10.600000000000023,
    10.450006103515648,
    10.300012207031273,
    10.149987792968773,
    9.999993896484398,
    9.850000000000023,
    9.700006103515648,
    9.550012207031273,
    9.399987792968773,
    8.978875732421898,
    8.201959228515648,
    7.349084472656273,
    6.700006103515648,
    6.357904052734398,
    6.149987792968773,
    5.942102050781273,
    5.600000000000023,
    4.941003417968773,
    4.063317871093773,
    3.2539611816406477,
    2.8000122070312727,
    2.6291442871093977,
    2.4749084472656477,
    2.3332153320312727,
    2.2000061035156477,
    2.0766845703125227,
    1.9598327636718977,
    1.8380676269531477,
    1.7000061035156477,
    1.4921203613281477,
    1.2039733886718977,
    0.8888488769531477,
    0.6000000000000227,
    0.41335449218752274,
    0.31020507812502274,
    0.20195922851564774,
    -6.1035156022626325e-06,
    -0.7735656738281023,
    -2.1510986328124773,
    -3.5530761718749773,
    -4.399999999999977
  ],
  "rewards": [
    4.120979222776403,
    4.115054529951921,
    4.041117961602322,
    3.9698265858460595,
    3.9077210109681286,
    3.853879691883962,
    3.805885754423257,
    3.7613691613823597,
    3.718646088801367,
    3.6765443842579115,
    3.634704109951898,
    3.592804602505684,
    3.5507493382320265,
    3.5086222347245086,
    3.466321936817887,
    3.423867874192122,
    3.381345204161528,
    3.338909506471877,
    3.296656541600873,
    3.254615599177828,
    3.2128832242638383,
    3.1714217349608016,
    3.1303298621997757,
    3.114743142649584,
    3.1671395712346357,
    3.2525262384582816,
    3.3178817418963207,
    3.324368238821675,
    3.289838607208853,
    3.249981652163019,
    3.2764469183702523,
    4.274051666222544,
    4.440449787043063,
    4.558249567644695,
    4.637910652421436,
    -34.473843235830714,
    4.629988895585053,
    -22.32452859207497,
    4.84599250249161,
    4.953603198304772,
    4.966057069838934,
    4.748738637535369,
    4.580599144408454,
    4.1645753173574285,
    -4.212370958179088,
    3.443416979495468,
    -1.566053404801476,
    4.896532466528422,
    -0.009363820869480812,
    -0.21037213074046654,
    -0.5895180214196993,
    -1.119069697111921,
    -8.92404555034663,
    -5.5849927761869,
    -3.3144944356375103,
    4.069604669331568,
    -3.3980691563242185,
    4.141102405833116,
    -3.4978216869733627,
    -3.9240710334481235,
    -3.9246443703958325,
    -0.07866153669363231,
    -2.955526352978395,
    -2.2583268378676062,
    -1.4441267655045655,
    -0.8557167110592789,
    2.515419194521444,
    4.127862942811218,
    -0.010179340648267992,
    -0.20018374785777823,
    2.4752678381893967,
    3.6945853281486327,
    3.912617123797495,
    4.09652666253034,
    -4.154843741506192,
    2.8456995499391766,
    4.704934461126084,
    4.826350128413972,
    -2.692460535367752,
    4.83144624203766,
    4.838786968551561,
    -4.44168839490026,
    4.927262531270711,
    4.92913978380029,
    4.940788838230068,
    4.959175172159452,
    4.765698892228202,
    4.643147409637887,
    -25.8890424087989,
    4.8786347688945195,
    4.8843881178367985,
    4.860395083799969,
    4.809209437742844,
    4.733738037869352,
    -8.906543221152173
  ],