{
  "episode": 357,
  "steps": 95,
  "actions": [
    23,
    23,
    23,
    23,
    21,
    23,
    21,
    21,
    20,
    21,
    21,
    20,
    21,
    21,
    21,
    21,
    20,
    22,
    21,
    22,
    22,
    3,
    21,
    22,
    22,
    22,
    22,
    21,
    21,
    21,
    21,
    21,
    21,
    21,
    21,
    21,
    21,
    21,
    22,
    20,
    21,
    7,
    5,
    21,
    0,
    0,
    1,
    1,
    1,
    1,
    3,
    8,
    11,
    8,
    10,
    11,
    10,
    10,
    8,
    10,
    8,
    9,
    11,
    10,
    1,
    3,
    1,
    1,
    1,
    0,
    0,
    0,
    4,
    7,
    4,
    4,
    4,
    14,
    4,
    12,
    5,
    4,
    12,
    14,
    20,
    13,
    23,
    14,
    20,
    20,
    20,
    20,
    22,
    23,
    22
  ],
  "temperatures": [
    20.975762939453148,
    20.971978759765648,
    20.926324462890648,
    20.884027099609398,
    20.848413085937523,
    20.818383789062523,
    20.792230224609398,
    20.768457031250023,
    20.746057128906273,
    20.724359130859398,
    20.703149414062523,
    20.682244873046898,
    20.661584472656273,
    20.641198730468773,
    20.621026611328148,
    20.601068115234398,
    20.581353759765648,
    20.561944580078148,
    20.542871093750023,
    20.524133300781273,
    20.505761718750023,
    16.245172119140648,
    20.328271484375023,
    20.394372558593773,
    20.437982177734398,
    20.486657714843773,
    20.522515869140648,
    20.529656982421898,
    20.516900634765648,
    20.501123046875023,
    20.514276123046898,
    21.058160400390648,
    21.183648681640648,
    21.285394287109398,
    21.363183593750023,
    21.425256347656273,
    21.489312744140648,
    21.589013671875023,
    21.786920166015648,
    22.065759277343773,
    22.338403320312523,
    22.266900634765648,
    22.644189453125023,
    23.076287841796898,
    20.972039794921898,
    21.217950439453148,
    21.570336914062523,
    21.910607910156273,
    22.231286621093773,
    22.533105468750023,
    22.810021972656273,
    21.333184814453148,
    21.467736816406273,
    21.614099121093773,
    21.730981445312523,
    21.808953857421898,
    21.860772705078148,
    21.892877197265648,
    21.903558349609398,
    21.885827636718773,
    21.838342285156273,
    21.760064697265648,
    21.628015136718773,
    21.424371337890648,
    22.796258544921898,
    22.592675781250023,
    22.359246826171898,
    22.151330566406273,
    21.969750976562523,
    21.806756591796898,
    21.650872802734398,
    20.811700439453148,
    22.820672607421898,
    22.775384521484398,
    22.640618896484398,
    22.522546386718773,
    22.401635742187523,
    22.437310791015648,
    22.166101074218773,
    22.260858154296898,
    21.956048583984398,
    21.843530273437523,
    22.029962158203148,
    21.964135742187523,
    22.100793457031273,
    21.816766357421898,
    21.975152587890648,
    21.659600830078148,
    21.849206542968773,
    21.795587158203148,
    21.741418457031273,
    21.675836181640648,
    21.580957031250023,
    21.473413085937523,
    21.378442382812523
  ],
  "outdoor_temps": [
    -6.1035156022626325e-06,
    -6.1035156022626325e-06,
    -6.1035156022626325e-06,
    -6.1035156022626325e-06,
    -6.1035156022626325e-06,
    -6.1035156022626325e-06,
    -6.1035156022626325e-06,
    -6.1035156022626325e-06,
    -6.1035156022626325e-06,
    -6.1035156022626325e-06,
    -6.1035156022626325e-06,
    -6.1035156022626325e-06,
    -6.1035156022626325e-06,
    -6.1035156022626325e-06,
    -6.1035156022626325e-06,
    -6.1035156022626325e-06,
    -6.1035156022626325e-06,
    -6.1035156022626325e-06,
    -6.1035156022626325e-06,
    -6.1035156022626325e-06,
    -6.1035156022626325e-06,
    -6.1035156022626325e-06,
    -6.1035156022626325e-06,
    0.48467407226564774,
    1.5674987792968977,
    2.6915527343750227,
    3.3000122070312727,
    3.2094665527343977,
    2.8019348144531477,
    2.3684326171875227,
    2.2000061035156477,
    2.3021789550781477,
    2.5030456542968977,
    2.8273864746093977,
    3.3000122070312727,
    4.170007324218773,
    5.390008544921898,
    6.540002441406273,
    7.200006103515648,
    7.400476074218773,
    7.509606933593773,
    7.613946533203148,
    7.800012207031273,
    8.075891113281273,
    8.371636962890648,
    8.656549072265648,
    8.899987792968773,
    9.066003417968773,
    9.171868896484398,
    9.266809082031273,
    9.399987792968773,
    9.710534667968773,
    10.159387207031273,
    10.528527832031273,
    10.600000000000023,
    10.450006103515648,
    10.300012207031273,
    10.149987792968773,
    9.999993896484398,
    9.850000000000023,
    9.700006103515648,
    9.550012207031273,
    9.399987792968773,
    8.978875732421898,
    8.201959228515648,
    7.349084472656273,
    6.700006103515648,
    6.357904052734398,
    6.149987792968773,
    5.942102050781273,
    5.600000000000023,
    4.941003417968773,
    4.063317871093773,
    3.2539611816406477,
    2.8000122070312727,
    2.6291442871093977,
    2.4749084472656477,
    2.3332153320312727,
    2.2000061035156477,
    2.0766845703125227,
    1.9598327636718977,
    1.8380676269531477,
    1.7000061035156477,
    1.4921203613281477,
    1.2039733886718977,
    0.8888488769531477,
    0.6000000000000227,
    0.41335449218752274,
    0.31020507812502274,
    0.20195922851564774,
    -6.1035156022626325e-06,
    -0.7735656738281023,
    -2.1510986328124773,
    -3.5530761718749773,
    -4.399999999999977
  ],
  "rewards": [
    4.120979222776403,
    4.115054529951921,
    4.041117961602322,
    3.9698265858460595,
    3.907721049115101,
    3.8538797203905313,
    3.8058857734967435,
    3.761369180352186,
    3.71864609823445,
    3.6765443936521223,
    3.6347041193849807,
    3.5928046119387673,
    3.550749347626237,
    3.5086222346208484,
    3.466321936714227,
    3.4238678836252046,
    3.381345204057868,
    3.3389095158660873,
    3.296656541549043,
    3.254615608610911,
    3.2128832337487516,
    -45.24823439498449,
    2.7835795215453065,
    2.948999397613811,
    3.054547047013794,
    3.168983706742901,
    3.25101336880997,
    3.2671192755498004,
    3.2382989191438534,
    3.202313046724303,
    3.2323394930537326,
    4.246705958339134,
    4.4177325175131905,
    4.539059891792686,
    4.621344227463677,
    4.680491877057325,
    4.735469963940526,
    4.80880448368258,
    4.9102133872534175,
    4.953395927459322,
    4.882852521321684,
    4.935654096702287,
    4.683428655197296,
    4.12829538108008,
    4.1808962044992795,
    4.5136297795595866,
    4.832308458830244,
    4.963262335835635,
    4.92771168607347,
    4.753340799799778,
    4.473160854159503,
    4.609733878078933,
    4.729543583509733,
    4.8290335882941156,
    4.885408261497717,
    4.9116215900457325,
    4.923998201919885,
    4.92964550094072,
    4.931181842995325,
    4.928538508829867,
    4.919136464077498,
    4.89625397761839,
    4.836822872589477,
    4.693898581622349,
    4.489805546820582,
    4.702782096854067,
    4.870473439281835,
    4.951014764486483,
    4.968310396215555,
    4.941713216938693,
    4.878995359805424,
    3.9151067278208616,
    4.492128412020365,
    4.545674352895078,
    4.6868064468125,
    4.788066648708274,
    4.8700888438314145,
    4.839362153329508,
    4.966901795022062,
    4.926544942848943,
    4.983042183459899,
    4.964467042197236,
    4.970086472623616,
    4.967851448740973,
    4.950619577896656,
    4.939285147727433,
    4.9522108067260335,
    4.87292285189965,
    4.930043417942594,
    4.913384511747363,
    4.892174665450086,
    4.86060556625665,
    4.803513397804435,
    4.722473160498185,
    4.636480234190842
  ],