{
  "episode": 465,
  "steps": 95,
  "actions": [
    23,
    23,
    23,
    23,
    15,
    23,
    12,
    23,
    21,
    23,
    22,
    21,
    15,
    22,
    14,
    23,
    23,
    15,
    22,
    23,
    23,
    15,
    15,
    21,
    22,
    21,
    13,
    12,
    12,
    6,
    15,
    15,
    15,
    21,
    12,
    15,
    15,
    12,
    12,
    14,
    15,
    15,
    20,
    20,
    21,
    13,
    15,
    3,
    1,
    18,
    11,
    0,
    18,
    8,
    0,
    8,
    11,
    8,
    11,
    0,
    2,
    23,
    0,
    3,
    0,
    8,
    2,
    14,
    12,
    15,
    21,
    15,
    21,
    20,
    12,
    12,
    13,
    20,
    13,
    13,
    22,
    13,
    21,
    15,
    21,
    21,
    23,
    12,
    7,
    12,
    22,
    14,
    12,
    20,
    15
  ],
  "temperatures": [
    21.111627197265648,
    21.104028320312523,
    21.062646484375023,
    21.024285888671898,
    20.531274414062523,
    20.948815917968773,
    20.460931396484398,
    20.897271728515648,
    20.886193847656273,
    20.869836425781273,
    20.852349853515648,
    20.834375000000023,
    20.325433349609398,
    20.780755615234398,
    20.272088623046898,
    20.738000488281273,
    20.730065917968773,
    20.208612060546898,
    20.683038330078148,
    20.675805664062523,
    20.662927246093773,
    20.129937744140648,
    20.085351562500023,
    20.600061035156273,
    20.634454345703148,
    20.675317382812523,
    20.204766845703148,
    20.185876464843773,
    20.158074951171898,
    19.315942382812523,
    20.096551513671898,
    20.735437011718773,
    20.885919189453148,
    21.365228271484398,
    21.113000488281273,
    21.175408935546898,
    21.245965576171898,
    21.356317138671898,
    21.576989746093773,
    21.890832519531273,
    22.202172851562523,
    22.502374267578148,
    22.843408203125023,
    23.074060058593773,
    23.316308593750023,
    23.663171386718773,
    23.936578369140648,
    21.539819335937523,
    21.698937988281273,
    19.656304931640648,
    20.651757812500023,
    22.225244140625023,
    20.062585449218773,
    21.111871337890648,
    22.727593994140648,
    21.360650634765648,
    21.384423828125023,
    21.404107666015648,
    21.405847167968773,
    22.913537597656273,
    22.948419189453148,
    24.806176757812523,
    22.879937744140648,
    22.614068603515648,
    22.318170166015648,
    20.658410644531273,
    21.707818603515648,
    24.085748291015648,
    24.052911376953148,
    23.979943847656273,
    23.725488281250023,
    23.239129638671898,
    23.075677490234398,
    22.975244140625023,
    22.866479492187523,
    22.776849365234398,
    22.685968017578148,
    22.663293457031273,
    22.507775878906273,
    22.426599121093773,
    22.467431640625023,
    22.287835693359398,
    22.357049560546898,
    22.151696777343773,
    22.239923095703148,
    22.181054687500023,
    22.121087646484398,
    21.854364013671898,
    21.438867187500023,
    21.682031250000023,
    21.874658203125023,
    21.551080322265648,
    21.431909179687523,
    21.616082763671898,
    21.202081298828148
  ],
  "outdoor_temps": [
    -6.1035156022626325e-06,
    -6.1035156022626325e-06,
    -6.1035156022626325e-06,
    -6.1035156022626325e-06,
    -6.1035156022626325e-06,
    -6.1035156022626325e-06,
    -6.1035156022626325e-06,
    -6.1035156022626325e-06,
    -6.1035156022626325e-06,
    -6.1035156022626325e-06,
    -6.1035156022626325e-06,
    -6.1035156022626325e-06,
    -6.1035156022626325e-06,
    -6.1035156022626325e-06,
    -6.1035156022626325e-06,
    -6.1035156022626325e-06,
    -6.1035156022626325e-06,
    -6.1035156022626325e-06,
    -6.1035156022626325e-06,
    -6.1035156022626325e-06,
    -6.1035156022626325e-06,
    -6.1035156022626325e-06,
    -6.1035156022626325e-06,
    0.48467407226564774,
    1.5674987792968977,
    2.6915527343750227,
    3.3000122070312727,
    3.2094665527343977,
    2.8019348144531477,
    2.3684326171875227,
    2.2000061035156477,
    2.3021789550781477,
    2.5030456542968977,
    2.8273864746093977,
    3.3000122070312727,
    4.170007324218773,
    5.390008544921898,
    6.540002441406273,
    7.200006103515648,
    7.400476074218773,
    7.509606933593773,
    7.613946533203148,
    7.800012207031273,
    8.075891113281273,
    8.371636962890648,
    8.656549072265648,
    8.899987792968773,
    9.066003417968773,
    9.171868896484398,
    9.266809082031273,
    9.399987792968773,
    9.710534667968773,
    10.159387207031273,
    10.528527832031273,
    10.600000000000023,
    10.450006103515648,
    10.300012207031273,
    10.149987792968773,
    9.999993896484398,
    9.850000000000023,
    9.700006103515648,
    9.550012207031273,
    9.399987792968773,
    8.978875732421898,
    8.201959228515648,
    7.349084472656273,
    6.700006103515648,
    6.357904052734398,
    6.149987792968773,
    5.942102050781273,
    5.600000000000023,
    4.941003417968773,
    4.063317871093773,
    3.2539611816406477,
    2.8000122070312727,
    2.6291442871093977,
    2.4749084472656477,
    2.3332153320312727,
    2.2000061035156477,
    2.0766845703125227,
    1.9598327636718977,
    1.8380676269531477,
    1.7000061035156477,
    1.4921203613281477,
    1.2039733886718977,
    0.8888488769531477,
    0.6000000000000227,
    0.41335449218752274,
    0.31020507812502274,
    0.20195922851564774,
    -6.1035156022626325e-06,
    -0.7735656738281023,
    -2.1510986328124773,
    -3.5530761718749773,
    -4.399999999999977
  ],
  "rewards": [
    4.963678053930402,
    4.9635631695538756,
    4.962818720653653,
    4.962127915933729,
    4.967531055390835,
    4.960763901668399,
    4.966645779762417,
    4.9598359039315705,
    4.959642019584775,
    4.959349926919393,
    4.959035597160459,
    4.958711296581056,
    4.964942594815693,
    4.9577332987364215,
    4.96426276180553,
    4.956954149191146,
    4.956811756208539,
    4.963453686390072,
    4.95595057745537,
    4.955819860957886,
    4.955584431007504,
    4.962446019802242,
    4.961872266567109,
    4.954432318406909,
    4.955071581811361,
    4.955829345248963,
    4.9634273219599345,
    4.9631834984575605,
    4.962824196942313,
    -1.1834854023081647,
    4.962028982779092,
    4.970297601855157,
    4.9722393691900955,
    4.968575123744814,
    4.9751695949329955,
    4.975973635442717,
    4.976882823741792,
    4.97830794755256,
    4.981162982113821,
    4.985224965043527,
    4.98925504835776,
    4.993141627347826,
    4.99589201551935,
    4.998377793461975,
    4.997033715083223,
    4.99700878401538,
    4.995946808532366,
    4.985408245435713,
    4.985054919940461,
    -0.30875260230182283,
    4.977633343452831,
    4.983886688254936,
    4.970698927357793,
    4.975846684688945,
    4.982772545115294,
    4.974881357703358,
    4.97478939366454,
    4.974713242180807,
    4.974706672550382,
    4.982360704444511,
    4.982283226180821,
    -1.6303319780759458,
    4.982434851456434,
    4.983024822998792,
    4.983681649488438,
    4.97760933950916,
    4.985036683575453,
    -0.020668143250705786,
    -0.009221481050492166,
    4.995779105700715,
    4.994764163839428,
    4.998658969246499,
    4.998371374291166,
    4.998324120570622,
    4.997851505885791,
    4.996692955322725,
    4.995517809815866,
    4.9925628695753606,
    4.993214534680319,
    4.9921651522075035,
    4.988945811924079,
    4.990371441047962,
    4.986908048328498,
    4.9886128747953995,
    4.984746436374991,
    4.983660557479314,
    4.982553944200926,
    4.9847717906571924,
    4.988388806484801,
    4.982545626847479,
    4.97800596027465,
    4.980853823524292,
    4.979313378953253,
    4.973229722071601,
    4.97634057940073
  ],