{
  "episode": 717,
  "steps": 95,
  "actions": [
    23,
    23,
    23,
    23,
    4,
    22,
    15,
    12,
    23,
    13,
    23,
    23,
    12,
    21,
    22,
    23,
    23,
    23,
    21,
    6,
    21,
    21,
    21,
    23,
    23,
    23,
    0,
    23,
    13,
    23,
    23,
    23,
    23,
    23,
    23,
    12,
    23,
    23,
    23,
    23,
    5,
    23,
    12,
    22,
    23,
    20,
    22,
    23,
    23,
    12,
    23,
    15,
    15,
    23,
    13,
    23,
    15,
    22,
    23,
    21,
    7,
    23,
    22,
    23,
    22,
    12,
    12,
    20,
    22,
    23,
    22,
    23,
    23,
    16,
    20,
    23,
    12,
    21,
    22,
    23,
    21,
    23,
    23,
    22,
    21,
    23,
    23,
    23,
    23,
    23,
    21,
    23,
    12,
    23,
    15
  ],
  "temperatures": [
    20.975762939453148,
    20.971978759765648,
    20.926324462890648,
    20.884027099609398,
    19.381799316406273,
    20.766168212890648,
    20.212426757812523,
    20.159265136718773,
    20.701104736328148,
    20.129357910156273,
    20.660455322265648,
    20.654718017578148,
    20.063897705078148,
    20.600610351562523,
    20.593835449218773,
    20.578912353515648,
    20.562127685546898,
    20.544580078125023,
    20.526727294921898,
    18.913659667968773,
    20.432733154296898,
    20.444573974609398,
    20.436578369140648,
    20.435266113281273,
    20.460900878906273,
    20.500238037109398,
    16.301538085937523,
    20.392358398437523,
    19.849481201171898,
    20.429772949218773,
    20.465325927734398,
    21.018853759765648,
    21.150659179687523,
    21.256341552734398,
    21.336724853515648,
    21.022882080078148,
    21.452325439453148,
    21.559472656250023,
    21.760614013671898,
    22.042199707031273,
    21.796136474609398,
    22.562524414062523,
    22.752862548828148,
    23.060357666015648,
    23.317956542968773,
    23.568475341796898,
    23.804406738281273,
    24.024621582031273,
    24.230279541015648,
    24.742669677734398,
    24.607934570312523,
    25.176416015625023,
    25.396142578125023,
    25.106927490234398,
    25.729455566406273,
    25.317254638671898,
    25.929193115234398,
    25.435296630859398,
    25.455529785156273,
    25.456994628906273,
    26.875207519531273,
    25.416711425781273,
    25.291802978515648,
    25.130700683593773,
    24.928735351562523,
    25.166772460937523,
    24.990136718750023,
    24.474542236328148,
    24.360284423828148,
    24.264642333984398,
    24.174920654296898,
    23.605462646484398,
    23.467004394531273,
    19.120812988281273,
    23.126916503906273,
    23.093164062500023,
    23.025140380859398,
    22.934350585937523,
    22.853845214843773,
    22.779840087890648,
    22.710961914062523,
    22.645196533203148,
    22.580682373046898,
    22.514062500000023,
    22.443750000000023,
    22.371453857421898,
    22.299432373046898,
    22.228631591796898,
    22.157189941406273,
    22.089349365234398,
    22.024987792968773,
    21.950585937500023,
    21.584741210937523,
    21.726800537109398,
    21.314569091796898
  ],
  "outdoor_temps": [
    -6.1035156022626325e-06,
    -6.1035156022626325e-06,
    -6.1035156022626325e-06,
    -6.1035156022626325e-06,
    -6.1035156022626325e-06,
    -6.1035156022626325e-06,
    -6.1035156022626325e-06,
    -6.1035156022626325e-06,
    -6.1035156022626325e-06,
    -6.1035156022626325e-06,
    -6.1035156022626325e-06,
    -6.1035156022626325e-06,
    -6.1035156022626325e-06,
    -6.1035156022626325e-06,
    -6.1035156022626325e-06,
    -6.1035156022626325e-06,
    -6.1035156022626325e-06,
    -6.1035156022626325e-06,
    -6.1035156022626325e-06,
    -6.1035156022626325e-06,
    -6.1035156022626325e-06,
    -6.1035156022626325e-06,
    -6.1035156022626325e-06,
    0.48467407226564774,
    1.5674987792968977,
    2.6915527343750227,
    3.3000122070312727,
    3.2094665527343977,
    2.8019348144531477,
    2.3684326171875227,
    2.2000061035156477,
    2.3021789550781477,
    2.5030456542968977,
    2.8273864746093977,
    3.3000122070312727,
    4.170007324218773,
    5.390008544921898,
    6.540002441406273,
    7.200006103515648,
    7.400476074218773,
    7.509606933593773,
    7.613946533203148,
    7.800012207031273,
    8.075891113281273,
    8.371636962890648,
    8.656549072265648,
    8.899987792968773,
    9.066003417968773,
    9.171868896484398,
    9.266809082031273,
    9.399987792968773,
    9.710534667968773,
    10.159387207031273,
    10.528527832031273,
    10.600000000000023,
    10.450006103515648,
    10.300012207031273,
    10.149987792968773,
    9.999993896484398,
    9.850000000000023,
    9.700006103515648,
    9.550012207031273,
    9.399987792968773,
    8.978875732421898,
    8.201959228515648,
    7.349084472656273,
    6.700006103515648,
    6.357904052734398,
    6.149987792968773,
    5.942102050781273,
    5.600000000000023,
    4.941003417968773,
    4.063317871093773,
    3.2539611816406477,
    2.8000122070312727,
    2.6291442871093977,
    2.4749084472656477,
    2.3332153320312727,
    2.2000061035156477,
    2.0766845703125227,
    1.9598327636718977,
    1.8380676269531477,
    1.7000061035156477,
    1.4921203613281477,
    1.2039733886718977,
    0.8888488769531477,
    0.6000000000000227,
    0.41335449218752274,
    0.31020507812502274,
    0.20195922851564774,
    -6.1035156022626325e-06,
    -0.7735656738281023,
    -2.1510986328124773,
    -3.5530761718749773,
    -4.399999999999977
  ],
  "rewards": [
    4.9077753899246455,
    4.9076752827316525,
    4.905702330842614,
    4.90387322165072,
    -0.39562337135427617,
    4.898720433472292,
    4.916779804140653,
    4.915232286299377,
    4.895928199041797,
    4.914394683800638,
    4.894174077209572,
    4.8939417622238395,
    4.912513475324959,
    4.891576392401172,
    4.8912908431596085,
    4.890641953669812,
    4.889909741654992,
    4.889141404405236,
    4.888359839692712,
    -1.195269323444228,
    4.884203650714911,
    4.884737574726991,
    4.884391333729677,
    4.8843423720902726,
    4.88548789717257,
    4.887240035310388,
    -13.68008680035809,
    4.88246187902987,
    -0.046129638105624024,
    4.884122454818824,
    4.885700747743249,
    4.910259310975671,
    4.916090867295861,
    4.920766441598534,
    4.924321181550622,
    4.940960917435587,
    4.929428417433215,
    4.934175145402551,
    4.943097617402673,
    4.955594346299767,
    4.982116737361066,
    4.978687783220541,
    4.992124482952058,
    4.997304312933398,
    4.9938736549246565,
    4.990537805333734,
    4.987395674816292,
    -0.004648075081085206,
    -0.05775516252965782,
    -0.5556128896773199,
    -0.3755682177356032,
    -1.388971885554546,
    -1.9547189431686753,
    -1.232933150162242,
    -2.9972608846054265,
    -1.7435043923962328,
    -3.7284734557569905,
    -2.068813827862299,
    -2.127371663130562,
    -2.1316429331154296,
    -8.271141626989884,
    -2.015746965696695,
    -1.6770148546621793,
    -1.2862076678645866,
    -0.8696006167680447,
    -1.3663533611741931,
    -0.9849739695972525,
    -0.2307293106502381,
    -0.1349634822765934,
    -0.0748758132901649,
    -0.03513874929399094,
    4.9900552651512875,
    4.991898370757699,
    -0.7873098137229281,
    4.996423468301478,
    4.99687221341483,
    4.999219871740788,
    4.995186598349524,
    4.991617188126496,
    4.98833663734081,
    4.985282770171762,
    4.98236761537259,
    4.979508362784982,
    4.976556398645044,
    4.973441443167951,
    4.97023929324811,
    4.967048377767205,
    4.963913075700402,
    4.960748202577233,
    4.957743379846216,
    4.954891879335046,
    4.9515955277985855,
    4.957622585259378,
    4.94167576049657,
    4.949635682068765
  ],