{
  "episode": 413,
  "steps": 95,
  "actions": [
    23,
    23,
    23,
    23,
    23,
    23,
    23,
    23,
    23,
    23,
    23,
    23,
    23,
    23,
    23,
    23,
    22,
    23,
    23,
    22,
    23,
    22,
    23,
    23,
    23,
    23,
    22,
    22,
    21,
    21,
    23,
    21,
    21,
    21,
    21,
    21,
    21,
    23,
    22,
    15,
    15,
    13,
    6,
    5,
    0,
    0,
    1,
    3,
    1,
    0,
    2,
    9,
    8,
    9,
    9,
    11,
    8,
    9,
    8,
    8,
    10,
    8,
    11,
    8,
    3,
    3,
    1,
    1,
    1,
    1,
    1,
    3,
    4,
    7,
    5,
    7,
    7,
    7,
    7,
    7,
    7,
    6,
    6,
    5,
    20,
    5,
    20,
    22,
    23,
    20,
    20,
    22,
    21,
    23,
    21
  ],
  "temperatures": [
    20.975762939453148,
    20.971978759765648,
    20.926324462890648,
    20.884027099609398,
    20.848413085937523,
    20.818383789062523,
    20.792230224609398,
    20.768457031250023,
    20.746057128906273,
    20.724359130859398,
    20.703149414062523,
    20.682244873046898,
    20.661584472656273,
    20.641198730468773,
    20.621026611328148,
    20.601068115234398,
    20.581353759765648,
    20.561944580078148,
    20.542871093750023,
    20.524133300781273,
    20.505761718750023,
    20.487725830078148,
    20.470056152343773,
    20.463403320312523,
    20.485864257812523,
    20.523187255859398,
    20.552392578125023,
    20.555322265625023,
    20.539788818359398,
    20.522058105468773,
    20.533807373046898,
    21.077142333984398,
    21.201745605468773,
    21.302789306640648,
    21.379968261718773,
    21.441552734375023,
    21.505181884765648,
    21.604486083984398,
    21.801904296875023,
    21.834252929687523,
    22.150933837890648,
    22.475183105468773,
    22.677239990234398,
    23.086175537109398,
    21.000573730468773,
    21.240655517578148,
    21.592645263671898,
    21.932733154296898,
    22.253259277343773,
    22.554895019531273,
    22.831658935546898,
    21.351037597656273,
    21.485284423828148,
    21.631341552734398,
    21.747949218750023,
    21.825646972656273,
    21.877191162109398,
    21.909051513671898,
    21.919458007812523,
    21.901483154296898,
    21.853723144531273,
    21.775201416015648,
    21.642846679687523,
    21.438928222656273,
    22.813500976562523,
    22.609796142578148,
    22.376214599609398,
    22.168115234375023,
    21.986352539062523,
    21.823114013671898,
    21.667016601562523,
    20.827935791015648,
    22.835412597656273,
    22.789880371093773,
    22.654992675781273,
    22.536798095703148,
    22.415704345703148,
    22.289270019531273,
    22.166650390625023,
    22.053399658203148,
    21.947869873046898,
    21.846765136718773,
    21.747125244140648,
    21.643945312500023,
    22.089532470703148,
    21.468225097656273,
    21.961389160156273,
    21.911431884765648,
    21.852929687500023,
    21.796014404296898,
    21.741418457031273,
    21.675683593750023,
    21.580773925781273,
    21.473260498046898,
    21.378320312500023
  ],
  "outdoor_temps": [
    -6.1035156022626325e-06,
    -6.1035156022626325e-06,
    -6.1035156022626325e-06,
    -6.1035156022626325e-06,
    -6.1035156022626325e-06,
    -6.1035156022626325e-06,
    -6.1035156022626325e-06,
    -6.1035156022626325e-06,
    -6.1035156022626325e-06,
    -6.1035156022626325e-06,
    -6.1035156022626325e-06,
    -6.1035156022626325e-06,
    -6.1035156022626325e-06,
    -6.1035156022626325e-06,
    -6.1035156022626325e-06,
    -6.1035156022626325e-06,
    -6.1035156022626325e-06,
    -6.1035156022626325e-06,
    -6.1035156022626325e-06,
    -6.1035156022626325e-06,
    -6.1035156022626325e-06,
    -6.1035156022626325e-06,
    -6.1035156022626325e-06,
    0.48467407226564774,
    1.5674987792968977,
    2.6915527343750227,
    3.3000122070312727,
    3.2094665527343977,
    2.8019348144531477,
    2.3684326171875227,
    2.2000061035156477,
    2.3021789550781477,
    2.5030456542968977,
    2.8273864746093977,
    3.3000122070312727,
    4.170007324218773,
    5.390008544921898,
    6.540002441406273,
    7.200006103515648,
    7.400476074218773,
    7.509606933593773,
    7.613946533203148,
    7.800012207031273,
    8.075891113281273,
    8.371636962890648,
    8.656549072265648,
    8.899987792968773,
    9.066003417968773,
    9.171868896484398,
    9.266809082031273,
    9.399987792968773,
    9.710534667968773,
    10.159387207031273,
    10.528527832031273,
    10.600000000000023,
    10.450006103515648,
    10.300012207031273,
    10.149987792968773,
    9.999993896484398,
    9.850000000000023,
    9.700006103515648,
    9.550012207031273,
    9.399987792968773,
    8.978875732421898,
    8.201959228515648,
    7.349084472656273,
    6.700006103515648,
    6.357904052734398,
    6.149987792968773,
    5.942102050781273,
    5.600000000000023,
    4.941003417968773,
    4.063317871093773,
    3.2539611816406477,
    2.8000122070312727,
    2.6291442871093977,
    2.4749084472656477,
    2.3332153320312727,
    2.2000061035156477,
    2.0766845703125227,
    1.9598327636718977,
    1.8380676269531477,
    1.7000061035156477,
    1.4921203613281477,
    1.2039733886718977,
    0.8888488769531477,
    0.6000000000000227,
    0.41335449218752274,
    0.31020507812502274,
    0.20195922851564774,
    -6.1035156022626325e-06,
    -0.7735656738281023,
    -2.1510986328124773,
    -3.5530761718749773,
    -4.399999999999977
  ],
  "rewards": [
    4.120979222776403,
    4.115054529951921,
    4.041117961602322,
    3.9698265858460595,
    3.9077210109681286,
    3.853879691883962,
    3.805885754423257,
    3.7613691613823597,
    3.718646088801367,
    3.6765443842579115,
    3.634704109951898,
    3.592804602505684,
    3.5507493382320265,
    3.5086222347245086,
    3.466321936817887,
    3.423867874192122,
    3.381345204161528,
    3.338909506420047,
    3.296656541600873,
    3.254615599177828,
    3.2128832242120082,
    3.1714217349608016,
    3.1303298621479456,
    3.114743142649584,
    3.1671395807713787,
    3.252526247995025,
    3.3178817418963207,
    3.324368238769845,
    3.28983859762028,
    3.249981652059359,
    3.2764469564135648,
    4.2740942553151715,
    4.4404498060128885,
    4.558249577077778,
    4.637910685696377,
    4.695064978868436,
    4.748141794147634,
    4.818850174191138,
    4.91549850977958,
    4.944338987529607,
    4.957227689293005,
    4.814557773801279,
    4.651162176915907,
    4.114714728883512,
    4.224156526175119,
    4.539777044546816,
    4.846213875007829,
    4.965763723888113,
    4.9196291096769595,
    4.735463729976334,
    4.446424089414039,
    4.627192858002455,
    4.7431666798788585,
    4.838638223014056,
    4.891888625565115,
    4.916048069725872,
    4.927078975795003,
    4.9319046999283325,
    4.933151078912554,
    4.930896849609186,
    4.9225519977186085,
    4.90139560983841,
    4.844801929672464,
    4.706179581407638,
    4.468911871425982,
    4.6872660284098435,
    4.861038765719189,
    4.946918924442162,
    4.9687833543034765,
    4.946181309410053,
    4.887182497522481,
    3.9437757867208636,
    4.474038275059326,
    4.528871507810037,
    4.673051948366139,
    4.776954205042421,
    4.861673079110141,
    4.926655090866075,
    4.96677256994455,
    4.983790401793489,
    4.9823319580922245,
    4.965266153035165,
    4.9334466130576065,
    4.884801819306891,
    4.951727899100385,
    4.765201814809791,
    4.9509456413255455,
    4.943969845675826,
    4.931039101802141,
    4.913533611120663,
    4.89217401218318,
    4.860524859062367,
    4.803390826195816,
    4.722345612066532,
    4.636361329332016
  ],