{
  "episode": 162,
  "steps": 95,
  "actions": [
    23,
    23,
    23,
    23,
    21,
    21,
    21,
    21,
    21,
    21,
    20,
    21,
    21,
    20,
    22,
    22,
    22,
    22,
    22,
    22,
    22,
    13,
    22,
    22,
    22,
    22,
    22,
    22,
    22,
    22,
    21,
    21,
    21,
    21,
    21,
    21,
    21,
    23,
    21,
    7,
    12,
    15,
    4,
    7,
    2,
    2,
    2,
    2,
    2,
    2,
    2,
    1,
    9,
    11,
    9,
    9,
    9,
    9,
    8,
    10,
    9,
    9,
    9,
    9,
    2,
    3,
    2,
    1,
    2,
    1,
    2,
    21,
    23,
    21,
    4,
    4,
    4,
    21,
    4,
    14,
    15,
    4,
    14,
    23,
    14,
    4,
    12,
    4,
    22,
    20,
    22,
    20,
    23,
    14,
    22
  ],
  "temperatures": [
    20.975762939453148,
    20.971978759765648,
    20.926324462890648,
    20.884027099609398,
    20.848413085937523,
    20.818383789062523,
    20.792230224609398,
    20.768457031250023,
    20.746057128906273,
    20.724359130859398,
    20.703149414062523,
    20.682244873046898,
    20.661584472656273,
    20.641198730468773,
    20.621026611328148,
    20.601068115234398,
    20.581353759765648,
    20.561944580078148,
    20.542871093750023,
    20.524133300781273,
    20.505761718750023,
    19.885858154296898,
    20.446405029296898,
    20.451226806640648,
    20.477441406250023,
    20.516839599609398,
    20.547265625000023,
    20.550958251953148,
    20.535943603515648,
    20.518579101562523,
    20.530572509765648,
    21.073999023437523,
    21.198785400390648,
    21.299920654296898,
    21.377221679687523,
    21.438897705078148,
    21.502618408203148,
    21.601983642578148,
    21.799462890625023,
    21.417016601562523,
    22.128106689453148,
    22.466119384765648,
    22.667138671875023,
    23.076745605468773,
    20.992089843750023,
    21.232385253906273,
    21.584680175781273,
    21.925012207031273,
    22.245721435546898,
    22.547540283203148,
    22.824426269531273,
    23.092584228515648,
    21.555749511718773,
    21.669061279296898,
    21.777093505859398,
    21.849938964843773,
    21.898492431640648,
    21.928338623046898,
    21.937341308593773,
    21.918267822265648,
    21.869683837890648,
    21.790460205078148,
    21.657495117187523,
    21.453027343750023,
    22.830163574218773,
    22.626123046875023,
    22.392175292968773,
    22.183709716796898,
    22.001580810546898,
    21.838037109375023,
    21.681634521484398,
    23.096246337890648,
    23.009637451171898,
    22.906793212890648,
    22.721246337890648,
    22.594964599609398,
    22.469720458984398,
    22.582330322265648,
    22.235131835937523,
    22.308679199218773,
    22.234948730468773,
    21.919671630859398,
    22.078027343750023,
    22.197930908203148,
    21.939416503906273,
    21.517510986328148,
    21.751184082031273,
    21.291314697265648,
    21.856713867187523,
    21.810815429687523,
    21.758721923828148,
    21.693963623046898,
    21.599481201171898,
    21.128900146484398,
    21.384698486328148
  ],
  "outdoor_temps": [
    -6.1035156022626325e-06,
    -6.1035156022626325e-06,
    -6.1035156022626325e-06,
    -6.1035156022626325e-06,
    -6.1035156022626325e-06,
    -6.1035156022626325e-06,
    -6.1035156022626325e-06,
    -6.1035156022626325e-06,
    -6.1035156022626325e-06,
    -6.1035156022626325e-06,
    -6.1035156022626325e-06,
    -6.1035156022626325e-06,
    -6.1035156022626325e-06,
    -6.1035156022626325e-06,
    -6.1035156022626325e-06,
    -6.1035156022626325e-06,
    -6.1035156022626325e-06,
    -6.1035156022626325e-06,
    -6.1035156022626325e-06,
    -6.1035156022626325e-06,
    -6.1035156022626325e-06,
    -6.1035156022626325e-06,
    -6.1035156022626325e-06,
    0.48467407226564774,
    1.5674987792968977,
    2.6915527343750227,
    3.3000122070312727,
    3.2094665527343977,
    2.8019348144531477,
    2.3684326171875227,
    2.2000061035156477,
    2.3021789550781477,
    2.5030456542968977,
    2.8273864746093977,
    3.3000122070312727,
    4.170007324218773,
    5.390008544921898,
    6.540002441406273,
    7.200006103515648,
    7.400476074218773,
    7.509606933593773,
    7.613946533203148,
    7.800012207031273,
    8.075891113281273,
    8.371636962890648,
    8.656549072265648,
    8.899987792968773,
    9.066003417968773,
    9.171868896484398,
    9.266809082031273,
    9.399987792968773,
    9.710534667968773,
    10.159387207031273,
    10.528527832031273,
    10.600000000000023,
    10.450006103515648,
    10.300012207031273,
    10.149987792968773,
    9.999993896484398,
    9.850000000000023,
    9.700006103515648,
    9.550012207031273,
    9.399987792968773,
    8.978875732421898,
    8.201959228515648,
    7.349084472656273,
    6.700006103515648,
    6.357904052734398,
    6.149987792968773,
    5.942102050781273,
    5.600000000000023,
    4.941003417968773,
    4.063317871093773,
    3.2539611816406477,
    2.8000122070312727,
    2.6291442871093977,
    2.4749084472656477,
    2.3332153320312727,
    2.2000061035156477,
    2.0766845703125227,
    1.9598327636718977,
    1.8380676269531477,
    1.7000061035156477,
    1.4921203613281477,
    1.2039733886718977,
    0.8888488769531477,
    0.6000000000000227,
    0.41335449218752274,
    0.31020507812502274,
    0.20195922851564774,
    -6.1035156022626325e-06,
    -0.7735656738281023,
    -2.1510986328124773,
    -3.5530761718749773,
    -4.399999999999977
  ],
  "rewards": [
    4.120979222776403,
    4.115054529951921,
    4.041117961602322,
    3.9698265858460595,
    3.907721049115101,
    3.8538797203905313,
    3.8058857733930833,
    3.7613691708154424,
    3.71864609823445,
    3.6765443841542513,
    3.6347041193849807,
    3.592804611899895,
    3.5507493476651093,
    3.5086222346208484,
    3.4663219366753544,
    3.4238678741402917,
    3.381345204109698,
    3.33890951595679,
    3.296656541549043,
    3.254615608662741,
    3.2128832337487516,
    -0.05578464578430935,
    3.074583991287815,
    3.086026137913023,
    3.1475837132561986,
    3.2381533117540204,
    3.3065022823441783,
    3.3147041464544844,
    3.281234848196061,
    3.2421050016809274,
    3.2691809809155776,
    4.269596938312733,
    4.4367667836870295,
    4.555116989331992,
    4.635228791654779,
    4.69271761970475,
    4.746119323092246,
    4.817248981165429,
    4.914660869017251,
    4.721606294553464,
    4.961329002026869,
    4.820688327757788,
    4.66119801181346,
    4.130053714269371,
    4.211421794821948,
    4.530342470581022,
    4.841334678406193,
    4.96497418629593,
    4.922483409378953,
    4.741577522192415,
    4.455439613932999,
    4.068703175742425,
    4.7932213763852305,
    4.858094857921025,
    4.902011840997433,
    4.921742836962581,
    4.930473630492701,
    4.934085725833786,
    4.934913225303529,
    4.933016888699699,
    4.925721434665363,
    4.906230667670386,
    4.852358432504482,
    4.717771346512391,
    4.448297096951027,
    4.672059507953265,
    4.85176993596184,
    4.942734810743758,
    4.968853473403167,
    4.949907575236922,
    4.8942586624255995,
    4.095517419764087,
    4.233460263720396,
    4.377249661879583,
    4.605645815742825,
    4.728441341321531,
    4.826600915144748,
    4.72524260345156,
    4.947148889939941,
    4.907531131880915,
    4.935414226968643,
    4.979114835858145,
    4.967614357418014,
    4.933159049070312,
    4.965335763841869,
    4.803421797813742,
    4.916098577811027,
    4.5980037220727645,
    4.932031581907173,
    4.918555040829214,
    4.899428912826781,
    4.869977494547477,
    4.815721545645009,
    4.375039603645011,
    4.642561435541969
  ],