{
  "episode": 879,
  "steps": 95,
  "actions": [
    23,
    23,
    23,
    23,
    21,
    22,
    4,
    22,
    21,
    22,
    22,
    22,
    14,
    22,
    22,
    15,
    21,
    22,
    12,
    21,
    22,
    12,
    15,
    22,
    22,
    21,
    12,
    22,
    21,
    21,
    21,
    22,
    22,
    21,
    13,
    22,
    22,
    22,
    20,
    22,
    15,
    21,
    22,
    22,
    21,
    21,
    20,
    22,
    20,
    20,
    22,
    22,
    22,
    21,
    20,
    4,
    22,
    9,
    22,
    4,
    20,
    7,
    21,
    12,
    22,
    22,
    21,
    15,
    7,
    21,
    20,
    4,
    12,
    12,
    21,
    21,
    20,
    5,
    20,
    21,
    21,
    22,
    20,
    15,
    21,
    22,
    12,
    22,
    21,
    22,
    12,
    22,
    12,
    14,
    21
  ],
  "temperatures": [
    20.975762939453148,
    20.971978759765648,
    20.926324462890648,
    20.884027099609398,
    20.848413085937523,
    20.818383789062523,
    19.300347900390648,
    20.714868164062523,
    20.721093750000023,
    20.707727050781273,
    20.690942382812523,
    20.672601318359398,
    20.080163574218773,
    20.611749267578148,
    20.603417968750023,
    20.002557373046898,
    20.547143554687523,
    20.540429687500023,
    19.930261230468773,
    20.486383056640648,
    20.481072998046898,
    19.862084960937523,
    19.807214355468773,
    20.410607910156273,
    20.450036621093773,
    20.494256591796898,
    19.943078613281273,
    20.509576416015648,
    20.506829833984398,
    20.494134521484398,
    20.508905029296898,
    21.053613281250023,
    21.179681396484398,
    21.281793212890648,
    20.972161865234398,
    21.407830810546898,
    21.478601074218773,
    21.580590820312523,
    21.779901123046898,
    22.059777832031273,
    22.141290283203148,
    22.585778808593773,
    22.835473632812523,
    23.079858398437523,
    23.337304687500023,
    23.587701416015648,
    23.823419189453148,
    24.043359375000023,
    24.248742675781273,
    24.441156005859398,
    24.617120361328148,
    24.787835693359398,
    24.952691650390648,
    25.101525878906273,
    25.220513916015648,
    26.646722412109398,
    25.407373046875023,
    22.448632812500023,
    25.373773193359398,
    26.835961914062523,
    25.437554931640648,
    26.791162109375023,
    25.302239990234398,
    25.644006347656273,
    24.938104248046898,
    24.747308349609398,
    24.588891601562523,
    24.809259033203148,
    25.240167236328148,
    24.281915283203148,
    24.181207275390648,
    24.012017822265648,
    23.604882812500023,
    23.447564697265648,
    23.252038574218773,
    23.166558837890648,
    23.082940673828148,
    23.005761718750023,
    22.909692382812523,
    22.831689453125023,
    22.759667968750023,
    22.691369628906273,
    22.624719238281273,
    22.457757568359398,
    22.481561279296898,
    22.409173583984398,
    22.186791992187523,
    22.259881591796898,
    22.189508056640648,
    22.121209716796898,
    21.839990234375023,
    21.974237060546898,
    21.618035888671898,
    21.466516113281273,
    21.647271728515648
  ],
  "outdoor_temps": [
    -6.1035156022626325e-06,
    -6.1035156022626325e-06,
    -6.1035156022626325e-06,
    -6.1035156022626325e-06,
    -6.1035156022626325e-06,
    -6.1035156022626325e-06,
    -6.1035156022626325e-06,
    -6.1035156022626325e-06,
    -6.1035156022626325e-06,
    -6.1035156022626325e-06,
    -6.1035156022626325e-06,
    -6.1035156022626325e-06,
    -6.1035156022626325e-06,
    -6.1035156022626325e-06,
    -6.1035156022626325e-06,
    -6.1035156022626325e-06,
    -6.1035156022626325e-06,
    -6.1035156022626325e-06,
    -6.1035156022626325e-06,
    -6.1035156022626325e-06,
    -6.1035156022626325e-06,
    -6.1035156022626325e-06,
    -6.1035156022626325e-06,
    0.48467407226564774,
    1.5674987792968977,
    2.6915527343750227,
    3.3000122070312727,
    3.2094665527343977,
    2.8019348144531477,
    2.3684326171875227,
    2.2000061035156477,
    2.3021789550781477,
    2.5030456542968977,
    2.8273864746093977,
    3.3000122070312727,
    4.170007324218773,
    5.390008544921898,
    6.540002441406273,
    7.200006103515648,
    7.400476074218773,
    7.509606933593773,
    7.613946533203148,
    7.800012207031273,
    8.075891113281273,
    8.371636962890648,
    8.656549072265648,
    8.899987792968773,
    9.066003417968773,
    9.171868896484398,
    9.266809082031273,
    9.399987792968773,
    9.710534667968773,
    10.159387207031273,
    10.528527832031273,
    10.600000000000023,
    10.450006103515648,
    10.300012207031273,
    10.149987792968773,
    9.999993896484398,
    9.850000000000023,
    9.700006103515648,
    9.550012207031273,
    9.399987792968773,
    8.978875732421898,
    8.201959228515648,
    7.349084472656273,
    6.700006103515648,
    6.357904052734398,
    6.149987792968773,
    5.942102050781273,
    5.600000000000023,
    4.941003417968773,
    4.063317871093773,
    3.2539611816406477,
    2.8000122070312727,
    2.6291442871093977,
    2.4749084472656477,
    2.3332153320312727,
    2.2000061035156477,
    2.0766845703125227,
    1.9598327636718977,
    1.8380676269531477,
    1.7000061035156477,
    1.4921203613281477,
    1.2039733886718977,
    0.8888488769531477,
    0.6000000000000227,
    0.41335449218752274,
    0.31020507812502274,
    0.20195922851564774,
    -6.1035156022626325e-06,
    -0.7735656738281023,
    -2.1510986328124773,
    -3.5530761718749773,
    -4.399999999999977
  ],
  "rewards": [
    4.9077753899246455,
    4.9076752827316525,
    4.905702330842614,
    4.90387322165072,
    4.902335364595055,
    4.901042372853212,
    -0.5032536676438693,
    4.896510245560304,
    4.896816546641614,
    4.896249940068178,
    4.895527941905286,
    4.894735600672986,
    4.912994804293241,
    4.892071263437038,
    4.8917168018448605,
    4.910737571627225,
    4.889244696753829,
    4.888957831532411,
    -0.02775356472995949,
    4.886577918280078,
    4.886349332005434,
    -0.04241013036635279,
    -0.06095988689718458,
    4.883248135703413,
    4.885006034098889,
    4.886974665843274,
    -0.026022471851950106,
    4.887659814108325,
    4.88753885956886,
    4.886977135807924,
    4.887633082539491,
    4.911801106602601,
    4.917378384791638,
    4.921895224772717,
    4.939470281460039,
    4.927466046508888,
    4.9305958673584716,
    4.935112387858655,
    4.943953616343762,
    4.956373827091378,
    4.974027469069089,
    4.979720028298704,
    4.990802735359124,
    4.99704459781232,
    4.993616112791325,
    4.990281788975648,
    4.98714256134694,
    -0.005984322347720708,
    -0.0666609185707423,
    -0.20004718031088356,
    -0.38685189898412076,
    -0.6272677077499131,
    -0.9147527940717514,
    -1.2209860160720591,
    -1.4976768620976841,
    -7.00920930363999,
    -1.9893433762504344,
    4.933318557650175,
    -1.8957853384138426,
    -8.046959707691139,
    -2.0753091598092217,
    -7.79481609110551,
    -1.7041237010337682,
    -2.7088115490147704,
    -0.8871220378464758,
    -0.5649169345346173,
    -0.35271305394888014,
    -0.6591019549326449,
    -1.5405236225391532,
    -0.08437387931121419,
    -0.03739852032746486,
    -0.001288523234468014,
    4.994078484720186,
    4.995473816629661,
    4.994758261788798,
    4.995895427436285,
    4.997007876381926,
    4.999907489118126,
    4.994093959668409,
    4.9906355341588675,
    4.987442607552461,
    4.98441421356862,
    4.9814607236016055,
    4.983405781804543,
    4.975117556708662,
    4.971911732823305,
    4.975403211027707,
    4.965297248114062,
    4.962180704795148,
    4.959155649811677,
    4.965162477404203,
    4.95264412616582,
    4.958605728060331,
    4.954127602514041,
    4.938147961740261
  ],