{
  "episode": 116,
  "steps": 95,
  "actions": [
    23,
    23,
    23,
    23,
    19,
    10,
    10,
    0,
    5,
    21,
    22,
    13,
    0,
    10,
    21,
    0,
    20,
    10,
    0,
    11,
    8,
    22,
    22,
    4,
    12,
    6,
    4,
    0,
    19,
    22,
    21,
    15,
    20,
    22,
    15,
    0,
    20,
    22,
    21,
    3,
    10,
    21,
    6,
    15,
    21,
    4,
    15,
    20,
    21,
    22,
    6,
    3,
    20,
    20,
    21,
    21,
    7,
    10,
    10,
    17,
    10,
    22,
    5,
    4,
    20,
    20,
    10,
    10,
    19,
    12,
    15,
    8,
    22,
    0,
    22,
    22,
    13,
    22,
    10,
    0,
    21,
    19,
    6,
    0,
    11,
    20,
    6,
    10,
    15,
    3,
    21,
    0,
    0,
    22,
    21
  ],
  "temperatures": [
    20.975762939453148,
    20.971978759765648,
    20.926324462890648,
    20.884027099609398,
    16.035119628906273,
    16.091088867187523,
    15.988641357421898,
    16.164056396484398,
    18.488763427734398,
    20.436517333984398,
    20.502954101562523,
    19.922448730468773,
    16.253503417968773,
    15.714624023437523,
    20.268762207031273,
    16.072869873046898,
    20.233453369140648,
    15.663568115234398,
    15.627252197265648,
    15.399407958984398,
    15.325219726562523,
    19.969049072265648,
    20.089593505859398,
    18.383233642578148,
    19.440393066406273,
    18.442895507812523,
    18.397821044921898,
    15.706231689453148,
    15.251824951171898,
    19.983026123046898,
    20.120660400390648,
    20.179864501953148,
    20.846459960937523,
    20.979608154296898,
    20.630517578125023,
    17.164483642578148,
    21.098199462890648,
    21.267053222656273,
    21.493554687500023,
    18.110803222656273,
    17.451684570312523,
    22.217095947265648,
    22.177087402343773,
    22.728692626953148,
    23.048364257812523,
    23.436273193359398,
    23.652337646484398,
    23.760369873046898,
    23.967584228515648,
    24.163476562500023,
    25.100549316406273,
    23.066613769531273,
    24.661431884765648,
    24.830377197265648,
    24.958673095703148,
    25.052087402343773,
    26.347680664062523,
    22.135217285156273,
    22.034875488281273,
    20.795465087890648,
    21.850579833984398,
    24.925073242187523,
    26.017449951171898,
    25.923577880859398,
    24.626458740234398,
    24.439294433593773,
    21.074914550781273,
    20.792993164062523,
    19.632104492187523,
    23.936578369140648,
    23.979425048828148,
    19.758355712890648,
    23.003594970703148,
    20.600274658203148,
    22.788476562500023,
    22.744409179687523,
    22.602349853515648,
    22.597985839843773,
    18.856683349609398,
    19.594018554687523,
    22.264031982421898,
    17.866113281250023,
    21.401147460937523,
    19.177178955078148,
    18.091180419921898,
    21.829217529296898,
    21.138055419921898,
    17.858331298828148,
    21.255609130859398,
    18.442864990234398,
    21.500054931640648,
    18.235681152343773,
    17.898736572265648,
    21.173028564453148,
    21.153558349609398
  ],
  "outdoor_temps": [
    -6.1035156022626325e-06,
    -6.1035156022626325e-06,
    -6.1035156022626325e-06,
    -6.1035156022626325e-06,
    -6.1035156022626325e-06,
    -6.1035156022626325e-06,
    -6.1035156022626325e-06,
    -6.1035156022626325e-06,
    -6.1035156022626325e-06,
    -6.1035156022626325e-06,
    -6.1035156022626325e-06,
    -6.1035156022626325e-06,
    -6.1035156022626325e-06,
    -6.1035156022626325e-06,
    -6.1035156022626325e-06,
    -6.1035156022626325e-06,
    -6.1035156022626325e-06,
    -6.1035156022626325e-06,
    -6.1035156022626325e-06,
    -6.1035156022626325e-06,
    -6.1035156022626325e-06,
    -6.1035156022626325e-06,
    -6.1035156022626325e-06,
    0.48467407226564774,
    1.5674987792968977,
    2.6915527343750227,
    3.3000122070312727,
    3.2094665527343977,
    2.8019348144531477,
    2.3684326171875227,
    2.2000061035156477,
    2.3021789550781477,
    2.5030456542968977,
    2.8273864746093977,
    3.3000122070312727,
    4.170007324218773,
    5.390008544921898,
    6.540002441406273,
    7.200006103515648,
    7.400476074218773,
    7.509606933593773,
    7.613946533203148,
    7.800012207031273,
    8.075891113281273,
    8.371636962890648,
    8.656549072265648,
    8.899987792968773,
    9.066003417968773,
    9.171868896484398,
    9.266809082031273,
    9.399987792968773,
    9.710534667968773,
    10.159387207031273,
    10.528527832031273,
    10.600000000000023,
    10.450006103515648,
    10.300012207031273,
    10.149987792968773,
    9.999993896484398,
    9.850000000000023,
    9.700006103515648,
    9.550012207031273,
    9.399987792968773,
    8.978875732421898,
    8.201959228515648,
    7.349084472656273,
    6.700006103515648,
    6.357904052734398,
    6.149987792968773,
    5.942102050781273,
    5.600000000000023,
    4.941003417968773,
    4.063317871093773,
    3.2539611816406477,
    2.8000122070312727,
    2.6291442871093977,
    2.4749084472656477,
    2.3332153320312727,
    2.2000061035156477,
    2.0766845703125227,
    1.9598327636718977,
    1.8380676269531477,
    1.7000061035156477,
    1.4921203613281477,
    1.2039733886718977,
    0.8888488769531477,
    0.6000000000000227,
    0.41335449218752274,
    0.31020507812502274,
    0.20195922851564774,
    -6.1035156022626325e-06,
    -0.7735656738281023,
    -2.1510986328124773,
    -3.5530761718749773,
    -4.399999999999977
  ],
  "rewards": [
    4.9077753899246455,
    4.9076752827316525,
    4.905702330842614,
    4.90387322165072,
    -15.72435590557736,
    -15.28219503199421,
    -16.093378928374804,
    -14.715776812444753,
    -2.300571902631713,
    4.884202477672826,
    4.8871792480058,
    -0.02898351372745669,
    -14.037649501392893,
    -18.366218732557996,
    4.876863009634873,
    -15.423563533542783,
    4.8753245327621695,
    -18.806299619369984,
    -19.121641646783154,
    -21.166519212573558,
    -21.854478059623016,
    -0.03520499601474134,
    4.869000079356457,
    -2.6310235470445575,
    -0.3396608024624772,
    -2.441440952050267,
    -2.584009719443354,
    -18.437252597093753,
    -22.54663458373376,
    -0.034368231797023197,
    4.870414750300672,
    4.91607311234688,
    4.902596232550947,
    4.908487727276009,
    4.929363484293546,
    -8.04257909541957,
    4.913711297288537,
    4.921196477047127,
    4.931243302546765,
    -3.572539779996697,
    -6.499539347707137,
    4.963356258574387,
    4.987753132473394,
    4.991410208890295,
    4.997463708701341,
    4.997993050258323,
    4.99364786023517,
    4.987982133286803,
    4.985222793451469,
    -0.031228757678821988,
    -1.213563224478351,
    4.964123647195368,
    -0.44365389418507817,
    -0.6962503823201023,
    -0.9262051379243753,
    -1.1143497690850457,
    -5.515342385178823,
    4.936100726025584,
    4.936991925131044,
    4.920939619246385,
    4.938627734134054,
    -0.8627995945481276,
    -4.073475995353191,
    -3.7034193381418983,
    -0.3984955413429271,
    -0.1984014541591191,
    4.945513915835839,
    4.948017282377442,
    -0.15139675214561055,
    4.991126398912266,
    4.99074623161198,
    -0.06913435455896481,
    4.998066550991701,
    4.975091254654664,
    4.988709649816156,
    4.986758744441296,
    4.987670129448499,
    4.980268783268073,
    -1.3159103118400985,
    -0.169936327609701,
    4.96546565271914,
    -4.563633179246635,
    4.976292729282387,
    -0.6816868328571999,
    -3.6506301791965092,
    4.9462025139221675,
    4.972413539739285,
    -4.593266319198356,
    4.947891130338868,
    -2.428507839199287,
    4.9316246388042755,
    -3.116430173373053,
    -4.418544008373187,
    4.917127759233117,
    4.916261174403455
  ],