{
  "episode": 984,
  "steps": 95,
  "actions": [
    23,
    23,
    23,
    23,
    21,
    23,
    23,
    22,
    22,
    21,
    12,
    22,
    21,
    22,
    12,
    13,
    5,
    23,
    12,
    21,
    23,
    23,
    22,
    21,
    21,
    13,
    12,
    23,
    21,
    23,
    12,
    12,
    15,
    23,
    13,
    23,
    23,
    20,
    23,
    12,
    12,
    15,
    15,
    21,
    12,
    21,
    23,
    21,
    20,
    22,
    7,
    20,
    23,
    21,
    20,
    20,
    23,
    12,
    12,
    20,
    12,
    21,
    12,
    5,
    22,
    23,
    23,
    23,
    23,
    23,
    22,
    14,
    20,
    23,
    23,
    22,
    14,
    22,
    21,
    20,
    23,
    21,
    15,
    22,
    20,
    13,
    21,
    22,
    20,
    23,
    21,
    21,
    23,
    21,
    13
  ],
  "temperatures": [
    20.975762939453148,
    20.971978759765648,
    20.926324462890648,
    20.884027099609398,
    20.848413085937523,
    20.818383789062523,
    20.792230224609398,
    20.768457031250023,
    20.746057128906273,
    20.724359130859398,
    20.138299560546898,
    20.660272216796898,
    20.650720214843773,
    20.633813476562523,
    20.035577392578148,
    19.977136230468773,
    18.916894531250023,
    20.477899169921898,
    19.892480468750023,
    20.466302490234398,
    20.466912841796898,
    20.457147216796898,
    20.444360351562523,
    20.440759277343773,
    20.465203857421898,
    19.911157226562523,
    19.914697265625023,
    20.501031494140648,
    20.501428222656273,
    20.490350341796898,
    19.917016601562523,
    20.555261230468773,
    20.704431152343773,
    21.243524169921898,
    20.941522216796898,
    21.388269042968773,
    21.462518310546898,
    21.566735839843773,
    21.767663574218773,
    21.796685791015648,
    22.116601562500023,
    22.441766357421898,
    22.754022216796898,
    23.065087890625023,
    23.387811279296898,
    23.576135253906273,
    23.811578369140648,
    24.031762695312523,
    24.237359619140648,
    24.430017089843773,
    25.519830322265648,
    24.801263427734398,
    24.955743408203148,
    25.102044677734398,
    25.219567871093773,
    25.304956054687523,
    25.369256591796898,
    25.980218505859398,
    26.041467285156273,
    25.474084472656273,
    26.020410156250023,
    25.400750732421898,
    25.836999511718773,
    26.476525878906273,
    24.969628906250023,
    24.767877197265648,
    24.606683349609398,
    24.474328613281273,
    24.364617919921898,
    24.269586181640648,
    24.180017089843773,
    23.764001464843773,
    23.476403808593773,
    23.351281738281273,
    23.247247314453148,
    23.163720703125023,
    23.104333496093773,
    22.992852783203148,
    22.907617187500023,
    22.829949951171898,
    22.758111572265648,
    22.689935302734398,
    22.540216064453148,
    22.552697753906273,
    22.481958007812523,
    22.276116943359398,
    22.331506347656273,
    22.261529541015648,
    22.189508056640648,
    22.120904541015648,
    22.055718994140648,
    21.980523681640648,
    21.877893066406273,
    21.763757324218773,
    21.355371093750023
  ],
  "outdoor_temps": [
    -6.1035156022626325e-06,
    -6.1035156022626325e-06,
    -6.1035156022626325e-06,
    -6.1035156022626325e-06,
    -6.1035156022626325e-06,
    -6.1035156022626325e-06,
    -6.1035156022626325e-06,
    -6.1035156022626325e-06,
    -6.1035156022626325e-06,
    -6.1035156022626325e-06,
    -6.1035156022626325e-06,
    -6.1035156022626325e-06,
    -6.1035156022626325e-06,
    -6.1035156022626325e-06,
    -6.1035156022626325e-06,
    -6.1035156022626325e-06,
    -6.1035156022626325e-06,
    -6.1035156022626325e-06,
    -6.1035156022626325e-06,
    -6.1035156022626325e-06,
    -6.1035156022626325e-06,
    -6.1035156022626325e-06,
    -6.1035156022626325e-06,
    0.48467407226564774,
    1.5674987792968977,
    2.6915527343750227,
    3.3000122070312727,
    3.2094665527343977,
    2.8019348144531477,
    2.3684326171875227,
    2.2000061035156477,
    2.3021789550781477,
    2.5030456542968977,
    2.8273864746093977,
    3.3000122070312727,
    4.170007324218773,
    5.390008544921898,
    6.540002441406273,
    7.200006103515648,
    7.400476074218773,
    7.509606933593773,
    7.613946533203148,
    7.800012207031273,
    8.075891113281273,
    8.371636962890648,
    8.656549072265648,
    8.899987792968773,
    9.066003417968773,
    9.171868896484398,
    9.266809082031273,
    9.399987792968773,
    9.710534667968773,
    10.159387207031273,
    10.528527832031273,
    10.600000000000023,
    10.450006103515648,
    10.300012207031273,
    10.149987792968773,
    9.999993896484398,
    9.850000000000023,
    9.700006103515648,
    9.550012207031273,
    9.399987792968773,
    8.978875732421898,
    8.201959228515648,
    7.349084472656273,
    6.700006103515648,
    6.357904052734398,
    6.149987792968773,
    5.942102050781273,
    5.600000000000023,
    4.941003417968773,
    4.063317871093773,
    3.2539611816406477,
    2.8000122070312727,
    2.6291442871093977,
    2.4749084472656477,
    2.3332153320312727,
    2.2000061035156477,
    2.0766845703125227,
    1.9598327636718977,
    1.8380676269531477,
    1.7000061035156477,
    1.4921203613281477,
    1.2039733886718977,
    0.8888488769531477,
    0.6000000000000227,
    0.41335449218752274,
    0.31020507812502274,
    0.20195922851564774,
    -6.1035156022626325e-06,
    -0.7735656738281023,
    -2.1510986328124773,
    -3.5530761718749773,
    -4.399999999999977
  ],
  "rewards": [
    4.9077753899246455,
    4.9076752827316525,
    4.905702330842614,
    4.90387322165072,
    4.902335364595055,
    4.901042372853212,
    4.899916646257043,
    4.898892733827234,
    4.897925631724622,
    4.896989104472424,
    4.914680805009507,
    4.8941886207947265,
    4.893783490382458,
    4.893049752385072,
    4.91170335760745,
    -0.023073031294927902,
    -1.1882438573040304,
    4.886182954052221,
    -0.034729849547142866,
    4.885686175573779,
    4.8857208224839495,
    4.885294615998864,
    4.884735829606652,
    4.884586341105725,
    4.885679461628847,
    -0.030912501729372894,
    -0.030268966447072193,
    4.887281005133105,
    4.887300250306725,
    4.886809947163514,
    -0.029860310368236106,
    4.927173848088993,
    4.931572480138553,
    4.920198442595808,
    4.938564515076577,
    4.926597187217811,
    4.929882151857019,
    4.934498245492578,
    4.9434104176675495,
    4.963831808529794,
    4.973297159608615,
    4.9829186522328985,
    4.992159059489874,
    4.997241498413294,
    4.995996691741698,
    4.990435784805728,
    4.987300288350038,
    -0.00507449366152431,
    -0.061089720643419713,
    -0.19030617869744493,
    -2.312703911653465,
    -0.6486504359819034,
    -0.9205869727889916,
    -1.2221308804676438,
    -1.4953653148108756,
    -1.7112139388109624,
    -1.883381188468179,
    -3.928065931648106,
    -4.174525160778245,
    -2.181791500102634,
    -4.088947040395012,
    -1.9707251034564286,
    -3.3810501969525535,
    -6.137061490493777,
    -0.9473676062732079,
    -0.596150994464466,
    -0.3740436477586903,
    -0.23052594207229388,
    -0.13811928223820197,
    -0.07753337960691487,
    -0.03696460478008612,
    4.992666779611583,
    4.991773346532946,
    4.993438149324578,
    4.994822296872735,
    4.995933293029666,
    4.998517259344782,
    4.997780629117852,
    4.994000975810315,
    4.990557569534235,
    4.987372996441048,
    4.984350794330239,
    4.985841054775468,
    4.9782692168976945,
    4.975136098586346,
    4.9780406211008845,
    4.968471042808631,
    4.965370294720582,
    4.9621805498230716,
    4.959142343631905,
    4.956254360452294,
    4.952921988636903,
    4.94837327686017,
    4.943314029946923,
    4.950841431476824
  ],