{
  "episode": 727,
  "steps": 95,
  "actions": [
    23,
    23,
    23,
    23,
    21,
    23,
    12,
    23,
    23,
    23,
    15,
    23,
    13,
    20,
    15,
    22,
    21,
    20,
    22,
    20,
    6,
    22,
    21,
    20,
    21,
    15,
    20,
    15,
    14,
    20,
    23,
    22,
    21,
    13,
    20,
    21,
    21,
    20,
    15,
    20,
    22,
    21,
    12,
    15,
    23,
    0,
    19,
    9,
    11,
    0,
    0,
    3,
    0,
    9,
    0,
    3,
    0,
    11,
    3,
    3,
    9,
    8,
    0,
    11,
    0,
    10,
    2,
    2,
    8,
    1,
    23,
    15,
    20,
    13,
    6,
    23,
    13,
    4,
    22,
    20,
    20,
    22,
    13,
    12,
    22,
    20,
    22,
    23,
    23,
    21,
    21,
    13,
    21,
    15,
    15
  ],
  "temperatures": [
    21.111627197265648,
    21.104028320312523,
    21.062646484375023,
    21.024285888671898,
    20.991937255859398,
    20.964624023437523,
    20.470788574218773,
    20.902825927734398,
    20.890313720703148,
    20.873132324218773,
    20.370690917968773,
    20.819848632812523,
    20.317224121093773,
    20.776696777343773,
    20.268914794921898,
    20.736199951171898,
    20.728753662109398,
    20.715264892578148,
    20.700280761718773,
    20.684716796875023,
    19.335137939453148,
    20.608514404296898,
    20.614190673828148,
    20.616326904296898,
    20.642358398437523,
    20.171472167968773,
    20.691186523437523,
    20.203546142578148,
    20.165338134765648,
    20.650659179687523,
    20.675836181640648,
    21.193475341796898,
    21.313256835937523,
    21.061914062500023,
    21.472039794921898,
    21.536035156250023,
    21.598443603515648,
    21.694177246093773,
    21.624841308593773,
    22.138726806640648,
    22.398522949218773,
    22.638940429687523,
    22.823236083984398,
    23.105310058593773,
    23.338861083984398,
    20.840997314453148,
    19.032647705078148,
    19.979150390625023,
    20.188378906250023,
    21.695306396484398,
    21.992517089843773,
    22.243646240234398,
    22.481439208984398,
    21.184991455078148,
    22.769586181640648,
    22.935571289062523,
    23.030480957031273,
    21.514093017578148,
    23.034661865234398,
    23.085290527343773,
    21.483972167968773,
    21.367822265625023,
    22.725579833984398,
    21.074578857421898,
    22.193200683593773,
    20.599298095703148,
    21.650750732421898,
    21.484613037109398,
    20.072381591796898,
    21.083398437500023,
    23.573175048828148,
    23.096948242187523,
    22.971490478515648,
    22.850823974609398,
    22.685144042968773,
    22.720483398437523,
    22.579461669921898,
    22.357568359375023,
    22.507653808593773,
    22.450097656250023,
    22.395593261718773,
    22.343713378906273,
    22.138116455078148,
    22.065820312500023,
    22.175408935546898,
    22.119500732421898,
    22.061761474609398,
    22.004632568359398,
    21.946466064453148,
    21.891473388671898,
    21.839471435546898,
    21.501489257812523,
    21.679162597656273,
    21.263757324218773,
    21.140740966796898
  ],
  "outdoor_temps": [
    -6.1035156022626325e-06,
    -6.1035156022626325e-06,
    -6.1035156022626325e-06,
    -6.1035156022626325e-06,
    -6.1035156022626325e-06,
    -6.1035156022626325e-06,
    -6.1035156022626325e-06,
    -6.1035156022626325e-06,
    -6.1035156022626325e-06,
    -6.1035156022626325e-06,
    -6.1035156022626325e-06,
    -6.1035156022626325e-06,
    -6.1035156022626325e-06,
    -6.1035156022626325e-06,
    -6.1035156022626325e-06,
    -6.1035156022626325e-06,
    -6.1035156022626325e-06,
    -6.1035156022626325e-06,
    -6.1035156022626325e-06,
    -6.1035156022626325e-06,
    -6.1035156022626325e-06,
    -6.1035156022626325e-06,
    -6.1035156022626325e-06,
    0.48467407226564774,
    1.5674987792968977,
    2.6915527343750227,
    3.3000122070312727,
    3.2094665527343977,
    2.8019348144531477,
    2.3684326171875227,
    2.2000061035156477,
    2.3021789550781477,
    2.5030456542968977,
    2.8273864746093977,
    3.3000122070312727,
    4.170007324218773,
    5.390008544921898,
    6.540002441406273,
    7.200006103515648,
    7.400476074218773,
    7.509606933593773,
    7.613946533203148,
    7.800012207031273,
    8.075891113281273,
    8.371636962890648,
    8.656549072265648,
    8.899987792968773,
    9.066003417968773,
    9.171868896484398,
    9.266809082031273,
    9.399987792968773,
    9.710534667968773,
    10.159387207031273,
    10.528527832031273,
    10.600000000000023,
    10.450006103515648,
    10.300012207031273,
    10.149987792968773,
    9.999993896484398,
    9.850000000000023,
    9.700006103515648,
    9.550012207031273,
    9.399987792968773,
    8.978875732421898,
    8.201959228515648,
    7.349084472656273,
    6.700006103515648,
    6.357904052734398,
    6.149987792968773,
    5.942102050781273,
    5.600000000000023,
    4.941003417968773,
    4.063317871093773,
    3.2539611816406477,
    2.8000122070312727,
    2.6291442871093977,
    2.4749084472656477,
    2.3332153320312727,
    2.2000061035156477,
    2.0766845703125227,
    1.9598327636718977,
    1.8380676269531477,
    1.7000061035156477,
    1.4921203613281477,
    1.2039733886718977,
    0.8888488769531477,
    0.6000000000000227,
    0.41335449218752274,
    0.31020507812502274,
    0.20195922851564774,
    -6.1035156022626325e-06,
    -0.7735656738281023,
    -2.1510986328124773,
    -3.5530761718749773,
    -4.399999999999977
  ],
  "rewards": [
    4.963678053930402,
    4.9635631695538756,
    4.962818720653653,
    4.962127915933729,
    4.961546359375119,
    4.961056745261602,
    4.966773520860821,
    4.9599390366563325,
    4.959718201473355,
    4.959410584285855,
    4.965514584932476,
    4.9584421636637135,
    4.964836297187954,
    4.957658211227993,
    4.964221735010814,
    4.95692055027446,
    4.956787605546738,
    4.956542480201177,
    4.956269388369244,
    4.95598468806627,
    -1.1186879666680118,
    4.954581499399699,
    4.954689613841798,
    4.954732961863927,
    4.955217744282406,
    4.962995160867177,
    4.956123883920519,
    4.96341194392271,
    4.962918067014574,
    4.9553764953062585,
    4.955842058828991,
    4.965411018446088,
    4.967619420551087,
    4.974512289215527,
    4.9705457642046005,
    4.971724509171169,
    4.972874078959874,
    4.974640844673567,
    4.981782420287799,
    4.9828599001940175,
    4.987663928738755,
    4.992110419385459,
    4.997295550157033,
    4.999175613714544,
    4.996908503892629,
    4.986959570873529,
    -2.351132461536566,
    -0.01093399552757736,
    4.9794332666538015,
    4.985062905751331,
    4.984403215575964,
    4.983845834661275,
    4.983318254870404,
    4.9755627425573765,
    4.982679356246377,
    4.98231130175665,
    4.982100903910625,
    4.974286084327847,
    4.982091893457038,
    4.981979582232464,
    4.974403146677691,
    4.974854049219871,
    4.982777396337331,
    4.975992650542408,
    4.983959013126952,
    4.977838881168514,
    4.985163266814759,
    4.9855322074101345,
    4.979886087919869,
    4.986422864393534,
    4.995609089072469,
    4.999211035467685,
    4.998253484415619,
    4.9976475580883735,
    4.997588990778217,
    4.993617925943887,
    4.994140271101147,
    4.9951702444260215,
    4.9896878477918065,
    4.988625180684354,
    4.987618789843243,
    4.986661018601578,
    4.988436085980709,
    4.98750246711124,
    4.983555132437659,
    4.982523445748116,
    4.981458206347149,
    4.980403679870393,
    4.979330301001668,
    4.97831590385735,
    4.977355937570981,
    4.980212619975857,
    4.974395701524356,
    4.977138917495213,
    4.975547580755113
  ],