{
  "episode": 179,
  "steps": 95,
  "actions": [
    23,
    23,
    23,
    23,
    23,
    23,
    23,
    23,
    23,
    23,
    23,
    23,
    23,
    23,
    23,
    23,
    23,
    23,
    23,
    23,
    23,
    23,
    23,
    23,
    23,
    23,
    23,
    23,
    23,
    23,
    23,
    23,
    4,
    13,
    23,
    23,
    23,
    23,
    11,
    21,
    23,
    23,
    23,
    23,
    23,
    3,
    23,
    23,
    23,
    23,
    23,
    23,
    23,
    12,
    23,
    23,
    13,
    23,
    10,
    23,
    23,
    9,
    23,
    21,
    3,
    23,
    14,
    23,
    23,
    20,
    23,
    3,
    2,
    2,
    6,
    22,
    23,
    23,
    23,
    9,
    22,
    23,
    23,
    14,
    23,
    3,
    23,
    17,
    20,
    12,
    23,
    23,
    23,
    10,
    6
  ],
  "temperatures": [
    20.975762939453148,
    20.971978759765648,
    20.926324462890648,
    20.884027099609398,
    20.848413085937523,
    20.818383789062523,
    20.792230224609398,
    20.768457031250023,
    20.746057128906273,
    20.724359130859398,
    20.703149414062523,
    20.682244873046898,
    20.661584472656273,
    20.641198730468773,
    20.621026611328148,
    20.601068115234398,
    20.581353759765648,
    20.561944580078148,
    20.542871093750023,
    20.524133300781273,
    20.505761718750023,
    20.487725830078148,
    20.470056152343773,
    20.463403320312523,
    20.485864257812523,
    20.523187255859398,
    20.552392578125023,
    20.555322265625023,
    20.539788818359398,
    20.522058105468773,
    20.533807373046898,
    21.077111816406273,
    20.101007080078148,
    20.840020751953148,
    21.342309570312523,
    21.417657470703148,
    21.487237548828148,
    21.590081787109398,
    17.250390625000023,
    21.950280761718773,
    22.298272705078148,
    22.562646484375023,
    22.815148925781273,
    23.063317871093773,
    23.323175048828148,
    21.396508789062523,
    23.754968261718773,
    24.002374267578148,
    24.215020751953148,
    24.411828613281273,
    24.590692138671898,
    24.763391113281273,
    24.929772949218773,
    25.553338623046898,
    25.212792968750023,
    25.293939208984398,
    25.908349609375023,
    25.420434570312523,
    22.457818603515648,
    25.355462646484398,
    25.369287109375023,
    22.348382568359398,
    25.138879394531273,
    25.022058105468773,
    23.634454345703148,
    24.628533935546898,
    24.856225585937523,
    24.380059814453148,
    24.273034667968773,
    24.182611083984398,
    24.097009277343773,
    21.631219482421898,
    21.284051513671898,
    21.025598144531273,
    23.041314697265648,
    23.014306640625023,
    22.938928222656273,
    22.857781982421898,
    22.779321289062523,
    19.119927978515648,
    22.540734863281273,
    22.521020507812523,
    22.469171142578148,
    22.276849365234398,
    22.341638183593773,
    19.557794189453148,
    22.132470703125023,
    17.722558593750023,
    21.910485839843773,
    21.655541992187523,
    21.859429931640648,
    21.802789306640648,
    21.710961914062523,
    17.682916259765648,
    20.330834960937523
  ],
  "outdoor_temps": [
    -6.1035156022626325e-06,
    -6.1035156022626325e-06,
    -6.1035156022626325e-06,
    -6.1035156022626325e-06,
    -6.1035156022626325e-06,
    -6.1035156022626325e-06,
    -6.1035156022626325e-06,
    -6.1035156022626325e-06,
    -6.1035156022626325e-06,
    -6.1035156022626325e-06,
    -6.1035156022626325e-06,
    -6.1035156022626325e-06,
    -6.1035156022626325e-06,
    -6.1035156022626325e-06,
    -6.1035156022626325e-06,
    -6.1035156022626325e-06,
    -6.1035156022626325e-06,
    -6.1035156022626325e-06,
    -6.1035156022626325e-06,
    -6.1035156022626325e-06,
    -6.1035156022626325e-06,
    -6.1035156022626325e-06,
    -6.1035156022626325e-06,
    0.48467407226564774,
    1.5674987792968977,
    2.6915527343750227,
    3.3000122070312727,
    3.2094665527343977,
    2.8019348144531477,
    2.3684326171875227,
    2.2000061035156477,
    2.3021789550781477,
    2.5030456542968977,
    2.8273864746093977,
    3.3000122070312727,
    4.170007324218773,
    5.390008544921898,
    6.540002441406273,
    7.200006103515648,
    7.400476074218773,
    7.509606933593773,
    7.613946533203148,
    7.800012207031273,
    8.075891113281273,
    8.371636962890648,
    8.656549072265648,
    8.899987792968773,
    9.066003417968773,
    9.171868896484398,
    9.266809082031273,
    9.399987792968773,
    9.710534667968773,
    10.159387207031273,
    10.528527832031273,
    10.600000000000023,
    10.450006103515648,
    10.300012207031273,
    10.149987792968773,
    9.999993896484398,
    9.850000000000023,
    9.700006103515648,
    9.550012207031273,
    9.399987792968773,
    8.978875732421898,
    8.201959228515648,
    7.349084472656273,
    6.700006103515648,
    6.357904052734398,
    6.149987792968773,
    5.942102050781273,
    5.600000000000023,
    4.941003417968773,
    4.063317871093773,
    3.2539611816406477,
    2.8000122070312727,
    2.6291442871093977,
    2.4749084472656477,
    2.3332153320312727,
    2.2000061035156477,
    2.0766845703125227,
    1.9598327636718977,
    1.8380676269531477,
    1.7000061035156477,
    1.4921203613281477,
    1.2039733886718977,
    0.8888488769531477,
    0.6000000000000227,
    0.41335449218752274,
    0.31020507812502274,
    0.20195922851564774,
    -6.1035156022626325e-06,
    -0.7735656738281023,
    -2.1510986328124773,
    -3.5530761718749773,
    -4.399999999999977
  ],
  "rewards": [
    4.120979222776403,
    4.115054529951921,
    4.041117961602322,
    3.9698265858460595,
    3.9077210109681286,
    3.853879691883962,
    3.805885754423257,
    3.7613691613823597,
    3.718646088801367,
    3.6765443842579115,
    3.634704109951898,
    3.592804602505684,
    3.5507493382320265,
    3.5086222347245086,
    3.466321936817887,
    3.423867874192122,
    3.381345204161528,
    3.338909506471877,
    3.296656541600873,
    3.254615599177828,
    3.2128832242638383,
    3.1714217349608016,
    3.1303298621997757,
    3.114743142649584,
    3.1671395712346357,
    3.2525262384582816,
    3.3178817418963207,
    3.324368238821675,
    3.289838607208853,
    3.249981652163019,
    3.2764469183702523,
    4.274051666222544,
    2.2524543951801674,
    3.9264072683385116,
    4.600151710954072,
    4.673559969486689,
    4.733784869285318,
    4.809509167866795,
    -28.906060652248247,
    4.9496603920424125,
    4.900233670043465,
    4.741264714375119,
    4.491549821756752,
    4.14928138945248,
    3.680709997685581,
    4.69838706209792,
    2.6781190397897543,
    -0.003981857616454633,
    -0.12026051135736168,
    -0.42933792576198493,
    -0.8782194084115998,
    -1.463416305631486,
    -2.1682493875921827,
    -6.038005789574412,
    -3.685163970690197,
    -4.193963662553726,
    -9.111136717610279,
    -5.052773785445515,
    4.776039028102517,
    -4.601669126988098,
    -4.695885666087426,
    4.843180515849951,
    -3.2503665606873193,
    -2.6188688676060408,
    2.958025252757255,
    -0.9936890539778707,
    -1.8371117476747414,
    -0.3663381473712407,
    -0.19123800352218873,
    -0.08793417410927107,
    -0.027809116237848364,
    4.8685128395678605,
    4.58761886853545,
    4.261110077971909,
    4.186498932853588,
    4.2263077944946,
    4.3341978432837065,
    4.439947858722851,
    4.5328065209835495,
    -1.945637441780318,
    4.758438861611403,
    4.773265552990444,
    4.809474091799914,
    4.920574820274478,
    4.881378366780335,
    -0.4939388529909272,
    4.946486094364001,
    -22.976529787257057,
    4.943803130934099,
    4.8707224899222785,
    4.932734317651184,
    4.9158757625985965,
    4.878317624852071,
    -23.428326339032235,
    2.8709105844037044
  ],