{
  "episode": 71,
  "steps": 95,
  "actions": [
    23,
    23,
    23,
    23,
    1,
    10,
    13,
    20,
    12,
    1,
    0,
    1,
    8,
    15,
    11,
    17,
    16,
    1,
    4,
    13,
    1,
    21,
    14,
    14,
    14,
    20,
    13,
    6,
    19,
    2,
    0,
    13,
    22,
    21,
    10,
    7,
    9,
    8,
    10,
    13,
    13,
    10,
    15,
    3,
    22,
    11,
    15,
    19,
    13,
    17,
    13,
    20,
    7,
    11,
    8,
    6,
    19,
    23,
    20,
    12,
    8,
    7,
    20,
    5,
    15,
    4,
    12,
    11,
    10,
    5,
    11,
    6,
    23,
    10,
    22,
    14,
    6,
    19,
    7,
    4,
    6,
    6,
    9,
    1,
    16,
    13,
    12,
    15,
    4,
    5,
    17,
    20,
    20,
    4,
    2
  ],
  "temperatures": [
    21.111627197265648,
    21.104028320312523,
    21.062646484375023,
    21.024285888671898,
    16.625085449218773,
    16.046624755859398,
    20.162744140625023,
    20.779382324218773,
    20.305078125000023,
    16.316247558593773,
    16.050622558593773,
    15.934869384765648,
    15.655694580078148,
    19.815698242187523,
    15.658227539062523,
    15.423181152343773,
    15.361627197265648,
    15.482965087890648,
    18.461511230468773,
    19.654351806640648,
    15.612298583984398,
    20.207177734375023,
    19.711633300781273,
    19.729577636718773,
    19.774377441406273,
    20.395135498046898,
    19.904290771484398,
    19.042291259765648,
    15.347711181640648,
    15.385064697265648,
    15.317437744140648,
    20.138360595703148,
    20.889459228515648,
    21.049249267578148,
    16.274224853515648,
    19.912835693359398,
    16.318505859375023,
    16.298150634765648,
    16.449151611328148,
    21.258874511718773,
    21.763543701171898,
    17.609674072265648,
    22.238488769531273,
    19.321252441406273,
    22.895227050781273,
    19.042687988281273,
    23.319329833984398,
    18.822564697265648,
    23.742425537109398,
    19.219750976562523,
    24.124505615234398,
    24.187707519531273,
    25.077844238281273,
    20.950128173828148,
    20.975885009765648,
    25.370355224609398,
    20.195672607421898,
    24.685968017578148,
    24.777032470703148,
    25.203515625000023,
    21.329644775390648,
    25.533959960937523,
    24.662622070312523,
    25.389367675781273,
    24.698724365234398,
    24.933526611328148,
    24.355401611328148,
    20.357934570312523,
    20.105615234375023,
    23.965600585937523,
    19.893853759765648,
    22.965386962890648,
    22.954034423828148,
    18.973809814453148,
    22.679315185546898,
    22.577966308593773,
    22.370721435546898,
    17.942254638671898,
    21.868188476562523,
    21.927819824218773,
    21.862390136718773,
    21.786706542968773,
    18.070947265625023,
    18.584802246093773,
    17.294519042968773,
    21.505334472656273,
    21.550286865234398,
    21.513330078125023,
    21.024468994140648,
    20.918206787109398,
    16.930596923828148,
    21.457635498046898,
    21.438653564453148,
    20.446099853515648,
    17.408929443359398
  ],
  "outdoor_temps": [
    -6.1035156022626325e-06,
    -6.1035156022626325e-06,
    -6.1035156022626325e-06,
    -6.1035156022626325e-06,
    -6.1035156022626325e-06,
    -6.1035156022626325e-06,
    -6.1035156022626325e-06,
    -6.1035156022626325e-06,
    -6.1035156022626325e-06,
    -6.1035156022626325e-06,
    -6.1035156022626325e-06,
    -6.1035156022626325e-06,
    -6.1035156022626325e-06,
    -6.1035156022626325e-06,
    -6.1035156022626325e-06,
    -6.1035156022626325e-06,
    -6.1035156022626325e-06,
    -6.1035156022626325e-06,
    -6.1035156022626325e-06,
    -6.1035156022626325e-06,
    -6.1035156022626325e-06,
    -6.1035156022626325e-06,
    -6.1035156022626325e-06,
    0.48467407226564774,
    1.5674987792968977,
    2.6915527343750227,
    3.3000122070312727,
    3.2094665527343977,
    2.8019348144531477,
    2.3684326171875227,
    2.2000061035156477,
    2.3021789550781477,
    2.5030456542968977,
    2.8273864746093977,
    3.3000122070312727,
    4.170007324218773,
    5.390008544921898,
    6.540002441406273,
    7.200006103515648,
    7.400476074218773,
    7.509606933593773,
    7.613946533203148,
    7.800012207031273,
    8.075891113281273,
    8.371636962890648,
    8.656549072265648,
    8.899987792968773,
    9.066003417968773,
    9.171868896484398,
    9.266809082031273,
    9.399987792968773,
    9.710534667968773,
    10.159387207031273,
    10.528527832031273,
    10.600000000000023,
    10.450006103515648,
    10.300012207031273,
    10.149987792968773,
    9.999993896484398,
    9.850000000000023,
    9.700006103515648,
    9.550012207031273,
    9.399987792968773,
    8.978875732421898,
    8.201959228515648,
    7.349084472656273,
    6.700006103515648,
    6.357904052734398,
    6.149987792968773,
    5.942102050781273,
    5.600000000000023,
    4.941003417968773,
    4.063317871093773,
    3.2539611816406477,
    2.8000122070312727,
    2.6291442871093977,
    2.4749084472656477,
    2.3332153320312727,
    2.2000061035156477,
    2.0766845703125227,
    1.9598327636718977,
    1.8380676269531477,
    1.7000061035156477,
    1.4921203613281477,
    1.2039733886718977,
    0.8888488769531477,
    0.6000000000000227,
    0.41335449218752274,
    0.31020507812502274,
    0.20195922851564774,
    -6.1035156022626325e-06,
    -0.7735656738281023,
    -2.1510986328124773,
    -3.5530761718749773,
    -4.399999999999977
  ],
  "rewards": [
    4.963678053930402,
    4.9635631695538756,
    4.962818720653653,
    4.962127915933729,
    -28.476957584026817,
    -39.07515073827269,
    4.96277962931197,
    4.957653014895061,
    4.964647237072658,
    -33.926573126047266,
    -38.99515344523626,
    -41.31428680720134,
    -47.18392429436354,
    -0.10571380190435806,
    -47.12892547746066,
    -52.369868983331386,
    -53.78777696755653,
    -51.009579248663975,
    -5.934185361758024,
    -0.32050828516608953,
    -48.13052095842263,
    4.947163195918922,
    -0.2293400634036112,
    -0.20415446946685897,
    -0.14830625662869112,
    4.950651819889312,
    -0.04310073656684886,
    -2.3076750171066833,
    -54.110960989081626,
    -53.24452974778677,
    -54.81635837197502,
    4.9625733853913845,
    4.959785742994884,
    4.962733494304444,
    -34.706154017387746,
    -0.03044120429131305,
    -33.88623672428831,
    -34.26192106366569,
    -31.524302971380152,
    4.97704361148875,
    4.983576700166354,
    -14.289390737327922,
    4.989725336215904,
    -1.1565737857009606,
    4.996851474427659,
    -2.299144197124555,
    4.998344010204239,
    -3.4770083714286555,
    4.996700789543436,
    -1.5341971232922589,
    -0.04111599646315746,
    -0.09189941601781283,
    -2.906709452604106,
    4.976474902717802,
    4.9763752640561885,
    -4.697346946614748,
    4.969962378444231,
    -1.1815762754282682,
    -1.5148972364851225,
    -3.6255814695704633,
    4.975002586372359,
    -5.885427893548244,
    -1.1028014511667623,
    -4.828540904109565,
    -1.2240160355925058,
    -2.1808584420656145,
    -0.3185856593413602,
    4.978776853211386,
    4.979757005699141,
    4.997779889635256,
    -0.03784796895668647,
    4.9996568563330674,
    4.997930499056435,
    -2.6405553538947135,
    4.992855806145331,
    4.994120086085375,
    4.995266687222635,
    -10.594463623584863,
    4.991553897100136,
    4.991995075805518,
    4.9915120547140095,
    4.990953237926669,
    -9.309245225989889,
    -5.01096753797,
    -18.30594407806175,
    4.980257514803144,
    4.980839572027812,
    4.980363079436285,
    4.985327432272753,
    4.984543294819639,
    -23.558955624991924,
    4.970304090084589,
    4.969953746966046,
    4.981056539202999,
    -16.78681974664431
  ],