{
  "episode": 239,
  "steps": 95,
  "actions": [
    23,
    23,
    23,
    23,
    7,
    21,
    15,
    15,
    22,
    12,
    10,
    20,
    8,
    6,
    3,
    20,
    6,
    20,
    22,
    12,
    0,
    22,
    21,
    21,
    12,
    20,
    5,
    20,
    22,
    15,
    4,
    14,
    20,
    21,
    1,
    4,
    22,
    15,
    21,
    5,
    22,
    15,
    10,
    22,
    12,
    20,
    4,
    21,
    15,
    12,
    6,
    22,
    21,
    22,
    20,
    21,
    10,
    5,
    8,
    22,
    22,
    22,
    22,
    13,
    21,
    21,
    20,
    22,
    1,
    12,
    21,
    21,
    22,
    17,
    22,
    4,
    7,
    20,
    0,
    12,
    21,
    21,
    21,
    19,
    20,
    7,
    22,
    13,
    21,
    19,
    3,
    3,
    11,
    4,
    21
  ],
  "temperatures": [
    20.975762939453148,
    20.971978759765648,
    20.926324462890648,
    20.884027099609398,
    19.381799316406273,
    20.766168212890648,
    20.212426757812523,
    20.159265136718773,
    20.701104736328148,
    20.129357910156273,
    16.091241455078148,
    20.498498535156273,
    15.985192871093773,
    18.483880615234398,
    16.115197753906273,
    20.307946777343773,
    18.726312255859398,
    20.355615234375023,
    20.391717529296898,
    19.778009033203148,
    16.041955566406273,
    20.226190185546898,
    20.293786621093773,
    20.316461181640648,
    19.730981445312523,
    20.378045654296898,
    18.840539550781273,
    20.378350830078148,
    20.397912597656273,
    19.786920166015648,
    18.755181884765648,
    20.373864746093773,
    21.028283691406273,
    21.155236816406273,
    17.345574951171898,
    19.903619384765648,
    21.277062988281273,
    21.045739746093773,
    21.627221679687523,
    21.192407226562523,
    22.204736328125023,
    22.322991943359398,
    18.591577148437523,
    22.863977050781273,
    23.199365234375023,
    23.433282470703148,
    24.043511962890648,
    23.909265136718773,
    24.362664794921898,
    24.612664794921898,
    25.359643554687523,
    24.691674804687523,
    24.847863769531273,
    24.996179199218773,
    25.116021728515648,
    25.202966308593773,
    22.212548828125023,
    26.426629638671898,
    22.300927734375023,
    25.243096923828148,
    25.263482666015648,
    25.223474121093773,
    25.125512695312523,
    25.456689453125023,
    24.792169189453148,
    24.607476806640648,
    24.454248046875023,
    24.328179931640648,
    22.651635742187523,
    24.347131347656273,
    24.033441162109398,
    23.462396240234398,
    23.329675292968773,
    18.960137939453148,
    22.998406982421898,
    22.955834960937523,
    22.841546630859398,
    22.811456298828148,
    20.301904296875023,
    22.487634277343773,
    22.558618164062523,
    22.504235839843773,
    22.446710205078148,
    18.025384521484398,
    22.190850830078148,
    21.703454589843773,
    22.111688232421898,
    21.841668701171898,
    21.992181396484398,
    17.531823730468773,
    18.599908447265648,
    18.463281250000023,
    17.551263427734398,
    20.249200439453148,
    21.291131591796898
  ],
  "outdoor_temps": [
    -6.1035156022626325e-06,
    -6.1035156022626325e-06,
    -6.1035156022626325e-06,
    -6.1035156022626325e-06,
    -6.1035156022626325e-06,
    -6.1035156022626325e-06,
    -6.1035156022626325e-06,
    -6.1035156022626325e-06,
    -6.1035156022626325e-06,
    -6.1035156022626325e-06,
    -6.1035156022626325e-06,
    -6.1035156022626325e-06,
    -6.1035156022626325e-06,
    -6.1035156022626325e-06,
    -6.1035156022626325e-06,
    -6.1035156022626325e-06,
    -6.1035156022626325e-06,
    -6.1035156022626325e-06,
    -6.1035156022626325e-06,
    -6.1035156022626325e-06,
    -6.1035156022626325e-06,
    -6.1035156022626325e-06,
    -6.1035156022626325e-06,
    0.48467407226564774,
    1.5674987792968977,
    2.6915527343750227,
    3.3000122070312727,
    3.2094665527343977,
    2.8019348144531477,
    2.3684326171875227,
    2.2000061035156477,
    2.3021789550781477,
    2.5030456542968977,
    2.8273864746093977,
    3.3000122070312727,
    4.170007324218773,
    5.390008544921898,
    6.540002441406273,
    7.200006103515648,
    7.400476074218773,
    7.509606933593773,
    7.613946533203148,
    7.800012207031273,
    8.075891113281273,
    8.371636962890648,
    8.656549072265648,
    8.899987792968773,
    9.066003417968773,
    9.171868896484398,
    9.266809082031273,
    9.399987792968773,
    9.710534667968773,
    10.159387207031273,
    10.528527832031273,
    10.600000000000023,
    10.450006103515648,
    10.300012207031273,
    10.149987792968773,
    9.999993896484398,
    9.850000000000023,
    9.700006103515648,
    9.550012207031273,
    9.399987792968773,
    8.978875732421898,
    8.201959228515648,
    7.349084472656273,
    6.700006103515648,
    6.357904052734398,
    6.149987792968773,
    5.942102050781273,
    5.600000000000023,
    4.941003417968773,
    4.063317871093773,
    3.2539611816406477,
    2.8000122070312727,
    2.6291442871093977,
    2.4749084472656477,
    2.3332153320312727,
    2.2000061035156477,
    2.0766845703125227,
    1.9598327636718977,
    1.8380676269531477,
    1.7000061035156477,
    1.4921203613281477,
    1.2039733886718977,
    0.8888488769531477,
    0.6000000000000227,
    0.41335449218752274,
    0.31020507812502274,
    0.20195922851564774,
    -6.1035156022626325e-06,
    -0.7735656738281023,
    -2.1510986328124773,
    -3.5530761718749773,
    -4.399999999999977
  ],
  "rewards": [
    4.9077753899246455,
    4.9076752827316525,
    4.905702330842614,
    4.90387322165072,
    -0.39562344645612857,
    4.8987204238869575,
    4.91677961335396,
    4.915232276762633,
    4.895928761618941,
    4.9143948172632115,
    -15.281001181479205,
    4.8870042678746195,
    -16.121048369810776,
    -2.3153527709536332,
    -15.092947935153472,
    4.8786166164959255,
    -1.6381115917190736,
    4.8807573387642265,
    4.8823683901941,
    -0.0732942493778107,
    -15.667293851899574,
    4.875048911347985,
    4.8780567333328975,
    4.879072434575013,
    -0.09672375845843106,
    4.881821458090259,
    -1.3597446440607186,
    4.881840817669164,
    4.882709738842171,
    -0.06933893849667326,
    -1.5652828595602482,
    4.921809840148882,
    4.910661866311794,
    4.91628024779908,
    -7.048599250657647,
    -0.02075949395014264,
    4.921649977921144,
    4.941617965609159,
    4.93717692102751,
    4.973185529600546,
    4.962806873062383,
    4.979403562456693,
    -1.9918123333949116,
    4.992070185247322,
    4.997669370085324,
    4.9923379949221145,
    -0.003074735410553965,
    4.985999213217394,
    -0.13473701979156774,
    -0.37912424352508717,
    -1.8512725322720525,
    -0.48467660435842985,
    -0.7256553670537598,
    -0.9996490392380888,
    -1.2531793613878142,
    -1.4550920436467065,
    4.935413603641741,
    -5.892356876145714,
    4.9346300601230375,
    -1.5533874987017766,
    -1.604553939863773,
    -1.5049213561189472,
    -1.2744852514338745,
    -2.1275830839720773,
    -0.6341286884653539,
    -0.37500978491393294,
    -0.21181280302938682,
    -0.11275389786163299,
    4.965970277729768,
    -0.12367634680528639,
    -0.005188841659415253,
    4.991960069806032,
    4.993726139933519,
    -1.095118564828859,
    4.998021496484137,
    4.999263998288053,
    4.997575866112121,
    4.989736074516955,
    4.9764215873200035,
    4.984283802472055,
    4.97852721546979,
    4.9761180683678905,
    4.973569442898683,
    -3.9097956325776946,
    4.962230794115559,
    4.980766125770245,
    4.958727225969019,
    4.965206437021817,
    4.953434569534401,
    -6.100941406219437,
    -1.9642689335647252,
    -2.365365908352548,
    -6.002152467823436,
    4.959289710491126,
    4.922359387634889
  ],