{
  "episode": 1611,
  "steps": 95,
  "actions": [
    23,
    23,
    23,
    23,
    23,
    22,
    23,
    23,
    23,
    23,
    23,
    23,
    23,
    22,
    7,
    20,
    23,
    23,
    21,
    23,
    13,
    13,
    23,
    23,
    23,
    22,
    13,
    13,
    23,
    4,
    23,
    23,
    14,
    22,
    21,
    22,
    23,
    23,
    23,
    23,
    23,
    13,
    4,
    20,
    23,
    23,
    22,
    23,
    23,
    12,
    23,
    23,
    22,
    23,
    23,
    23,
    23,
    23,
    23,
    23,
    22,
    23,
    7,
    23,
    23,
    12,
    20,
    23,
    23,
    20,
    20,
    23,
    23,
    23,
    23,
    6,
    23,
    20,
    23,
    23,
    23,
    14,
    23,
    22,
    23,
    12,
    20,
    23,
    23,
    23,
    6,
    23,
    22,
    23,
    22
  ],
  "temperatures": [
    20.975762939453148,
    20.971978759765648,
    20.926324462890648,
    20.884027099609398,
    20.848413085937523,
    20.818383789062523,
    20.792230224609398,
    20.768457031250023,
    20.746057128906273,
    20.724359130859398,
    20.703149414062523,
    20.682244873046898,
    20.661584472656273,
    20.641198730468773,
    19.070916748046898,
    20.544580078125023,
    20.553887939453148,
    20.543359375000023,
    20.529077148437523,
    20.513146972656273,
    19.896020507812523,
    19.838891601562523,
    20.425714111328148,
    20.435327148437523,
    20.464196777343773,
    20.505212402343773,
    19.954125976562523,
    19.926171875000023,
    20.490258789062523,
    18.934014892578148,
    20.449304199218773,
    21.023675537109398,
    20.727044677734398,
    21.251245117187523,
    21.340264892578148,
    21.407159423828148,
    21.474114990234398,
    21.575738525390648,
    21.775109863281273,
    22.055230712890648,
    22.329248046875023,
    22.462335205078148,
    22.652703857421898,
    23.070855712890648,
    23.331048583984398,
    23.581964111328148,
    23.818048095703148,
    24.038262939453148,
    24.243829345703148,
    24.759240722656273,
    24.621240234375023,
    24.788232421875023,
    24.952203369140648,
    25.100579833984398,
    25.219262695312523,
    25.305291748046898,
    25.369989013671898,
    25.417565917968773,
    25.445855712890648,
    25.449761962890648,
    25.426080322265648,
    25.372399902343773,
    26.639916992187523,
    25.147149658203148,
    24.930657958984398,
    25.166497802734398,
    24.598229980468773,
    24.462609863281273,
    24.353143310546898,
    24.258508300781273,
    24.169335937500023,
    23.600213623046898,
    23.462060546875023,
    23.339257812500023,
    23.235986328125023,
    23.262139892578148,
    23.072808837890648,
    22.983300781250023,
    22.898431396484398,
    22.821008300781273,
    22.749414062500023,
    22.611779785156273,
    22.613244628906273,
    22.546044921875023,
    22.474664306640648,
    22.267114257812523,
    22.324334716796898,
    22.254541015625023,
    22.182702636718773,
    22.114312744140648,
    21.502282714843773,
    21.957727050781273,
    21.863275146484398,
    21.751428222656273,
    21.651300048828148
  ],
  "outdoor_temps": [
    -6.1035156022626325e-06,
    -6.1035156022626325e-06,
    -6.1035156022626325e-06,
    -6.1035156022626325e-06,
    -6.1035156022626325e-06,
    -6.1035156022626325e-06,
    -6.1035156022626325e-06,
    -6.1035156022626325e-06,
    -6.1035156022626325e-06,
    -6.1035156022626325e-06,
    -6.1035156022626325e-06,
    -6.1035156022626325e-06,
    -6.1035156022626325e-06,
    -6.1035156022626325e-06,
    -6.1035156022626325e-06,
    -6.1035156022626325e-06,
    -6.1035156022626325e-06,
    -6.1035156022626325e-06,
    -6.1035156022626325e-06,
    -6.1035156022626325e-06,
    -6.1035156022626325e-06,
    -6.1035156022626325e-06,
    -6.1035156022626325e-06,
    0.48467407226564774,
    1.5674987792968977,
    2.6915527343750227,
    3.3000122070312727,
    3.2094665527343977,
    2.8019348144531477,
    2.3684326171875227,
    2.2000061035156477,
    2.3021789550781477,
    2.5030456542968977,
    2.8273864746093977,
    3.3000122070312727,
    4.170007324218773,
    5.390008544921898,
    6.540002441406273,
    7.200006103515648,
    7.400476074218773,
    7.509606933593773,
    7.613946533203148,
    7.800012207031273,
    8.075891113281273,
    8.371636962890648,
    8.656549072265648,
    8.899987792968773,
    9.066003417968773,
    9.171868896484398,
    9.266809082031273,
    9.399987792968773,
    9.710534667968773,
    10.159387207031273,
    10.528527832031273,
    10.600000000000023,
    10.450006103515648,
    10.300012207031273,
    10.149987792968773,
    9.999993896484398,
    9.850000000000023,
    9.700006103515648,
    9.550012207031273,
    9.399987792968773,
    8.978875732421898,
    8.201959228515648,
    7.349084472656273,
    6.700006103515648,
    6.357904052734398,
    6.149987792968773,
    5.942102050781273,
    5.600000000000023,
    4.941003417968773,
    4.063317871093773,
    3.2539611816406477,
    2.8000122070312727,
    2.6291442871093977,
    2.4749084472656477,
    2.3332153320312727,
    2.2000061035156477,
    2.0766845703125227,
    1.9598327636718977,
    1.8380676269531477,
    1.7000061035156477,
    1.4921203613281477,
    1.2039733886718977,
    0.8888488769531477,
    0.6000000000000227,
    0.41335449218752274,
    0.31020507812502274,
    0.20195922851564774,
    -6.1035156022626325e-06,
    -0.7735656738281023,
    -2.1510986328124773,
    -3.5530761718749773,
    -4.399999999999977
  ],
  "rewards": [
    4.9077753899246455,
    4.9076752827316525,
    4.905702330842614,
    4.90387322165072,
    4.902335326448083,
    4.901042344346642,
    4.899916627131726,
    4.89889272429049,
    4.897925631776452,
    4.896989104524255,
    4.896070191636682,
    4.895163533464074,
    4.894266431108117,
    4.893377902284264,
    -0.8777564811619062,
    4.889119116971674,
    4.889543673626107,
    4.889087512269616,
    4.888463132157922,
    4.887765261799745,
    -0.03395186405628446,
    -0.049516861330224565,
    4.883908192810157,
    4.884345071092248,
    4.885634419694543,
    4.887460047975183,
    -0.02480528579619707,
    -0.028357602845388144,
    4.886804272827248,
    -1.1513742786040044,
    4.884989421127931,
    4.910472628846764,
    4.932241435013712,
    4.920540458355909,
    4.924478285037305,
    4.927435362011842,
    4.930395586215283,
    4.93489692427218,
    4.9437405989319085,
    4.956172320619226,
    4.968334369435906,
    4.983526945076883,
    4.994789639032932,
    4.997164463310138,
    4.993699670067947,
    4.9903580615669485,
    4.9872140596061945,
    -0.0055513219681140435,
    -0.06422439139337456,
    -0.5805379148945559,
    -0.39196754942448475,
    -0.6278943509608865,
    -0.9138210375234918,
    -1.2188995178190114,
    -1.4946199918538887,
    -1.7120913527534005,
    -1.8853899423406153,
    -2.018171467408602,
    -2.099271194450623,
    -2.1105953158066337,
    -2.042411843054061,
    -1.892009626306332,
    -6.973224107525431,
    -1.323730741021802,
    -0.8731818838045424,
    -1.3657118578255707,
    -0.36382990087182754,
    -0.21950718409667355,
    -0.12984498750420032,
    -0.07164629660547955,
    -0.033197589137639615,
    4.990125503173989,
    4.991964157596231,
    4.993598144426942,
    4.994971880987286,
    4.998771175588481,
    4.997142522843635,
    4.997356495410204,
    4.993593416145962,
    4.990161064043641,
    4.986987693086267,
    4.987954672537744,
    4.980952340011363,
    4.977974371686578,
    4.974812268935468,
    4.977775216065347,
    4.968153102148486,
    4.9650609203492815,
    4.961879350915551,
    4.9588494632393125,
    4.977802693839185,
    4.951911990406073,
    4.947726590409875,
    4.9427670547592895,
    4.9383261177688835
  ],