{
  "episode": 108,
  "steps": 95,
  "actions": [
    23,
    23,
    23,
    23,
    15,
    15,
    21,
    14,
    21,
    23,
    21,
    23,
    23,
    6,
    23,
    3,
    21,
    23,
    17,
    15,
    2,
    21,
    11,
    21,
    21,
    23,
    4,
    21,
    23,
    20,
    21,
    21,
    19,
    22,
    10,
    21,
    23,
    15,
    4,
    6,
    21,
    22,
    4,
    6,
    1,
    3,
    3,
    3,
    8,
    8,
    3,
    3,
    2,
    11,
    20,
    3,
    11,
    21,
    2,
    19,
    16,
    20,
    2,
    10,
    16,
    6,
    3,
    8,
    11,
    11,
    1,
    15,
    3,
    5,
    20,
    7,
    23,
    18,
    15,
    1,
    15,
    15,
    15,
    15,
    15,
    17,
    7,
    15,
    6,
    4,
    7,
    10,
    9,
    11,
    21
  ],
  "temperatures": [
    20.975762939453148,
    20.971978759765648,
    20.926324462890648,
    20.884027099609398,
    20.309716796875023,
    20.239099121093773,
    20.760339355468773,
    20.193078613281273,
    20.712182617187523,
    20.704461669921898,
    20.688409423828148,
    20.670404052734398,
    20.651544189453148,
    19.085748291015648,
    20.556542968750023,
    16.381555175781273,
    20.413903808593773,
    20.473229980468773,
    15.656488037109398,
    19.591149902343773,
    16.037225341796898,
    20.223565673828148,
    15.660668945312523,
    20.170434570312523,
    20.294519042968773,
    20.369500732421898,
    18.829919433593773,
    20.376885986328148,
    20.399682617187523,
    20.398461914062523,
    20.420648193359398,
    20.968408203125023,
    16.156701660156273,
    21.047387695312523,
    16.605126953125023,
    21.151300048828148,
    21.299127197265648,
    21.055444335937523,
    20.742242431640648,
    21.108911132812523,
    22.193872070312523,
    22.467401123046898,
    22.482812500000023,
    22.874902343750023,
    20.777459716796898,
    21.013146972656273,
    21.366967773437523,
    21.709436035156273,
    20.482965087890648,
    20.660180664062523,
    22.434442138671898,
    22.790765380859398,
    23.073541259765648,
    21.524957275390648,
    24.827844238281273,
    23.722406005859398,
    21.889550781250023,
    25.019982910156273,
    23.932946777343773,
    20.800775146484398,
    20.683099365234398,
    24.872247314453148,
    23.577874755859398,
    21.543237304687523,
    20.167657470703148,
    24.801507568359398,
    22.486535644531273,
    20.662011718750023,
    20.446801757812523,
    20.277337646484398,
    21.487115478515648,
    23.026239013671898,
    20.613366699218773,
    22.588647460937523,
    22.722497558593773,
    22.467828369140648,
    22.585870361328148,
    18.152490234375023,
    22.122277832031273,
    19.578698730468773,
    21.972375488281273,
    21.972894287109398,
    21.920312500000023,
    21.857019042968773,
    21.785180664062523,
    17.524804687500023,
    20.889947509765648,
    21.430230712890648,
    20.908166503906273,
    20.786431884765648,
    20.684930419921898,
    17.497277832031273,
    17.255609130859398,
    17.057702636718773,
    21.014794921875023
  ],
  "outdoor_temps": [
    -6.1035156022626325e-06,
    -6.1035156022626325e-06,
    -6.1035156022626325e-06,
    -6.1035156022626325e-06,
    -6.1035156022626325e-06,
    -6.1035156022626325e-06,
    -6.1035156022626325e-06,
    -6.1035156022626325e-06,
    -6.1035156022626325e-06,
    -6.1035156022626325e-06,
    -6.1035156022626325e-06,
    -6.1035156022626325e-06,
    -6.1035156022626325e-06,
    -6.1035156022626325e-06,
    -6.1035156022626325e-06,
    -6.1035156022626325e-06,
    -6.1035156022626325e-06,
    -6.1035156022626325e-06,
    -6.1035156022626325e-06,
    -6.1035156022626325e-06,
    -6.1035156022626325e-06,
    -6.1035156022626325e-06,
    -6.1035156022626325e-06,
    0.48467407226564774,
    1.5674987792968977,
    2.6915527343750227,
    3.3000122070312727,
    3.2094665527343977,
    2.8019348144531477,
    2.3684326171875227,
    2.2000061035156477,
    2.3021789550781477,
    2.5030456542968977,
    2.8273864746093977,
    3.3000122070312727,
    4.170007324218773,
    5.390008544921898,
    6.540002441406273,
    7.200006103515648,
    7.400476074218773,
    7.509606933593773,
    7.613946533203148,
    7.800012207031273,
    8.075891113281273,
    8.371636962890648,
    8.656549072265648,
    8.899987792968773,
    9.066003417968773,
    9.171868896484398,
    9.266809082031273,
    9.399987792968773,
    9.710534667968773,
    10.159387207031273,
    10.528527832031273,
    10.600000000000023,
    10.450006103515648,
    10.300012207031273,
    10.149987792968773,
    9.999993896484398,
    9.850000000000023,
    9.700006103515648,
    9.550012207031273,
    9.399987792968773,
    8.978875732421898,
    8.201959228515648,
    7.349084472656273,
    6.700006103515648,
    6.357904052734398,
    6.149987792968773,
    5.942102050781273,
    5.600000000000023,
    4.941003417968773,
    4.063317871093773,
    3.2539611816406477,
    2.8000122070312727,
    2.6291442871093977,
    2.4749084472656477,
    2.3332153320312727,
    2.2000061035156477,
    2.0766845703125227,
    1.9598327636718977,
    1.8380676269531477,
    1.7000061035156477,
    1.4921203613281477,
    1.2039733886718977,
    0.8888488769531477,
    0.6000000000000227,
    0.41335449218752274,
    0.31020507812502274,
    0.20195922851564774,
    -6.1035156022626325e-06,
    -0.7735656738281023,
    -2.1510986328124773,
    -3.5530761718749773,
    -4.399999999999977
  ],
  "rewards": [
    4.9077753899246455,
    4.9076752827316525,
    4.905702330842614,
    4.90387322165072,
    4.919595122300088,
    4.917537898863463,
    4.89849865640959,
    4.916234655239336,
    4.896422249023681,
    4.8961050960130015,
    4.895415360704065,
    4.894638564259462,
    4.893820607438683,
    -0.850364445089321,
    4.889635398151434,
    -13.094697939506569,
    4.8833326122845,
    4.885975358158998,
    -18.86891063567231,
    -0.1925542360301065,
    -15.70475588982927,
    4.874933001763471,
    -18.83144523463314,
    4.8725963756927975,
    4.878108727604799,
    4.881441294819765,
    -1.3845239303004395,
    4.881776301621095,
    4.88278715816205,
    4.8827348969131705,
    4.883719412914436,
    4.908021943242006,
    -14.775423157840146,
    4.9114950629906815,
    -11.52891269014728,
    4.916080586615464,
    4.922629897267274,
    4.941905164681375,
    4.966527380822024,
    4.971950082758077,
    4.962324795486486,
    4.974466039807252,
    4.992276334706086,
    4.998078457096227,
    4.974286584836512,
    4.973239951125022,
    4.97166891096909,
    4.970148448932957,
    4.9507642459432075,
    4.949190602232905,
    4.966929681264067,
    4.965348091114353,
    4.964093291748356,
    4.941514558746763,
    -0.6920415213218578,
    4.961215336175595,
    4.938280825571198,
    -1.047719946753118,
    4.960281965624258,
    4.920869118935712,
    4.922435795946614,
    -0.7676786558605803,
    4.961856779904996,
    4.941354770615049,
    4.9292980071934664,
    -0.6444366057260003,
    4.966702191812067,
    4.949179830507417,
    4.951090750624628,
    4.952595653470768,
    4.971139492958015,
    4.9992143144231775,
    4.975031134960971,
    4.993829011309932,
    4.985782574156056,
    4.992048824282322,
    4.979730007360163,
    -3.42440769679836,
    4.9734814857675325,
    -0.1825931708702788,
    4.9690538811270635,
    4.969070935095458,
    4.967518949354797,
    4.965650675142912,
    4.963530046785979,
    -6.135616210294046,
    4.9687476873221685,
    4.953047838109019,
    4.969021026966891,
    4.967224442941218,
    4.965726463773855,
    -6.269339996007683,
    -7.536867649477337,
    -8.661861741524866,
    4.910110404241992
  ],