{
  "episode": 28,
  "steps": 95,
  "actions": [
    23,
    23,
    23,
    23,
    18,
    9,
    18,
    22,
    16,
    18,
    18,
    19,
    5,
    8,
    0,
    1,
    0,
    1,
    3,
    2,
    17,
    22,
    3,
    11,
    1,
    14,
    14,
    0,
    9,
    7,
    18,
    10,
    3,
    22,
    15,
    22,
    13,
    13,
    9,
    2,
    22,
    8,
    23,
    9,
    17,
    4,
    18,
    4,
    7,
    15,
    0,
    1,
    6,
    21,
    22,
    15,
    14,
    10,
    4,
    4,
    5,
    22,
    13,
    5,
    17,
    11,
    17,
    17,
    21,
    20,
    9,
    15,
    21,
    22,
    4,
    6,
    2,
    1,
    6,
    14,
    14,
    1,
    14,
    16,
    1,
    7,
    20,
    5,
    14,
    15,
    18,
    22,
    15,
    13,
    13
  ],
  "temperatures": [
    20.975762939453148,
    20.971978759765648,
    20.926324462890648,
    20.884027099609398,
    16.035058593750023,
    16.091088867187523,
    15.803094482421898,
    20.470849609375023,
    15.776635742187523,
    15.658807373046898,
    15.587304687500023,
    15.524591064453148,
    18.174310302734398,
    15.618768310546898,
    15.651025390625023,
    15.573114013671898,
    15.494958496093773,
    15.419488525390648,
    15.346246337890648,
    15.274865722656273,
    15.119592285156273,
    19.828637695312523,
    15.469171142578148,
    15.100946044921898,
    15.099908447265648,
    19.039849853515648,
    19.258294677734398,
    15.521936035156273,
    15.123712158203148,
    17.687646484375023,
    15.060937500000023,
    15.655206298828148,
    15.972375488281273,
    20.518457031250023,
    20.218652343750023,
    20.843347167968773,
    20.490472412109398,
    20.622399902343773,
    16.649499511718773,
    17.324121093750023,
    21.780572509765648,
    17.678582763671898,
    22.284722900390648,
    18.462579345703148,
    18.036340332031273,
    22.619042968750023,
    18.613427734375023,
    23.319940185546898,
    23.931268310546898,
    24.027612304687523,
    22.256341552734398,
    22.399224853515648,
    25.010247802734398,
    24.532891845703148,
    24.667810058593773,
    25.174035644531273,
    25.291436767578148,
    21.751580810546898,
    25.853906250000023,
    26.109979248046898,
    26.157098388671898,
    24.953729248046898,
    25.279260253906273,
    25.759057617187523,
    20.241815185546898,
    20.942803955078148,
    19.723199462890648,
    19.514916992187523,
    23.713281250000023,
    23.710290527343773,
    20.161889648437523,
    22.956414794921898,
    22.910546875000023,
    22.808129882812523,
    22.560601806640648,
    22.429254150390648,
    19.978387451171898,
    19.698297119140648,
    21.802087402343773,
    22.090661621093773,
    22.040216064453148,
    19.339624023437523,
    21.794763183593773,
    17.591424560546898,
    18.714410400390648,
    20.900506591796898,
    21.734368896484398,
    20.926538085937523,
    21.310968017578148,
    21.260186767578148,
    17.055017089843773,
    21.358300781250023,
    20.944421386718773,
    20.819207763671898,
    20.706933593750023
  ],
  "outdoor_temps": [
    -6.1035156022626325e-06,
    -6.1035156022626325e-06,
    -6.1035156022626325e-06,
    -6.1035156022626325e-06,
    -6.1035156022626325e-06,
    -6.1035156022626325e-06,
    -6.1035156022626325e-06,
    -6.1035156022626325e-06,
    -6.1035156022626325e-06,
    -6.1035156022626325e-06,
    -6.1035156022626325e-06,
    -6.1035156022626325e-06,
    -6.1035156022626325e-06,
    -6.1035156022626325e-06,
    -6.1035156022626325e-06,
    -6.1035156022626325e-06,
    -6.1035156022626325e-06,
    -6.1035156022626325e-06,
    -6.1035156022626325e-06,
    -6.1035156022626325e-06,
    -6.1035156022626325e-06,
    -6.1035156022626325e-06,
    -6.1035156022626325e-06,
    0.48467407226564774,
    1.5674987792968977,
    2.6915527343750227,
    3.3000122070312727,
    3.2094665527343977,
    2.8019348144531477,
    2.3684326171875227,
    2.2000061035156477,
    2.3021789550781477,
    2.5030456542968977,
    2.8273864746093977,
    3.3000122070312727,
    4.170007324218773,
    5.390008544921898,
    6.540002441406273,
    7.200006103515648,
    7.400476074218773,
    7.509606933593773,
    7.613946533203148,
    7.800012207031273,
    8.075891113281273,
    8.371636962890648,
    8.656549072265648,
    8.899987792968773,
    9.066003417968773,
    9.171868896484398,
    9.266809082031273,
    9.399987792968773,
    9.710534667968773,
    10.159387207031273,
    10.528527832031273,
    10.600000000000023,
    10.450006103515648,
    10.300012207031273,
    10.149987792968773,
    9.999993896484398,
    9.850000000000023,
    9.700006103515648,
    9.550012207031273,
    9.399987792968773,
    8.978875732421898,
    8.201959228515648,
    7.349084472656273,
    6.700006103515648,
    6.357904052734398,
    6.149987792968773,
    5.942102050781273,
    5.600000000000023,
    4.941003417968773,
    4.063317871093773,
    3.2539611816406477,
    2.8000122070312727,
    2.6291442871093977,
    2.4749084472656477,
    2.3332153320312727,
    2.2000061035156477,
    2.0766845703125227,
    1.9598327636718977,
    1.8380676269531477,
    1.7000061035156477,
    1.4921203613281477,
    1.2039733886718977,
    0.8888488769531477,
    0.6000000000000227,
    0.41335449218752274,
    0.31020507812502274,
    0.20195922851564774,
    -6.1035156022626325e-06,
    -0.7735656738281023,
    -2.1510986328124773,
    -3.5530761718749773,
    -4.399999999999977
  ],
  "rewards": [
    14.988456155031919,
    14.988443641632795,
    14.988197022646666,
    14.987968383997679,
    -78.60399943833261,
    -76.39805979112907,
    -88.07023854592354,
    14.985692523649206,
    -89.1841827578338,
    -94.22990196300269,
    -97.35952253470182,
    -100.14653818165122,
    -16.666608271537672,
    -95.97603164979105,
    -94.56793775041692,
    -97.98663034733414,
    -101.4770230948745,
    -104.90545099884484,
    -108.28713583367002,
    -111.63448583323715,
    -119.09194239860093,
    -0.14860910584132297,
    -102.64207757933245,
    -120.00366690313346,
    -120.05449257246875,
    -4.610912644378201,
    -2.752024255274003,
    -100.26531423110463,
    -118.89093677040377,
    -26.73587648336003,
    -121.97172726125136,
    -94.38624175424489,
    -81.10885098094188,
    14.985987644159277,
    14.989642833017136,
    14.987786015125721,
    14.99064502193811,
    14.991131783243754,
    -56.12945813071529,
    -35.801769488134994,
    14.992981666288623,
    -26.945194620648664,
    14.99577904844025,
    -11.818703028428205,
    -19.280327066890514,
    14.999286337059074,
    -9.613539921839026,
    14.999813063241785,
    14.999473869808584,
    -0.003933713064316622,
    14.99596444306968,
    14.99588516662456,
    -5.103115583749483,
    -1.4201489747997775,
    -2.23015420006464,
    -6.8920471807300485,
    -8.339306355402556,
    14.992433606450325,
    -17.18500118489785,
    -22.26023561058874,
    -23.265543384551368,
    -4.5483478100464625,
    -8.182794378402798,
    -15.471572515913572,
    14.991023008161912,
    14.9933310528417,
    -0.38390404210142653,
    -1.1773043022314038,
    14.998560613202013,
    14.998565627650073,
    14.994197942069691,
    14.999760820648754,
    14.999248931559531,
    14.998681503028324,
    14.999176672892968,
    14.998934234686763,
    -0.002612394760649434,
    -0.45538448462451064,
    14.997776081656712,
    14.996563849331892,
    14.996377750401264,
    -2.1807235593203167,
    14.995471320639972,
    -29.00663425098894,
    -8.26390982596823,
    14.99611210921933,
    14.992734363580528,
    14.996160678819713,
    14.993686184445153,
    14.99349880701757,
    -43.364988520979594,
    14.990652068784703,
    14.99233290626886,
    14.991870129781573,
    14.991455008503534
  ],