{
  "episode": 14,
  "steps": 95,
  "actions": [
    23,
    23,
    23,
    23,
    12,
    11,
    0,
    13,
    17,
    20,
    7,
    20,
    6,
    18,
    3,
    10,
    8,
    10,
    12,
    3,
    9,
    2,
    6,
    7,
    23,
    3,
    8,
    5,
    1,
    17,
    3,
    23,
    17,
    4,
    1,
    0,
    16,
    15,
    4,
    22,
    17,
    22,
    20,
    5,
    1,
    2,
    0,
    6,
    21,
    7,
    3,
    2,
    5,
    20,
    6,
    23,
    11,
    16,
    8,
    1,
    7,
    8,
    0,
    6,
    16,
    20,
    3,
    17,
    17,
    9,
    6,
    22,
    3,
    15,
    6,
    21,
    5,
    21,
    21,
    1,
    22,
    13,
    23,
    0,
    20,
    4,
    14,
    0,
    2,
    0,
    15,
    16,
    6,
    3,
    1
  ],
  "temperatures": [
    20.975762939453148,
    20.971978759765648,
    20.926324462890648,
    20.884027099609398,
    20.309716796875023,
    16.260705566406273,
    16.378167724609398,
    19.860375976562523,
    15.805749511718773,
    20.445886230468773,
    18.917687988281273,
    20.493524169921898,
    18.920312500000023,
    15.664056396484398,
    15.882470703125023,
    15.603356933593773,
    15.523156738281273,
    15.453271484375023,
    19.305718994140648,
    15.745782470703148,
    15.346246337890648,
    15.355798339843773,
    17.769006347656273,
    17.970391845703148,
    20.010797119140648,
    15.723199462890648,
    15.317041015625023,
    17.923028564453148,
    15.479302978515648,
    15.133172607421898,
    15.161065673828148,
    20.397851562500023,
    15.783410644531273,
    19.067468261718773,
    16.646783447265648,
    16.480310058593773,
    15.912927246093773,
    20.368188476562523,
    20.088311767578148,
    21.533074951171898,
    16.850213623046898,
    22.065087890625023,
    22.400109863281273,
    22.407006835937523,
    20.253656005859398,
    20.486230468750023,
    20.844812011718773,
    23.632073974609398,
    23.731103515625023,
    24.464196777343773,
    22.441064453125023,
    22.559808349609398,
    25.168756103515648,
    24.628808593750023,
    25.759912109375023,
    24.885980224609398,
    21.778405761718773,
    20.577600097656273,
    21.648278808593773,
    23.421746826171898,
    25.885247802734398,
    21.713830566406273,
    23.249597167968773,
    25.459893798828148,
    20.114190673828148,
    24.135064697265648,
    22.314385986328148,
    19.572442626953148,
    19.369531250000023,
    20.080163574218773,
    23.661462402343773,
    22.983880615234398,
    20.462976074218773,
    22.613122558593773,
    22.434259033203148,
    22.575311279296898,
    22.221429443359398,
    22.429925537109398,
    22.366143798828148,
    19.554254150390648,
    22.172326660156273,
    21.954461669921898,
    22.106652832031273,
    19.138330078125023,
    21.918084716796898,
    21.230035400390648,
    21.538903808593773,
    18.673272705078148,
    18.386865234375023,
    18.213220214843773,
    21.018121337890648,
    16.925958251953148,
    19.988153076171898,
    17.661187744140648,
    17.368402099609398
  ],
  "outdoor_temps": [
    -6.1035156022626325e-06,
    -6.1035156022626325e-06,
    -6.1035156022626325e-06,
    -6.1035156022626325e-06,
    -6.1035156022626325e-06,
    -6.1035156022626325e-06,
    -6.1035156022626325e-06,
    -6.1035156022626325e-06,
    -6.1035156022626325e-06,
    -6.1035156022626325e-06,
    -6.1035156022626325e-06,
    -6.1035156022626325e-06,
    -6.1035156022626325e-06,
    -6.1035156022626325e-06,
    -6.1035156022626325e-06,
    -6.1035156022626325e-06,
    -6.1035156022626325e-06,
    -6.1035156022626325e-06,
    -6.1035156022626325e-06,
    -6.1035156022626325e-06,
    -6.1035156022626325e-06,
    -6.1035156022626325e-06,
    -6.1035156022626325e-06,
    0.48467407226564774,
    1.5674987792968977,
    2.6915527343750227,
    3.3000122070312727,
    3.2094665527343977,
    2.8019348144531477,
    2.3684326171875227,
    2.2000061035156477,
    2.3021789550781477,
    2.5030456542968977,
    2.8273864746093977,
    3.3000122070312727,
    4.170007324218773,
    5.390008544921898,
    6.540002441406273,
    7.200006103515648,
    7.400476074218773,
    7.509606933593773,
    7.613946533203148,
    7.800012207031273,
    8.075891113281273,
    8.371636962890648,
    8.656549072265648,
    8.899987792968773,
    9.066003417968773,
    9.171868896484398,
    9.266809082031273,
    9.399987792968773,
    9.710534667968773,
    10.159387207031273,
    10.528527832031273,
    10.600000000000023,
    10.450006103515648,
    10.300012207031273,
    10.149987792968773,
    9.999993896484398,
    9.850000000000023,
    9.700006103515648,
    9.550012207031273,
    9.399987792968773,
    8.978875732421898,
    8.201959228515648,
    7.349084472656273,
    6.700006103515648,
    6.357904052734398,
    6.149987792968773,
    5.942102050781273,
    5.600000000000023,
    4.941003417968773,
    4.063317871093773,
    3.2539611816406477,
    2.8000122070312727,
    2.6291442871093977,
    2.4749084472656477,
    2.3332153320312727,
    2.2000061035156477,
    2.0766845703125227,
    1.9598327636718977,
    1.8380676269531477,
    1.7000061035156477,
    1.4921203613281477,
    1.2039733886718977,
    0.8888488769531477,
    0.6000000000000227,
    0.41335449218752274,
    0.31020507812502274,
    0.20195922851564774,
    -6.1035156022626325e-06,
    -0.7735656738281023,
    -2.1510986328124773,
    -3.5530761718749773,
    -4.399999999999977
  ],
  "rewards": [
    14.988456155031919,
    14.988443641632795,
    14.988197022646666,
    14.987968383997679,
    14.989944712713362,
    -69.91176173186874,
    -65.58842249172213,
    -0.09864508859363004,
    -87.9588451286309,
    14.985561575846829,
    -5.857753194405027,
    14.985832307273927,
    -5.829381405754275,
    -94.00217036027468,
    -84.77028737846588,
    -96.65242562548173,
    -100.21069341193757,
    -103.36375868389466,
    -2.4115041314955357,
    -90.49187618705649,
    -108.28716157416349,
    -107.84306592007833,
    -24.8876312607504,
    -20.597476866583172,
    14.983174899721924,
    -91.45515518221664,
    -109.65056686513965,
    -21.56999081724852,
    -102.1835353018516,
    -118.43009172225217,
    -117.07643692805817,
    14.985323445790488,
    -88.89828460622036,
    -4.348804875495924,
    -56.220398599868616,
    -61.94116953440839,
    -83.52099569645728,
    14.990191491971197,
    14.994605905693753,
    14.991608771635786,
    -49.606104293974184,
    14.994560341196216,
    14.996419258930112,
    14.998893886686261,
    14.997075846556331,
    14.996946752762097,
    14.996747740597748,
    14.999639869170263,
    14.998530702697195,
    -1.077475420919077,
    14.995861948762494,
    14.995796071979258,
    -6.830075412905199,
    -1.9772975819498435,
    -15.48660721768334,
    -3.9251439276871545,
    14.992403766706586,
    14.99046425336988,
    14.99254827750701,
    14.995318264431523,
    -17.77095739972797,
    14.99247545970458,
    14.995413654512928,
    -10.656586934504803,
    14.991235440926708,
    -0.09142651203349066,
    14.995932695821818,
    -0.9148127900530139,
    -1.988206696943342,
    14.994288559736766,
    14.999623761517116,
    14.999654999891378,
    14.996961728381317,
    14.998492762931663,
    14.998943126258238,
    14.997391521142877,
    14.99855047404272,
    14.99658622675551,
    14.996232970819523,
    -0.9937001436768059,
    14.99515919532967,
    14.99606102599981,
    14.994795891236999,
    -3.712605501656597,
    14.993751601547002,
    14.996720738661434,
    14.99452747958769,
    -8.801231021277799,
    -13.011207439650788,
    -15.963088967097605,
    14.992604881718755,
    -47.24900871915339,
    -0.0012588860718182522,
    -27.350362252945768,
    -34.62666973823655
  ],