{
  "episode": 269,
  "steps": 95,
  "actions": [
    23,
    23,
    23,
    23,
    21,
    19,
    11,
    22,
    12,
    0,
    12,
    12,
    11,
    21,
    22,
    5,
    4,
    20,
    22,
    20,
    22,
    20,
    15,
    4,
    20,
    12,
    11,
    21,
    22,
    21,
    15,
    20,
    15,
    22,
    20,
    20,
    20,
    12,
    8,
    11,
    15,
    4,
    1,
    12,
    1,
    22,
    20,
    15,
    21,
    21,
    20,
    4,
    22,
    15,
    14,
    0,
    22,
    15,
    0,
    21,
    20,
    22,
    10,
    15,
    20,
    21,
    20,
    21,
    22,
    11,
    7,
    22,
    22,
    4,
    15,
    12,
    19,
    19,
    22,
    7,
    19,
    21,
    10,
    21,
    3,
    3,
    12,
    22,
    20,
    12,
    0,
    15,
    21,
    4,
    20
  ],
  "temperatures": [
    20.975762939453148,
    20.971978759765648,
    20.926324462890648,
    20.884027099609398,
    20.848413085937523,
    16.007836914062523,
    16.059960937500023,
    20.531030273437523,
    20.025903320312523,
    16.438012695312523,
    19.786553955078148,
    19.893426513671898,
    15.909783935546898,
    20.364251708984398,
    20.443780517578148,
    18.830346679687523,
    18.636956787109398,
    20.353906250000023,
    20.386895751953148,
    20.390344238281273,
    20.385308837890648,
    20.375970458984398,
    19.740686035156273,
    18.631555175781273,
    20.310021972656273,
    19.768792724609398,
    15.735955810546898,
    20.266595458984398,
    20.340295410156273,
    20.354241943359398,
    19.772149658203148,
    20.911889648437523,
    20.602166748046898,
    21.149621582031273,
    21.241693115234398,
    21.311059570312523,
    21.380151367187523,
    21.123284912109398,
    17.099938964843773,
    17.227136230468773,
    21.758050537109398,
    21.933740234375023,
    19.675134277343773,
    22.751855468750023,
    20.659143066406273,
    23.344140625000023,
    23.618524169921898,
    24.038934326171898,
    24.071069335937523,
    24.268243408203148,
    24.449334716796898,
    25.544580078125023,
    24.818017578125023,
    25.404199218750023,
    25.575036621093773,
    24.099389648437523,
    25.220544433593773,
    25.811242675781273,
    24.326623535156273,
    25.306115722656273,
    25.297387695312523,
    25.248345947265648,
    22.132989501953148,
    25.338586425781273,
    24.754083251953148,
    24.578271484375023,
    24.429498291015648,
    24.306146240234398,
    24.203668212890648,
    20.866845703125023,
    24.431695556640648,
    23.419366455078148,
    23.289270019531273,
    23.303582763671898,
    23.110009765625023,
    23.008721923828148,
    18.621087646484398,
    18.408013916015648,
    22.556726074218773,
    22.293511962890648,
    18.154168701171898,
    22.320977783203148,
    18.601770019531273,
    22.172174072265648,
    19.369622802734398,
    19.104364013671898,
    21.654718017578148,
    21.915338134765648,
    21.875756835937523,
    21.546533203125023,
    18.698236083984398,
    21.258416748046898,
    21.559014892578148,
    20.557672119140648,
    21.354516601562523
  ],
  "outdoor_temps": [
    -6.1035156022626325e-06,
    -6.1035156022626325e-06,
    -6.1035156022626325e-06,
    -6.1035156022626325e-06,
    -6.1035156022626325e-06,
    -6.1035156022626325e-06,
    -6.1035156022626325e-06,
    -6.1035156022626325e-06,
    -6.1035156022626325e-06,
    -6.1035156022626325e-06,
    -6.1035156022626325e-06,
    -6.1035156022626325e-06,
    -6.1035156022626325e-06,
    -6.1035156022626325e-06,
    -6.1035156022626325e-06,
    -6.1035156022626325e-06,
    -6.1035156022626325e-06,
    -6.1035156022626325e-06,
    -6.1035156022626325e-06,
    -6.1035156022626325e-06,
    -6.1035156022626325e-06,
    -6.1035156022626325e-06,
    -6.1035156022626325e-06,
    0.48467407226564774,
    1.5674987792968977,
    2.6915527343750227,
    3.3000122070312727,
    3.2094665527343977,
    2.8019348144531477,
    2.3684326171875227,
    2.2000061035156477,
    2.3021789550781477,
    2.5030456542968977,
    2.8273864746093977,
    3.3000122070312727,
    4.170007324218773,
    5.390008544921898,
    6.540002441406273,
    7.200006103515648,
    7.400476074218773,
    7.509606933593773,
    7.613946533203148,
    7.800012207031273,
    8.075891113281273,
    8.371636962890648,
    8.656549072265648,
    8.899987792968773,
    9.066003417968773,
    9.171868896484398,
    9.266809082031273,
    9.399987792968773,
    9.710534667968773,
    10.159387207031273,
    10.528527832031273,
    10.600000000000023,
    10.450006103515648,
    10.300012207031273,
    10.149987792968773,
    9.999993896484398,
    9.850000000000023,
    9.700006103515648,
    9.550012207031273,
    9.399987792968773,
    8.978875732421898,
    8.201959228515648,
    7.349084472656273,
    6.700006103515648,
    6.357904052734398,
    6.149987792968773,
    5.942102050781273,
    5.600000000000023,
    4.941003417968773,
    4.063317871093773,
    3.2539611816406477,
    2.8000122070312727,
    2.6291442871093977,
    2.4749084472656477,
    2.3332153320312727,
    2.2000061035156477,
    2.0766845703125227,
    1.9598327636718977,
    1.8380676269531477,
    1.7000061035156477,
    1.4921203613281477,
    1.2039733886718977,
    0.8888488769531477,
    0.6000000000000227,
    0.41335449218752274,
    0.31020507812502274,
    0.20195922851564774,
    -6.1035156022626325e-06,
    -0.7735656738281023,
    -2.1510986328124773,
    -3.5530761718749773,
    -4.399999999999977
  ],
  "rewards": [
    4.9077753899246455,
    4.9076752827316525,
    4.905702330842614,
    4.90387322165072,
    4.902335364595055,
    -15.941354018627768,
    -15.52644708743058,
    4.888341080892993,
    4.911307449251737,
    -12.689371302055802,
    -0.06953938737510665,
    -0.03454214232770808,
    -16.73207216071675,
    4.881083943594409,
    4.884630286366395,
    -1.383537296311087,
    -1.8740484323847986,
    4.880681817291872,
    4.882155310741585,
    4.882316224299695,
    4.882100121608895,
    4.881693694316175,
    -0.09152899812257925,
    -1.8888134883531842,
    4.878797070740358,
    -0.07752855419463682,
    -18.183891528125496,
    4.87688451503606,
    4.8801536914414685,
    4.880773102961804,
    -0.07596067515322306,
    4.905514809745162,
    4.928547630130272,
    4.916031109946577,
    4.920104729853894,
    4.923171388736885,
    4.926225816837471,
    4.9439124630083855,
    -8.415201466072057,
    -7.693903110618374,
    4.962687461313022,
    4.984152145264468,
    -0.11074864662473598,
    4.992095902520839,
    4.974811689823096,
    4.993524769615058,
    4.989870769106175,
    -0.004008649432142618,
    -0.009247379494105338,
    -0.07680748484220118,
    -0.20735752604093988,
    -2.388574740037433,
    -0.6758358443690755,
    -1.9772979901877425,
    -2.486641955455108,
    -0.019998652072749368,
    -1.497751294598039,
    -3.287025628700611,
    -0.11705510961146405,
    -1.714245631322324,
    -1.691493182360537,
    -1.5664828249375378,
    4.936119756609525,
    -1.7971905041081708,
    -0.5751114379663526,
    -0.34028237960587415,
    -0.18985790542450298,
    -0.09870392407575476,
    -0.04611799708689963,
    4.947362942606534,
    -0.18797280129310412,
    4.992532772133532,
    4.994264092468049,
    4.9985885217220964,
    4.998467949351863,
    4.999365793680569,
    -1.9140739621108014,
    -2.546384905779095,
    4.978441459818379,
    4.989478183928269,
    -3.4182123039937347,
    4.96799195735027,
    -1.9632174206443467,
    4.9613997027310335,
    -0.4022408751084223,
    -0.8067352118547194,
    4.95967927451529,
    4.950025131452991,
    4.948273741923596,
    4.9564899776568225,
    -1.6987108206402162,
    4.947978882752359,
    4.934238969939559,
    4.9638479851593225,
    4.925169412850038
  ],