{
  "episode": 1203,
  "steps": 95,
  "actions": [
    23,
    23,
    23,
    23,
    22,
    15,
    21,
    20,
    22,
    21,
    1,
    20,
    21,
    21,
    5,
    4,
    21,
    21,
    1,
    20,
    20,
    13,
    21,
    4,
    21,
    20,
    13,
    22,
    21,
    20,
    22,
    22,
    20,
    21,
    13,
    15,
    23,
    21,
    15,
    20,
    8,
    21,
    21,
    21,
    15,
    20,
    21,
    22,
    21,
    4,
    22,
    21,
    12,
    15,
    4,
    15,
    20,
    21,
    12,
    21,
    13,
    4,
    21,
    21,
    21,
    21,
    21,
    21,
    22,
    20,
    23,
    21,
    21,
    4,
    20,
    20,
    23,
    21,
    22,
    21,
    12,
    22,
    22,
    20,
    21,
    15,
    4,
    21,
    13,
    22,
    22,
    23,
    21,
    22,
    22
  ],
  "temperatures": [
    20.975762939453148,
    20.971978759765648,
    20.926324462890648,
    20.884027099609398,
    20.848413085937523,
    20.273736572265648,
    20.771264648437523,
    20.758325195312523,
    20.739190673828148,
    20.719293212890648,
    16.585900878906273,
    20.540551757812523,
    20.593530273437523,
    20.593682861328148,
    19.015496826171898,
    18.807092285156273,
    20.461694335937523,
    20.487145996093773,
    16.250848388671898,
    20.333093261718773,
    20.394372558593773,
    19.782586669921898,
    20.373773193359398,
    18.737725830078148,
    20.358178710937523,
    20.431451416015648,
    19.879663085937523,
    20.461694335937523,
    20.462854003906273,
    20.452844238281273,
    20.469598388671898,
    21.014825439453148,
    21.142205810546898,
    21.245446777343773,
    20.929620361328148,
    20.984918212890648,
    21.430200195312523,
    21.539666748046898,
    21.430902099609398,
    22.015191650390648,
    17.889459228515648,
    22.447167968750023,
    22.759149169921898,
    23.012628173828148,
    23.323510742187523,
    23.526483154296898,
    23.764001464843773,
    23.985772705078148,
    24.192681884765648,
    25.170281982421898,
    24.584222412109398,
    24.747094726562523,
    25.343164062500023,
    25.546563720703148,
    26.482781982421898,
    25.863427734375023,
    25.377099609375023,
    25.413323974609398,
    26.007318115234398,
    25.455621337890648,
    25.997216796875023,
    26.826470947265648,
    25.307885742187523,
    25.129968261718773,
    24.924676513671898,
    24.739221191406273,
    24.581506347656273,
    24.451043701171898,
    24.342614746093773,
    24.248529052734398,
    24.159692382812523,
    23.590112304687523,
    23.452203369140648,
    23.548638916015648,
    23.231958007812523,
    23.146569824218773,
    23.063134765625023,
    22.974694824218773,
    22.889947509765648,
    22.812615966796898,
    22.685296630859398,
    22.671807861328148,
    22.606317138671898,
    22.538507080078148,
    22.467095947265648,
    22.257745361328148,
    21.925164794921898,
    22.235467529296898,
    21.980371093750023,
    22.096673583984398,
    22.035424804687523,
    21.961816406250023,
    21.860192871093773,
    21.746759033203148,
    21.645898437500023
  ],
  "outdoor_temps": [
    -6.1035156022626325e-06,
    -6.1035156022626325e-06,
    -6.1035156022626325e-06,
    -6.1035156022626325e-06,
    -6.1035156022626325e-06,
    -6.1035156022626325e-06,
    -6.1035156022626325e-06,
    -6.1035156022626325e-06,
    -6.1035156022626325e-06,
    -6.1035156022626325e-06,
    -6.1035156022626325e-06,
    -6.1035156022626325e-06,
    -6.1035156022626325e-06,
    -6.1035156022626325e-06,
    -6.1035156022626325e-06,
    -6.1035156022626325e-06,
    -6.1035156022626325e-06,
    -6.1035156022626325e-06,
    -6.1035156022626325e-06,
    -6.1035156022626325e-06,
    -6.1035156022626325e-06,
    -6.1035156022626325e-06,
    -6.1035156022626325e-06,
    0.48467407226564774,
    1.5674987792968977,
    2.6915527343750227,
    3.3000122070312727,
    3.2094665527343977,
    2.8019348144531477,
    2.3684326171875227,
    2.2000061035156477,
    2.3021789550781477,
    2.5030456542968977,
    2.8273864746093977,
    3.3000122070312727,
    4.170007324218773,
    5.390008544921898,
    6.540002441406273,
    7.200006103515648,
    7.400476074218773,
    7.509606933593773,
    7.613946533203148,
    7.800012207031273,
    8.075891113281273,
    8.371636962890648,
    8.656549072265648,
    8.899987792968773,
    9.066003417968773,
    9.171868896484398,
    9.266809082031273,
    9.399987792968773,
    9.710534667968773,
    10.159387207031273,
    10.528527832031273,
    10.600000000000023,
    10.450006103515648,
    10.300012207031273,
    10.149987792968773,
    9.999993896484398,
    9.850000000000023,
    9.700006103515648,
    9.550012207031273,
    9.399987792968773,
    8.978875732421898,
    8.201959228515648,
    7.349084472656273,
    6.700006103515648,
    6.357904052734398,
    6.149987792968773,
    5.942102050781273,
    5.600000000000023,
    4.941003417968773,
    4.063317871093773,
    3.2539611816406477,
    2.8000122070312727,
    2.6291442871093977,
    2.4749084472656477,
    2.3332153320312727,
    2.2000061035156477,
    2.0766845703125227,
    1.9598327636718977,
    1.8380676269531477,
    1.7000061035156477,
    1.4921203613281477,
    1.2039733886718977,
    0.8888488769531477,
    0.6000000000000227,
    0.41335449218752274,
    0.31020507812502274,
    0.20195922851564774,
    -6.1035156022626325e-06,
    -0.7735656738281023,
    -2.1510986328124773,
    -3.5530761718749773,
    -4.399999999999977
  ],
  "rewards": [
    4.9077753899246455,
    4.9076752827316525,
    4.905702330842614,
    4.90387322165072,
    4.902335326448083,
    4.918564500719633,
    4.8989847155984325,
    4.898442103535585,
    4.89762154304139,
    4.896763837062146,
    -11.657854703670496,
    4.888872592221621,
    4.891244341961068,
    4.891268651158265,
    -0.984012292070553,
    -1.4385631451878722,
    4.885453392772571,
    4.886592824131898,
    -14.057547797305624,
    4.879776818524722,
    4.88250191413514,
    -0.07124577074594131,
    4.881604573425392,
    -1.609115918321761,
    4.88093246197571,
    4.884189946324281,
    -0.037732276872766764,
    4.885536582168678,
    4.885588843547131,
    4.885146405369691,
    4.885889765850227,
    4.91007979127052,
    4.915716197215344,
    4.920283343425911,
    4.938211803295366,
    4.939837827567497,
    4.92844684328398,
    4.933295714631677,
    4.953010129787676,
    4.954395492183774,
    -4.460981779687983,
    4.973567495090158,
    4.987416134745531,
    4.997939711686872,
    4.996567464031927,
    4.99109671893975,
    4.98793371402375,
    4.984980688960008,
    -0.04172768609194232,
    -1.3719917302265403,
    -0.34722070527954013,
    -0.5645975346636852,
    -1.8094769411453695,
    -2.3976978446803074,
    -6.168094299193787,
    -3.478904444293568,
    -1.9049470474247678,
    -2.0061488487879857,
    -4.036186727240125,
    -2.127638505238944,
    -3.9957132815489564,
    -7.9932073497945595,
    -1.7188785816146575,
    -1.2845494333201641,
    -0.8620644067892335,
    -0.5528681907349644,
    -0.34404472204980696,
    -0.20890119544353927,
    -0.12248462650116633,
    -0.06655320988564221,
    -0.029992443242158065,
    4.9902597156912085,
    4.992095376521997,
    4.997501454394027,
    4.995025461374418,
    4.996161413273733,
    4.997271324477118,
    4.996975643709302,
    4.993217841357641,
    4.989789706193235,
    4.99012779156556,
    4.98354744647832,
    4.980645745717313,
    4.977640125476148,
    4.974477295509499,
    4.977498166420213,
    4.984043558714709,
    4.964215495346681,
    4.969307308056108,
    4.958067733940223,
    4.955354902468946,
    4.952093074046399,
    4.947589008584618,
    4.942560102612428,
    4.938086621485974
  ],