{
  "episode": 1316,
  "steps": 95,
  "actions": [
    23,
    23,
    23,
    23,
    15,
    14,
    23,
    22,
    22,
    15,
    21,
    21,
    20,
    15,
    15,
    22,
    15,
    14,
    15,
    12,
    15,
    15,
    15,
    14,
    15,
    14,
    22,
    21,
    13,
    12,
    21,
    15,
    21,
    15,
    12,
    14,
    14,
    14,
    15,
    21,
    12,
    15,
    15,
    13,
    15,
    15,
    13,
    12,
    3,
    9,
    2,
    3,
    9,
    3,
    3,
    2,
    23,
    11,
    1,
    3,
    2,
    10,
    3,
    0,
    9,
    9,
    3,
    23,
    15,
    11,
    21,
    22,
    13,
    13,
    15,
    1,
    6,
    20,
    22,
    22,
    6,
    15,
    15,
    14,
    14,
    5,
    15,
    3,
    21,
    15,
    15,
    22,
    6,
    10,
    23
  ],
  "temperatures": [
    21.111627197265648,
    21.104028320312523,
    21.062646484375023,
    21.024285888671898,
    20.531274414062523,
    20.474237060546898,
    20.916040039062523,
    20.905114746093773,
    20.888757324218773,
    20.389337158203148,
    20.836297607421898,
    20.826135253906273,
    20.810540771484398,
    20.299188232421898,
    20.252709960937523,
    20.731469726562523,
    20.218835449218773,
    20.177301025390648,
    20.147760009765648,
    20.121179199218773,
    20.096276855468773,
    20.072503662109398,
    20.049615478515648,
    20.039117431640648,
    20.062341308593773,
    20.103662109375023,
    20.653222656250023,
    20.673211669921898,
    20.161157226562523,
    20.120874023437523,
    20.642968750000023,
    20.767266845703148,
    21.276635742187523,
    21.028131103515648,
    21.104608154296898,
    21.170892333984398,
    21.241052246093773,
    21.350976562500023,
    21.571405029296898,
    22.105859375000023,
    22.206140136718773,
    22.500939941406273,
    22.788018798828148,
    23.072930908203148,
    23.370660400390648,
    23.659814453125023,
    23.932000732421898,
    24.186273193359398,
    21.855950927734398,
    20.608758544921898,
    22.119256591796898,
    22.381036376953148,
    21.114007568359398,
    22.717401123046898,
    22.927392578125023,
    23.051477050781273,
    24.986230468750023,
    21.663110351562523,
    23.180718994140648,
    23.219171142578148,
    23.191918945312523,
    21.527368164062523,
    22.886041259765648,
    22.706445312500023,
    20.969476318359398,
    20.693048095703148,
    21.773706054687523,
    23.937371826171898,
    24.098657226562523,
    20.172509765625023,
    23.679864501953148,
    23.182122802734398,
    23.100396728515648,
    22.981195068359398,
    22.874658203125023,
    19.951654052734398,
    22.443933105468773,
    22.628564453125023,
    22.568841552734398,
    22.510552978515648,
    22.166528320312523,
    22.262933349609398,
    22.199548339843773,
    22.130639648437523,
    22.056817626953148,
    21.706597900390648,
    21.892053222656273,
    18.684838867187523,
    21.897454833984398,
    21.633233642578148,
    21.571008300781273,
    21.775170898437523,
    20.968194580078148,
    17.322442626953148,
    21.384332275390648
  ],
  "outdoor_temps": [
    -6.1035156022626325e-06,
    -6.1035156022626325e-06,
    -6.1035156022626325e-06,
    -6.1035156022626325e-06,
    -6.1035156022626325e-06,
    -6.1035156022626325e-06,
    -6.1035156022626325e-06,
    -6.1035156022626325e-06,
    -6.1035156022626325e-06,
    -6.1035156022626325e-06,
    -6.1035156022626325e-06,
    -6.1035156022626325e-06,
    -6.1035156022626325e-06,
    -6.1035156022626325e-06,
    -6.1035156022626325e-06,
    -6.1035156022626325e-06,
    -6.1035156022626325e-06,
    -6.1035156022626325e-06,
    -6.1035156022626325e-06,
    -6.1035156022626325e-06,
    -6.1035156022626325e-06,
    -6.1035156022626325e-06,
    -6.1035156022626325e-06,
    0.48467407226564774,
    1.5674987792968977,
    2.6915527343750227,
    3.3000122070312727,
    3.2094665527343977,
    2.8019348144531477,
    2.3684326171875227,
    2.2000061035156477,
    2.3021789550781477,
    2.5030456542968977,
    2.8273864746093977,
    3.3000122070312727,
    4.170007324218773,
    5.390008544921898,
    6.540002441406273,
    7.200006103515648,
    7.400476074218773,
    7.509606933593773,
    7.613946533203148,
    7.800012207031273,
    8.075891113281273,
    8.371636962890648,
    8.656549072265648,
    8.899987792968773,
    9.066003417968773,
    9.171868896484398,
    9.266809082031273,
    9.399987792968773,
    9.710534667968773,
    10.159387207031273,
    10.528527832031273,
    10.600000000000023,
    10.450006103515648,
    10.300012207031273,
    10.149987792968773,
    9.999993896484398,
    9.850000000000023,
    9.700006103515648,
    9.550012207031273,
    9.399987792968773,
    8.978875732421898,
    8.201959228515648,
    7.349084472656273,
    6.700006103515648,
    6.357904052734398,
    6.149987792968773,
    5.942102050781273,
    5.600000000000023,
    4.941003417968773,
    4.063317871093773,
    3.2539611816406477,
    2.8000122070312727,
    2.6291442871093977,
    2.4749084472656477,
    2.3332153320312727,
    2.2000061035156477,
    2.0766845703125227,
    1.9598327636718977,
    1.8380676269531477,
    1.7000061035156477,
    1.4921203613281477,
    1.2039733886718977,
    0.8888488769531477,
    0.6000000000000227,
    0.41335449218752274,
    0.31020507812502274,
    0.20195922851564774,
    -6.1035156022626325e-06,
    -0.7735656738281023,
    -2.1510986328124773,
    -3.5530761718749773,
    -4.399999999999977
  ],
  "rewards": [
    4.963678053930402,
    4.9635631695538756,
    4.962818720653653,
    4.962127915933729,
    4.967531055390835,
    4.966805889642595,
    4.96017088669992,
    4.959981029346586,
    4.959689662717606,
    4.96574813018399,
    4.95873824735245,
    4.9585585250562945,
    4.958277762145452,
    4.964608312855434,
    4.964011950528978,
    4.956833035158723,
    4.963582153421219,
    4.963048450982927,
    4.962669476293837,
    4.962328102624773,
    4.962008243926031,
    4.961703240907548,
    4.961409800088762,
    4.9612772739294755,
    4.961580960773741,
    4.962118092811464,
    4.9554224218771505,
    4.955792613290574,
    4.962864183236562,
    4.962343151644358,
    4.955234649468375,
    4.970709506918393,
    4.966942287775486,
    4.974075217892133,
    4.9750609475735414,
    4.975915292032225,
    4.976819335841452,
    4.9782389253609525,
    4.981090458654677,
    4.9822519491191795,
    4.989306716669999,
    4.993122944511635,
    4.996839507556318,
    4.999301414311661,
    4.998144963309655,
    4.99702181305623,
    4.99596453633046,
    -0.08922609126893896,
    4.984706491135222,
    4.977800370005,
    4.984121889381791,
    4.98354090503911,
    4.975838128474582,
    4.982794866471673,
    4.98232914022826,
    4.982054081481922,
    -2.437655349545941,
    4.973707374487073,
    4.981767761014564,
    4.981682422086273,
    4.981742836159695,
    4.974234446431794,
    4.982421306229642,
    4.9828198539438135,
    4.976400931034237,
    4.977474835648323,
    4.984890440612221,
    4.993588433274109,
    -0.02664440337942172,
    4.979497473276018,
    4.995017173577262,
    4.9977814460403245,
    4.999197175799261,
    4.999334402168656,
    4.997957340106854,
    -0.011366447833563656,
    4.995807828828369,
    4.991921202095306,
    4.990818669668358,
    4.989741950594213,
    4.993759699341234,
    4.99004964398042,
    4.989230541921018,
    4.988340638614057,
    4.987386862062728,
    4.990364405312453,
    4.985258194921296,
    -4.328238353812188,
    4.978425277181942,
    4.981914728332959,
    4.981111106312631,
    4.9761686255510735,
    4.984913913484986,
    -17.927966091630594,
    4.968948297742268
  ],