{
  "episode": 25,
  "steps": 95,
  "actions": [
    23,
    23,
    23,
    23,
    7,
    3,
    16,
    17,
    19,
    4,
    20,
    14,
    16,
    2,
    3,
    4,
    4,
    19,
    13,
    22,
    21,
    21,
    4,
    18,
    4,
    16,
    13,
    10,
    14,
    19,
    9,
    14,
    9,
    14,
    6,
    17,
    14,
    11,
    9,
    2,
    14,
    13,
    11,
    16,
    12,
    13,
    22,
    6,
    12,
    13,
    18,
    21,
    19,
    6,
    6,
    22,
    8,
    10,
    4,
    8,
    15,
    21,
    21,
    3,
    15,
    1,
    14,
    3,
    10,
    19,
    0,
    21,
    6,
    22,
    12,
    15,
    2,
    14,
    22,
    6,
    4,
    17,
    3,
    8,
    8,
    4,
    22,
    16,
    6,
    0,
    22,
    13,
    13,
    5,
    10
  ],
  "temperatures": [
    20.975762939453148,
    20.971978759765648,
    20.926324462890648,
    20.884027099609398,
    19.381799316406273,
    16.659661865234398,
    15.867120361328148,
    15.773065185546898,
    15.697656250000023,
    18.414025878906273,
    20.400903320312523,
    19.858605957031273,
    15.655175781250023,
    15.860040283203148,
    15.770227050781273,
    18.127984619140648,
    18.300347900390648,
    15.404962158203148,
    19.333520507812523,
    20.157586669921898,
    20.206658935546898,
    20.224847412109398,
    18.519708251953148,
    15.336511230468773,
    17.990380859375023,
    15.313012695312523,
    19.311547851562523,
    15.452355957031273,
    19.281213378906273,
    15.259271240234398,
    15.218957519531273,
    19.846948242187523,
    16.084252929687523,
    20.150598144531273,
    19.610772705078148,
    16.013909912109398,
    20.402215576171898,
    16.494561767578148,
    16.541619873046898,
    17.362115478515648,
    21.446160888671898,
    21.914117431640648,
    18.163537597656273,
    17.805596923828148,
    22.631433105468773,
    23.085168457031273,
    23.340325927734398,
    23.883325195312523,
    23.980004882812523,
    24.230096435546898,
    19.750390625000023,
    24.241418457031273,
    20.062036132812523,
    25.214288330078148,
    25.709405517578148,
    24.850854492187523,
    21.742578125000023,
    21.692987060546898,
    25.860223388671898,
    21.812677001953148,
    25.281976318359398,
    24.889276123046898,
    24.805596923828148,
    23.302026367187523,
    24.788476562500023,
    22.748712158203148,
    24.382989501953148,
    22.300103759765648,
    20.522760009765648,
    19.398675537109398,
    21.445916748046898,
    23.028100585937523,
    22.926873779296898,
    22.841760253906273,
    22.698724365234398,
    22.606164550781273,
    20.051263427734398,
    22.309930419921898,
    22.415429687500023,
    21.983941650390648,
    21.862695312500023,
    17.830773925781273,
    19.063134765625023,
    18.105035400390648,
    17.948907470703148,
    20.858605957031273,
    21.731652832031273,
    17.245416259765648,
    20.500726318359398,
    18.250817871093773,
    21.406640625000023,
    21.034295654296898,
    20.931054687500023,
    20.141839599609398,
    16.998620605468773
  ],
  "outdoor_temps": [
    -6.1035156022626325e-06,
    -6.1035156022626325e-06,
    -6.1035156022626325e-06,
    -6.1035156022626325e-06,
    -6.1035156022626325e-06,
    -6.1035156022626325e-06,
    -6.1035156022626325e-06,
    -6.1035156022626325e-06,
    -6.1035156022626325e-06,
    -6.1035156022626325e-06,
    -6.1035156022626325e-06,
    -6.1035156022626325e-06,
    -6.1035156022626325e-06,
    -6.1035156022626325e-06,
    -6.1035156022626325e-06,
    -6.1035156022626325e-06,
    -6.1035156022626325e-06,
    -6.1035156022626325e-06,
    -6.1035156022626325e-06,
    -6.1035156022626325e-06,
    -6.1035156022626325e-06,
    -6.1035156022626325e-06,
    -6.1035156022626325e-06,
    0.48467407226564774,
    1.5674987792968977,
    2.6915527343750227,
    3.3000122070312727,
    3.2094665527343977,
    2.8019348144531477,
    2.3684326171875227,
    2.2000061035156477,
    2.3021789550781477,
    2.5030456542968977,
    2.8273864746093977,
    3.3000122070312727,
    4.170007324218773,
    5.390008544921898,
    6.540002441406273,
    7.200006103515648,
    7.400476074218773,
    7.509606933593773,
    7.613946533203148,
    7.800012207031273,
    8.075891113281273,
    8.371636962890648,
    8.656549072265648,
    8.899987792968773,
    9.066003417968773,
    9.171868896484398,
    9.266809082031273,
    9.399987792968773,
    9.710534667968773,
    10.159387207031273,
    10.528527832031273,
    10.600000000000023,
    10.450006103515648,
    10.300012207031273,
    10.149987792968773,
    9.999993896484398,
    9.850000000000023,
    9.700006103515648,
    9.550012207031273,
    9.399987792968773,
    8.978875732421898,
    8.201959228515648,
    7.349084472656273,
    6.700006103515648,
    6.357904052734398,
    6.149987792968773,
    5.942102050781273,
    5.600000000000023,
    4.941003417968773,
    4.063317871093773,
    3.2539611816406477,
    2.8000122070312727,
    2.6291442871093977,
    2.4749084472656477,
    2.3332153320312727,
    2.2000061035156477,
    2.0766845703125227,
    1.9598327636718977,
    1.8380676269531477,
    1.7000061035156477,
    1.4921203613281477,
    1.2039733886718977,
    0.8888488769531477,
    0.6000000000000227,
    0.41335449218752274,
    0.31020507812502274,
    0.20195922851564774,
    -6.1035156022626325e-06,
    -0.7735656738281023,
    -2.1510986328124773,
    -3.5530761718749773,
    -4.399999999999977
  ],
  "rewards": [
    4.9077753899246455,
    4.9076752827316525,
    4.905702330842614,
    4.90387322165072,
    -0.39562344645612857,
    -11.159723217640446,
    -17.084212325035367,
    -17.870182223198338,
    -18.513114380327707,
    -2.532321754537815,
    4.882647616623537,
    -0.04343425463236549,
    -18.88030806174401,
    -17.14024269305576,
    -17.891855845659496,
    -3.5224875094945216,
    -2.9062236037406213,
    -21.116350256183342,
    -0.4714976858136791,
    4.8719902107087165,
    4.874174325190808,
    4.8749900695390025,
    -2.207850933118008,
    -21.74987689712752,
    -4.057109462857844,
    -21.96952156567682,
    -0.5014167832113164,
    -20.68225621905481,
    -0.5443281346899334,
    -22.476002241465167,
    -22.859039617606587,
    -0.046914365124760285,
    -15.335668740513677,
    4.915178985539014,
    -0.16404906935441443,
    -15.892920884316524,
    4.92258611197219,
    -12.291601371149493,
    -11.964001471277008,
    -6.961079270202425,
    4.953457903816648,
    4.967305261921947,
    -3.379801610152599,
    -4.825375048357731,
    4.988534316914562,
    4.998682848896993,
    4.993575515147785,
    4.996008402946728,
    4.990738881180143,
    -0.05586141782611359,
    -0.07875013962710842,
    -0.0630464809776758,
    4.9306998416489884,
    -1.4769765493575955,
    -2.9250969451190874,
    -0.7307453365008856,
    4.939585451990689,
    4.940026383330316,
    -3.463628047715512,
    4.938964357322649,
    -1.6487143676307474,
    -0.7977318935890318,
    -0.6556278448471275,
    4.963081076036855,
    -0.6258512524953066,
    4.9655378626564355,
    -0.14993681893159314,
    4.967530085906264,
    4.950416593507905,
    -0.37686351496399606,
    4.97132224550248,
    4.997741308696568,
    4.998826701532766,
    4.9910692307968505,
    4.99051522663268,
    4.987780399259342,
    4.977530696270785,
    4.9790271448635535,
    4.972175938730007,
    4.984902293625611,
    4.9831113159480385,
    -4.715584939361816,
    -0.8822426061973602,
    -3.5979597704176456,
    -4.213703208747024,
    4.968282515965605,
    4.941880271195069,
    -7.595826766058354,
    4.963001341750319,
    -3.0632637343451643,
    4.927484552636742,
    4.941355609804716,
    4.9383055781726934,
    4.957703306592555,
    -9.012895411251218
  ],