{
  "episode": 530,
  "steps": 95,
  "actions": [
    23,
    23,
    23,
    23,
    23,
    15,
    15,
    13,
    6,
    12,
    21,
    12,
    21,
    21,
    20,
    20,
    12,
    4,
    20,
    15,
    20,
    21,
    12,
    13,
    12,
    22,
    15,
    12,
    20,
    12,
    12,
    15,
    7,
    22,
    15,
    21,
    12,
    12,
    21,
    13,
    12,
    12,
    21,
    15,
    12,
    1,
    3,
    0,
    16,
    8,
    2,
    2,
    14,
    2,
    0,
    2,
    8,
    16,
    11,
    3,
    8,
    8,
    3,
    22,
    16,
    21,
    3,
    15,
    5,
    14,
    21,
    12,
    12,
    6,
    14,
    13,
    13,
    23,
    14,
    23,
    21,
    21,
    13,
    13,
    21,
    13,
    21,
    15,
    15,
    21,
    10,
    22,
    12,
    7,
    12
  ],
  "temperatures": [
    21.111627197265648,
    21.104028320312523,
    21.062646484375023,
    21.024285888671898,
    20.991937255859398,
    20.498864746093773,
    20.445855712890648,
    20.409204101562523,
    19.573022460937523,
    20.307702636718773,
    20.804803466796898,
    20.310632324218773,
    20.777093505859398,
    20.771844482421898,
    20.759393310546898,
    20.744683837890648,
    20.223596191406273,
    19.345422363281273,
    20.640924072265648,
    20.129510498046898,
    20.623956298828148,
    20.621759033203148,
    20.086938476562523,
    20.057214355468773,
    20.073724365234398,
    20.634454345703148,
    20.170281982421898,
    20.157342529296898,
    20.647973632812523,
    20.135339355468773,
    20.129418945312523,
    20.743493652343773,
    20.294244384765648,
    21.342767333984398,
    21.094445800781273,
    21.492242431640648,
    21.247521972656273,
    21.350457763671898,
    21.838616943359398,
    21.894708251953148,
    22.198754882812523,
    22.498132324218773,
    22.839562988281273,
    23.072747802734398,
    23.368798828125023,
    20.802087402343773,
    21.002038574218773,
    21.283868408203148,
    19.392907714843773,
    20.376428222656273,
    21.907647705078148,
    22.198968505859398,
    24.884515380859398,
    22.807946777343773,
    22.902276611328148,
    23.007745361328148,
    21.504602050781273,
    20.458276367187523,
    21.432824707031273,
    22.953546142578148,
    21.420007324218773,
    21.315454101562523,
    22.670922851562523,
    24.523980712890648,
    19.922326660156273,
    24.129815673828148,
    21.819818115234398,
    24.103082275390648,
    24.382531738281273,
    23.996514892578148,
    23.731469726562523,
    23.244836425781273,
    23.103509521484398,
    22.983087158203148,
    22.870874023437523,
    22.780664062500023,
    22.689355468750023,
    22.665795898437523,
    22.510522460937523,
    22.529443359375023,
    22.472009277343773,
    22.417077636718773,
    22.225640869140648,
    22.151300048828148,
    22.241448974609398,
    22.003808593750023,
    22.117639160156273,
    21.853051757812523,
    21.770684814453148,
    21.936303710937523,
    17.709924316406273,
    21.713800048828148,
    21.377893066406273,
    20.783502197265648,
    21.128289794921898
  ],
  "outdoor_temps": [
    -6.1035156022626325e-06,
    -6.1035156022626325e-06,
    -6.1035156022626325e-06,
    -6.1035156022626325e-06,
    -6.1035156022626325e-06,
    -6.1035156022626325e-06,
    -6.1035156022626325e-06,
    -6.1035156022626325e-06,
    -6.1035156022626325e-06,
    -6.1035156022626325e-06,
    -6.1035156022626325e-06,
    -6.1035156022626325e-06,
    -6.1035156022626325e-06,
    -6.1035156022626325e-06,
    -6.1035156022626325e-06,
    -6.1035156022626325e-06,
    -6.1035156022626325e-06,
    -6.1035156022626325e-06,
    -6.1035156022626325e-06,
    -6.1035156022626325e-06,
    -6.1035156022626325e-06,
    -6.1035156022626325e-06,
    -6.1035156022626325e-06,
    0.48467407226564774,
    1.5674987792968977,
    2.6915527343750227,
    3.3000122070312727,
    3.2094665527343977,
    2.8019348144531477,
    2.3684326171875227,
    2.2000061035156477,
    2.3021789550781477,
    2.5030456542968977,
    2.8273864746093977,
    3.3000122070312727,
    4.170007324218773,
    5.390008544921898,
    6.540002441406273,
    7.200006103515648,
    7.400476074218773,
    7.509606933593773,
    7.613946533203148,
    7.800012207031273,
    8.075891113281273,
    8.371636962890648,
    8.656549072265648,
    8.899987792968773,
    9.066003417968773,
    9.171868896484398,
    9.266809082031273,
    9.399987792968773,
    9.710534667968773,
    10.159387207031273,
    10.528527832031273,
    10.600000000000023,
    10.450006103515648,
    10.300012207031273,
    10.149987792968773,
    9.999993896484398,
    9.850000000000023,
    9.700006103515648,
    9.550012207031273,
    9.399987792968773,
    8.978875732421898,
    8.201959228515648,
    7.349084472656273,
    6.700006103515648,
    6.357904052734398,
    6.149987792968773,
    5.942102050781273,
    5.600000000000023,
    4.941003417968773,
    4.063317871093773,
    3.2539611816406477,
    2.8000122070312727,
    2.6291442871093977,
    2.4749084472656477,
    2.3332153320312727,
    2.2000061035156477,
    2.0766845703125227,
    1.9598327636718977,
    1.8380676269531477,
    1.7000061035156477,
    1.4921203613281477,
    1.2039733886718977,
    0.8888488769531477,
    0.6000000000000227,
    0.41335449218752274,
    0.31020507812502274,
    0.20195922851564774,
    -6.1035156022626325e-06,
    -0.7735656738281023,
    -2.1510986328124773,
    -3.5530761718749773,
    -4.399999999999977
  ],
  "rewards": [
    4.963678053930402,
    4.9635631695538756,
    4.962818720653653,
    4.962127915933729,
    4.961546352222562,
    4.967124968919903,
    4.966450357473253,
    4.965986549890397,
    -0.46850336928612196,
    4.964690227648324,
    4.958155560780479,
    4.964744297315083,
    4.957659151841117,
    4.95756862542098,
    4.9573440100855155,
    4.957077816895168,
    4.96364397646017,
    -1.0847289284269754,
    4.955171985922949,
    4.962435852299404,
    4.954863857331484,
    4.954826320580166,
    4.961892468978368,
    4.961511194832784,
    4.9617280209814405,
    4.9550742283353335,
    4.96298115621167,
    4.962814351356386,
    4.955326742220832,
    4.962530455599499,
    4.962454112894995,
    4.9704017306642365,
    4.979925870111941,
    4.968159785518828,
    4.974929751854713,
    4.9709148647364065,
    4.976903154899083,
    4.978232039340003,
    4.977310270358039,
    4.9852754119529346,
    4.989210855439792,
    4.993086361415846,
    4.99582105799408,
    4.999302049253784,
    4.998152155614256,
    4.987045952283008,
    4.986601949259315,
    4.985976300758351,
    -0.9341086062192228,
    4.978702727644178,
    4.984591553108038,
    4.983945040623941,
    -1.9597563299469685,
    4.982593899168884,
    4.982384855072297,
    4.9821511130817235,
    4.97432272687117,
    4.968505718988569,
    4.974601941196653,
    4.982271921537978,
    4.97465163722359,
    4.9750574107181444,
    4.9828987126510755,
    -0.6911362950159429,
    -0.029256823949183053,
    -0.04578346768913889,
    4.984788110677801,
    -0.028884781367116703,
    -0.3673934524965138,
    4.995714780060331,
    4.994730827097659,
    4.9986368495716675,
    4.9991851447207605,
    4.999790755511423,
    4.997908198414451,
    4.99674232686392,
    4.995561660305151,
    4.992609057214597,
    4.993249956522137,
    4.990091487054592,
    4.989030863955617,
    4.988016209215574,
    4.989567827955536,
    4.988607427280883,
    4.984775077041725,
    4.986702431191407,
    4.982489905592541,
    4.98475483541628,
    4.983690896070359,
    4.9791437639769,
    -13.116549793253677,
    4.975035251024624,
    4.978614930015381,
    4.983549112580878,
    4.975386535613271
  ],