{
  "episode": 209,
  "steps": 95,
  "actions": [
    23,
    23,
    23,
    23,
    22,
    7,
    22,
    5,
    12,
    12,
    12,
    20,
    20,
    7,
    14,
    20,
    12,
    21,
    7,
    20,
    13,
    14,
    23,
    21,
    12,
    14,
    20,
    20,
    13,
    21,
    14,
    7,
    12,
    15,
    22,
    6,
    12,
    23,
    6,
    20,
    20,
    15,
    0,
    20,
    22,
    0,
    22,
    1,
    15,
    11,
    18,
    8,
    8,
    11,
    16,
    15,
    22,
    0,
    0,
    17,
    13,
    17,
    17,
    4,
    11,
    3,
    17,
    0,
    17,
    17,
    6,
    19,
    23,
    20,
    21,
    22,
    7,
    12,
    20,
    23,
    22,
    14,
    13,
    15,
    23,
    12,
    21,
    4,
    14,
    22,
    23,
    22,
    12,
    13,
    12
  ],
  "temperatures": [
    21.111627197265648,
    21.104028320312523,
    21.062646484375023,
    21.024285888671898,
    20.991937255859398,
    19.738763427734398,
    20.901208496093773,
    19.643640136718773,
    20.340722656250023,
    20.333123779296898,
    20.310632324218773,
    20.789422607421898,
    20.786676025390648,
    19.479089355468773,
    20.194940185546898,
    20.704034423828148,
    20.193444824218773,
    20.676446533203148,
    19.337060546875023,
    20.616693115234398,
    20.101007080078148,
    20.066156005859398,
    20.578393554687523,
    20.588586425781273,
    20.094537353515648,
    20.116754150390648,
    20.658227539062523,
    20.675073242187523,
    20.161370849609398,
    20.637048339843773,
    20.149957275390648,
    20.114404296875023,
    20.858728027343773,
    20.987481689453148,
    21.426232910156273,
    20.660882568359398,
    21.210321044921898,
    21.637170410156273,
    21.153466796875023,
    22.089074707031273,
    22.361993408203148,
    22.495355224609398,
    19.454919433593773,
    22.990075683593773,
    23.267633056640648,
    20.738549804687523,
    23.671838378906273,
    21.409753417968773,
    24.251611328125023,
    20.572656250000023,
    19.759240722656273,
    20.778314208984398,
    20.943872070312523,
    21.087487792968773,
    20.209985351562523,
    25.105310058593773,
    24.900476074218773,
    23.149896240234398,
    23.132257080078148,
    20.490350341796898,
    25.241265869140648,
    20.404962158203148,
    20.217340087890648,
    25.220208740234398,
    20.881707763671898,
    21.929101562500023,
    19.529199218750023,
    21.386224365234398,
    19.218316650390648,
    19.056665039062523,
    23.644860839843773,
    18.485314941406273,
    22.807031250000023,
    22.760827636718773,
    22.692498779296898,
    22.634301757812523,
    22.344689941406273,
    22.390863037109398,
    22.436517333984398,
    22.381738281250023,
    22.330316162109398,
    22.122552490234398,
    22.055566406250023,
    21.988610839843773,
    22.116876220703148,
    21.852685546875023,
    22.000665283203148,
    21.359735107421898,
    21.616540527343773,
    21.822259521484398,
    21.777459716796898,
    21.718316650390648,
    21.326013183593773,
    21.190301513671898,
    21.075036621093773
  ],
  "outdoor_temps": [
    -6.1035156022626325e-06,
    -6.1035156022626325e-06,
    -6.1035156022626325e-06,
    -6.1035156022626325e-06,
    -6.1035156022626325e-06,
    -6.1035156022626325e-06,
    -6.1035156022626325e-06,
    -6.1035156022626325e-06,
    -6.1035156022626325e-06,
    -6.1035156022626325e-06,
    -6.1035156022626325e-06,
    -6.1035156022626325e-06,
    -6.1035156022626325e-06,
    -6.1035156022626325e-06,
    -6.1035156022626325e-06,
    -6.1035156022626325e-06,
    -6.1035156022626325e-06,
    -6.1035156022626325e-06,
    -6.1035156022626325e-06,
    -6.1035156022626325e-06,
    -6.1035156022626325e-06,
    -6.1035156022626325e-06,
    -6.1035156022626325e-06,
    0.48467407226564774,
    1.5674987792968977,
    2.6915527343750227,
    3.3000122070312727,
    3.2094665527343977,
    2.8019348144531477,
    2.3684326171875227,
    2.2000061035156477,
    2.3021789550781477,
    2.5030456542968977,
    2.8273864746093977,
    3.3000122070312727,
    4.170007324218773,
    5.390008544921898,
    6.540002441406273,
    7.200006103515648,
    7.400476074218773,
    7.509606933593773,
    7.613946533203148,
    7.800012207031273,
    8.075891113281273,
    8.371636962890648,
    8.656549072265648,
    8.899987792968773,
    9.066003417968773,
    9.171868896484398,
    9.266809082031273,
    9.399987792968773,
    9.710534667968773,
    10.159387207031273,
    10.528527832031273,
    10.600000000000023,
    10.450006103515648,
    10.300012207031273,
    10.149987792968773,
    9.999993896484398,
    9.850000000000023,
    9.700006103515648,
    9.550012207031273,
    9.399987792968773,
    8.978875732421898,
    8.201959228515648,
    7.349084472656273,
    6.700006103515648,
    6.357904052734398,
    6.149987792968773,
    5.942102050781273,
    5.600000000000023,
    4.941003417968773,
    4.063317871093773,
    3.2539611816406477,
    2.8000122070312727,
    2.6291442871093977,
    2.4749084472656477,
    2.3332153320312727,
    2.2000061035156477,
    2.0766845703125227,
    1.9598327636718977,
    1.8380676269531477,
    1.7000061035156477,
    1.4921203613281477,
    1.2039733886718977,
    0.8888488769531477,
    0.6000000000000227,
    0.41335449218752274,
    0.31020507812502274,
    0.20195922851564774,
    -6.1035156022626325e-06,
    -0.7735656738281023,
    -2.1510986328124773,
    -3.5530761718749773,
    -4.399999999999977
  ],
  "rewards": [
    4.963678053930402,
    4.9635631695538756,
    4.962818720653653,
    4.962127915933729,
    4.961546352222562,
    -0.1827397235851924,
    4.959896103391829,
    -0.32995215678271717,
    4.9651091135719225,
    4.965019849665625,
    4.9647368801908325,
    4.957879482794715,
    4.957836502960842,
    -0.6914314940916187,
    4.963264079181883,
    4.956326036636596,
    4.963253729353618,
    4.9558247104177005,
    -1.1123006712600807,
    4.954726857195082,
    4.962069466124248,
    4.961620786265025,
    4.954028363515501,
    4.954220187976956,
    4.961997200299702,
    4.96228744042681,
    4.955515265648132,
    4.955827342442196,
    4.962867001305294,
    4.955125179525951,
    4.962719816018544,
    4.978600245520351,
    4.971887688724729,
    4.973549388773901,
    4.969698559838145,
    4.98262743937629,
    4.976421625157899,
    4.973586654354048,
    4.986263014603407,
    4.981941733660257,
    4.986988348237198,
    4.993050727258396,
    -0.7477585136975636,
    4.99860483471863,
    4.997303744240623,
    4.987186906811173,
    4.995060974299908,
    4.985696884271081,
    -0.160879392817969,
    4.977940694129823,
    -0.1586351120134785,
    4.977141728515048,
    4.9764989389192475,
    4.9759414095889944,
    4.96988211958499,
    -3.058542032273207,
    -2.0329339606140997,
    4.9818360983099295,
    4.981875346232206,
    4.9683280602246525,
    -3.8563825820368387,
    4.968801473614315,
    4.9698422172685035,
    -3.724770300535543,
    4.976741768258259,
    4.98454533686505,
    -0.5672165034924626,
    4.9857505329606004,
    -1.539792529601515,
    -2.236473947642183,
    4.998491693092591,
    -5.745860911858946,
    4.995213387607232,
    4.994360895171761,
    4.993099551818293,
    4.992025390625648,
    4.995074298259194,
    4.991701799719069,
    4.988373807657672,
    4.98736236797921,
    4.986412894740701,
    4.98823432843047,
    4.987368852817331,
    4.986504173055778,
    4.982474114495127,
    4.984748615477234,
    4.980329661656333,
    4.9878034929676875,
    4.981698154347584,
    4.977037314359908,
    4.976210512779977,
    4.975118590906263,
    4.9779443992193295,
    4.976188936360342,
    4.97469790704597
  ],