{
  "episode": 298,
  "steps": 95,
  "actions": [
    23,
    23,
    23,
    23,
    23,
    23,
    23,
    15,
    21,
    12,
    15,
    7,
    23,
    23,
    23,
    14,
    12,
    23,
    22,
    20,
    6,
    23,
    23,
    20,
    20,
    23,
    20,
    12,
    14,
    20,
    20,
    15,
    20,
    15,
    21,
    7,
    14,
    21,
    14,
    23,
    18,
    17,
    22,
    5,
    21,
    3,
    16,
    10,
    14,
    18,
    1,
    18,
    18,
    3,
    8,
    0,
    0,
    18,
    8,
    8,
    1,
    3,
    0,
    16,
    18,
    2,
    14,
    8,
    16,
    10,
    12,
    3,
    15,
    18,
    13,
    21,
    7,
    15,
    23,
    21,
    23,
    23,
    14,
    21,
    23,
    15,
    14,
    23,
    23,
    14,
    23,
    20,
    22,
    23,
    15
  ],
  "temperatures": [
    21.111627197265648,
    21.104028320312523,
    21.062646484375023,
    21.024285888671898,
    20.991937255859398,
    20.964624023437523,
    20.940820312500023,
    20.445367431640648,
    20.882165527343773,
    20.387994384765648,
    20.342950439453148,
    19.496972656250023,
    20.758416748046898,
    20.766351318359398,
    20.757989501953148,
    20.242425537109398,
    20.198754882812523,
    20.687005615234398,
    20.682672119140648,
    20.671258544921898,
    19.319207763671898,
    20.598596191406273,
    20.605279541015648,
    20.608117675781273,
    20.634606933593773,
    20.672998046875023,
    20.702478027343773,
    20.207635498046898,
    20.165887451171898,
    20.649407958984398,
    20.673699951171898,
    20.794183349609398,
    21.295709228515648,
    21.048333740234398,
    21.462945556640648,
    20.706903076171898,
    21.243859863281273,
    21.662744140625023,
    21.598474121093773,
    22.121759033203148,
    17.224664306640648,
    17.448632812500023,
    22.687310791015648,
    22.928674316406273,
    23.240228271484398,
    20.700250244140648,
    18.938989257812523,
    19.878320312500023,
    24.081781005859398,
    19.540185546875023,
    21.847436523437523,
    19.811608886718773,
    19.911126708984398,
    22.386499023437523,
    21.144677734375023,
    22.697229003906273,
    22.843621826171898,
    20.349603271484398,
    21.304406738281273,
    21.289331054687523,
    22.747644042968773,
    22.750848388671898,
    22.631036376953148,
    19.992364501953148,
    19.735467529296898,
    21.658624267578148,
    24.075708007812523,
    20.150720214843773,
    19.134820556640648,
    19.741845703125023,
    23.521112060546898,
    20.151177978515648,
    22.742028808593773,
    18.178155517578148,
    22.415826416015648,
    22.530114746093773,
    22.201684570312523,
    22.286737060546898,
    22.358972167968773,
    22.309014892578148,
    22.261193847656273,
    22.214868164062523,
    21.981835937500023,
    22.113702392578148,
    22.062677001953148,
    21.784967041015648,
    21.706506347656273,
    21.886254882812523,
    21.834619140625023,
    21.511010742187523,
    21.725488281250023,
    21.669152832031273,
    21.583154296875023,
    21.485223388671898,
    21.042169189453148
  ],
  "outdoor_temps": [
    -6.1035156022626325e-06,
    -6.1035156022626325e-06,
    -6.1035156022626325e-06,
    -6.1035156022626325e-06,
    -6.1035156022626325e-06,
    -6.1035156022626325e-06,
    -6.1035156022626325e-06,
    -6.1035156022626325e-06,
    -6.1035156022626325e-06,
    -6.1035156022626325e-06,
    -6.1035156022626325e-06,
    -6.1035156022626325e-06,
    -6.1035156022626325e-06,
    -6.1035156022626325e-06,
    -6.1035156022626325e-06,
    -6.1035156022626325e-06,
    -6.1035156022626325e-06,
    -6.1035156022626325e-06,
    -6.1035156022626325e-06,
    -6.1035156022626325e-06,
    -6.1035156022626325e-06,
    -6.1035156022626325e-06,
    -6.1035156022626325e-06,
    0.48467407226564774,
    1.5674987792968977,
    2.6915527343750227,
    3.3000122070312727,
    3.2094665527343977,
    2.8019348144531477,
    2.3684326171875227,
    2.2000061035156477,
    2.3021789550781477,
    2.5030456542968977,
    2.8273864746093977,
    3.3000122070312727,
    4.170007324218773,
    5.390008544921898,
    6.540002441406273,
    7.200006103515648,
    7.400476074218773,
    7.509606933593773,
    7.613946533203148,
    7.800012207031273,
    8.075891113281273,
    8.371636962890648,
    8.656549072265648,
    8.899987792968773,
    9.066003417968773,
    9.171868896484398,
    9.266809082031273,
    9.399987792968773,
    9.710534667968773,
    10.159387207031273,
    10.528527832031273,
    10.600000000000023,
    10.450006103515648,
    10.300012207031273,
    10.149987792968773,
    9.999993896484398,
    9.850000000000023,
    9.700006103515648,
    9.550012207031273,
    9.399987792968773,
    8.978875732421898,
    8.201959228515648,
    7.349084472656273,
    6.700006103515648,
    6.357904052734398,
    6.149987792968773,
    5.942102050781273,
    5.600000000000023,
    4.941003417968773,
    4.063317871093773,
    3.2539611816406477,
    2.8000122070312727,
    2.6291442871093977,
    2.4749084472656477,
    2.3332153320312727,
    2.2000061035156477,
    2.0766845703125227,
    1.9598327636718977,
    1.8380676269531477,
    1.7000061035156477,
    1.4921203613281477,
    1.2039733886718977,
    0.8888488769531477,
    0.6000000000000227,
    0.41335449218752274,
    0.31020507812502274,
    0.20195922851564774,
    -6.1035156022626325e-06,
    -0.7735656738281023,
    -2.1510986328124773,
    -3.5530761718749773,
    -4.399999999999977
  ],
  "rewards": [
    4.963678053930402,
    4.9635631695538756,
    4.962818720653653,
    4.962127915933729,
    4.961546352222562,
    4.961056741788983,
    4.960629737690091,
    4.96645534292236,
    4.959567364650576,
    4.965730534841023,
    4.965155390627844,
    -0.6455917879279294,
    4.957313511619749,
    4.957467241600156,
    4.957318121507764,
    4.963883465681225,
    4.963322401069914,
    4.95601982503028,
    4.955943432167173,
    4.955735743306901,
    -1.1723381166690592,
    4.954398268761194,
    4.9545251515656705,
    4.9545809808522465,
    4.955074192455929,
    4.955786522797268,
    4.956332863882184,
    4.963465030203532,
    4.962925505764944,
    4.955353363935714,
    4.955802447966259,
    4.971057416210842,
    4.967295162874072,
    4.974336493621539,
    4.970377543168871,
    4.982967985097967,
    4.97685579427931,
    4.974060033743148,
    4.981440908957921,
    4.9825462980911785,
    -19.262911146688893,
    -16.280998098456703,
    4.993005152495659,
    4.9993946231234325,
    4.997455767260622,
    4.9872719265266285,
    -2.8258059485469267,
    -0.046666274910373944,
    -0.018999281283963214,
    -0.5416880643321894,
    4.984725152144451,
    -0.10259584600136135,
    -0.033889967499047775,
    4.9835292195177265,
    4.975719778684009,
    4.982840219036879,
    4.98251561813429,
    4.969108636692166,
    4.975100621098895,
    4.975159152270497,
    4.982728791133703,
    4.982721511646782,
    4.982987254184712,
    -0.014514116752891866,
    -0.18859920936220598,
    4.985145551750679,
    -0.01659599517724001,
    4.979581587337767,
    -1.8833274024638136,
    -0.17599442836412574,
    4.997561016015222,
    4.988496421187347,
    4.996238128018606,
    -8.307123316452833,
    4.992021067554374,
    4.990099924441913,
    4.994017282102905,
    4.9903548104450435,
    4.986940849917739,
    4.986018539384007,
    4.985135608822755,
    4.984280707553029,
    4.986415462646633,
    4.982414136712317,
    4.98147286018794,
    4.983872941289097,
    4.982859373724817,
    4.978217398707633,
    4.977264631703496,
    4.980334732089192,
    4.975250804011588,
    4.974210818722844,
    4.97262230890147,
    4.970813228749062,
    4.9742727358676495
  ],