{
  "episode": 480,
  "steps": 95,
  "actions": [
    23,
    23,
    23,
    23,
    21,
    21,
    22,
    21,
    21,
    23,
    23,
    23,
    23,
    23,
    23,
    21,
    22,
    20,
    22,
    23,
    22,
    22,
    21,
    22,
    22,
    22,
    22,
    21,
    21,
    21,
    23,
    23,
    21,
    23,
    21,
    23,
    23,
    23,
    21,
    20,
    6,
    7,
    15,
    13,
    0,
    0,
    1,
    0,
    0,
    3,
    2,
    11,
    9,
    11,
    11,
    9,
    9,
    10,
    8,
    8,
    11,
    9,
    9,
    9,
    3,
    1,
    3,
    3,
    3,
    1,
    2,
    2,
    4,
    7,
    4,
    7,
    7,
    7,
    7,
    12,
    12,
    12,
    13,
    13,
    20,
    23,
    22,
    21,
    22,
    21,
    22,
    22,
    21,
    23,
    21
  ],
  "temperatures": [
    20.975762939453148,
    20.971978759765648,
    20.926324462890648,
    20.884027099609398,
    20.848413085937523,
    20.818383789062523,
    20.792230224609398,
    20.768457031250023,
    20.746057128906273,
    20.724359130859398,
    20.703149414062523,
    20.682244873046898,
    20.661584472656273,
    20.641198730468773,
    20.621026611328148,
    20.601068115234398,
    20.581353759765648,
    20.561944580078148,
    20.542871093750023,
    20.524133300781273,
    20.505761718750023,
    20.487725830078148,
    20.470056152343773,
    20.463403320312523,
    20.485864257812523,
    20.523187255859398,
    20.552392578125023,
    20.555322265625023,
    20.539788818359398,
    20.522058105468773,
    20.533807373046898,
    21.077111816406273,
    21.201745605468773,
    21.302758789062523,
    21.379968261718773,
    21.441552734375023,
    21.505181884765648,
    21.604547119140648,
    21.801934814453148,
    22.079888916015648,
    21.851434326171898,
    22.235650634765648,
    22.772424316406273,
    23.092614746093773,
    20.995568847656273,
    21.238824462890648,
    21.591149902343773,
    21.931359863281273,
    22.251977539062523,
    22.553704833984398,
    22.830529785156273,
    21.350122070312523,
    21.484399414062523,
    21.630487060546898,
    21.747125244140648,
    21.824822998046898,
    21.876397705078148,
    21.908258056640648,
    21.918695068359398,
    21.900720214843773,
    21.852990722656273,
    21.774438476562523,
    21.642144775390648,
    21.438195800781273,
    22.812677001953148,
    22.608972167968773,
    22.375390625000023,
    22.167291259765648,
    21.985528564453148,
    21.822320556640648,
    21.666253662109398,
    20.827142333984398,
    22.834680175781273,
    22.789178466796898,
    22.654290771484398,
    22.536096191406273,
    22.415032958984398,
    22.288568115234398,
    22.165948486328148,
    22.266931152343773,
    22.196496582031273,
    22.125207519531273,
    22.054437255859398,
    21.980432128906273,
    22.111901855468773,
    22.053216552734398,
    21.991845703125023,
    21.930871582031273,
    21.868859863281273,
    21.809991455078148,
    21.754052734375023,
    21.687402343750023,
    21.591851806640648,
    21.483850097656273,
    21.388543701171898
  ],
  "outdoor_temps": [
    -6.1035156022626325e-06,
    -6.1035156022626325e-06,
    -6.1035156022626325e-06,
    -6.1035156022626325e-06,
    -6.1035156022626325e-06,
    -6.1035156022626325e-06,
    -6.1035156022626325e-06,
    -6.1035156022626325e-06,
    -6.1035156022626325e-06,
    -6.1035156022626325e-06,
    -6.1035156022626325e-06,
    -6.1035156022626325e-06,
    -6.1035156022626325e-06,
    -6.1035156022626325e-06,
    -6.1035156022626325e-06,
    -6.1035156022626325e-06,
    -6.1035156022626325e-06,
    -6.1035156022626325e-06,
    -6.1035156022626325e-06,
    -6.1035156022626325e-06,
    -6.1035156022626325e-06,
    -6.1035156022626325e-06,
    -6.1035156022626325e-06,
    0.48467407226564774,
    1.5674987792968977,
    2.6915527343750227,
    3.3000122070312727,
    3.2094665527343977,
    2.8019348144531477,
    2.3684326171875227,
    2.2000061035156477,
    2.3021789550781477,
    2.5030456542968977,
    2.8273864746093977,
    3.3000122070312727,
    4.170007324218773,
    5.390008544921898,
    6.540002441406273,
    7.200006103515648,
    7.400476074218773,
    7.509606933593773,
    7.613946533203148,
    7.800012207031273,
    8.075891113281273,
    8.371636962890648,
    8.656549072265648,
    8.899987792968773,
    9.066003417968773,
    9.171868896484398,
    9.266809082031273,
    9.399987792968773,
    9.710534667968773,
    10.159387207031273,
    10.528527832031273,
    10.600000000000023,
    10.450006103515648,
    10.300012207031273,
    10.149987792968773,
    9.999993896484398,
    9.850000000000023,
    9.700006103515648,
    9.550012207031273,
    9.399987792968773,
    8.978875732421898,
    8.201959228515648,
    7.349084472656273,
    6.700006103515648,
    6.357904052734398,
    6.149987792968773,
    5.942102050781273,
    5.600000000000023,
    4.941003417968773,
    4.063317871093773,
    3.2539611816406477,
    2.8000122070312727,
    2.6291442871093977,
    2.4749084472656477,
    2.3332153320312727,
    2.2000061035156477,
    2.0766845703125227,
    1.9598327636718977,
    1.8380676269531477,
    1.7000061035156477,
    1.4921203613281477,
    1.2039733886718977,
    0.8888488769531477,
    0.6000000000000227,
    0.41335449218752274,
    0.31020507812502274,
    0.20195922851564774,
    -6.1035156022626325e-06,
    -0.7735656738281023,
    -2.1510986328124773,
    -3.5530761718749773,
    -4.399999999999977
  ],
  "rewards": [
    4.120979222776403,
    4.115054529951921,
    4.041117961602322,
    3.9698265858460595,
    3.907721049115101,
    3.8538797203905313,
    3.8058857733930833,
    3.7613691708672725,
    3.71864609823445,
    3.6765444413747104,
    3.634704167172357,
    3.592804659726143,
    3.5507493954524856,
    3.5086222824082243,
    3.4663219845016027,
    3.423867874192122,
    3.381345204057868,
    3.33890951595679,
    3.2966565414583404,
    3.254615608662741,
    3.2128832338005817,
    3.1714217349089715,
    3.1303298621479456,
    3.1147431520826667,
    3.1671395807195486,
    3.252526247943195,
    3.317881751381234,
    3.324368248306588,
    3.289838664325652,
    3.2499819095514244,
    3.276447013634024,
    4.274051780663462,
    4.440449777506319,
    4.5582176129228635,
    4.637910647653064,
    4.69506489780612,
    4.74814177994618,
    4.818888003127664,
    4.915508969547234,
    4.952479710819845,
    4.966381126094574,
    4.9469704535147905,
    4.545223618830002,
    4.103262055995634,
    4.216656928762383,
    4.537697015223119,
    4.845305081191487,
    4.96562973308438,
    4.9201203627837735,
    4.7364585810573585,
    4.447836741980178,
    4.626309259637565,
    4.742490763154061,
    4.838172881295108,
    4.891584110913969,
    4.9158394053412415,
    4.926939524253025,
    4.9318030298400055,
    4.933065435898938,
    4.93079050254563,
    4.922397599932945,
    4.901144501652738,
    4.844431766037964,
    4.7055690900787255,
    4.469920471035039,
    4.688022844668498,
    4.861506867400034,
    4.947129804154893,
    4.968769546484616,
    4.9459738529827915,
    4.886804489307725,
    3.9423838406394673,
    4.4749448350316605,
    4.529692292835172,
    4.673730824492324,
    4.777508719132831,
    4.862081196210738,
    4.926949196062446,
    4.966937689907318,
    4.924320641244226,
    4.946720166031426,
    4.961815293852397,
    4.969260843454089,
    4.969010738205652,
    4.949339965168869,
    4.954008517765398,
    4.953364401236176,
    4.947130527109233,
    4.935070307411905,
    4.918282874444829,
    4.897515387803972,
    4.866641902648246,
    4.810756691539997,
    4.731097693898449,
    4.646268644901013
  ],