{
  "episode": 194,
  "steps": 95,
  "actions": [
    23,
    23,
    23,
    23,
    23,
    23,
    23,
    23,
    23,
    23,
    23,
    23,
    23,
    23,
    23,
    23,
    23,
    23,
    23,
    23,
    23,
    23,
    23,
    23,
    23,
    23,
    23,
    23,
    23,
    23,
    23,
    23,
    17,
    15,
    23,
    11,
    15,
    22,
    23,
    17,
    23,
    23,
    23,
    15,
    15,
    23,
    1,
    23,
    18,
    15,
    12,
    12,
    20,
    0,
    20,
    6,
    12,
    23,
    23,
    23,
    4,
    20,
    15,
    23,
    22,
    9,
    3,
    2,
    20,
    7,
    23,
    23,
    23,
    22,
    22,
    18,
    23,
    23,
    12,
    6,
    23,
    0,
    6,
    23,
    23,
    23,
    14,
    23,
    6,
    23,
    7,
    12,
    21,
    20,
    3
  ],
  "temperatures": [
    20.975762939453148,
    20.971978759765648,
    20.926324462890648,
    20.884027099609398,
    20.848413085937523,
    20.818383789062523,
    20.792230224609398,
    20.768457031250023,
    20.746057128906273,
    20.724359130859398,
    20.703149414062523,
    20.682244873046898,
    20.661584472656273,
    20.641198730468773,
    20.621026611328148,
    20.601068115234398,
    20.581353759765648,
    20.561944580078148,
    20.542871093750023,
    20.524133300781273,
    20.505761718750023,
    20.487725830078148,
    20.470056152343773,
    20.463403320312523,
    20.485864257812523,
    20.523187255859398,
    20.552392578125023,
    20.555322265625023,
    20.539788818359398,
    20.522058105468773,
    20.533807373046898,
    21.077111816406273,
    16.263360595703148,
    20.649468994140648,
    21.279046630859398,
    16.800408935546898,
    20.861352539062523,
    21.474114990234398,
    21.706781005859398,
    16.967187500000023,
    22.170007324218773,
    22.500299072265648,
    22.761865234375023,
    23.000634765625023,
    23.324243164062523,
    23.527612304687523,
    21.729547119140648,
    23.933099365234398,
    19.714746093750023,
    24.465600585937523,
    24.806176757812523,
    25.049707031250023,
    24.853723144531273,
    23.770806884765648,
    25.093774414062523,
    26.471582031250023,
    25.852593994140648,
    25.357232666015648,
    25.379174804687523,
    25.383294677734398,
    26.757287597656273,
    25.345147705078148,
    25.758233642578148,
    25.076623535156273,
    24.869104003906273,
    21.616204833984398,
    22.945001220703148,
    22.760705566406273,
    24.188958740234398,
    24.860101318359398,
    24.064538574218773,
    23.488916015625023,
    23.355676269531273,
    23.237481689453148,
    23.138574218750023,
    18.784082031250023,
    22.854699707031273,
    22.819573974609398,
    22.695611572265648,
    22.502526855468773,
    22.611596679687523,
    20.004876708984398,
    22.008172607421898,
    22.375604248046898,
    22.322045898437523,
    22.258264160156273,
    22.007226562500023,
    22.120538330078148,
    21.509118652343773,
    21.975854492187523,
    21.293908691406273,
    21.556939697265648,
    21.736993408203148,
    21.633569335937523,
    18.382135009765648
  ],
  "outdoor_temps": [
    -6.1035156022626325e-06,
    -6.1035156022626325e-06,
    -6.1035156022626325e-06,
    -6.1035156022626325e-06,
    -6.1035156022626325e-06,
    -6.1035156022626325e-06,
    -6.1035156022626325e-06,
    -6.1035156022626325e-06,
    -6.1035156022626325e-06,
    -6.1035156022626325e-06,
    -6.1035156022626325e-06,
    -6.1035156022626325e-06,
    -6.1035156022626325e-06,
    -6.1035156022626325e-06,
    -6.1035156022626325e-06,
    -6.1035156022626325e-06,
    -6.1035156022626325e-06,
    -6.1035156022626325e-06,
    -6.1035156022626325e-06,
    -6.1035156022626325e-06,
    -6.1035156022626325e-06,
    -6.1035156022626325e-06,
    -6.1035156022626325e-06,
    0.48467407226564774,
    1.5674987792968977,
    2.6915527343750227,
    3.3000122070312727,
    3.2094665527343977,
    2.8019348144531477,
    2.3684326171875227,
    2.2000061035156477,
    2.3021789550781477,
    2.5030456542968977,
    2.8273864746093977,
    3.3000122070312727,
    4.170007324218773,
    5.390008544921898,
    6.540002441406273,
    7.200006103515648,
    7.400476074218773,
    7.509606933593773,
    7.613946533203148,
    7.800012207031273,
    8.075891113281273,
    8.371636962890648,
    8.656549072265648,
    8.899987792968773,
    9.066003417968773,
    9.171868896484398,
    9.266809082031273,
    9.399987792968773,
    9.710534667968773,
    10.159387207031273,
    10.528527832031273,
    10.600000000000023,
    10.450006103515648,
    10.300012207031273,
    10.149987792968773,
    9.999993896484398,
    9.850000000000023,
    9.700006103515648,
    9.550012207031273,
    9.399987792968773,
    8.978875732421898,
    8.201959228515648,
    7.349084472656273,
    6.700006103515648,
    6.357904052734398,
    6.149987792968773,
    5.942102050781273,
    5.600000000000023,
    4.941003417968773,
    4.063317871093773,
    3.2539611816406477,
    2.8000122070312727,
    2.6291442871093977,
    2.4749084472656477,
    2.3332153320312727,
    2.2000061035156477,
    2.0766845703125227,
    1.9598327636718977,
    1.8380676269531477,
    1.7000061035156477,
    1.4921203613281477,
    1.2039733886718977,
    0.8888488769531477,
    0.6000000000000227,
    0.41335449218752274,
    0.31020507812502274,
    0.20195922851564774,
    -6.1035156022626325e-06,
    -0.7735656738281023,
    -2.1510986328124773,
    -3.5530761718749773,
    -4.399999999999977
  ],
  "rewards": [
    4.120979222776403,
    4.115054529951921,
    4.041117961602322,
    3.9698265858460595,
    3.9077210109681286,
    3.853879691883962,
    3.805885754423257,
    3.7613691613823597,
    3.718646088801367,
    3.6765443842579115,
    3.634704109951898,
    3.592804602505684,
    3.5507493382320265,
    3.5086222347245086,
    3.466321936817887,
    3.423867874192122,
    3.381345204161528,
    3.338909506471877,
    3.296656541600873,
    3.254615599177828,
    3.2128832242638383,
    3.1714217349608016,
    3.1303298621997757,
    3.114743142649584,
    3.1671395712346357,
    3.2525262384582816,
    3.3178817418963207,
    3.324368238821675,
    3.289838607208853,
    3.249981652163019,
    3.2764469183702523,
    4.274051666222544,
    -44.91102094920309,
    3.561984646987297,
    4.531932157655069,
    -35.59764059936592,
    3.9637826580668016,
    4.72297059171349,
    4.876224613631478,
    -33.002058680727735,
    4.939588915357441,
    4.788201901363192,
    4.552207014933203,
    4.248481387714822,
    3.681345935459001,
    3.2408823518033385,
    4.915201072213249,
    2.1830270362324837,
    -0.21975090630349253,
    -0.545399491937641,
    -1.628997985353056,
    -2.7594481961316935,
    -1.8289099107942828,
    2.609181180123139,
    -2.998456927314525,
    -25.275669759556973,
    -8.586778637370223,
    -4.613678745821112,
    -4.763858358040609,
    -4.792324711252162,
    -29.010779751814287,
    -4.531993316446949,
    -7.734771988888512,
    -2.905339244571839,
    -1.8952071212233101,
    4.830234117986971,
    4.294896775513511,
    4.531481094535455,
    -0.0938517828553158,
    -1.851522802701824,
    -0.014587180828278043,
    3.3289538786559794,
    3.6149863192066087,
    3.846431731404694,
    4.024004930429445,
    -3.709358945019081,
    4.443768141491552,
    4.486319322185563,
    4.6275241264048725,
    4.803167707777726,
    4.70033936312987,
    1.9923548668297688,
    4.985213584196754,
    4.864609980691292,
    4.890261384770263,
    4.915196441970757,
    4.970057101212442,
    4.9482238455031675,
    4.797176922145317,
    4.952275527032174,
    4.600800290289359,
    4.80957319336054,
    4.890248446857727,
    4.836838356674377,
    -6.547489769000418
  ],