{
  "episode": 35,
  "steps": 95,
  "actions": [
    23,
    23,
    23,
    23,
    23,
    18,
    14,
    7,
    18,
    9,
    23,
    20,
    4,
    17,
    20,
    22,
    11,
    5,
    20,
    4,
    15,
    20,
    12,
    17,
    21,
    20,
    16,
    20,
    20,
    19,
    6,
    20,
    21,
    22,
    6,
    20,
    2,
    20,
    4,
    23,
    1,
    6,
    23,
    11,
    1,
    5,
    0,
    3,
    15,
    11,
    11,
    3,
    3,
    11,
    5,
    21,
    23,
    19,
    12,
    23,
    12,
    9,
    16,
    10,
    3,
    17,
    18,
    20,
    7,
    20,
    2,
    12,
    5,
    20,
    12,
    3,
    6,
    7,
    11,
    5,
    17,
    2,
    21,
    3,
    18,
    15,
    17,
    18,
    21,
    21,
    5,
    3,
    23,
    2,
    15
  ],
  "temperatures": [
    20.975762939453148,
    20.971978759765648,
    20.926324462890648,
    20.884027099609398,
    20.848413085937523,
    16.007836914062523,
    19.957849121093773,
    19.044366455078148,
    15.833459472656273,
    15.885339355468773,
    20.397210693359398,
    20.494775390625023,
    18.908959960937523,
    15.657403564453148,
    20.321221923828148,
    20.405053710937523,
    15.785424804687523,
    18.263543701171898,
    20.257714843750023,
    18.615747070312523,
    19.591729736328148,
    20.266748046875023,
    19.645471191406273,
    15.433251953125023,
    20.150079345703148,
    20.281488037109398,
    15.492242431640648,
    20.196832275390648,
    20.276788330078148,
    15.429559326171898,
    18.153314208984398,
    20.711755371093773,
    20.911614990234398,
    21.048120117187523,
    20.030938720703148,
    21.183312988281273,
    17.399743652343773,
    21.276177978515648,
    20.619500732421898,
    21.822900390625023,
    18.660791015625023,
    21.601983642578148,
    22.609185791015648,
    18.862237548828148,
    20.268884277343773,
    23.233300781250023,
    21.353631591796898,
    21.567773437500023,
    24.066491699218773,
    20.687249755859398,
    20.799615478515648,
    22.592431640625023,
    22.938592529296898,
    21.417016601562523,
    25.639886474609398,
    24.918664550781273,
    25.001947021484398,
    20.742303466796898,
    25.398126220703148,
    25.059259033203148,
    25.538354492187523,
    21.936212158203148,
    20.562280273437523,
    21.431298828125023,
    22.809503173828148,
    19.946496582031273,
    19.708764648437523,
    23.848504638671898,
    24.374169921875023,
    23.784875488281273,
    21.748193359375023,
    23.100091552734398,
    23.012658691406273,
    22.890130615234398,
    22.754144287109398,
    20.249719238281273,
    22.251489257812523,
    22.233605957031273,
    18.754388427734398,
    21.751458740234398,
    17.875238037109398,
    19.142419433593773,
    22.021539306640648,
    19.111199951171898,
    17.480798339843773,
    21.419366455078148,
    17.313928222656273,
    17.155389404296898,
    21.483209228515648,
    21.520532226562523,
    20.578851318359398,
    18.085046386718773,
    21.257531738281273,
    17.779412841796898,
    20.527001953125023
  ],
  "outdoor_temps": [
    -6.1035156022626325e-06,
    -6.1035156022626325e-06,
    -6.1035156022626325e-06,
    -6.1035156022626325e-06,
    -6.1035156022626325e-06,
    -6.1035156022626325e-06,
    -6.1035156022626325e-06,
    -6.1035156022626325e-06,
    -6.1035156022626325e-06,
    -6.1035156022626325e-06,
    -6.1035156022626325e-06,
    -6.1035156022626325e-06,
    -6.1035156022626325e-06,
    -6.1035156022626325e-06,
    -6.1035156022626325e-06,
    -6.1035156022626325e-06,
    -6.1035156022626325e-06,
    -6.1035156022626325e-06,
    -6.1035156022626325e-06,
    -6.1035156022626325e-06,
    -6.1035156022626325e-06,
    -6.1035156022626325e-06,
    -6.1035156022626325e-06,
    0.48467407226564774,
    1.5674987792968977,
    2.6915527343750227,
    3.3000122070312727,
    3.2094665527343977,
    2.8019348144531477,
    2.3684326171875227,
    2.2000061035156477,
    2.3021789550781477,
    2.5030456542968977,
    2.8273864746093977,
    3.3000122070312727,
    4.170007324218773,
    5.390008544921898,
    6.540002441406273,
    7.200006103515648,
    7.400476074218773,
    7.509606933593773,
    7.613946533203148,
    7.800012207031273,
    8.075891113281273,
    8.371636962890648,
    8.656549072265648,
    8.899987792968773,
    9.066003417968773,
    9.171868896484398,
    9.266809082031273,
    9.399987792968773,
    9.710534667968773,
    10.159387207031273,
    10.528527832031273,
    10.600000000000023,
    10.450006103515648,
    10.300012207031273,
    10.149987792968773,
    9.999993896484398,
    9.850000000000023,
    9.700006103515648,
    9.550012207031273,
    9.399987792968773,
    8.978875732421898,
    8.201959228515648,
    7.349084472656273,
    6.700006103515648,
    6.357904052734398,
    6.149987792968773,
    5.942102050781273,
    5.600000000000023,
    4.941003417968773,
    4.063317871093773,
    3.2539611816406477,
    2.8000122070312727,
    2.6291442871093977,
    2.4749084472656477,
    2.3332153320312727,
    2.2000061035156477,
    2.0766845703125227,
    1.9598327636718977,
    1.8380676269531477,
    1.7000061035156477,
    1.4921203613281477,
    1.2039733886718977,
    0.8888488769531477,
    0.6000000000000227,
    0.41335449218752274,
    0.31020507812502274,
    0.20195922851564774,
    -6.1035156022626325e-06,
    -0.7735656738281023,
    -2.1510986328124773,
    -3.5530761718749773,
    -4.399999999999977
  ],
  "rewards": [
    4.120979222776403,
    4.115054529951921,
    4.041117961602322,
    3.9698265858460595,
    3.9077210109681286,
    -49.847403223290584,
    -0.027179787384098385,
    -2.297772153293727,
    -50.0,
    -50.0,
    2.95578290807939,
    3.187563572302512,
    -2.991085984753827,
    -50.0,
    2.7654688375779877,
    2.9750359932398562,
    -50.0,
    -7.555741838386854,
    2.5997548291476473,
    -4.806625918194535,
    -0.4421014509325302,
    2.6237266209301033,
    -0.33921582970116304,
    -50.0,
    2.305048143673832,
    2.662576391788906,
    -50.0,
    2.43523004127713,
    2.6502437801445087,
    -50.0,
    -8.543556066539294,
    3.6519568645452467,
    4.01704983820859,
    4.231971557558263,
    2.0481320059200936,
    4.417268924960975,
    -26.906019635319453,
    4.528662038781988,
    3.5353773394711383,
    4.92233649289479,
    -4.4877872397516265,
    4.8604309110722195,
    4.702429252002449,
    -3.2450165841540892,
    2.728972636020963,
    3.858120758971765,
    4.658383992320638,
    4.830662333960659,
    -0.013606828494895844,
    3.6564654308229967,
    3.8672601210160344,
    4.702997034161493,
    4.303975321089858,
    4.68757056425611,
    -6.726021681151377,
    -2.1168791370451197,
    -2.5170394506784404,
    3.7352963606734257,
    -4.892401095179432,
    -2.8125598481744114,
    -5.92215641509759,
    4.934815497977823,
    3.373764509464784,
    4.699782612817787,
    4.473795959473073,
    -0.024253339028870675,
    -0.22835031547944756,
    2.4240833186434516,
    -0.3515557870716687,
    2.5983226897291556,
    4.922425764055891,
    4.090907757506952,
    4.2307721074643885,
    4.398965911578114,
    4.5656033113011425,
    2.6790372352369483,
    4.941417402762952,
    4.947661590446791,
    -3.887381002874499,
    4.93513680124393,
    -21.296725089455023,
    -1.8432252925530155,
    4.954371203073584,
    -1.979493054101426,
    -25.874820780611273,
    4.699870797217154,
    -28.04577699956008,
    -30.237319450707698,
    4.7305696758705,
    4.760113872707554,
    3.449411649716783,
    -9.171060604763243,
    4.507431764856978,
    -22.330622231806377,
    3.2990681963706
  ],