{
  "episode": 1799,
  "steps": 95,
  "actions": [
    23,
    23,
    23,
    23,
    22,
    13,
    21,
    12,
    20,
    20,
    21,
    14,
    20,
    15,
    22,
    13,
    14,
    22,
    21,
    13,
    20,
    14,
    21,
    14,
    22,
    22,
    12,
    21,
    21,
    22,
    22,
    13,
    21,
    21,
    13,
    13,
    15,
    21,
    15,
    22,
    22,
    13,
    12,
    22,
    14,
    22,
    22,
    1,
    3,
    1,
    19,
    1,
    9,
    2,
    2,
    0,
    2,
    1,
    3,
    11,
    11,
    3,
    3,
    2,
    3,
    9,
    1,
    3,
    9,
    1,
    22,
    2,
    22,
    20,
    6,
    6,
    15,
    14,
    15,
    5,
    15,
    5,
    22,
    15,
    21,
    4,
    21,
    22,
    13,
    5,
    23,
    12,
    7,
    13,
    14
  ],
  "temperatures": [
    21.111627197265648,
    21.104028320312523,
    21.062646484375023,
    21.024285888671898,
    20.991937255859398,
    20.498834228515648,
    20.924737548828148,
    20.435327148437523,
    20.876489257812523,
    20.866143798828148,
    20.850244140625023,
    20.344964599609398,
    20.798211669921898,
    20.292626953125023,
    20.755792236328148,
    20.244989013671898,
    20.202233886718773,
    20.690240478515648,
    20.685906982421898,
    20.159692382812523,
    20.642602539062523,
    20.115472412109398,
    20.606378173828148,
    20.086419677734398,
    20.619622802734398,
    20.666589355468773,
    20.196557617187523,
    20.686639404296898,
    20.682519531250023,
    20.670831298828148,
    20.685632324218773,
    20.804406738281273,
    21.302301025390648,
    21.404290771484398,
    21.146234130859398,
    21.202264404296898,
    21.268792724609398,
    21.674188232421898,
    21.609277343750023,
    22.129144287109398,
    22.391412353515648,
    22.529901123046898,
    22.811486816406273,
    23.088983154296898,
    23.394799804687523,
    23.568353271484398,
    23.788964843750023,
    21.548913574218773,
    21.717004394531273,
    21.953240966796898,
    19.830529785156273,
    22.252099609375023,
    21.067529296875023,
    22.674218750000023,
    22.891656494140648,
    23.020532226562523,
    23.110009765625023,
    23.171960449218773,
    23.206872558593773,
    21.606347656250023,
    21.514306640625023,
    22.966333007812523,
    22.875634765625023,
    22.665490722656273,
    22.380548095703148,
    20.714593505859398,
    21.776757812500023,
    21.603295898437523,
    20.166162109375023,
    21.191308593750023,
    23.629693603515648,
    20.440118408203148,
    22.967034912109398,
    22.895135498046898,
    22.726098632812523,
    22.617700195312523,
    22.609674072265648,
    22.523767089843773,
    22.440332031250023,
    22.196679687500023,
    22.287347412109398,
    22.016687011718773,
    22.304223632812523,
    22.093133544921898,
    22.195214843750023,
    21.669000244140648,
    22.067834472656273,
    22.017083740234398,
    21.727532958984398,
    21.281304931640648,
    21.833154296875023,
    21.505609130859398,
    20.947961425781273,
    21.240869140625023,
    21.137597656250023
  ],
  "outdoor_temps": [
    -6.1035156022626325e-06,
    -6.1035156022626325e-06,
    -6.1035156022626325e-06,
    -6.1035156022626325e-06,
    -6.1035156022626325e-06,
    -6.1035156022626325e-06,
    -6.1035156022626325e-06,
    -6.1035156022626325e-06,
    -6.1035156022626325e-06,
    -6.1035156022626325e-06,
    -6.1035156022626325e-06,
    -6.1035156022626325e-06,
    -6.1035156022626325e-06,
    -6.1035156022626325e-06,
    -6.1035156022626325e-06,
    -6.1035156022626325e-06,
    -6.1035156022626325e-06,
    -6.1035156022626325e-06,
    -6.1035156022626325e-06,
    -6.1035156022626325e-06,
    -6.1035156022626325e-06,
    -6.1035156022626325e-06,
    -6.1035156022626325e-06,
    0.48467407226564774,
    1.5674987792968977,
    2.6915527343750227,
    3.3000122070312727,
    3.2094665527343977,
    2.8019348144531477,
    2.3684326171875227,
    2.2000061035156477,
    2.3021789550781477,
    2.5030456542968977,
    2.8273864746093977,
    3.3000122070312727,
    4.170007324218773,
    5.390008544921898,
    6.540002441406273,
    7.200006103515648,
    7.400476074218773,
    7.509606933593773,
    7.613946533203148,
    7.800012207031273,
    8.075891113281273,
    8.371636962890648,
    8.656549072265648,
    8.899987792968773,
    9.066003417968773,
    9.171868896484398,
    9.266809082031273,
    9.399987792968773,
    9.710534667968773,
    10.159387207031273,
    10.528527832031273,
    10.600000000000023,
    10.450006103515648,
    10.300012207031273,
    10.149987792968773,
    9.999993896484398,
    9.850000000000023,
    9.700006103515648,
    9.550012207031273,
    9.399987792968773,
    8.978875732421898,
    8.201959228515648,
    7.349084472656273,
    6.700006103515648,
    6.357904052734398,
    6.149987792968773,
    5.942102050781273,
    5.600000000000023,
    4.941003417968773,
    4.063317871093773,
    3.2539611816406477,
    2.8000122070312727,
    2.6291442871093977,
    2.4749084472656477,
    2.3332153320312727,
    2.2000061035156477,
    2.0766845703125227,
    1.9598327636718977,
    1.8380676269531477,
    1.7000061035156477,
    1.4921203613281477,
    1.2039733886718977,
    0.8888488769531477,
    0.6000000000000227,
    0.41335449218752274,
    0.31020507812502274,
    0.20195922851564774,
    -6.1035156022626325e-06,
    -0.7735656738281023,
    -2.1510986328124773,
    -3.5530761718749773,
    -4.399999999999977
  ],
  "rewards": [
    4.963678053930402,
    4.9635631695538756,
    4.962818720653653,
    4.962127915933729,
    4.961546352222562,
    4.967124900918778,
    4.9603318443265945,
    4.96632489447733,
    4.959462529707862,
    4.9592810906683615,
    4.958996329477947,
    4.965188828755818,
    4.958049670641189,
    4.964523354778957,
    4.957277877527087,
    4.963916764360245,
    4.963367236927638,
    4.956079698984389,
    4.95600349929216,
    4.962826374818287,
    4.9552086641756095,
    4.962258944521618,
    4.954545461122756,
    4.961889250353627,
    4.954797367040878,
    4.955668273233201,
    4.963320856195267,
    4.95604100732894,
    4.955965186566762,
    4.955749547690801,
    4.956023344062592,
    4.971189847689446,
    4.967416688438991,
    4.96929717621272,
    4.975599837352238,
    4.976321095899234,
    4.97717850156177,
    4.974271193343013,
    4.981580694962941,
    4.982682681279986,
    4.987532622181202,
    4.993497642826613,
    4.997143424451838,
    4.998295044329179,
    4.998051155422206,
    4.995635158230429,
    4.994411072545077,
    4.985388077076848,
    4.985014823600326,
    4.984490419548977,
    -0.08572064483568738,
    4.983827112751649,
    4.976018592863951,
    4.982890657096291,
    4.982408444206514,
    4.98212272993783,
    4.981924428869039,
    4.9817871301577465,
    4.981709766313109,
    4.973928045180667,
    4.97428543699549,
    4.98224332027526,
    4.982444421571721,
    4.982910718244542,
    4.983543204586305,
    4.977391063121188,
    4.984883693962479,
    4.985268803760086,
    4.979521913674701,
    4.9861833896330845,
    4.995295526545171,
    4.987855340119775,
    4.998171033754297,
    4.99684342619064,
    4.997891742150259,
    4.997091409331269,
    4.994531193664378,
    4.993420585132002,
    4.99234201388887,
    4.9939822283003314,
    4.9903645531774865,
    4.9926528562221515,
    4.985932313481103,
    4.987855300110157,
    4.983921160894243,
    4.990086676005922,
    4.981570349632398,
    4.980633981437139,
    4.98313320411029,
    4.987225645035991,
    4.977239363470804,
    4.980265870843082,
    4.984764471553428,
    4.976842950074407,
    4.975506825522075
  ],