{
  "episode": 257,
  "steps": 95,
  "actions": [
    23,
    23,
    23,
    23,
    22,
    23,
    23,
    23,
    21,
    7,
    12,
    12,
    23,
    23,
    23,
    23,
    22,
    5,
    23,
    18,
    5,
    5,
    13,
    23,
    20,
    20,
    7,
    22,
    23,
    6,
    15,
    23,
    14,
    15,
    23,
    12,
    21,
    22,
    14,
    14,
    21,
    6,
    21,
    23,
    12,
    1,
    12,
    0,
    3,
    2,
    21,
    1,
    0,
    0,
    3,
    8,
    8,
    1,
    16,
    23,
    1,
    0,
    8,
    16,
    0,
    11,
    4,
    14,
    18,
    20,
    4,
    15,
    20,
    22,
    13,
    22,
    21,
    15,
    6,
    22,
    23,
    13,
    14,
    13,
    14,
    15,
    20,
    5,
    20,
    23,
    23,
    5,
    4,
    14,
    5
  ],
  "temperatures": [
    21.111627197265648,
    21.104028320312523,
    21.062646484375023,
    21.024285888671898,
    20.991937255859398,
    20.964624023437523,
    20.940820312500023,
    20.919122314453148,
    20.898645019531273,
    19.621423339843773,
    20.311303710937523,
    20.299645996093773,
    20.779290771484398,
    20.775964355468773,
    20.764306640625023,
    20.749963378906273,
    20.734338378906273,
    19.402642822265648,
    20.657861328125023,
    15.636132812500023,
    18.863488769531273,
    18.999169921875023,
    19.916467285156273,
    20.506799316406273,
    20.562066650390648,
    20.615014648437523,
    19.342950439453148,
    20.617852783203148,
    20.629266357421898,
    19.305871582031273,
    20.064172363281273,
    21.114373779296898,
    20.869836425781273,
    20.977197265625023,
    21.413629150390648,
    21.151727294921898,
    21.538385009765648,
    21.641687011718773,
    21.567010498046898,
    21.871514892578148,
    22.354180908203148,
    22.307366943359398,
    22.824121093750023,
    23.055047607421898,
    23.349664306640648,
    20.775292968750023,
    23.805505371093773,
    21.436364746093773,
    21.609124755859398,
    21.852441406250023,
    24.349969482421898,
    22.450555419921898,
    22.603265380859398,
    22.794091796875023,
    22.950860595703148,
    21.484674072265648,
    21.488061523437523,
    23.048822021484398,
    20.502160644531273,
    24.909570312500023,
    23.150476074218773,
    23.051141357421898,
    21.351953125000023,
    20.133447265625023,
    22.194787597656273,
    20.622613525390648,
    24.491143798828148,
    24.181756591796898,
    19.377587890625023,
    23.704370117187523,
    24.105004882812523,
    23.215661621093773,
    23.054681396484398,
    22.955346679687523,
    22.843255615234398,
    22.796563720703148,
    22.724053955078148,
    22.577142333984398,
    22.356164550781273,
    22.510400390625023,
    22.455499267578148,
    22.272912597656273,
    22.202539062500023,
    22.131707763671898,
    22.056665039062523,
    21.979211425781273,
    22.101739501953148,
    21.523126220703148,
    21.973687744140648,
    21.925622558593773,
    21.874871826171898,
    21.151513671875023,
    20.968164062500023,
    21.267449951171898,
    20.665887451171898
  ],
  "outdoor_temps": [
    -6.1035156022626325e-06,
    -6.1035156022626325e-06,
    -6.1035156022626325e-06,
    -6.1035156022626325e-06,
    -6.1035156022626325e-06,
    -6.1035156022626325e-06,
    -6.1035156022626325e-06,
    -6.1035156022626325e-06,
    -6.1035156022626325e-06,
    -6.1035156022626325e-06,
    -6.1035156022626325e-06,
    -6.1035156022626325e-06,
    -6.1035156022626325e-06,
    -6.1035156022626325e-06,
    -6.1035156022626325e-06,
    -6.1035156022626325e-06,
    -6.1035156022626325e-06,
    -6.1035156022626325e-06,
    -6.1035156022626325e-06,
    -6.1035156022626325e-06,
    -6.1035156022626325e-06,
    -6.1035156022626325e-06,
    -6.1035156022626325e-06,
    0.48467407226564774,
    1.5674987792968977,
    2.6915527343750227,
    3.3000122070312727,
    3.2094665527343977,
    2.8019348144531477,
    2.3684326171875227,
    2.2000061035156477,
    2.3021789550781477,
    2.5030456542968977,
    2.8273864746093977,
    3.3000122070312727,
    4.170007324218773,
    5.390008544921898,
    6.540002441406273,
    7.200006103515648,
    7.400476074218773,
    7.509606933593773,
    7.613946533203148,
    7.800012207031273,
    8.075891113281273,
    8.371636962890648,
    8.656549072265648,
    8.899987792968773,
    9.066003417968773,
    9.171868896484398,
    9.266809082031273,
    9.399987792968773,
    9.710534667968773,
    10.159387207031273,
    10.528527832031273,
    10.600000000000023,
    10.450006103515648,
    10.300012207031273,
    10.149987792968773,
    9.999993896484398,
    9.850000000000023,
    9.700006103515648,
    9.550012207031273,
    9.399987792968773,
    8.978875732421898,
    8.201959228515648,
    7.349084472656273,
    6.700006103515648,
    6.357904052734398,
    6.149987792968773,
    5.942102050781273,
    5.600000000000023,
    4.941003417968773,
    4.063317871093773,
    3.2539611816406477,
    2.8000122070312727,
    2.6291442871093977,
    2.4749084472656477,
    2.3332153320312727,
    2.2000061035156477,
    2.0766845703125227,
    1.9598327636718977,
    1.8380676269531477,
    1.7000061035156477,
    1.4921203613281477,
    1.2039733886718977,
    0.8888488769531477,
    0.6000000000000227,
    0.41335449218752274,
    0.31020507812502274,
    0.20195922851564774,
    -6.1035156022626325e-06,
    -0.7735656738281023,
    -2.1510986328124773,
    -3.5530761718749773,
    -4.399999999999977
  ],
  "rewards": [
    4.963678053930402,
    4.9635631695538756,
    4.962818720653653,
    4.962127915933729,
    4.961546352222562,
    4.961056741737153,
    4.960629737690091,
    4.96024063141644,
    4.959872474983334,
    -0.3708468612984364,
    4.964745445339415,
    4.964601771958334,
    4.95769943862052,
    4.957644950464368,
    4.9574352875500916,
    4.957175410106778,
    4.956891085222363,
    -0.905426584146525,
    4.9554851427466975,
    -47.610624560988946,
    -3.244472227623314,
    -2.5189773775657067,
    -0.03757102489681046,
    4.952708824228981,
    4.95373400361836,
    4.954715080431622,
    -1.092834366762045,
    4.954769507894698,
    4.954980937503602,
    -1.2182212497702942,
    4.96161009325654,
    4.963949582773059,
    4.972031408701092,
    4.973416181229864,
    4.9694658209856435,
    4.975667060766369,
    4.971763712454749,
    4.973670103163175,
    4.9810336906726915,
    4.98497487308911,
    4.986844231371646,
    4.994797755305372,
    4.995535504894412,
    4.998483270448349,
    4.998226498629898,
    4.987105375729663,
    4.996455842479739,
    4.985637824736697,
    4.985254304636269,
    4.984714133662212,
    -0.310460973051133,
    4.983386670772634,
    4.983047898932967,
    4.982624612379819,
    4.982277021337301,
    4.974399677661289,
    4.974386958600225,
    4.982060381070913,
    4.968262517761115,
    -2.074111681213301,
    4.9818347697742285,
    4.982055104300056,
    4.974915448579937,
    4.970307480377348,
    4.9839554940298525,
    4.977748340521008,
    -0.6047432704380583,
    -0.08506127365065132,
    -0.9811542543722824,
    4.994881128793825,
    -0.028824247230828083,
    4.998750057990298,
    4.998487828234939,
    4.997956740262877,
    4.997551097002204,
    4.995024292108158,
    4.993685052208926,
    4.994110994712166,
    4.995160289815424,
    4.989739619793451,
    4.988725750111367,
    4.990178638551384,
    4.9892693275963165,
    4.988354084514891,
    4.9873848710213995,
    4.986384504460608,
    4.982196341353266,
    4.989010482515168,
    4.979833340326081,
    4.978946210316342,
    4.978009563401342,
    4.9862680160291495,
    4.984913740051668,
    4.97718639447038,
    4.982679441966926
  ],