{
  "episode": 983,
  "steps": 95,
  "actions": [
    23,
    23,
    23,
    23,
    20,
    13,
    13,
    22,
    12,
    15,
    7,
    22,
    15,
    23,
    21,
    15,
    12,
    20,
    15,
    20,
    21,
    13,
    20,
    13,
    21,
    13,
    15,
    12,
    15,
    21,
    15,
    12,
    20,
    12,
    21,
    12,
    21,
    14,
    12,
    15,
    12,
    12,
    20,
    12,
    13,
    14,
    9,
    23,
    0,
    3,
    8,
    0,
    0,
    3,
    8,
    2,
    8,
    3,
    2,
    3,
    1,
    0,
    8,
    9,
    0,
    0,
    3,
    0,
    3,
    11,
    12,
    6,
    13,
    13,
    22,
    21,
    20,
    13,
    12,
    14,
    12,
    13,
    21,
    20,
    21,
    12,
    15,
    12,
    13,
    20,
    14,
    12,
    12,
    21,
    15
  ],
  "temperatures": [
    21.111627197265648,
    21.104028320312523,
    21.062646484375023,
    21.024285888671898,
    20.991937255859398,
    20.498834228515648,
    20.445855712890648,
    20.893945312500023,
    20.404046630859398,
    20.360498046875023,
    19.517816162109398,
    20.774804687500023,
    20.284753417968773,
    20.756677246093773,
    20.752404785156273,
    20.236779785156273,
    20.193566894531273,
    20.682824707031273,
    20.164208984375023,
    20.649072265625023,
    20.644372558593773,
    20.111566162109398,
    20.601586914062523,
    20.080224609375023,
    20.613946533203148,
    20.148065185546898,
    20.162469482421898,
    20.158563232421898,
    20.135644531250023,
    20.630029296875023,
    20.146813964843773,
    20.751275634765648,
    21.272393798828148,
    21.025567626953148,
    21.446313476562523,
    21.187463378906273,
    21.566857910156273,
    21.372735595703148,
    21.584008789062523,
    21.894464111328148,
    22.203759765625023,
    22.503503417968773,
    22.843927001953148,
    23.078546142578148,
    23.375207519531273,
    23.664270019531273,
    19.895745849609398,
    23.883905029296898,
    21.748376464843773,
    21.920739746093773,
    20.730187988281273,
    22.277642822265648,
    22.544763183593773,
    22.757592773437523,
    21.373986816406273,
    22.945153808593773,
    21.498101806640648,
    23.045465087890648,
    23.130334472656273,
    23.143914794921898,
    23.119439697265648,
    23.058038330078148,
    21.360101318359398,
    21.126428222656273,
    22.265344238281273,
    22.035394287109398,
    21.800988769531273,
    21.594110107421898,
    21.413201904296898,
    20.022058105468773,
    23.723657226562523,
    23.222344970703148,
    23.031640625000023,
    22.910150146484398,
    22.837579345703148,
    22.768823242187523,
    22.698052978515648,
    22.547326660156273,
    22.460534667968773,
    22.382684326171898,
    22.311029052734398,
    22.242974853515648,
    22.323999023437523,
    22.271813964843773,
    22.214501953125023,
    21.969049072265648,
    21.887384033203148,
    21.810601806640648,
    21.733697509765648,
    21.908410644531273,
    21.603387451171898,
    21.517083740234398,
    21.403100585937523,
    21.593865966796898,
    21.175378417968773
  ],
  "outdoor_temps": [
    -6.1035156022626325e-06,
    -6.1035156022626325e-06,
    -6.1035156022626325e-06,
    -6.1035156022626325e-06,
    -6.1035156022626325e-06,
    -6.1035156022626325e-06,
    -6.1035156022626325e-06,
    -6.1035156022626325e-06,
    -6.1035156022626325e-06,
    -6.1035156022626325e-06,
    -6.1035156022626325e-06,
    -6.1035156022626325e-06,
    -6.1035156022626325e-06,
    -6.1035156022626325e-06,
    -6.1035156022626325e-06,
    -6.1035156022626325e-06,
    -6.1035156022626325e-06,
    -6.1035156022626325e-06,
    -6.1035156022626325e-06,
    -6.1035156022626325e-06,
    -6.1035156022626325e-06,
    -6.1035156022626325e-06,
    -6.1035156022626325e-06,
    0.48467407226564774,
    1.5674987792968977,
    2.6915527343750227,
    3.3000122070312727,
    3.2094665527343977,
    2.8019348144531477,
    2.3684326171875227,
    2.2000061035156477,
    2.3021789550781477,
    2.5030456542968977,
    2.8273864746093977,
    3.3000122070312727,
    4.170007324218773,
    5.390008544921898,
    6.540002441406273,
    7.200006103515648,
    7.400476074218773,
    7.509606933593773,
    7.613946533203148,
    7.800012207031273,
    8.075891113281273,
    8.371636962890648,
    8.656549072265648,
    8.899987792968773,
    9.066003417968773,
    9.171868896484398,
    9.266809082031273,
    9.399987792968773,
    9.710534667968773,
    10.159387207031273,
    10.528527832031273,
    10.600000000000023,
    10.450006103515648,
    10.300012207031273,
    10.149987792968773,
    9.999993896484398,
    9.850000000000023,
    9.700006103515648,
    9.550012207031273,
    9.399987792968773,
    8.978875732421898,
    8.201959228515648,
    7.349084472656273,
    6.700006103515648,
    6.357904052734398,
    6.149987792968773,
    5.942102050781273,
    5.600000000000023,
    4.941003417968773,
    4.063317871093773,
    3.2539611816406477,
    2.8000122070312727,
    2.6291442871093977,
    2.4749084472656477,
    2.3332153320312727,
    2.2000061035156477,
    2.0766845703125227,
    1.9598327636718977,
    1.8380676269531477,
    1.7000061035156477,
    1.4921203613281477,
    1.2039733886718977,
    0.8888488769531477,
    0.6000000000000227,
    0.41335449218752274,
    0.31020507812502274,
    0.20195922851564774,
    -6.1035156022626325e-06,
    -0.7735656738281023,
    -2.1510986328124773,
    -3.5530761718749773,
    -4.399999999999977
  ],
  "rewards": [
    4.963678053930402,
    4.9635631695538756,
    4.962818720653653,
    4.962127915933729,
    4.961546352222562,
    4.967124922285747,
    4.966450353935847,
    4.959774424072841,
    4.965929483276184,
    4.96537428391741,
    -0.5941795408997299,
    4.957609155426207,
    4.964415669542129,
    4.957288345294802,
    4.957215110376477,
    4.963810370017491,
    4.963255356586336,
    4.95594258098693,
    4.962882254133891,
    4.9553255941446706,
    4.9552412368570975,
    4.9622084045900925,
    4.954456655022243,
    4.961809202442836,
    4.954692689415554,
    4.962692207147084,
    4.962880044058451,
    4.962830265796541,
    4.962534296639426,
    4.954995178180544,
    4.962679325391255,
    4.970502275860666,
    4.966864171315146,
    4.974042103300762,
    4.970069913659406,
    4.976129609395467,
    4.972289843846275,
    4.978520755816899,
    4.9812538588278645,
    4.985271987743838,
    4.989275932944177,
    4.993156269617541,
    4.995901513088656,
    4.999279532964301,
    4.998127280228002,
    4.997004512623438,
    -0.036857451315147526,
    4.99388421028399,
    4.984945195246488,
    4.984562596011907,
    4.9773286874564775,
    4.98377041806394,
    4.983177694607526,
    4.982705636549741,
    4.974829179790843,
    4.982290040753984,
    4.974347891356148,
    4.982067832247557,
    4.981879580539692,
    4.981849468271531,
    4.981903668564785,
    4.982039767428908,
    4.974883880767972,
    4.9757912523757835,
    4.983798856645013,
    4.984309438396245,
    4.984829899597913,
    4.985289225203026,
    4.985690852034837,
    4.980081738975871,
    4.996774437256319,
    4.999432039853347,
    4.999464118820696,
    4.998415007330963,
    4.995780998927096,
    4.994511247687365,
    4.993204543352775,
    4.993725461075973,
    4.9926034144317,
    4.991597125657065,
    4.990670944475447,
    4.989791407115919,
    4.98629779392157,
    4.985334972054414,
    4.98427696572892,
    4.986253100384674,
    4.98519786847399,
    4.984206160939096,
    4.983212883599264,
    4.978628742333988,
    4.981529613147449,
    4.980414513372694,
    4.978941025860769,
    4.97281967668624,
    4.975995221783124
  ],