{
  "episode": 769,
  "steps": 95,
  "actions": [
    23,
    23,
    23,
    23,
    12,
    21,
    12,
    20,
    6,
    12,
    13,
    12,
    15,
    21,
    22,
    22,
    13,
    20,
    21,
    15,
    21,
    12,
    15,
    13,
    15,
    20,
    13,
    21,
    15,
    21,
    12,
    21,
    20,
    20,
    4,
    15,
    20,
    15,
    12,
    21,
    22,
    6,
    21,
    21,
    13,
    12,
    12,
    12,
    2,
    9,
    2,
    11,
    1,
    11,
    8,
    11,
    2,
    0,
    11,
    2,
    2,
    2,
    11,
    3,
    3,
    9,
    11,
    23,
    9,
    12,
    13,
    21,
    12,
    13,
    13,
    20,
    12,
    15,
    12,
    13,
    22,
    15,
    14,
    22,
    13,
    12,
    21,
    22,
    13,
    14,
    20,
    12,
    12,
    14,
    12
  ],
  "temperatures": [
    21.111627197265648,
    21.104028320312523,
    21.062646484375023,
    21.024285888671898,
    20.531274414062523,
    20.948876953125023,
    20.460931396484398,
    20.897271728515648,
    19.628503417968773,
    20.322961425781273,
    20.313653564453148,
    20.290338134765648,
    20.266015625000023,
    20.750482177734398,
    20.747979736328148,
    20.737054443359398,
    20.216882324218773,
    20.690362548828148,
    20.683190917968773,
    20.155053710937523,
    20.637750244140648,
    20.109460449218773,
    20.068170166015648,
    20.051263427734398,
    20.070886230468773,
    20.633477783203148,
    20.169915771484398,
    20.668664550781273,
    20.161004638671898,
    20.638970947265648,
    20.153375244140648,
    21.162103271484398,
    21.290185546875023,
    21.390252685546898,
    20.611352539062523,
    21.162652587890648,
    21.560662841796898,
    21.368676757812523,
    21.581628417968773,
    22.112451171875023,
    22.377618408203148,
    22.340753173828148,
    22.844049072265648,
    23.075646972656273,
    23.377221679687523,
    23.666314697265648,
    23.938409423828148,
    24.192529296875023,
    21.863916015625023,
    20.615563964843773,
    22.127160644531273,
    20.934686279296898,
    22.522576904296898,
    21.250787353515648,
    21.331536865234398,
    21.390863037109398,
    22.967980957031273,
    23.087213134765648,
    21.549432373046898,
    23.050622558593773,
    23.071954345703148,
    23.020043945312523,
    21.333184814453148,
    22.571099853515648,
    22.325494384765648,
    20.674462890625023,
    20.428186035156273,
    23.879327392578148,
    20.183160400390648,
    23.837579345703148,
    23.848229980468773,
    23.152124023437523,
    23.059594726562523,
    22.938928222656273,
    22.832147216796898,
    22.788049316406273,
    22.657647705078148,
    22.565789794921898,
    22.479150390625023,
    22.400628662109398,
    22.447412109375023,
    22.264550781250023,
    22.194696044921898,
    22.281579589843773,
    22.056268310546898,
    21.975549316406273,
    22.098229980468773,
    22.043084716796898,
    21.758142089843773,
    21.679162597656273,
    21.866235351562523,
    21.539025878906273,
    21.419091796875023,
    21.289697265625023,
    21.174645996093773
  ],
  "outdoor_temps": [
    -6.1035156022626325e-06,
    -6.1035156022626325e-06,
    -6.1035156022626325e-06,
    -6.1035156022626325e-06,
    -6.1035156022626325e-06,
    -6.1035156022626325e-06,
    -6.1035156022626325e-06,
    -6.1035156022626325e-06,
    -6.1035156022626325e-06,
    -6.1035156022626325e-06,
    -6.1035156022626325e-06,
    -6.1035156022626325e-06,
    -6.1035156022626325e-06,
    -6.1035156022626325e-06,
    -6.1035156022626325e-06,
    -6.1035156022626325e-06,
    -6.1035156022626325e-06,
    -6.1035156022626325e-06,
    -6.1035156022626325e-06,
    -6.1035156022626325e-06,
    -6.1035156022626325e-06,
    -6.1035156022626325e-06,
    -6.1035156022626325e-06,
    0.48467407226564774,
    1.5674987792968977,
    2.6915527343750227,
    3.3000122070312727,
    3.2094665527343977,
    2.8019348144531477,
    2.3684326171875227,
    2.2000061035156477,
    2.3021789550781477,
    2.5030456542968977,
    2.8273864746093977,
    3.3000122070312727,
    4.170007324218773,
    5.390008544921898,
    6.540002441406273,
    7.200006103515648,
    7.400476074218773,
    7.509606933593773,
    7.613946533203148,
    7.800012207031273,
    8.075891113281273,
    8.371636962890648,
    8.656549072265648,
    8.899987792968773,
    9.066003417968773,
    9.171868896484398,
    9.266809082031273,
    9.399987792968773,
    9.710534667968773,
    10.159387207031273,
    10.528527832031273,
    10.600000000000023,
    10.450006103515648,
    10.300012207031273,
    10.149987792968773,
    9.999993896484398,
    9.850000000000023,
    9.700006103515648,
    9.550012207031273,
    9.399987792968773,
    8.978875732421898,
    8.201959228515648,
    7.349084472656273,
    6.700006103515648,
    6.357904052734398,
    6.149987792968773,
    5.942102050781273,
    5.600000000000023,
    4.941003417968773,
    4.063317871093773,
    3.2539611816406477,
    2.8000122070312727,
    2.6291442871093977,
    2.4749084472656477,
    2.3332153320312727,
    2.2000061035156477,
    2.0766845703125227,
    1.9598327636718977,
    1.8380676269531477,
    1.7000061035156477,
    1.4921203613281477,
    1.2039733886718977,
    0.8888488769531477,
    0.6000000000000227,
    0.41335449218752274,
    0.31020507812502274,
    0.20195922851564774,
    -6.1035156022626325e-06,
    -0.7735656738281023,
    -2.1510986328124773,
    -3.5530761718749773,
    -4.399999999999977
  ],
  "rewards": [
    4.963678053930402,
    4.9635631695538756,
    4.962818720653653,
    4.962127915933729,
    4.967531105432659,
    4.960764663506461,
    4.966645865489445,
    4.959836139965964,
    -0.35754767689574335,
    4.964888131758279,
    4.964775972493155,
    4.964481476620326,
    4.964173219330771,
    4.957173550325243,
    4.957133213490896,
    4.956936210655,
    4.963557069402512,
    4.956081916433314,
    4.955953295401256,
    4.962766300488911,
    4.955119271474688,
    4.9621811175837145,
    4.9616497899370025,
    4.961434458530306,
    4.961691349819788,
    4.955055860477297,
    4.962976256619167,
    4.9557088603940995,
    4.962862166189305,
    4.955160834985582,
    4.962764022399388,
    4.964831636239005,
    4.967193178147726,
    4.96903807120673,
    4.982264261032414,
    4.9758084221059535,
    4.972175806957095,
    4.978467862616252,
    4.981222841775773,
    4.98237396984191,
    4.987277459115438,
    4.995044772055324,
    4.995903841929591,
    4.998369002281405,
    4.998119384397469,
    4.996996520534644,
    4.995939760409457,
    -0.095162800989905,
    4.984688795708282,
    4.977773944880165,
    4.984104333429719,
    4.97653437092463,
    4.983226952475658,
    4.975307253151808,
    4.974994067676527,
    4.9747640163909805,
    4.982239615224463,
    4.981975185196199,
    4.974149057421833,
    4.982056531213385,
    4.982009056131639,
    4.9821240638897795,
    4.974988354589143,
    4.983120234511954,
    4.983665418547619,
    4.977546997812618,
    4.9785037471196905,
    4.993910480279637,
    4.97945588484779,
    4.996332010238553,
    4.996290730364782,
    4.9979477420752145,
    4.999355546108164,
    4.998787552971555,
    4.997407247201094,
    4.994866756137947,
    4.995151579092216,
    4.993964093305332,
    4.992844298220037,
    4.991829345949156,
    4.988576118585208,
    4.990070659049179,
    4.989167689717172,
    4.98551518786407,
    4.987379591565903,
    4.986336926594863,
    4.982131478477431,
    4.9811137374347965,
    4.983528930049713,
    4.982508578375468,
    4.97784991640306,
    4.980697845826816,
    4.979147768743498,
    4.97747408462332,
    4.975985760711943
  ],