{
  "episode": 1270,
  "steps": 95,
  "actions": [
    23,
    23,
    23,
    23,
    23,
    21,
    22,
    22,
    22,
    22,
    21,
    22,
    23,
    20,
    23,
    20,
    23,
    23,
    23,
    21,
    23,
    23,
    15,
    22,
    22,
    21,
    20,
    23,
    23,
    22,
    15,
    22,
    23,
    23,
    23,
    23,
    13,
    23,
    15,
    23,
    23,
    22,
    21,
    1,
    22,
    13,
    22,
    22,
    23,
    1,
    22,
    23,
    23,
    12,
    23,
    22,
    22,
    22,
    13,
    22,
    5,
    23,
    23,
    22,
    21,
    23,
    23,
    23,
    23,
    23,
    23,
    12,
    12,
    23,
    23,
    23,
    23,
    2,
    21,
    23,
    12,
    23,
    22,
    23,
    22,
    20,
    23,
    23,
    23,
    21,
    7,
    23,
    23,
    22,
    15
  ],
  "temperatures": [
    20.975762939453148,
    20.971978759765648,
    20.926324462890648,
    20.884027099609398,
    20.848413085937523,
    20.818383789062523,
    20.792230224609398,
    20.768457031250023,
    20.746057128906273,
    20.724359130859398,
    20.703149414062523,
    20.682244873046898,
    20.661584472656273,
    20.641198730468773,
    20.621026611328148,
    20.601068115234398,
    20.581353759765648,
    20.561944580078148,
    20.542871093750023,
    20.524133300781273,
    20.505761718750023,
    20.487725830078148,
    19.865136718750023,
    20.439599609375023,
    20.473535156250023,
    20.514672851562523,
    20.545983886718773,
    20.550134277343773,
    20.535394287109398,
    20.518182373046898,
    19.945977783203148,
    21.051171875000023,
    21.186669921875023,
    21.291467285156273,
    21.370751953125023,
    21.433618164062523,
    21.141687011718773,
    21.585260009765648,
    21.487725830078148,
    22.060174560546898,
    22.339135742187523,
    22.597192382812523,
    22.844232177734398,
    20.505426025390648,
    23.281518554687523,
    23.685540771484398,
    23.810754394531273,
    24.033563232421898,
    24.241265869140648,
    22.839135742187523,
    24.568750000000023,
    24.759301757812523,
    24.929803466796898,
    25.556329345703148,
    25.216302490234398,
    25.298150634765648,
    25.362481689453148,
    25.410028076171898,
    26.009301757812523,
    25.458734130859398,
    26.869866943359398,
    25.412133789062523,
    25.287164306640648,
    25.126153564453148,
    24.924401855468773,
    24.740808105468773,
    24.584191894531273,
    24.454431152343773,
    24.346459960937523,
    24.252679443359398,
    24.164086914062523,
    23.745019531250023,
    23.577966308593773,
    23.340173339843773,
    23.235284423828148,
    23.152093505859398,
    23.069024658203148,
    20.712243652343773,
    22.837823486328148,
    22.787042236328148,
    22.660699462890648,
    22.654901123046898,
    22.591577148437523,
    22.525231933593773,
    22.455010986328148,
    22.382653808593773,
    22.310479736328148,
    22.239526367187523,
    22.167840576171898,
    22.099755859375023,
    21.479119873046898,
    21.943627929687523,
    21.849725341796898,
    21.738244628906273,
    21.325189208984398
  ],
  "outdoor_temps": [
    -6.1035156022626325e-06,
    -6.1035156022626325e-06,
    -6.1035156022626325e-06,
    -6.1035156022626325e-06,
    -6.1035156022626325e-06,
    -6.1035156022626325e-06,
    -6.1035156022626325e-06,
    -6.1035156022626325e-06,
    -6.1035156022626325e-06,
    -6.1035156022626325e-06,
    -6.1035156022626325e-06,
    -6.1035156022626325e-06,
    -6.1035156022626325e-06,
    -6.1035156022626325e-06,
    -6.1035156022626325e-06,
    -6.1035156022626325e-06,
    -6.1035156022626325e-06,
    -6.1035156022626325e-06,
    -6.1035156022626325e-06,
    -6.1035156022626325e-06,
    -6.1035156022626325e-06,
    -6.1035156022626325e-06,
    -6.1035156022626325e-06,
    0.48467407226564774,
    1.5674987792968977,
    2.6915527343750227,
    3.3000122070312727,
    3.2094665527343977,
    2.8019348144531477,
    2.3684326171875227,
    2.2000061035156477,
    2.3021789550781477,
    2.5030456542968977,
    2.8273864746093977,
    3.3000122070312727,
    4.170007324218773,
    5.390008544921898,
    6.540002441406273,
    7.200006103515648,
    7.400476074218773,
    7.509606933593773,
    7.613946533203148,
    7.800012207031273,
    8.075891113281273,
    8.371636962890648,
    8.656549072265648,
    8.899987792968773,
    9.066003417968773,
    9.171868896484398,
    9.266809082031273,
    9.399987792968773,
    9.710534667968773,
    10.159387207031273,
    10.528527832031273,
    10.600000000000023,
    10.450006103515648,
    10.300012207031273,
    10.149987792968773,
    9.999993896484398,
    9.850000000000023,
    9.700006103515648,
    9.550012207031273,
    9.399987792968773,
    8.978875732421898,
    8.201959228515648,
    7.349084472656273,
    6.700006103515648,
    6.357904052734398,
    6.149987792968773,
    5.942102050781273,
    5.600000000000023,
    4.941003417968773,
    4.063317871093773,
    3.2539611816406477,
    2.8000122070312727,
    2.6291442871093977,
    2.4749084472656477,
    2.3332153320312727,
    2.2000061035156477,
    2.0766845703125227,
    1.9598327636718977,
    1.8380676269531477,
    1.7000061035156477,
    1.4921203613281477,
    1.2039733886718977,
    0.8888488769531477,
    0.6000000000000227,
    0.41335449218752274,
    0.31020507812502274,
    0.20195922851564774,
    -6.1035156022626325e-06,
    -0.7735656738281023,
    -2.1510986328124773,
    -3.5530761718749773,
    -4.399999999999977
  ],
  "rewards": [
    4.9077753899246455,
    4.9076752827316525,
    4.905702330842614,
    4.90387322165072,
    4.902335326448083,
    4.901042372956872,
    4.89991663661664,
    4.898892733775403,
    4.897925641261365,
    4.896989104472424,
    4.896070201121594,
    4.895163533360414,
    4.89426644059303,
    4.893377902284264,
    4.892497641674202,
    4.8916256878525015,
    4.890763070217293,
    4.889912059083581,
    4.889075028672814,
    4.888252494111657,
    4.887444264561585,
    4.886651608720422,
    -0.04155346553772074,
    4.884534518378584,
    4.886048733912732,
    4.887880933009412,
    4.889272524983339,
    4.889459101787727,
    4.888806359544397,
    4.88804389692843,
    -0.025678490005107163,
    4.911692235129683,
    4.917688042842175,
    4.922325203195214,
    4.9258314345031975,
    4.928609902635217,
    4.944466314278543,
    4.9353194496003185,
    4.954691824875772,
    4.956392519357411,
    4.9687722275406125,
    4.980226112380624,
    4.991192491375234,
    4.975494372736379,
    4.994358903240088,
    4.993353252917852,
    4.987311148342231,
    -0.005198073550736358,
    -0.062972347303912,
    4.965133392806165,
    -0.32932990022411157,
    -0.5830267889571276,
    -0.8715897105262107,
    -2.428021225482296,
    -1.4874004460758394,
    -1.6934761221334929,
    -1.8648513715115551,
    -1.996832428440192,
    -4.044158630236751,
    -2.13672061104658,
    -8.240453695944318,
    -2.002782243004376,
    -1.665036413185357,
    -1.275930327586881,
    -0.8615555563342733,
    -0.5552221313410817,
    -0.34718422852459224,
    -0.2119797586649863,
    -0.1251471001655021,
    -0.06864730250091511,
    -0.03142995335162432,
    4.992835141178221,
    4.9943173229062685,
    4.993585837531997,
    4.994981357827783,
    4.996087988987565,
    4.997192700356245,
    4.974600701327436,
    4.990906539923795,
    4.988655957252435,
    4.989400109015405,
    4.982797311294986,
    4.979991134181619,
    4.977052669249798,
    4.9739406273514035,
    4.970735745154645,
    4.967538735500496,
    4.9643951676040885,
    4.961220526471734,
    4.9582050631195305,
    4.977460412870809,
    4.951287853429499,
    4.9471257994323965,
    4.942182256951928,
    4.949949517160977
  ],