{
  "episode": 76,
  "steps": 95,
  "actions": [
    23,
    23,
    23,
    23,
    6,
    7,
    6,
    13,
    22,
    20,
    0,
    14,
    19,
    22,
    19,
    21,
    20,
    1,
    22,
    13,
    0,
    6,
    21,
    10,
    20,
    0,
    4,
    7,
    20,
    22,
    20,
    12,
    12,
    21,
    12,
    0,
    11,
    21,
    3,
    5,
    7,
    4,
    6,
    12,
    4,
    10,
    12,
    21,
    15,
    14,
    6,
    14,
    20,
    22,
    22,
    22,
    4,
    7,
    22,
    4,
    17,
    21,
    14,
    15,
    12,
    6,
    20,
    21,
    20,
    6,
    12,
    19,
    7,
    0,
    21,
    7,
    11,
    22,
    22,
    0,
    22,
    15,
    21,
    22,
    22,
    22,
    12,
    22,
    20,
    19,
    19,
    7,
    21,
    21,
    3
  ],
  "temperatures": [
    20.975762939453148,
    20.971978759765648,
    20.926324462890648,
    20.884027099609398,
    19.381799316406273,
    19.155480957031273,
    19.058740234375023,
    20.052331542968773,
    20.660577392578148,
    20.669183349609398,
    16.532739257812523,
    19.834008789062523,
    15.740991210937523,
    20.386346435546898,
    15.666375732421898,
    20.314904785156273,
    20.400964355468773,
    16.152703857421898,
    20.276208496093773,
    19.713189697265648,
    15.993646240234398,
    18.188043212890648,
    20.187860107421898,
    15.585321044921898,
    20.144281005859398,
    15.943444824218773,
    18.228204345703148,
    18.402368164062523,
    20.201135253906273,
    20.255303955078148,
    20.302087402343773,
    20.363061523437523,
    20.507287597656273,
    21.083856201171898,
    20.756494140625023,
    17.311944580078148,
    16.541741943359398,
    21.230065917968773,
    17.741937255859398,
    20.674890136718773,
    21.333306884765648,
    21.811608886718773,
    22.259179687500023,
    22.810571289062523,
    23.141839599609398,
    19.629693603515648,
    23.572839355468773,
    23.775109863281273,
    24.215142822265648,
    24.473840332031273,
    25.187585449218773,
    24.950921630859398,
    24.758325195312523,
    24.905572509765648,
    25.027368164062523,
    25.116265869140648,
    26.447351074218773,
    26.624444580078148,
    25.325646972656273,
    26.668664550781273,
    21.053308105468773,
    25.127343750000023,
    25.567437744140648,
    25.419641113281273,
    25.196801757812523,
    25.603753662109398,
    24.452569580078148,
    24.312249755859398,
    24.205316162109398,
    24.843408203125023,
    24.320886230468773,
    19.240716552734398,
    23.224145507812523,
    20.970300292968773,
    23.000177001953148,
    22.928186035156273,
    19.323297119140648,
    22.693017578125023,
    22.658685302734398,
    20.074731445312523,
    22.469812011718773,
    22.314996337890648,
    22.387170410156273,
    22.331384277343773,
    22.268609619140648,
    22.202569580078148,
    21.935754394531273,
    22.063989257812523,
    22.000604248046898,
    17.530175781250023,
    17.345513916015648,
    20.641778564453148,
    21.549523925781273,
    21.482110595703148,
    18.136956787109398
  ],
  "outdoor_temps": [
    -6.1035156022626325e-06,
    -6.1035156022626325e-06,
    -6.1035156022626325e-06,
    -6.1035156022626325e-06,
    -6.1035156022626325e-06,
    -6.1035156022626325e-06,
    -6.1035156022626325e-06,
    -6.1035156022626325e-06,
    -6.1035156022626325e-06,
    -6.1035156022626325e-06,
    -6.1035156022626325e-06,
    -6.1035156022626325e-06,
    -6.1035156022626325e-06,
    -6.1035156022626325e-06,
    -6.1035156022626325e-06,
    -6.1035156022626325e-06,
    -6.1035156022626325e-06,
    -6.1035156022626325e-06,
    -6.1035156022626325e-06,
    -6.1035156022626325e-06,
    -6.1035156022626325e-06,
    -6.1035156022626325e-06,
    -6.1035156022626325e-06,
    0.48467407226564774,
    1.5674987792968977,
    2.6915527343750227,
    3.3000122070312727,
    3.2094665527343977,
    2.8019348144531477,
    2.3684326171875227,
    2.2000061035156477,
    2.3021789550781477,
    2.5030456542968977,
    2.8273864746093977,
    3.3000122070312727,
    4.170007324218773,
    5.390008544921898,
    6.540002441406273,
    7.200006103515648,
    7.400476074218773,
    7.509606933593773,
    7.613946533203148,
    7.800012207031273,
    8.075891113281273,
    8.371636962890648,
    8.656549072265648,
    8.899987792968773,
    9.066003417968773,
    9.171868896484398,
    9.266809082031273,
    9.399987792968773,
    9.710534667968773,
    10.159387207031273,
    10.528527832031273,
    10.600000000000023,
    10.450006103515648,
    10.300012207031273,
    10.149987792968773,
    9.999993896484398,
    9.850000000000023,
    9.700006103515648,
    9.550012207031273,
    9.399987792968773,
    8.978875732421898,
    8.201959228515648,
    7.349084472656273,
    6.700006103515648,
    6.357904052734398,
    6.149987792968773,
    5.942102050781273,
    5.600000000000023,
    4.941003417968773,
    4.063317871093773,
    3.2539611816406477,
    2.8000122070312727,
    2.6291442871093977,
    2.4749084472656477,
    2.3332153320312727,
    2.2000061035156477,
    2.0766845703125227,
    1.9598327636718977,
    1.8380676269531477,
    1.7000061035156477,
    1.4921203613281477,
    1.2039733886718977,
    0.8888488769531477,
    0.6000000000000227,
    0.41335449218752274,
    0.31020507812502274,
    0.20195922851564774,
    -6.1035156022626325e-06,
    -0.7735656738281023,
    -2.1510986328124773,
    -3.5530761718749773,
    -4.399999999999977
  ],
  "rewards": [
    4.9077753899246455,
    4.9076752827316525,
    4.905702330842614,
    4.90387322165072,
    -0.3956233558570685,
    -0.7274956617400719,
    -0.9006055983570583,
    4.912064476130611,
    4.894127919372657,
    4.894538027964856,
    -12.023619912162307,
    -0.051176922135047515,
    -18.142252185548585,
    4.882065503283039,
    -18.783146964325983,
    4.878925692720906,
    4.882757670552186,
    -14.802988715998694,
    4.877243287335757,
    -0.10675356676395813,
    -16.051994992362594,
    -3.3010019876946806,
    4.873358399631536,
    -19.49087445060824,
    4.871446225348374,
    -16.45670897287116,
    -3.156918961941184,
    -2.56944255731284,
    4.873981854627314,
    4.876385314098519,
    4.878461405955578,
    4.921490053950768,
    4.925741476949466,
    4.913113047827197,
    4.933090867855303,
    -7.228231617177553,
    -11.963157927244744,
    4.919553978193713,
    -5.101913496000873,
    4.9655286836512795,
    4.9752688431336916,
    4.982344865729506,
    4.988967621305593,
    4.993833595464087,
    4.999300141527479,
    -0.1475883667332802,
    4.994353350292405,
    4.987785916078997,
    -0.04917031790252296,
    -0.2279826495845248,
    -1.4128102106174345,
    -0.9087687446307013,
    -0.581541447843581,
    -0.8270359935919639,
    -1.0628650833440036,
    -1.2537249864784132,
    -5.993375783367801,
    -6.891754338101036,
    -1.765712211420415,
    -7.125864594383894,
    4.9175062439428725,
    -1.2786163724343926,
    -2.4627458321595386,
    -2.0209376437395807,
    -1.4373965393800996,
    -2.5749382140887014,
    -0.21028513861255269,
    -0.10249865050712482,
    -0.046797495401757185,
    -0.7134059992880417,
    -0.10608590689853646,
    -0.5912535585349323,
    4.998941957780727,
    4.973449699809248,
    4.998100680563948,
    4.998855137865707,
    -0.46769982806363347,
    4.984483695972872,
    4.982962768994596,
    4.9774301790626225,
    4.974590451493859,
    4.979182972818936,
    4.970928735392897,
    4.968458070427827,
    4.965677723609234,
    4.962752747260358,
    4.967984759718504,
    4.95661478732915,
    4.953807990275647,
    -6.109073501446213,
    -7.054724512302561,
    4.965090398693093,
    4.933818623731318,
    4.930828082234315,
    -3.474430250270491
  ],