{
  "episode": 956,
  "steps": 95,
  "actions": [
    23,
    23,
    23,
    23,
    12,
    15,
    15,
    21,
    13,
    13,
    12,
    21,
    12,
    21,
    12,
    12,
    15,
    15,
    12,
    7,
    12,
    15,
    20,
    21,
    21,
    12,
    12,
    12,
    12,
    21,
    15,
    20,
    23,
    22,
    22,
    12,
    21,
    12,
    13,
    13,
    12,
    22,
    12,
    12,
    21,
    13,
    0,
    6,
    8,
    8,
    9,
    0,
    0,
    8,
    11,
    0,
    11,
    10,
    10,
    3,
    8,
    0,
    8,
    1,
    0,
    1,
    10,
    3,
    11,
    21,
    2,
    14,
    20,
    0,
    21,
    13,
    20,
    12,
    23,
    13,
    12,
    21,
    13,
    5,
    12,
    20,
    20,
    12,
    20,
    6,
    15,
    12,
    21,
    23,
    20
  ],
  "temperatures": [
    21.111627197265648,
    21.104028320312523,
    21.062646484375023,
    21.024285888671898,
    20.531274414062523,
    20.474237060546898,
    20.435083007812523,
    20.887994384765648,
    20.398797607421898,
    20.356317138671898,
    20.325585937500023,
    20.798303222656273,
    20.297967529296898,
    20.763421630859398,
    20.255487060546898,
    20.213861083984398,
    20.184075927734398,
    20.157098388671898,
    20.131738281250023,
    19.259545898437523,
    20.041406250000023,
    20.041894531250023,
    20.565972900390648,
    20.580194091796898,
    20.611566162109398,
    20.138909912109398,
    20.151849365234398,
    20.147424316406273,
    20.124414062500023,
    20.620507812500023,
    20.135919189453148,
    21.149163818359398,
    21.278649902343773,
    21.379632568359398,
    21.455804443359398,
    21.191186523437523,
    21.567254638671898,
    21.371545410156273,
    21.581719970703148,
    21.891534423828148,
    22.200708007812523,
    22.609979248046898,
    22.792291259765648,
    23.074304199218773,
    23.312860107421898,
    23.658502197265648,
    21.184075927734398,
    24.314904785156273,
    20.401055908203148,
    20.511987304687523,
    20.660882568359398,
    22.223748779296898,
    22.501367187500023,
    21.206018066406273,
    21.286614990234398,
    22.869439697265648,
    21.443963623046898,
    21.443658447265648,
    21.439416503906273,
    22.949731445312523,
    21.415307617187523,
    22.841516113281273,
    21.228082275390648,
    22.457788085937523,
    22.219750976562523,
    21.955560302734398,
    20.400628662109398,
    21.433221435546898,
    20.054223632812523,
    23.639764404296898,
    21.091241455078148,
    23.036096191406273,
    22.959039306640648,
    20.004876708984398,
    22.715112304687523,
    22.609246826171898,
    22.613641357421898,
    22.451562500000023,
    22.480950927734398,
    22.299829101562523,
    22.229028320312523,
    22.314233398437523,
    22.105279541015648,
    21.773492431640648,
    21.951074218750023,
    22.087487792968773,
    22.034295654296898,
    21.749505615234398,
    21.915582275390648,
    21.229333496093773,
    21.518609619140648,
    21.448144531250023,
    21.644647216796898,
    21.551446533203148,
    21.466119384765648
  ],
  "outdoor_temps": [
    -6.1035156022626325e-06,
    -6.1035156022626325e-06,
    -6.1035156022626325e-06,
    -6.1035156022626325e-06,
    -6.1035156022626325e-06,
    -6.1035156022626325e-06,
    -6.1035156022626325e-06,
    -6.1035156022626325e-06,
    -6.1035156022626325e-06,
    -6.1035156022626325e-06,
    -6.1035156022626325e-06,
    -6.1035156022626325e-06,
    -6.1035156022626325e-06,
    -6.1035156022626325e-06,
    -6.1035156022626325e-06,
    -6.1035156022626325e-06,
    -6.1035156022626325e-06,
    -6.1035156022626325e-06,
    -6.1035156022626325e-06,
    -6.1035156022626325e-06,
    -6.1035156022626325e-06,
    -6.1035156022626325e-06,
    -6.1035156022626325e-06,
    0.48467407226564774,
    1.5674987792968977,
    2.6915527343750227,
    3.3000122070312727,
    3.2094665527343977,
    2.8019348144531477,
    2.3684326171875227,
    2.2000061035156477,
    2.3021789550781477,
    2.5030456542968977,
    2.8273864746093977,
    3.3000122070312727,
    4.170007324218773,
    5.390008544921898,
    6.540002441406273,
    7.200006103515648,
    7.400476074218773,
    7.509606933593773,
    7.613946533203148,
    7.800012207031273,
    8.075891113281273,
    8.371636962890648,
    8.656549072265648,
    8.899987792968773,
    9.066003417968773,
    9.171868896484398,
    9.266809082031273,
    9.399987792968773,
    9.710534667968773,
    10.159387207031273,
    10.528527832031273,
    10.600000000000023,
    10.450006103515648,
    10.300012207031273,
    10.149987792968773,
    9.999993896484398,
    9.850000000000023,
    9.700006103515648,
    9.550012207031273,
    9.399987792968773,
    8.978875732421898,
    8.201959228515648,
    7.349084472656273,
    6.700006103515648,
    6.357904052734398,
    6.149987792968773,
    5.942102050781273,
    5.600000000000023,
    4.941003417968773,
    4.063317871093773,
    3.2539611816406477,
    2.8000122070312727,
    2.6291442871093977,
    2.4749084472656477,
    2.3332153320312727,
    2.2000061035156477,
    2.0766845703125227,
    1.9598327636718977,
    1.8380676269531477,
    1.7000061035156477,
    1.4921203613281477,
    1.2039733886718977,
    0.8888488769531477,
    0.6000000000000227,
    0.41335449218752274,
    0.31020507812502274,
    0.20195922851564774,
    -6.1035156022626325e-06,
    -0.7735656738281023,
    -2.1510986328124773,
    -3.5530761718749773,
    -4.399999999999977
  ],
  "rewards": [
    4.963678053930402,
    4.9635631695538756,
    4.962818720653653,
    4.962127915933729,
    4.967531105432659,
    4.966805889733298,
    4.966310575044512,
    4.9596642961080954,
    4.965861687709294,
    4.965320160463938,
    4.964930478409419,
    4.958043980885459,
    4.964586937476597,
    4.957412871409369,
    4.964047752667867,
    4.963513925202353,
    4.963132532961828,
    4.962786899841188,
    4.962461894786714,
    -1.3845450685841365,
    4.96129803785536,
    4.96130694640444,
    4.953798616128771,
    4.954065038136166,
    4.954648418635778,
    4.962573750068151,
    4.962742632754309,
    4.962686109669669,
    4.962388792164785,
    4.954819482851935,
    4.962538305570088,
    4.964592368799059,
    4.966979781559628,
    4.968841367080808,
    4.970245508812692,
    4.9761777032430725,
    4.97229745237918,
    4.978505032707654,
    4.9812239219026395,
    4.9852343133841845,
    4.989236086085925,
    4.991574638772917,
    4.996894691389378,
    4.999296050934283,
    4.997052847061468,
    4.997026879985533,
    4.986197966486702,
    -0.24940502617884283,
    4.9786072875467005,
    4.978176331640424,
    4.9775978971731085,
    4.983889985590364,
    4.983274023462087,
    4.975481042418629,
    4.975168514968098,
    4.982458066843612,
    4.974558142576367,
    4.974559676774008,
    4.974576272449902,
    4.982280370451024,
    4.97466985299908,
    4.98252026189977,
    4.975396586809308,
    4.9833716808717865,
    4.983900067135368,
    4.984486600089818,
    4.97861079767314,
    4.985646231628468,
    4.979956563857425,
    4.99523966259153,
    4.986405654375158,
    4.999447289528609,
    4.998023117181724,
    4.988823072100949,
    4.993517843350768,
    4.994524678040944,
    4.991644653317073,
    4.992486733383458,
    4.9891946726927285,
    4.990525491986424,
    4.989610340074191,
    4.986116212893439,
    4.9880117998017885,
    4.990857113749275,
    4.986019795654099,
    4.981931925703002,
    4.980950657299679,
    4.983416311181109,
    4.978760140229178,
    4.9868417198312995,
    4.980433744927949,
    4.979523242152093,
    4.973757861543609,
    4.972035876125745,
    4.970459121778608
  ],