{
  "episode": 24,
  "steps": 95,
  "actions": [
    23,
    23,
    23,
    23,
    23,
    23,
    23,
    23,
    23,
    23,
    23,
    23,
    23,
    23,
    23,
    23,
    23,
    23,
    23,
    23,
    23,
    23,
    23,
    23,
    23,
    23,
    23,
    23,
    23,
    23,
    23,
    23,
    10,
    13,
    6,
    6,
    0,
    11,
    23,
    15,
    23,
    7,
    7,
    20,
    11,
    11,
    23,
    12,
    0,
    21,
    22,
    5,
    0,
    14,
    12,
    5,
    22,
    4,
    4,
    15,
    15,
    5,
    0,
    11,
    0,
    3,
    23,
    21,
    3,
    7,
    4,
    14,
    23,
    22,
    13,
    13,
    19,
    3,
    2,
    22,
    3,
    7,
    22,
    9,
    1,
    0,
    21,
    9,
    15,
    13,
    6,
    23,
    21,
    20,
    6
  ],
  "temperatures": [
    20.975762939453148,
    20.971978759765648,
    20.926324462890648,
    20.884027099609398,
    20.848413085937523,
    20.818383789062523,
    20.792230224609398,
    20.768457031250023,
    20.746057128906273,
    20.724359130859398,
    20.703149414062523,
    20.682244873046898,
    20.661584472656273,
    20.641198730468773,
    20.621026611328148,
    20.601068115234398,
    20.581353759765648,
    20.561944580078148,
    20.542871093750023,
    20.524133300781273,
    20.505761718750023,
    20.487725830078148,
    20.470056152343773,
    20.463403320312523,
    20.485864257812523,
    20.523187255859398,
    20.552392578125023,
    20.555322265625023,
    20.539788818359398,
    20.522058105468773,
    20.533807373046898,
    21.077111816406273,
    16.622674560546898,
    20.669519042968773,
    20.212365722656273,
    20.272485351562523,
    17.523187255859398,
    16.808923339843773,
    21.555932617187523,
    21.655297851562523,
    22.243371582031273,
    22.125909423828148,
    22.514367675781273,
    23.006402587890648,
    19.471429443359398,
    19.678948974609398,
    23.601770019531273,
    24.075494384765648,
    22.327569580078148,
    24.268457031250023,
    24.473779296875023,
    25.595605468750023,
    23.569818115234398,
    25.398828125000023,
    25.599023437500023,
    26.510186767578148,
    25.309869384765648,
    26.709130859375023,
    26.858087158203148,
    26.021417236328148,
    25.983392333984398,
    26.785089111328148,
    24.355310058593773,
    22.085900878906273,
    23.500848388671898,
    23.248895263671898,
    24.442224121093773,
    24.339166259765648,
    22.681115722656273,
    24.771234130859398,
    24.801904296875023,
    23.647760009765648,
    23.370080566406273,
    23.248406982421898,
    23.189111328125023,
    23.091668701171898,
    18.701196289062523,
    20.284295654296898,
    20.157189941406273,
    22.571527099609398,
    20.002587890625023,
    22.020776367187523,
    22.392724609375023,
    18.637017822265648,
    19.327447509765648,
    19.187127685546898,
    21.982720947265648,
    18.150170898437523,
    21.503472900390648,
    21.520135498046898,
    21.019891357421898,
    21.691186523437523,
    21.616662597656273,
    21.516625976562523,
    20.489709472656273
  ],
  "outdoor_temps": [
    -6.1035156022626325e-06,
    -6.1035156022626325e-06,
    -6.1035156022626325e-06,
    -6.1035156022626325e-06,
    -6.1035156022626325e-06,
    -6.1035156022626325e-06,
    -6.1035156022626325e-06,
    -6.1035156022626325e-06,
    -6.1035156022626325e-06,
    -6.1035156022626325e-06,
    -6.1035156022626325e-06,
    -6.1035156022626325e-06,
    -6.1035156022626325e-06,
    -6.1035156022626325e-06,
    -6.1035156022626325e-06,
    -6.1035156022626325e-06,
    -6.1035156022626325e-06,
    -6.1035156022626325e-06,
    -6.1035156022626325e-06,
    -6.1035156022626325e-06,
    -6.1035156022626325e-06,
    -6.1035156022626325e-06,
    -6.1035156022626325e-06,
    0.48467407226564774,
    1.5674987792968977,
    2.6915527343750227,
    3.3000122070312727,
    3.2094665527343977,
    2.8019348144531477,
    2.3684326171875227,
    2.2000061035156477,
    2.3021789550781477,
    2.5030456542968977,
    2.8273864746093977,
    3.3000122070312727,
    4.170007324218773,
    5.390008544921898,
    6.540002441406273,
    7.200006103515648,
    7.400476074218773,
    7.509606933593773,
    7.613946533203148,
    7.800012207031273,
    8.075891113281273,
    8.371636962890648,
    8.656549072265648,
    8.899987792968773,
    9.066003417968773,
    9.171868896484398,
    9.266809082031273,
    9.399987792968773,
    9.710534667968773,
    10.159387207031273,
    10.528527832031273,
    10.600000000000023,
    10.450006103515648,
    10.300012207031273,
    10.149987792968773,
    9.999993896484398,
    9.850000000000023,
    9.700006103515648,
    9.550012207031273,
    9.399987792968773,
    8.978875732421898,
    8.201959228515648,
    7.349084472656273,
    6.700006103515648,
    6.357904052734398,
    6.149987792968773,
    5.942102050781273,
    5.600000000000023,
    4.941003417968773,
    4.063317871093773,
    3.2539611816406477,
    2.8000122070312727,
    2.6291442871093977,
    2.4749084472656477,
    2.3332153320312727,
    2.2000061035156477,
    2.0766845703125227,
    1.9598327636718977,
    1.8380676269531477,
    1.7000061035156477,
    1.4921203613281477,
    1.2039733886718977,
    0.8888488769531477,
    0.6000000000000227,
    0.41335449218752274,
    0.31020507812502274,
    0.20195922851564774,
    -6.1035156022626325e-06,
    -0.7735656738281023,
    -2.1510986328124773,
    -3.5530761718749773,
    -4.399999999999977
  ],
  "rewards": [
    4.120979222776403,
    4.115054529951921,
    4.041117961602322,
    3.9698265858460595,
    3.9077210109681286,
    3.853879691883962,
    3.805885754423257,
    3.7613691613823597,
    3.718646088801367,
    3.6765443842579115,
    3.634704109951898,
    3.592804602505684,
    3.5507493382320265,
    3.5086222347245086,
    3.466321936817887,
    3.423867874192122,
    3.381345204161528,
    3.338909506471877,
    3.296656541600873,
    3.254615599177828,
    3.2128832242638383,
    3.1714217349608016,
    3.1303298621997757,
    3.114743142649584,
    3.1671395712346357,
    3.2525262384582816,
    3.3178817418963207,
    3.324368238821675,
    3.289838607208853,
    3.249981652163019,
    3.2764469183702523,
    4.274051666222544,
    -38.51960572337694,
    3.602893190163678,
    2.5619899685229983,
    2.7213684315803928,
    -25.339327344902426,
    -35.46162747967952,
    4.786116045016972,
    4.870533482544136,
    4.920099346185824,
    4.975105344844047,
    4.7943126676654595,
    4.238388159871472,
    -0.7085772064821599,
    -0.26825526141355455,
    3.0658436688148556,
    -0.01682242160663867,
    4.886928086147794,
    -0.185026634112031,
    -0.5667042170757076,
    -6.367795746578692,
    3.1136438085946083,
    -4.897310926132063,
    -6.398144720736263,
    -25.756512262097683,
    -4.297714389766027,
    -28.35261396850551,
    -30.425959766370003,
    -20.222211119306866,
    -9.841420593881477,
    -29.39602682258986,
    -0.3260173791770863,
    4.931003283411261,
    3.2727895273427654,
    3.793513293457175,
    -0.49433690921125045,
    -0.29267276005823295,
    4.617900446135244,
    -1.4889937050659683,
    -1.609648762610427,
    2.9573634131928426,
    3.585347677898425,
    3.8259172534662804,
    3.937276722848699,
    4.10482477419682,
    -4.230168868753426,
    2.768767430733584,
    2.430101683314993,
    4.734116041251722,
    1.985510075631944,
    4.9851250167079675,
    4.855501118014027,
    -4.652549177366762,
    -1.1356358829357545,
    -1.6565666224055446,
    4.952786560701207,
    -8.561837505913415,
    4.770310559039143,
    4.783007331085205,
    4.250215661936959,
    4.868573149951266,
    4.826583424173309,
    4.75712039393253,
    3.252109122911479
  ],