{
  "episode": 223,
  "steps": 95,
  "actions": [
    23,
    23,
    23,
    23,
    22,
    0,
    22,
    22,
    14,
    7,
    7,
    6,
    22,
    6,
    5,
    22,
    6,
    15,
    0,
    15,
    5,
    11,
    13,
    6,
    21,
    4,
    21,
    13,
    1,
    20,
    10,
    15,
    15,
    21,
    15,
    3,
    20,
    22,
    12,
    4,
    0,
    12,
    7,
    3,
    22,
    21,
    15,
    22,
    22,
    14,
    15,
    7,
    20,
    21,
    22,
    21,
    1,
    4,
    6,
    15,
    19,
    12,
    12,
    15,
    4,
    12,
    4,
    22,
    0,
    21,
    7,
    6,
    14,
    1,
    20,
    15,
    20,
    22,
    21,
    10,
    22,
    15,
    4,
    0,
    19,
    10,
    20,
    15,
    3,
    21,
    11,
    20,
    22,
    15,
    9
  ],
  "temperatures": [
    20.975762939453148,
    20.971978759765648,
    20.926324462890648,
    20.884027099609398,
    20.848413085937523,
    16.771569824218773,
    20.656762695312523,
    20.706048583984398,
    20.136102294921898,
    19.084863281250023,
    18.918664550781273,
    18.842523193359398,
    20.519677734375023,
    18.957421875000023,
    18.770745849609398,
    20.448510742187523,
    18.857598876953148,
    19.776971435546898,
    16.133172607421898,
    19.568383789062523,
    18.577722167968773,
    15.625970458984398,
    19.418511962890648,
    18.433953857421898,
    20.229882812500023,
    18.671990966796898,
    20.323449707031273,
    19.761895751953148,
    16.016137695312523,
    20.216180419921898,
    15.619592285156273,
    20.141687011718773,
    20.430322265625023,
    21.051904296875023,
    20.736291503906273,
    17.306970214843773,
    21.198388671875023,
    21.367913818359398,
    21.249658203125023,
    21.101586914062523,
    18.655419921875023,
    22.112176513671898,
    22.341180419921898,
    20.168908691406273,
    23.086663818359398,
    23.373834228515648,
    23.752923583984398,
    23.849877929687523,
    24.059350585937523,
    24.536492919921898,
    24.770196533203148,
    25.555444335937523,
    24.813531494140648,
    24.954278564453148,
    25.073785400390648,
    25.160791015625023,
    24.137445068359398,
    26.518731689453148,
    26.719232177734398,
    25.925347900390648,
    21.073205566406273,
    25.616754150390648,
    25.610894775390648,
    25.452844238281273,
    25.914636230468773,
    25.043511962890648,
    25.425408935546898,
    24.360253906250023,
    22.678674316406273,
    24.106561279296898,
    24.725213623046898,
    23.851464843750023,
    23.447839355468773,
    21.131677246093773,
    23.077233886718773,
    23.029626464843773,
    22.940057373046898,
    22.855035400390648,
    22.773858642578148,
    19.104943847656273,
    22.531579589843773,
    22.400506591796898,
    22.140771484375023,
    19.732293701171898,
    17.898217773437523,
    18.300744628906273,
    21.976708984375023,
    21.743554687500023,
    18.990319824218773,
    21.800805664062523,
    17.902185058593773,
    21.622918701171898,
    21.592126464843773,
    21.143792724609398,
    17.412713623046898
  ],
  "outdoor_temps": [
    -6.1035156022626325e-06,
    -6.1035156022626325e-06,
    -6.1035156022626325e-06,
    -6.1035156022626325e-06,
    -6.1035156022626325e-06,
    -6.1035156022626325e-06,
    -6.1035156022626325e-06,
    -6.1035156022626325e-06,
    -6.1035156022626325e-06,
    -6.1035156022626325e-06,
    -6.1035156022626325e-06,
    -6.1035156022626325e-06,
    -6.1035156022626325e-06,
    -6.1035156022626325e-06,
    -6.1035156022626325e-06,
    -6.1035156022626325e-06,
    -6.1035156022626325e-06,
    -6.1035156022626325e-06,
    -6.1035156022626325e-06,
    -6.1035156022626325e-06,
    -6.1035156022626325e-06,
    -6.1035156022626325e-06,
    -6.1035156022626325e-06,
    0.48467407226564774,
    1.5674987792968977,
    2.6915527343750227,
    3.3000122070312727,
    3.2094665527343977,
    2.8019348144531477,
    2.3684326171875227,
    2.2000061035156477,
    2.3021789550781477,
    2.5030456542968977,
    2.8273864746093977,
    3.3000122070312727,
    4.170007324218773,
    5.390008544921898,
    6.540002441406273,
    7.200006103515648,
    7.400476074218773,
    7.509606933593773,
    7.613946533203148,
    7.800012207031273,
    8.075891113281273,
    8.371636962890648,
    8.656549072265648,
    8.899987792968773,
    9.066003417968773,
    9.171868896484398,
    9.266809082031273,
    9.399987792968773,
    9.710534667968773,
    10.159387207031273,
    10.528527832031273,
    10.600000000000023,
    10.450006103515648,
    10.300012207031273,
    10.149987792968773,
    9.999993896484398,
    9.850000000000023,
    9.700006103515648,
    9.550012207031273,
    9.399987792968773,
    8.978875732421898,
    8.201959228515648,
    7.349084472656273,
    6.700006103515648,
    6.357904052734398,
    6.149987792968773,
    5.942102050781273,
    5.600000000000023,
    4.941003417968773,
    4.063317871093773,
    3.2539611816406477,
    2.8000122070312727,
    2.6291442871093977,
    2.4749084472656477,
    2.3332153320312727,
    2.2000061035156477,
    2.0766845703125227,
    1.9598327636718977,
    1.8380676269531477,
    1.7000061035156477,
    1.4921203613281477,
    1.2039733886718977,
    0.8888488769531477,
    0.6000000000000227,
    0.41335449218752274,
    0.31020507812502274,
    0.20195922851564774,
    -6.1035156022626325e-06,
    -0.7735656738281023,
    -2.1510986328124773,
    -3.5530761718749773,
    -4.399999999999977
  ],
  "rewards": [
    4.9077753899246455,
    4.9076752827316525,
    4.905702330842614,
    4.90387322165072,
    4.902335326448083,
    -10.424750169767528,
    4.893893754258752,
    4.896119172297742,
    4.914571542650784,
    -0.8519998535831327,
    -1.1844222281542722,
    -1.3551665619057685,
    4.887965123416937,
    -1.1019521042267801,
    -1.5267368283391494,
    4.884854972103368,
    -1.3204259765060586,
    -0.07376738504870065,
    -14.953633541967747,
    -0.21185670118776984,
    -2.0392492829497417,
    -19.133708804136187,
    -0.36479530441369645,
    -2.469403237717601,
    4.875241963626897,
    -1.779627866788059,
    4.8794038650976574,
    -0.08081503118508748,
    -15.872308750951927,
    4.874650962125186,
    -19.18953255648988,
    4.914944066892823,
    4.923465633238464,
    4.911696278708784,
    4.932492580272905,
    -7.254993591178288,
    4.9181579754436795,
    4.925672161213082,
    4.947646617800321,
    4.971841793029731,
    -1.8119751181381991,
    4.973166153393686,
    4.990180767147963,
    4.97698796503752,
    4.996953478225548,
    4.993129310332562,
    4.99275493071293,
    4.986790294307082,
    -0.007680020160651832,
    -0.29142170121490807,
    -0.5973184546634257,
    -2.4222662556360413,
    -0.6685015763618097,
    -0.917784089998426,
    -1.160549277282652,
    -1.3552595592808994,
    -0.029053557260251658,
    -6.347937013450517,
    -7.398373812988889,
    -3.713643389208249,
    4.917241351264327,
    -2.6198880981816632,
    -2.6009631394109736,
    -2.116386826027089,
    -3.6690893660674906,
    -1.0936389966471511,
    -2.034505076075807,
    -0.13494142571222867,
    4.965850315037507,
    -0.01566927324980982,
    -0.5278722227051295,
    4.996159430076774,
    4.9954718678687575,
    4.972733754977463,
    4.997084675725225,
    4.999180558144074,
    4.995437726336329,
    4.9916679974710165,
    4.988070314847256,
    -0.8104128522344499,
    4.977328633967301,
    4.981709753185834,
    4.987223307965121,
    -0.0769342517409271,
    -4.42775458939364,
    -2.8949711025294924,
    4.952743284407517,
    4.962306616126519,
    -1.0238990228065923,
    4.944953362711746,
    -4.407446419066938,
    4.9370715353378785,
    4.935707132450264,
    4.944590563685026,
    -6.699585764077577
  ],