{
  "episode": 498,
  "steps": 95,
  "actions": [
    23,
    23,
    23,
    23,
    20,
    20,
    22,
    22,
    21,
    22,
    4,
    20,
    15,
    20,
    21,
    0,
    21,
    20,
    22,
    22,
    22,
    20,
    12,
    16,
    5,
    20,
    12,
    20,
    12,
    15,
    20,
    12,
    21,
    21,
    20,
    21,
    7,
    14,
    21,
    21,
    20,
    21,
    20,
    13,
    0,
    22,
    15,
    20,
    21,
    15,
    21,
    22,
    22,
    21,
    22,
    22,
    21,
    20,
    22,
    12,
    22,
    4,
    21,
    21,
    14,
    15,
    22,
    14,
    20,
    22,
    20,
    12,
    20,
    7,
    20,
    20,
    22,
    15,
    20,
    15,
    15,
    22,
    21,
    21,
    20,
    21,
    21,
    21,
    4,
    21,
    21,
    7,
    22,
    21,
    20
  ],
  "temperatures": [
    20.975762939453148,
    20.971978759765648,
    20.926324462890648,
    20.884027099609398,
    20.848413085937523,
    20.818383789062523,
    20.792230224609398,
    20.768457031250023,
    20.746057128906273,
    20.724359130859398,
    19.181939697265648,
    20.627099609375023,
    20.056787109375023,
    20.600823974609398,
    20.596612548828148,
    16.402154541015648,
    20.426263427734398,
    20.482232666015648,
    20.485528564453148,
    20.478967285156273,
    20.467828369140648,
    20.454370117187523,
    19.829309082031273,
    15.579522705078148,
    18.305230712890648,
    20.324151611328148,
    19.811791992187523,
    20.426934814453148,
    19.840447998046898,
    19.799462890625023,
    20.419732666015648,
    20.507135009765648,
    21.099023437500023,
    21.215814208984398,
    21.300836181640648,
    21.367578125000023,
    20.477532958984398,
    21.136682128906273,
    21.707116699218773,
    22.001489257812523,
    22.285150146484398,
    22.544427490234398,
    22.794427490234398,
    23.031762695312523,
    20.900384521484398,
    23.478936767578148,
    23.906579589843773,
    23.975091552734398,
    24.183007812500023,
    24.687127685546898,
    24.564508056640648,
    24.733361816406273,
    24.898919677734398,
    25.048883056640648,
    25.168817138671898,
    25.255944824218773,
    25.321893310546898,
    25.370782470703148,
    25.400506591796898,
    25.970605468750023,
    25.399621582031273,
    26.737329101562523,
    25.269982910156273,
    25.095025634765648,
    25.354211425781273,
    25.145104980468773,
    24.569451904296898,
    24.780816650390648,
    24.333123779296898,
    24.234552001953148,
    24.145043945312523,
    23.720239257812523,
    23.440881347656273,
    23.528344726562523,
    23.218774414062523,
    23.133691406250023,
    23.050164794921898,
    22.957635498046898,
    22.877099609375023,
    22.757958984375023,
    22.668267822265648,
    22.658959960937523,
    22.593927001953148,
    22.526422119140648,
    22.455316162109398,
    22.382348632812523,
    22.309716796875023,
    22.238397216796898,
    21.690087890625023,
    22.083947753906273,
    22.026055908203148,
    21.349603271484398,
    21.833428955078148,
    21.729302978515648,
    21.631005859375023
  ],
  "outdoor_temps": [
    -6.1035156022626325e-06,
    -6.1035156022626325e-06,
    -6.1035156022626325e-06,
    -6.1035156022626325e-06,
    -6.1035156022626325e-06,
    -6.1035156022626325e-06,
    -6.1035156022626325e-06,
    -6.1035156022626325e-06,
    -6.1035156022626325e-06,
    -6.1035156022626325e-06,
    -6.1035156022626325e-06,
    -6.1035156022626325e-06,
    -6.1035156022626325e-06,
    -6.1035156022626325e-06,
    -6.1035156022626325e-06,
    -6.1035156022626325e-06,
    -6.1035156022626325e-06,
    -6.1035156022626325e-06,
    -6.1035156022626325e-06,
    -6.1035156022626325e-06,
    -6.1035156022626325e-06,
    -6.1035156022626325e-06,
    -6.1035156022626325e-06,
    0.48467407226564774,
    1.5674987792968977,
    2.6915527343750227,
    3.3000122070312727,
    3.2094665527343977,
    2.8019348144531477,
    2.3684326171875227,
    2.2000061035156477,
    2.3021789550781477,
    2.5030456542968977,
    2.8273864746093977,
    3.3000122070312727,
    4.170007324218773,
    5.390008544921898,
    6.540002441406273,
    7.200006103515648,
    7.400476074218773,
    7.509606933593773,
    7.613946533203148,
    7.800012207031273,
    8.075891113281273,
    8.371636962890648,
    8.656549072265648,
    8.899987792968773,
    9.066003417968773,
    9.171868896484398,
    9.266809082031273,
    9.399987792968773,
    9.710534667968773,
    10.159387207031273,
    10.528527832031273,
    10.600000000000023,
    10.450006103515648,
    10.300012207031273,
    10.149987792968773,
    9.999993896484398,
    9.850000000000023,
    9.700006103515648,
    9.550012207031273,
    9.399987792968773,
    8.978875732421898,
    8.201959228515648,
    7.349084472656273,
    6.700006103515648,
    6.357904052734398,
    6.149987792968773,
    5.942102050781273,
    5.600000000000023,
    4.941003417968773,
    4.063317871093773,
    3.2539611816406477,
    2.8000122070312727,
    2.6291442871093977,
    2.4749084472656477,
    2.3332153320312727,
    2.2000061035156477,
    2.0766845703125227,
    1.9598327636718977,
    1.8380676269531477,
    1.7000061035156477,
    1.4921203613281477,
    1.2039733886718977,
    0.8888488769531477,
    0.6000000000000227,
    0.41335449218752274,
    0.31020507812502274,
    0.20195922851564774,
    -6.1035156022626325e-06,
    -0.7735656738281023,
    -2.1510986328124773,
    -3.5530761718749773,
    -4.399999999999977
  ],
  "rewards": [
    4.9077753899246455,
    4.9076752827316525,
    4.905702330842614,
    4.90387322165072,
    4.902335326448083,
    4.901042344204109,
    4.899916627041024,
    4.898892724238659,
    4.897925631724622,
    4.896989104420594,
    -0.6833841285022089,
    4.892714574097291,
    4.912303218661767,
    4.891585843222945,
    4.891414115062874,
    -12.946069781823205,
    4.8838802406936885,
    4.886375662953309,
    4.886531331173104,
    4.88624808045509,
    4.885761677943494,
    4.885172068797376,
    -0.05276544045008266,
    -19.543177271920822,
    -2.889619659487608,
    4.879430339077245,
    -0.05917526717580323,
    4.883994929541064,
    -0.048997397118281286,
    -0.0640584079807776,
    4.883678767340987,
    4.925750183879357,
    4.913800065267993,
    4.918968474537782,
    4.922728807599,
    4.925678708187264,
    4.962623512636587,
    4.944308986561778,
    4.940723325629597,
    4.953786785275392,
    4.96637617793744,
    4.977883894077461,
    4.988981186420373,
    4.999157541102689,
    4.973740949548335,
    4.991729926839471,
    4.99139091125163,
    4.985122671010702,
    -0.03806097946414017,
    -0.4760758065724167,
    -0.3245085563559504,
    -0.5442208579474503,
    -0.8150089575496465,
    -1.1076071079221586,
    -1.3739841370949162,
    -1.585537942327292,
    -1.755761890873049,
    -1.8875671797165379,
    -1.9700402473966703,
    -3.890065188888226,
    -1.9675592839977651,
    -7.497141035451355,
    -1.621043921352786,
    -1.2066860666045525,
    -1.8393000114628768,
    -1.3162126694053284,
    -0.33013046138477065,
    -0.6138133083802557,
    -0.1160396739273767,
    -0.05975471373000642,
    -0.025479786820392362,
    4.993055060270201,
    4.992246129263354,
    4.997591508926783,
    4.995201023528757,
    4.996332684091252,
    4.997443820244592,
    4.998176715433921,
    4.992648340719549,
    4.992274806915741,
    4.989624269450812,
    4.9829782577928,
    4.980095596038129,
    4.977104680211,
    4.97395510163968,
    4.97072261058442,
    4.967504987389497,
    4.964345898301057,
    4.980573828112051,
    4.957504546402589,
    4.954940011174135,
    4.975548748861715,
    4.946403181488099,
    4.94178603383186,
    4.937426564366273
  ],