{
  "episode": 176,
  "steps": 95,
  "actions": [
    23,
    23,
    23,
    23,
    23,
    23,
    23,
    23,
    23,
    23,
    23,
    21,
    21,
    22,
    22,
    22,
    22,
    23,
    22,
    22,
    22,
    21,
    22,
    23,
    23,
    21,
    22,
    22,
    21,
    22,
    21,
    15,
    21,
    21,
    21,
    7,
    20,
    7,
    4,
    4,
    14,
    5,
    5,
    22,
    7,
    20,
    9,
    20,
    2,
    2,
    2,
    9,
    0,
    0,
    18,
    0,
    19,
    9,
    18,
    19,
    0,
    0,
    18,
    0,
    0,
    3,
    3,
    3,
    11,
    0,
    21,
    13,
    2,
    6,
    1,
    9,
    14,
    21,
    6,
    14,
    14,
    12,
    5,
    14,
    14,
    20,
    23,
    15,
    12,
    5,
    6,
    5,
    20,
    4,
    15
  ],
  "temperatures": [
    20.975762939453148,
    20.971978759765648,
    20.926324462890648,
    20.884027099609398,
    20.848413085937523,
    20.818383789062523,
    20.792230224609398,
    20.768457031250023,
    20.746057128906273,
    20.724359130859398,
    20.703149414062523,
    20.682244873046898,
    20.661584472656273,
    20.641198730468773,
    20.621026611328148,
    20.601068115234398,
    20.581353759765648,
    20.561944580078148,
    20.542871093750023,
    20.524133300781273,
    20.505761718750023,
    20.487725830078148,
    20.470056152343773,
    20.463403320312523,
    20.485864257812523,
    20.523187255859398,
    20.552392578125023,
    20.555322265625023,
    20.539788818359398,
    20.522058105468773,
    20.533807373046898,
    20.621087646484398,
    21.183496093750023,
    21.292962646484398,
    21.373040771484398,
    20.474786376953148,
    21.468011474609398,
    20.699212646484398,
    20.908013916015648,
    21.293908691406273,
    22.088616943359398,
    22.203912353515648,
    22.603570556640648,
    23.058892822265648,
    23.479028320312523,
    23.580163574218773,
    20.246118164062523,
    23.937615966796898,
    22.429925537109398,
    22.629357910156273,
    22.887200927734398,
    21.387536621093773,
    23.259637451171898,
    23.572778320312523,
    20.719293212890648,
    23.677148437500023,
    20.814202880859398,
    21.948175048828148,
    20.792962646484398,
    20.736901855468773,
    23.616204833984398,
    23.705102539062523,
    20.588861083984398,
    23.160577392578148,
    22.980096435546898,
    22.711816406250023,
    22.466455078125023,
    22.251947021484398,
    20.564599609375023,
    21.791894531250023,
    23.696618652343773,
    23.207788085937523,
    20.797601318359398,
    22.746575927734398,
    20.414086914062523,
    19.061395263671898,
    22.399072265625023,
    22.508020019531273,
    22.138665771484398,
    22.243280029296898,
    22.176995849609398,
    22.108697509765648,
    21.760827636718773,
    21.954309082031273,
    21.883721923828148,
    22.034356689453148,
    21.977899169921898,
    21.660180664062523,
    21.570275878906273,
    21.045465087890648,
    20.908807373046898,
    20.780206298828148,
    21.527276611328148,
    20.503961181640648,
    20.906427001953148
  ],
  "outdoor_temps": [
    -6.1035156022626325e-06,
    -6.1035156022626325e-06,
    -6.1035156022626325e-06,
    -6.1035156022626325e-06,
    -6.1035156022626325e-06,
    -6.1035156022626325e-06,
    -6.1035156022626325e-06,
    -6.1035156022626325e-06,
    -6.1035156022626325e-06,
    -6.1035156022626325e-06,
    -6.1035156022626325e-06,
    -6.1035156022626325e-06,
    -6.1035156022626325e-06,
    -6.1035156022626325e-06,
    -6.1035156022626325e-06,
    -6.1035156022626325e-06,
    -6.1035156022626325e-06,
    -6.1035156022626325e-06,
    -6.1035156022626325e-06,
    -6.1035156022626325e-06,
    -6.1035156022626325e-06,
    -6.1035156022626325e-06,
    -6.1035156022626325e-06,
    0.48467407226564774,
    1.5674987792968977,
    2.6915527343750227,
    3.3000122070312727,
    3.2094665527343977,
    2.8019348144531477,
    2.3684326171875227,
    2.2000061035156477,
    2.3021789550781477,
    2.5030456542968977,
    2.8273864746093977,
    3.3000122070312727,
    4.170007324218773,
    5.390008544921898,
    6.540002441406273,
    7.200006103515648,
    7.400476074218773,
    7.509606933593773,
    7.613946533203148,
    7.800012207031273,
    8.075891113281273,
    8.371636962890648,
    8.656549072265648,
    8.899987792968773,
    9.066003417968773,
    9.171868896484398,
    9.266809082031273,
    9.399987792968773,
    9.710534667968773,
    10.159387207031273,
    10.528527832031273,
    10.600000000000023,
    10.450006103515648,
    10.300012207031273,
    10.149987792968773,
    9.999993896484398,
    9.850000000000023,
    9.700006103515648,
    9.550012207031273,
    9.399987792968773,
    8.978875732421898,
    8.201959228515648,
    7.349084472656273,
    6.700006103515648,
    6.357904052734398,
    6.149987792968773,
    5.942102050781273,
    5.600000000000023,
    4.941003417968773,
    4.063317871093773,
    3.2539611816406477,
    2.8000122070312727,
    2.6291442871093977,
    2.4749084472656477,
    2.3332153320312727,
    2.2000061035156477,
    2.0766845703125227,
    1.9598327636718977,
    1.8380676269531477,
    1.7000061035156477,
    1.4921203613281477,
    1.2039733886718977,
    0.8888488769531477,
    0.6000000000000227,
    0.41335449218752274,
    0.31020507812502274,
    0.20195922851564774,
    -6.1035156022626325e-06,
    -0.7735656738281023,
    -2.1510986328124773,
    -3.5530761718749773,
    -4.399999999999977
  ],
  "rewards": [
    4.9077753899246455,
    4.9076752827316525,
    4.905702330842614,
    4.90387322165072,
    4.902335326448083,
    4.901042344346642,
    4.899916627183557,
    4.89889272429049,
    4.897925631776452,
    4.896989104524255,
    4.896070191636682,
    4.895163533464074,
    4.894266431004457,
    4.893377902180604,
    4.892497641764905,
    4.891625687800671,
    4.890763070307996,
    4.889912049495007,
    4.889075028672814,
    4.8882524845230835,
    4.887444255076672,
    4.886651608668592,
    4.885875994831972,
    4.885590140544202,
    4.886594826951623,
    4.888258130326867,
    4.889557158619813,
    4.889688546382215,
    4.889001109324719,
    4.888215825230531,
    4.888737647258068,
    4.929119791843645,
    4.917547089713423,
    4.922390787274293,
    4.925932614476136,
    4.962591431032583,
    4.930125782201472,
    4.96589533314291,
    4.968979854514297,
    4.974687216261038,
    4.972469336933092,
    4.988149303063628,
    4.994062662680391,
    4.997323874572049,
    4.997803614828128,
    4.990381892631236,
    4.9528679941286855,
    4.985621990914578,
    4.966950027795468,
    4.9660646033159495,
    4.964919958101869,
    4.942733116104551,
    4.963267312025773,
    4.96187793015968,
    4.921950108781457,
    4.961416118101459,
    4.920688793435692,
    4.937761244645909,
    4.920972888226743,
    4.921719677185882,
    4.961687419319161,
    4.96129245757591,
    4.923689205422997,
    4.96370893235622,
    4.964510300154798,
    4.965701632495038,
    4.966791317451786,
    4.9677438139804115,
    4.950045227960724,
    4.9697864055327825,
    4.9888332740217445,
    4.997602902956955,
    4.974213738359066,
    4.996164346622587,
    4.975918807965784,
    -0.8901716853718291,
    4.981660209837491,
    4.976278974656825,
    4.987188466679021,
    4.977060282180167,
    4.975101959538525,
    4.973084504437511,
    4.981608252494758,
    4.968526241706441,
    4.966441998314922,
    4.9552966615006975,
    4.952796003452462,
    4.959842932187021,
    4.95718910201898,
    4.97105176922602,
    4.96903416629577,
    4.9671355652633,
    4.932832295635473,
    4.963054163308773,
    4.937573289817766
  ],