{
  "episode": 593,
  "steps": 95,
  "actions": [
    23,
    23,
    23,
    23,
    23,
    23,
    12,
    20,
    23,
    21,
    20,
    23,
    19,
    7,
    21,
    23,
    8,
    22,
    22,
    12,
    12,
    23,
    2,
    21,
    22,
    15,
    15,
    20,
    23,
    22,
    14,
    22,
    23,
    21,
    15,
    15,
    13,
    21,
    23,
    14,
    23,
    23,
    23,
    23,
    22,
    6,
    23,
    4,
    22,
    14,
    21,
    23,
    15,
    22,
    12,
    2,
    23,
    20,
    15,
    23,
    23,
    17,
    23,
    15,
    22,
    23,
    23,
    21,
    23,
    15,
    22,
    23,
    15,
    23,
    12,
    23,
    23,
    15,
    12,
    21,
    23,
    14,
    23,
    12,
    21,
    23,
    23,
    12,
    23,
    22,
    22,
    23,
    23,
    21,
    21
  ],
  "temperatures": [
    20.975762939453148,
    20.971978759765648,
    20.926324462890648,
    20.884027099609398,
    20.848413085937523,
    20.818383789062523,
    20.242608642578148,
    20.747247314453148,
    20.735742187500023,
    20.717401123046898,
    20.697961425781273,
    20.678125000000023,
    15.838830566406273,
    18.567956542968773,
    20.461022949218773,
    20.503808593750023,
    15.899865722656273,
    20.345635986328148,
    20.415917968750023,
    19.811212158203148,
    19.771813964843773,
    20.378503417968773,
    16.084771728515648,
    20.242333984375023,
    20.344995117187523,
    19.796716308593773,
    19.816217041015648,
    20.426873779296898,
    20.433648681640648,
    20.426934814453148,
    19.845697021484398,
    20.968469238281273,
    21.107995605468773,
    21.215905761718773,
    20.897271728515648,
    20.954431152343773,
    21.025903320312523,
    21.502618408203148,
    21.712945556640648,
    21.736993408203148,
    22.273736572265648,
    22.536218261718773,
    22.786706542968773,
    23.030389404296898,
    23.283105468750023,
    23.816827392578148,
    23.774346923828148,
    24.546838378906273,
    24.210260009765648,
    24.709893798828148,
    24.579614257812523,
    24.746301269531273,
    25.342736816406273,
    25.071343994140648,
    25.687127685546898,
    24.251824951171898,
    25.315667724609398,
    25.374108886718773,
    25.967034912109398,
    25.427514648437523,
    25.397882080078148,
    21.107568359375023,
    25.109429931640648,
    25.494226074218773,
    24.833398437500023,
    24.653558349609398,
    24.502404785156273,
    24.377008056640648,
    24.272607421875023,
    24.472131347656273,
    24.103204345703148,
    23.530297851562523,
    23.493951416015648,
    23.276116943359398,
    23.220788574218773,
    23.094567871093773,
    23.010461425781273,
    22.909631347656273,
    22.806054687500023,
    22.762261962890648,
    22.692529296875023,
    22.543298339843773,
    22.558831787109398,
    22.379541015625023,
    22.419732666015648,
    22.349298095703148,
    22.277947998046898,
    22.027337646484398,
    22.131188964843773,
    22.066522216796898,
    22.003381347656273,
    21.929833984375023,
    21.828515625000023,
    21.715447998046898,
    21.615075683593773
  ],
  "outdoor_temps": [
    -6.1035156022626325e-06,
    -6.1035156022626325e-06,
    -6.1035156022626325e-06,
    -6.1035156022626325e-06,
    -6.1035156022626325e-06,
    -6.1035156022626325e-06,
    -6.1035156022626325e-06,
    -6.1035156022626325e-06,
    -6.1035156022626325e-06,
    -6.1035156022626325e-06,
    -6.1035156022626325e-06,
    -6.1035156022626325e-06,
    -6.1035156022626325e-06,
    -6.1035156022626325e-06,
    -6.1035156022626325e-06,
    -6.1035156022626325e-06,
    -6.1035156022626325e-06,
    -6.1035156022626325e-06,
    -6.1035156022626325e-06,
    -6.1035156022626325e-06,
    -6.1035156022626325e-06,
    -6.1035156022626325e-06,
    -6.1035156022626325e-06,
    0.48467407226564774,
    1.5674987792968977,
    2.6915527343750227,
    3.3000122070312727,
    3.2094665527343977,
    2.8019348144531477,
    2.3684326171875227,
    2.2000061035156477,
    2.3021789550781477,
    2.5030456542968977,
    2.8273864746093977,
    3.3000122070312727,
    4.170007324218773,
    5.390008544921898,
    6.540002441406273,
    7.200006103515648,
    7.400476074218773,
    7.509606933593773,
    7.613946533203148,
    7.800012207031273,
    8.075891113281273,
    8.371636962890648,
    8.656549072265648,
    8.899987792968773,
    9.066003417968773,
    9.171868896484398,
    9.266809082031273,
    9.399987792968773,
    9.710534667968773,
    10.159387207031273,
    10.528527832031273,
    10.600000000000023,
    10.450006103515648,
    10.300012207031273,
    10.149987792968773,
    9.999993896484398,
    9.850000000000023,
    9.700006103515648,
    9.550012207031273,
    9.399987792968773,
    8.978875732421898,
    8.201959228515648,
    7.349084472656273,
    6.700006103515648,
    6.357904052734398,
    6.149987792968773,
    5.942102050781273,
    5.600000000000023,
    4.941003417968773,
    4.063317871093773,
    3.2539611816406477,
    2.8000122070312727,
    2.6291442871093977,
    2.4749084472656477,
    2.3332153320312727,
    2.2000061035156477,
    2.0766845703125227,
    1.9598327636718977,
    1.8380676269531477,
    1.7000061035156477,
    1.4921203613281477,
    1.2039733886718977,
    0.8888488769531477,
    0.6000000000000227,
    0.41335449218752274,
    0.31020507812502274,
    0.20195922851564774,
    -6.1035156022626325e-06,
    -0.7735656738281023,
    -2.1510986328124773,
    -3.5530761718749773,
    -4.399999999999977
  ],
  "rewards": [
    4.9077753899246455,
    4.9076752827316525,
    4.905702330842614,
    4.90387322165072,
    4.902335326448083,
    4.901042344346642,
    4.917674407921732,
    4.897949588049365,
    4.89746719085328,
    4.896679398790002,
    4.895840584904604,
    4.894980761638802,
    -17.31875313989799,
    -2.0671721468794355,
    4.885396239469233,
    4.887309405476503,
    -16.813283502422088,
    4.880313737136515,
    4.8834423801529665,
    -0.05940940698202975,
    -0.07612739383039525,
    4.881806285131884,
    -15.33023780079075,
    4.875784909493573,
    4.880347325474672,
    -0.06518964828517497,
    -0.057496461239837496,
    4.883993184226362,
    4.8842936583673175,
    4.883996503129602,
    -0.04731075694378897,
    4.908024556283717,
    4.914198415004041,
    4.918972604051232,
    4.937255487301104,
    4.938936438406615,
    4.9410403297792955,
    4.931651794609168,
    4.940982100636415,
    4.962065463028848,
    4.965870580320125,
    4.977519616857171,
    4.988638443723321,
    4.997703242748976,
    4.994337987676263,
    4.9963038795621575,
    4.987795954706228,
    -0.30077222665308667,
    -0.0488691274611294,
    -0.5079311176163022,
    -0.34184218248274056,
    -0.5634100243741096,
    -1.808328471146585,
    -1.1553041674990856,
    -2.852550181351355,
    -0.07370529230948387,
    -1.739320762277357,
    -1.8967089172453313,
    -3.8759976541932106,
    -2.046509568286396,
    -1.9626871762797873,
    4.916783177629113,
    -1.2384875644500994,
    -2.2384337859973993,
    -0.7012868078474497,
    -0.4332736338821092,
    -0.2580423822254171,
    -0.14734937440605686,
    -0.0791815819137894,
    -0.22636159654708862,
    -0.014953869511580495,
    4.99105593415382,
    4.9950627830252055,
    4.994438445823996,
    4.997485125921667,
    4.996853182960463,
    4.997971861073747,
    4.996757070682943,
    4.993696024860053,
    4.987557017553759,
    4.984465019375734,
    4.985931006632745,
    4.978540138845211,
    4.981093363724649,
    4.9723776171097285,
    4.969256472260408,
    4.966096400991082,
    4.970693395100534,
    4.959595975626422,
    4.956731621995568,
    4.953933975421216,
    4.950675933085705,
    4.946184866204858,
    4.941172549501061,
    4.936720902592592
  ],