{
  "episode": 1983,
  "steps": 95,
  "actions": [
    23,
    23,
    23,
    23,
    13,
    7,
    15,
    14,
    15,
    20,
    15,
    15,
    12,
    21,
    20,
    15,
    20,
    20,
    20,
    20,
    13,
    15,
    22,
    21,
    21,
    21,
    21,
    15,
    20,
    20,
    21,
    15,
    21,
    20,
    20,
    13,
    15,
    14,
    14,
    13,
    20,
    20,
    20,
    15,
    13,
    1,
    3,
    10,
    11,
    3,
    8,
    9,
    3,
    0,
    0,
    8,
    19,
    11,
    8,
    3,
    9,
    9,
    3,
    11,
    3,
    0,
    11,
    8,
    0,
    2,
    0,
    12,
    21,
    15,
    4,
    14,
    15,
    6,
    15,
    21,
    4,
    15,
    21,
    15,
    15,
    20,
    12,
    13,
    21,
    22,
    7,
    21,
    14,
    15,
    12
  ],
  "temperatures": [
    21.111627197265648,
    21.104028320312523,
    21.062646484375023,
    21.024285888671898,
    20.531274414062523,
    19.688439941406273,
    20.395257568359398,
    20.385614013671898,
    20.361474609375023,
    20.832177734375023,
    20.338525390625023,
    20.298791503906273,
    20.269860839843773,
    20.751580810546898,
    20.748010253906273,
    20.231988525390648,
    20.704522705078148,
    20.697747802734398,
    20.684960937500023,
    20.670709228515648,
    20.138238525390648,
    20.093164062500023,
    20.596215820312523,
    20.603356933593773,
    20.630548095703148,
    20.669213867187523,
    20.698815917968773,
    20.203424072265648,
    20.671716308593773,
    20.664666748046898,
    20.680505371093773,
    20.798760986328148,
    21.297784423828148,
    21.399957275390648,
    21.475366210937523,
    21.213586425781273,
    21.271997070312523,
    21.377404785156273,
    21.594781494140648,
    21.905938720703148,
    22.381768798828148,
    22.625360107421898,
    22.856958007812523,
    23.093164062500023,
    23.390130615234398,
    20.830438232421898,
    21.030969238281273,
    20.047052001953148,
    20.223321533203148,
    21.726800537109398,
    20.628808593750023,
    20.777429199218773,
    22.368066406250023,
    22.633081054687523,
    22.815942382812523,
    21.386621093750023,
    20.381585693359398,
    21.370416259765648,
    21.384118652343773,
    22.890557861328148,
    21.370080566406273,
    21.268151855468773,
    22.616510009765648,
    20.989617919921898,
    22.097070312500023,
    21.871972656250023,
    20.338128662109398,
    20.126000976562523,
    21.152001953125023,
    21.035943603515648,
    20.895104980468773,
    22.950738525390648,
    22.894281005859398,
    22.764154052734398,
    22.579888916015648,
    22.582086181640648,
    22.501275634765648,
    22.262384033203148,
    22.328881835937523,
    22.391137695312523,
    21.983087158203148,
    22.120782470703148,
    22.232812500000023,
    22.003320312500023,
    21.928582763671898,
    22.065484619140648,
    21.789605712890648,
    21.711633300781273,
    21.889733886718773,
    21.840447998046898,
    21.109674072265648,
    21.710382080078148,
    21.326257324218773,
    21.193109130859398,
    21.079187011718773
  ],
  "outdoor_temps": [
    -6.1035156022626325e-06,
    -6.1035156022626325e-06,
    -6.1035156022626325e-06,
    -6.1035156022626325e-06,
    -6.1035156022626325e-06,
    -6.1035156022626325e-06,
    -6.1035156022626325e-06,
    -6.1035156022626325e-06,
    -6.1035156022626325e-06,
    -6.1035156022626325e-06,
    -6.1035156022626325e-06,
    -6.1035156022626325e-06,
    -6.1035156022626325e-06,
    -6.1035156022626325e-06,
    -6.1035156022626325e-06,
    -6.1035156022626325e-06,
    -6.1035156022626325e-06,
    -6.1035156022626325e-06,
    -6.1035156022626325e-06,
    -6.1035156022626325e-06,
    -6.1035156022626325e-06,
    -6.1035156022626325e-06,
    -6.1035156022626325e-06,
    0.48467407226564774,
    1.5674987792968977,
    2.6915527343750227,
    3.3000122070312727,
    3.2094665527343977,
    2.8019348144531477,
    2.3684326171875227,
    2.2000061035156477,
    2.3021789550781477,
    2.5030456542968977,
    2.8273864746093977,
    3.3000122070312727,
    4.170007324218773,
    5.390008544921898,
    6.540002441406273,
    7.200006103515648,
    7.400476074218773,
    7.509606933593773,
    7.613946533203148,
    7.800012207031273,
    8.075891113281273,
    8.371636962890648,
    8.656549072265648,
    8.899987792968773,
    9.066003417968773,
    9.171868896484398,
    9.266809082031273,
    9.399987792968773,
    9.710534667968773,
    10.159387207031273,
    10.528527832031273,
    10.600000000000023,
    10.450006103515648,
    10.300012207031273,
    10.149987792968773,
    9.999993896484398,
    9.850000000000023,
    9.700006103515648,
    9.550012207031273,
    9.399987792968773,
    8.978875732421898,
    8.201959228515648,
    7.349084472656273,
    6.700006103515648,
    6.357904052734398,
    6.149987792968773,
    5.942102050781273,
    5.600000000000023,
    4.941003417968773,
    4.063317871093773,
    3.2539611816406477,
    2.8000122070312727,
    2.6291442871093977,
    2.4749084472656477,
    2.3332153320312727,
    2.2000061035156477,
    2.0766845703125227,
    1.9598327636718977,
    1.8380676269531477,
    1.7000061035156477,
    1.4921203613281477,
    1.2039733886718977,
    0.8888488769531477,
    0.6000000000000227,
    0.41335449218752274,
    0.31020507812502274,
    0.20195922851564774,
    -6.1035156022626325e-06,
    -0.7735656738281023,
    -2.1510986328124773,
    -3.5530761718749773,
    -4.399999999999977
  ],
  "rewards": [
    4.963678053930402,
    4.9635631695538756,
    4.962818720653653,
    4.962127915933729,
    4.967531119711697,
    -0.25498894748039563,
    4.965794164056364,
    4.965680538452028,
    4.96537787797383,
    4.958652681308596,
    4.965097891389352,
    4.964590806997179,
    4.964223008191942,
    4.957193981591774,
    4.957133546084814,
    4.963748378763866,
    4.956339494394867,
    4.956218322894495,
    4.955986050642054,
    4.95572536485545,
    4.962550951252651,
    4.961970306709895,
    4.954357788759081,
    4.954493057988907,
    4.954999033421926,
    4.955716481418065,
    4.956265282840184,
    4.96341061716219,
    4.955765290456622,
    4.955635310581845,
    4.95592831867091,
    4.971116735984288,
    4.967333296733706,
    4.969217248172216,
    4.970606916717212,
    4.97646773041315,
    4.97721966989387,
    4.978580871260522,
    4.98139324786595,
    4.985420743846213,
    4.987354158696274,
    4.991859365425032,
    4.996142417362851,
    4.999222753438127,
    4.998069297819196,
    4.986983005255947,
    4.986537779196773,
    4.979982413199771,
    4.979297655902317,
    4.984992993092326,
    4.977722378519404,
    4.977145188571156,
    4.983569892554666,
    4.9829820131482965,
    4.982576470304281,
    4.974780551347882,
    4.968930963558347,
    4.9748440480852585,
    4.974791097767813,
    4.98241173614675,
    4.974845550310839,
    4.975241145677055,
    4.983019505052949,
    4.97632264807545,
    4.984172327421767,
    4.9846720784129985,
    4.978853548321873,
    4.979677601583464,
    4.986270483629049,
    4.98652819924429,
    4.986840892057218,
    4.998937370464206,
    4.996826059583737,
    4.996525952418051,
    4.996810874751566,
    4.9941730620103035,
    4.993129012458836,
    4.994466561487673,
    4.99090067758233,
    4.987536064284651,
    4.992404013399683,
    4.98821119530742,
    4.984613483744471,
    4.986694174457989,
    4.9857288080815065,
    4.981525494056552,
    4.983933736096096,
    4.982926799185736,
    4.978282596108058,
    4.977373223514013,
    4.985958365675385,
    4.974972319255057,
    4.97794755880972,
    4.976225292705809,
    4.97475156191623
  ],