{
  "episode": 730,
  "steps": 95,
  "actions": [
    23,
    23,
    23,
    23,
    15,
    15,
    15,
    22,
    13,
    15,
    14,
    15,
    23,
    6,
    23,
    12,
    15,
    23,
    15,
    15,
    15,
    21,
    13,
    20,
    12,
    22,
    14,
    20,
    12,
    0,
    23,
    23,
    15,
    15,
    21,
    6,
    21,
    20,
    20,
    22,
    15,
    22,
    22,
    22,
    12,
    3,
    23,
    0,
    10,
    10,
    8,
    11,
    0,
    15,
    9,
    2,
    8,
    9,
    16,
    10,
    11,
    0,
    0,
    8,
    1,
    1,
    0,
    10,
    1,
    23,
    23,
    22,
    12,
    12,
    22,
    21,
    14,
    22,
    14,
    22,
    14,
    23,
    22,
    21,
    21,
    21,
    22,
    12,
    21,
    13,
    22,
    21,
    22,
    22,
    13
  ],
  "temperatures": [
    21.111627197265648,
    21.104028320312523,
    21.062646484375023,
    21.024285888671898,
    20.531274414062523,
    20.474237060546898,
    20.435083007812523,
    20.887994384765648,
    20.398797607421898,
    20.356317138671898,
    20.325585937500023,
    20.297448730468773,
    20.775384521484398,
    19.471551513671898,
    20.716302490234398,
    20.215173339843773,
    20.178918457031273,
    20.673699951171898,
    20.155633544921898,
    20.116845703125023,
    20.089379882812523,
    20.598474121093773,
    20.069909667968773,
    20.580773925781273,
    20.091973876953148,
    20.638055419921898,
    20.171380615234398,
    20.667932128906273,
    20.159020996093773,
    16.048516845703148,
    20.525170898437523,
    21.106408691406273,
    20.866235351562523,
    20.978234863281273,
    21.416925048828148,
    20.646905517578148,
    21.528314208984398,
    21.639154052734398,
    21.834466552734398,
    22.103845214843773,
    22.197808837890648,
    22.602990722656273,
    22.836755371093773,
    23.064233398437523,
    23.360681152343773,
    20.789422607421898,
    23.695642089843773,
    21.441583251953148,
    20.297296142578148,
    20.448144531250023,
    20.606652832031273,
    20.768304443359398,
    22.359033203125023,
    25.020349121093773,
    21.360742187500023,
    22.899621582031273,
    21.454125976562523,
    21.446740722656273,
    20.415093994140648,
    21.365747070312523,
    21.325341796875023,
    22.763543701171898,
    22.687585449218773,
    21.015283203125023,
    22.122735595703148,
    21.894616699218773,
    21.663232421875023,
    20.190576171875023,
    21.206872558593773,
    23.641473388671898,
    23.616204833984398,
    23.081536865234398,
    22.977960205078148,
    22.856164550781273,
    22.792565917968773,
    22.723748779296898,
    22.580712890625023,
    22.579522705078148,
    22.408868408203148,
    22.449243164062523,
    22.264154052734398,
    22.339257812500023,
    22.289819335937523,
    22.236962890625023,
    22.180261230468773,
    22.121362304687523,
    22.062615966796898,
    21.781396484375023,
    21.939660644531273,
    21.636804199218773,
    21.828912353515648,
    21.770257568359398,
    21.681878662109398,
    21.581750488281273,
    21.154077148437523
  ],
  "outdoor_temps": [
    -6.1035156022626325e-06,
    -6.1035156022626325e-06,
    -6.1035156022626325e-06,
    -6.1035156022626325e-06,
    -6.1035156022626325e-06,
    -6.1035156022626325e-06,
    -6.1035156022626325e-06,
    -6.1035156022626325e-06,
    -6.1035156022626325e-06,
    -6.1035156022626325e-06,
    -6.1035156022626325e-06,
    -6.1035156022626325e-06,
    -6.1035156022626325e-06,
    -6.1035156022626325e-06,
    -6.1035156022626325e-06,
    -6.1035156022626325e-06,
    -6.1035156022626325e-06,
    -6.1035156022626325e-06,
    -6.1035156022626325e-06,
    -6.1035156022626325e-06,
    -6.1035156022626325e-06,
    -6.1035156022626325e-06,
    -6.1035156022626325e-06,
    0.48467407226564774,
    1.5674987792968977,
    2.6915527343750227,
    3.3000122070312727,
    3.2094665527343977,
    2.8019348144531477,
    2.3684326171875227,
    2.2000061035156477,
    2.3021789550781477,
    2.5030456542968977,
    2.8273864746093977,
    3.3000122070312727,
    4.170007324218773,
    5.390008544921898,
    6.540002441406273,
    7.200006103515648,
    7.400476074218773,
    7.509606933593773,
    7.613946533203148,
    7.800012207031273,
    8.075891113281273,
    8.371636962890648,
    8.656549072265648,
    8.899987792968773,
    9.066003417968773,
    9.171868896484398,
    9.266809082031273,
    9.399987792968773,
    9.710534667968773,
    10.159387207031273,
    10.528527832031273,
    10.600000000000023,
    10.450006103515648,
    10.300012207031273,
    10.149987792968773,
    9.999993896484398,
    9.850000000000023,
    9.700006103515648,
    9.550012207031273,
    9.399987792968773,
    8.978875732421898,
    8.201959228515648,
    7.349084472656273,
    6.700006103515648,
    6.357904052734398,
    6.149987792968773,
    5.942102050781273,
    5.600000000000023,
    4.941003417968773,
    4.063317871093773,
    3.2539611816406477,
    2.8000122070312727,
    2.6291442871093977,
    2.4749084472656477,
    2.3332153320312727,
    2.2000061035156477,
    2.0766845703125227,
    1.9598327636718977,
    1.8380676269531477,
    1.7000061035156477,
    1.4921203613281477,
    1.2039733886718977,
    0.8888488769531477,
    0.6000000000000227,
    0.41335449218752274,
    0.31020507812502274,
    0.20195922851564774,
    -6.1035156022626325e-06,
    -0.7735656738281023,
    -2.1510986328124773,
    -3.5530761718749773,
    -4.399999999999977
  ],
  "rewards": [
    4.963678053930402,
    4.9635631695538756,
    4.962818720653653,
    4.962127915933729,
    4.967531055390835,
    4.9668058109644635,
    4.966310539281724,
    4.95966409226021,
    4.965861541133697,
    4.965320146158824,
    4.964930474794267,
    4.9645733440153945,
    4.957627283531038,
    -0.7112341449260111,
    4.95654749065832,
    4.96353093758598,
    4.963065796025259,
    4.955773977237551,
    4.9627712179757655,
    4.962271951473116,
    4.9619189370039685,
    4.954395797448962,
    4.9616722989573105,
    4.95407588505421,
    4.961964033852291,
    4.955140478898001,
    4.962995404105957,
    4.955695105974441,
    4.962836667309475,
    -39.03674348426176,
    4.953058051183819,
    4.963801893308759,
    4.971984824094921,
    4.973429726398347,
    4.969526437121241,
    4.982524115268789,
    4.971577570738352,
    4.973623454183988,
    4.977233426741283,
    4.982214705518406,
    4.989198609393414,
    4.991445270824044,
    4.995768968351509,
    4.998432324342753,
    4.998183633189972,
    4.987074035905463,
    4.994928845324594,
    4.985626281429083,
    4.979010289464146,
    4.978424269638469,
    4.977808538160732,
    4.977180565119924,
    4.983589950107199,
    -2.6068822173440123,
    4.974880570805429,
    4.982391101031686,
    4.974518728400864,
    4.974547637225331,
    4.968745637233491,
    4.974862451667371,
    4.975019246421268,
    4.982693316243751,
    4.982861755419522,
    4.976222893152386,
    4.98411536444837,
    4.984621849581275,
    4.985135613307033,
    4.97942680791393,
    4.986148725606015,
    4.995230149712089,
    4.995370336264372,
    4.998339362354949,
    4.999291036686253,
    4.9977166360394785,
    4.994948912251902,
    4.993678167425419,
    4.994156466622553,
    4.991015076224571,
    4.9919353924210625,
    4.988609513823753,
    4.990064736705597,
    4.98657896984077,
    4.985666417196393,
    4.984691264294411,
    4.983644925565176,
    4.982558055133276,
    4.9814735986894885,
    4.983828711610611,
    4.979204948831511,
    4.981961008955441,
    4.977161128756145,
    4.976077997349526,
    4.9744460107988635,
    4.97259557988527,
    4.975719944935616
  ],