{
  "episode": 112,
  "steps": 95,
  "actions": [
    23,
    23,
    23,
    23,
    22,
    12,
    12,
    13,
    12,
    17,
    21,
    12,
    7,
    21,
    21,
    21,
    21,
    18,
    21,
    16,
    21,
    21,
    21,
    21,
    9,
    9,
    21,
    21,
    21,
    21,
    21,
    15,
    15,
    12,
    15,
    6,
    7,
    7,
    6,
    13,
    4,
    6,
    20,
    20,
    7,
    11,
    3,
    3,
    3,
    3,
    0,
    11,
    8,
    11,
    17,
    0,
    10,
    0,
    23,
    18,
    18,
    0,
    11,
    11,
    9,
    0,
    11,
    3,
    4,
    20,
    1,
    19,
    14,
    4,
    4,
    22,
    4,
    4,
    2,
    7,
    22,
    5,
    5,
    5,
    12,
    22,
    5,
    14,
    16,
    10,
    23,
    6,
    3,
    22,
    15
  ],
  "temperatures": [
    21.111627197265648,
    21.104028320312523,
    21.062646484375023,
    21.024285888671898,
    20.991937255859398,
    20.498834228515648,
    20.445855712890648,
    20.409204101562523,
    20.377557373046898,
    15.834649658203148,
    20.683709716796898,
    20.237939453125023,
    19.389703369140648,
    20.693109130859398,
    20.708673095703148,
    20.705163574218773,
    20.695855712890648,
    15.650659179687523,
    20.516351318359398,
    15.556420898437523,
    20.427301025390648,
    20.499963378906273,
    20.517327880859398,
    20.530755615234398,
    15.673089599609398,
    15.548547363281273,
    20.408288574218773,
    20.510217285156273,
    20.536248779296898,
    20.543542480468773,
    20.570520019531273,
    20.674676513671898,
    20.804711914062523,
    20.916986083984398,
    21.004693603515648,
    20.538262939453148,
    20.588525390625023,
    20.710961914062523,
    20.972985839843773,
    21.757653808593773,
    21.788232421875023,
    22.166253662109398,
    22.758477783203148,
    22.994165039062523,
    23.324700927734398,
    19.462121582031273,
    20.783715820312523,
    21.110528564453148,
    21.395013427734398,
    21.662469482421898,
    21.907403564453148,
    20.730584716796898,
    20.865258789062523,
    21.002282714843773,
    20.134179687500023,
    22.606652832031273,
    21.256005859375023,
    22.774835205078148,
    24.824090576171898,
    20.374810791015648,
    20.264672851562523,
    22.622125244140648,
    21.073937988281273,
    20.863427734375023,
    20.609735107421898,
    21.669274902343773,
    20.205651855468773,
    21.215356445312523,
    23.954339599609398,
    23.626000976562523,
    20.990502929687523,
    18.449365234375023,
    22.702111816406273,
    22.584527587890648,
    22.468927001953148,
    22.592858886718773,
    22.281915283203148,
    22.163659667968773,
    19.242517089843773,
    21.780847167968773,
    22.234216308593773,
    21.758874511718773,
    21.662408447265648,
    21.575067138671898,
    21.815454101562523,
    21.985040283203148,
    21.338739013671898,
    21.608209228515648,
    17.139428710937523,
    17.366143798828148,
    21.532006835937523,
    20.722619628906273,
    17.717340087890648,
    21.284051513671898,
    20.872766113281273
  ],
  "outdoor_temps": [
    -6.1035156022626325e-06,
    -6.1035156022626325e-06,
    -6.1035156022626325e-06,
    -6.1035156022626325e-06,
    -6.1035156022626325e-06,
    -6.1035156022626325e-06,
    -6.1035156022626325e-06,
    -6.1035156022626325e-06,
    -6.1035156022626325e-06,
    -6.1035156022626325e-06,
    -6.1035156022626325e-06,
    -6.1035156022626325e-06,
    -6.1035156022626325e-06,
    -6.1035156022626325e-06,
    -6.1035156022626325e-06,
    -6.1035156022626325e-06,
    -6.1035156022626325e-06,
    -6.1035156022626325e-06,
    -6.1035156022626325e-06,
    -6.1035156022626325e-06,
    -6.1035156022626325e-06,
    -6.1035156022626325e-06,
    -6.1035156022626325e-06,
    0.48467407226564774,
    1.5674987792968977,
    2.6915527343750227,
    3.3000122070312727,
    3.2094665527343977,
    2.8019348144531477,
    2.3684326171875227,
    2.2000061035156477,
    2.3021789550781477,
    2.5030456542968977,
    2.8273864746093977,
    3.3000122070312727,
    4.170007324218773,
    5.390008544921898,
    6.540002441406273,
    7.200006103515648,
    7.400476074218773,
    7.509606933593773,
    7.613946533203148,
    7.800012207031273,
    8.075891113281273,
    8.371636962890648,
    8.656549072265648,
    8.899987792968773,
    9.066003417968773,
    9.171868896484398,
    9.266809082031273,
    9.399987792968773,
    9.710534667968773,
    10.159387207031273,
    10.528527832031273,
    10.600000000000023,
    10.450006103515648,
    10.300012207031273,
    10.149987792968773,
    9.999993896484398,
    9.850000000000023,
    9.700006103515648,
    9.550012207031273,
    9.399987792968773,
    8.978875732421898,
    8.201959228515648,
    7.349084472656273,
    6.700006103515648,
    6.357904052734398,
    6.149987792968773,
    5.942102050781273,
    5.600000000000023,
    4.941003417968773,
    4.063317871093773,
    3.2539611816406477,
    2.8000122070312727,
    2.6291442871093977,
    2.4749084472656477,
    2.3332153320312727,
    2.2000061035156477,
    2.0766845703125227,
    1.9598327636718977,
    1.8380676269531477,
    1.7000061035156477,
    1.4921203613281477,
    1.2039733886718977,
    0.8888488769531477,
    0.6000000000000227,
    0.41335449218752274,
    0.31020507812502274,
    0.20195922851564774,
    -6.1035156022626325e-06,
    -0.7735656738281023,
    -2.1510986328124773,
    -3.5530761718749773,
    -4.399999999999977
  ],
  "rewards": [
    4.963678053930402,
    4.9635631695538756,
    4.962818720653653,
    4.962127915933729,
    4.961546352222562,
    4.967124915223892,
    4.966450357563955,
    4.965986553557379,
    4.9655863786493635,
    -43.37819312585826,
    4.95591482907728,
    4.963802563001118,
    -0.9445497810204994,
    4.956112146625701,
    4.9564061131185815,
    4.956346539468221,
    4.956179183930806,
    -47.294236797845706,
    4.952868758714069,
    -49.36554952216033,
    4.951228834638777,
    4.952575321406774,
    4.952899632663183,
    4.953151771039418,
    -46.8068677263472,
    -49.53981861068338,
    4.950896755750413,
    4.952780996770315,
    4.953261923999242,
    4.953397125214987,
    4.953895844430379,
    4.9695113945498095,
    4.971188715732454,
    4.972636815345644,
    4.973767945893271,
    4.981720491460322,
    4.982088774954981,
    4.982991331084105,
    4.984927936954829,
    4.983500899164087,
    4.990957482010613,
    4.993753833832786,
    4.994321361633099,
    4.9986805958887155,
    4.999201841159683,
    -0.7321259484007019,
    4.987086499230166,
    4.986360992115963,
    4.985729440969456,
    4.985135768872727,
    4.984592100304592,
    4.977327165756375,
    4.9768041689472025,
    4.9762723190795795,
    4.970302707839919,
    4.983041272079653,
    4.975288148675114,
    4.982668414569905,
    -1.7033923436292453,
    4.9689691403657195,
    4.969580015218128,
    4.983007141838093,
    4.975995271954686,
    4.976812655456526,
    4.977798015006048,
    4.985121941178227,
    4.979367929849774,
    4.986129756175143,
    4.997804890793789,
    4.995315923391477,
    4.986629226292443,
    -6.021254565883575,
    4.995721650483654,
    4.996843832605397,
    4.995990615102098,
    4.9912593156086364,
    4.994610346731122,
    4.993737060638711,
    -1.4391869342898005,
    4.990908974330225,
    4.984637215981666,
    4.990747762795861,
    4.990035588932912,
    4.98939095575897,
    4.984266272900384,
    4.980039729166938,
    4.987647460874493,
    4.981589412210266,
    -20.4636160872828,
    -17.34776266818237,
    4.9716771664651835,
    4.98309943132475,
    -13.029385427830398,
    4.9670970407212565,
    4.972082520824249
  ],