{
  "episode": 96,
  "steps": 95,
  "actions": [
    23,
    23,
    23,
    23,
    23,
    23,
    23,
    23,
    23,
    23,
    23,
    23,
    23,
    23,
    23,
    23,
    23,
    23,
    23,
    23,
    23,
    23,
    23,
    23,
    23,
    23,
    23,
    23,
    23,
    23,
    23,
    23,
    14,
    14,
    9,
    3,
    3,
    23,
    22,
    23,
    2,
    9,
    20,
    23,
    4,
    23,
    20,
    23,
    23,
    3,
    23,
    23,
    23,
    18,
    23,
    23,
    23,
    1,
    23,
    4,
    12,
    13,
    13,
    23,
    0,
    23,
    23,
    23,
    23,
    14,
    23,
    22,
    23,
    23,
    23,
    23,
    23,
    23,
    23,
    23,
    14,
    23,
    23,
    13,
    20,
    21,
    23,
    23,
    23,
    23,
    22,
    23,
    23,
    7,
    23
  ],
  "temperatures": [
    20.975762939453148,
    20.971978759765648,
    20.926324462890648,
    20.884027099609398,
    20.848413085937523,
    20.818383789062523,
    20.792230224609398,
    20.768457031250023,
    20.746057128906273,
    20.724359130859398,
    20.703149414062523,
    20.682244873046898,
    20.661584472656273,
    20.641198730468773,
    20.621026611328148,
    20.601068115234398,
    20.581353759765648,
    20.561944580078148,
    20.542871093750023,
    20.524133300781273,
    20.505761718750023,
    20.487725830078148,
    20.470056152343773,
    20.463403320312523,
    20.485864257812523,
    20.523187255859398,
    20.552392578125023,
    20.555322265625023,
    20.539788818359398,
    20.522058105468773,
    20.533807373046898,
    21.077111816406273,
    20.777612304687523,
    20.876733398437523,
    16.775079345703148,
    17.172967529296898,
    17.220269775390648,
    21.363916015625023,
    21.654443359375023,
    21.971398925781273,
    18.876641845703148,
    18.147637939453148,
    22.638818359375023,
    22.957055664062523,
    23.320275878906273,
    23.488549804687523,
    23.730340576171898,
    23.955316162109398,
    24.164575195312523,
    22.721948242187523,
    24.494226074218773,
    24.686761474609398,
    24.859063720703148,
    20.684259033203148,
    25.003228759765648,
    25.147393798828148,
    25.230645751953148,
    24.236016845703148,
    25.297753906250023,
    26.683923339843773,
    25.907556152343773,
    25.846154785156273,
    25.731652832031273,
    25.046502685546898,
    23.640069580078148,
    24.623437500000023,
    24.482507324218773,
    24.357934570312523,
    24.253839111328148,
    24.450189208984398,
    24.084771728515648,
    23.511224365234398,
    23.375421142578148,
    23.255181884765648,
    23.154595947265648,
    23.074914550781273,
    22.990991210937523,
    22.903619384765648,
    22.820458984375023,
    22.744836425781273,
    22.603723144531273,
    22.606958007812523,
    22.543328857421898,
    22.359582519531273,
    22.403741455078148,
    22.333642578125023,
    22.262628173828148,
    22.192712402343773,
    22.122125244140648,
    22.055139160156273,
    21.991662597656273,
    21.918054199218773,
    21.816766357421898,
    20.955895996093773,
    21.580377197265648
  ],
  "outdoor_temps": [
    -6.1035156022626325e-06,
    -6.1035156022626325e-06,
    -6.1035156022626325e-06,
    -6.1035156022626325e-06,
    -6.1035156022626325e-06,
    -6.1035156022626325e-06,
    -6.1035156022626325e-06,
    -6.1035156022626325e-06,
    -6.1035156022626325e-06,
    -6.1035156022626325e-06,
    -6.1035156022626325e-06,
    -6.1035156022626325e-06,
    -6.1035156022626325e-06,
    -6.1035156022626325e-06,
    -6.1035156022626325e-06,
    -6.1035156022626325e-06,
    -6.1035156022626325e-06,
    -6.1035156022626325e-06,
    -6.1035156022626325e-06,
    -6.1035156022626325e-06,
    -6.1035156022626325e-06,
    -6.1035156022626325e-06,
    -6.1035156022626325e-06,
    0.48467407226564774,
    1.5674987792968977,
    2.6915527343750227,
    3.3000122070312727,
    3.2094665527343977,
    2.8019348144531477,
    2.3684326171875227,
    2.2000061035156477,
    2.3021789550781477,
    2.5030456542968977,
    2.8273864746093977,
    3.3000122070312727,
    4.170007324218773,
    5.390008544921898,
    6.540002441406273,
    7.200006103515648,
    7.400476074218773,
    7.509606933593773,
    7.613946533203148,
    7.800012207031273,
    8.075891113281273,
    8.371636962890648,
    8.656549072265648,
    8.899987792968773,
    9.066003417968773,
    9.171868896484398,
    9.266809082031273,
    9.399987792968773,
    9.710534667968773,
    10.159387207031273,
    10.528527832031273,
    10.600000000000023,
    10.450006103515648,
    10.300012207031273,
    10.149987792968773,
    9.999993896484398,
    9.850000000000023,
    9.700006103515648,
    9.550012207031273,
    9.399987792968773,
    8.978875732421898,
    8.201959228515648,
    7.349084472656273,
    6.700006103515648,
    6.357904052734398,
    6.149987792968773,
    5.942102050781273,
    5.600000000000023,
    4.941003417968773,
    4.063317871093773,
    3.2539611816406477,
    2.8000122070312727,
    2.6291442871093977,
    2.4749084472656477,
    2.3332153320312727,
    2.2000061035156477,
    2.0766845703125227,
    1.9598327636718977,
    1.8380676269531477,
    1.7000061035156477,
    1.4921203613281477,
    1.2039733886718977,
    0.8888488769531477,
    0.6000000000000227,
    0.41335449218752274,
    0.31020507812502274,
    0.20195922851564774,
    -6.1035156022626325e-06,
    -0.7735656738281023,
    -2.1510986328124773,
    -3.5530761718749773,
    -4.399999999999977
  ],
  "rewards": [
    4.120979222776403,
    4.115054529951921,
    4.041117961602322,
    3.9698265858460595,
    3.9077210109681286,
    3.853879691883962,
    3.805885754423257,
    3.7613691613823597,
    3.718646088801367,
    3.6765443842579115,
    3.634704109951898,
    3.592804602505684,
    3.5507493382320265,
    3.5086222347245086,
    3.466321936817887,
    3.423867874192122,
    3.381345204161528,
    3.338909506471877,
    3.296656541600873,
    3.254615599177828,
    3.2128832242638383,
    3.1714217349608016,
    3.1303298621997757,
    3.114743142649584,
    3.1671395712346357,
    3.2525262384582816,
    3.3178817418963207,
    3.324368238821675,
    3.289838607208853,
    3.249981652163019,
    3.2764469183702523,
    4.274051666222544,
    3.8130624611303627,
    3.990361520630224,
    -36.004409834927635,
    -29.982716976120624,
    -29.31973811894806,
    4.6220434287870935,
    4.848828115835798,
    4.951838349312868,
    -3.159158867443784,
    -8.585285257760873,
    4.6760080496027205,
    4.309233801892885,
    3.691161949518092,
    3.3297664772556668,
    2.742823140593187,
    2.117940021806289,
    -0.07222028441729031,
    4.574746711994497,
    -0.6162537743216538,
    -1.1853494803794509,
    -1.851795907337316,
    3.6240344492812158,
    -2.523469216434156,
    -3.299060473460834,
    -3.7942785617896826,
    -0.1495315967453912,
    -4.218692519147421,
    -28.012722249306112,
    -9.103565606677554,
    -8.527221948120792,
    -7.5028029885549925,
    -2.7453630481135156,
    2.9442098926426286,
    -0.9777205652744287,
    -0.587598911076839,
    -0.3254437042028119,
    -0.16588997991758495,
    -0.5100807156228041,
    -0.022207001148854183,
    3.278460666583799,
    3.5742799305117665,
    3.813106003450187,
    3.996236127214467,
    4.130533927790784,
    4.26114918030795,
    4.381427055047794,
    4.485271079912754,
    4.5706976571306335,
    4.714355295691619,
    4.704373065625175,
    4.756447484763321,
    4.883529256433236,
    4.849413419558208,
    4.885074579945713,
    4.913686613308904,
    4.934467430673533,
    4.948008447187018,
    4.953947359882293,
    4.953362236581744,
    4.945117832631199,
    4.920483300955973,
    4.152117253723589,
    4.803120158296498
  ],