{
  "episode": 338,
  "steps": 95,
  "actions": [
    23,
    23,
    23,
    23,
    23,
    23,
    5,
    20,
    23,
    15,
    23,
    23,
    23,
    15,
    14,
    21,
    7,
    23,
    23,
    12,
    12,
    6,
    23,
    21,
    14,
    12,
    23,
    14,
    23,
    12,
    23,
    13,
    7,
    23,
    12,
    12,
    20,
    20,
    13,
    21,
    14,
    14,
    13,
    21,
    1,
    22,
    3,
    11,
    8,
    11,
    23,
    8,
    3,
    10,
    18,
    0,
    22,
    11,
    3,
    10,
    11,
    3,
    1,
    18,
    8,
    23,
    1,
    21,
    3,
    18,
    21,
    6,
    15,
    13,
    14,
    12,
    9,
    15,
    14,
    23,
    15,
    20,
    14,
    15,
    14,
    5,
    10,
    15,
    7,
    21,
    12,
    23,
    23,
    23,
    14
  ],
  "temperatures": [
    21.111627197265648,
    21.104028320312523,
    21.062646484375023,
    21.024285888671898,
    20.991937255859398,
    20.964624023437523,
    19.705438232421898,
    20.878991699218773,
    20.878686523437523,
    20.382135009765648,
    20.832482910156273,
    20.823541259765648,
    20.808648681640648,
    20.297418212890648,
    20.251275634765648,
    20.730401611328148,
    19.408593750000023,
    20.667779541015648,
    20.674462890625023,
    20.150018310546898,
    20.109277343750023,
    19.229211425781273,
    20.562585449218773,
    20.585748291015648,
    20.095819091796898,
    20.120721435546898,
    20.663049316406273,
    20.176202392578148,
    20.654870605468773,
    20.141229248046898,
    20.651086425781273,
    20.774713134765648,
    20.316369628906273,
    21.353753662109398,
    21.105035400390648,
    21.168450927734398,
    21.558465576171898,
    21.662652587890648,
    21.592156982421898,
    22.114801025390648,
    22.213372802734398,
    22.507470703125023,
    22.793756103515648,
    23.074365234375023,
    20.394860839843773,
    23.484704589843773,
    21.117822265625023,
    20.046411132812523,
    20.216638183593773,
    20.398004150390648,
    24.268792724609398,
    20.874871826171898,
    22.428002929687523,
    21.169915771484398,
    20.255914306640648,
    22.764062500000023,
    24.866174316406273,
    21.516931152343773,
    23.017785644531273,
    21.486932373046898,
    21.403833007812523,
    22.840783691406273,
    22.754693603515648,
    20.081719970703148,
    20.743585205078148,
    24.101007080078148,
    21.770440673828148,
    23.883477783203148,
    21.456353759765648,
    19.188409423828148,
    23.572045898437523,
    23.162744140625023,
    22.988824462890648,
    22.867730712890648,
    22.763635253906273,
    22.678918457031273,
    18.737023925781273,
    22.358605957031273,
    22.346826171875023,
    22.412591552734398,
    22.227563476562523,
    22.313867187500023,
    22.106347656250023,
    22.036676025390648,
    21.964654541015648,
    21.588555908203148,
    17.885705566406273,
    21.581567382812523,
    21.200463867187523,
    21.797906494140648,
    21.487542724609398,
    21.703424072265648,
    21.623712158203148,
    21.528100585937523,
    21.093286132812523
  ],
  "outdoor_temps": [
    -6.1035156022626325e-06,
    -6.1035156022626325e-06,
    -6.1035156022626325e-06,
    -6.1035156022626325e-06,
    -6.1035156022626325e-06,
    -6.1035156022626325e-06,
    -6.1035156022626325e-06,
    -6.1035156022626325e-06,
    -6.1035156022626325e-06,
    -6.1035156022626325e-06,
    -6.1035156022626325e-06,
    -6.1035156022626325e-06,
    -6.1035156022626325e-06,
    -6.1035156022626325e-06,
    -6.1035156022626325e-06,
    -6.1035156022626325e-06,
    -6.1035156022626325e-06,
    -6.1035156022626325e-06,
    -6.1035156022626325e-06,
    -6.1035156022626325e-06,
    -6.1035156022626325e-06,
    -6.1035156022626325e-06,
    -6.1035156022626325e-06,
    0.48467407226564774,
    1.5674987792968977,
    2.6915527343750227,
    3.3000122070312727,
    3.2094665527343977,
    2.8019348144531477,
    2.3684326171875227,
    2.2000061035156477,
    2.3021789550781477,
    2.5030456542968977,
    2.8273864746093977,
    3.3000122070312727,
    4.170007324218773,
    5.390008544921898,
    6.540002441406273,
    7.200006103515648,
    7.400476074218773,
    7.509606933593773,
    7.613946533203148,
    7.800012207031273,
    8.075891113281273,
    8.371636962890648,
    8.656549072265648,
    8.899987792968773,
    9.066003417968773,
    9.171868896484398,
    9.266809082031273,
    9.399987792968773,
    9.710534667968773,
    10.159387207031273,
    10.528527832031273,
    10.600000000000023,
    10.450006103515648,
    10.300012207031273,
    10.149987792968773,
    9.999993896484398,
    9.850000000000023,
    9.700006103515648,
    9.550012207031273,
    9.399987792968773,
    8.978875732421898,
    8.201959228515648,
    7.349084472656273,
    6.700006103515648,
    6.357904052734398,
    6.149987792968773,
    5.942102050781273,
    5.600000000000023,
    4.941003417968773,
    4.063317871093773,
    3.2539611816406477,
    2.8000122070312727,
    2.6291442871093977,
    2.4749084472656477,
    2.3332153320312727,
    2.2000061035156477,
    2.0766845703125227,
    1.9598327636718977,
    1.8380676269531477,
    1.7000061035156477,
    1.4921203613281477,
    1.2039733886718977,
    0.8888488769531477,
    0.6000000000000227,
    0.41335449218752274,
    0.31020507812502274,
    0.20195922851564774,
    -6.1035156022626325e-06,
    -0.7735656738281023,
    -2.1510986328124773,
    -3.5530761718749773,
    -4.399999999999977
  ],
  "rewards": [
    4.963678053930402,
    4.9635631695538756,
    4.962818720653653,
    4.962127915933729,
    4.961546352222562,
    4.961056741788983,
    -0.2291633833050393,
    4.959497516432535,
    4.959503288439434,
    4.965654657039791,
    4.958667533489673,
    4.958510438412428,
    4.958242735862732,
    4.96458565369621,
    4.963993300235628,
    4.956813461963897,
    -0.8877204190895263,
    4.955664546737853,
    4.955792059019208,
    4.962701162252575,
    4.96217635048197,
    -1.4992623826039322,
    4.953735709490336,
    4.954167759731412,
    4.9620138335718735,
    4.962338691973006,
    4.955604100514365,
    4.96305842891708,
    4.9554541112825925,
    4.962606448087842,
    4.95538498549552,
    4.970805841241032,
    4.9800895009939765,
    4.968363011131468,
    4.9750667233802375,
    4.97588339520262,
    4.972135049987746,
    4.974057807496708,
    4.9813593018157,
    4.982417468067744,
    4.989400174666844,
    4.993207459025895,
    4.996913782381331,
    4.998376089597607,
    4.987949894194208,
    4.996099265675668,
    4.986344968553956,
    4.9799849881204254,
    4.979323564298613,
    4.978619003416242,
    -0.18466293944405293,
    4.976766709242016,
    4.983436874644102,
    4.975621295121539,
    4.969627191666028,
    4.982691896448155,
    -1.8813407816887886,
    4.974275119405563,
    4.982129397891623,
    4.974391759780277,
    4.974714472375324,
    4.982521915935141,
    4.982712808770168,
    4.970594603728179,
    4.977278226131816,
    -0.029079349404941255,
    4.98489767901972,
    4.993887400339965,
    4.985595064882837,
    -1.6588354159545688,
    4.995615262365211,
    4.999564286370478,
    4.99943164299716,
    4.997866347803532,
    4.99652092017282,
    4.995426016920125,
    -3.995199890575998,
    4.9912843184016,
    4.991132898664831,
    4.987932402674918,
    4.989591511044651,
    4.986109923916667,
    4.98802534047417,
    4.987125395857608,
    4.986195111012815,
    4.989492448666011,
    -11.181376406254248,
    4.981245066605022,
    4.986627625933646,
    4.976587543735686,
    4.980032080460988,
    4.97484388439746,
    4.973371451810002,
    4.971604832723736,
    4.9749338789060715
  ],