{
  "episode": 542,
  "steps": 95,
  "actions": [
    23,
    23,
    23,
    23,
    6,
    20,
    14,
    4,
    21,
    22,
    13,
    20,
    15,
    21,
    20,
    14,
    20,
    4,
    20,
    14,
    21,
    13,
    7,
    20,
    20,
    21,
    20,
    7,
    20,
    21,
    20,
    21,
    16,
    21,
    20,
    22,
    20,
    20,
    7,
    20,
    21,
    20,
    20,
    14,
    13,
    15,
    21,
    22,
    13,
    20,
    6,
    20,
    21,
    7,
    15,
    13,
    21,
    15,
    22,
    21,
    20,
    21,
    20,
    13,
    20,
    22,
    21,
    20,
    13,
    22,
    22,
    13,
    8,
    21,
    20,
    21,
    14,
    20,
    22,
    13,
    22,
    20,
    1,
    20,
    20,
    20,
    13,
    7,
    12,
    21,
    6,
    21,
    20,
    12,
    22
  ],
  "temperatures": [
    20.975762939453148,
    20.971978759765648,
    20.926324462890648,
    20.884027099609398,
    19.381799316406273,
    20.766137695312523,
    20.212426757812523,
    19.168572998046898,
    20.666253662109398,
    20.680902099609398,
    20.100579833984398,
    20.635705566406273,
    20.051934814453148,
    20.593438720703148,
    20.588159179687523,
    19.986718750000023,
    20.534875488281273,
    18.938653564453148,
    20.456719970703148,
    19.863488769531273,
    20.439447021484398,
    19.827752685546898,
    18.725000000000023,
    20.351739501953148,
    20.412255859375023,
    20.463739013671898,
    20.501092529296898,
    18.971124267578148,
    20.439660644531273,
    20.452203369140648,
    20.475122070312523,
    21.023736572265648,
    16.214532470703148,
    21.100762939453148,
    21.256768798828148,
    21.342584228515648,
    21.419854736328148,
    21.527917480468773,
    20.912774658203148,
    21.991357421875023,
    22.285302734375023,
    22.545495605468773,
    22.795983886718773,
    23.034539794921898,
    23.351922607421898,
    23.663934326171898,
    23.784265136718773,
    24.003045654296898,
    24.478845214843773,
    24.408471679687523,
    25.480767822265648,
    24.775903320312523,
    24.930566406250023,
    26.266778564453148,
    25.749475097656273,
    25.857019042968773,
    25.383630371093773,
    25.985589599609398,
    25.461267089843773,
    25.456292724609398,
    25.429315185546898,
    25.373742675781273,
    25.266473388671898,
    25.621911621093773,
    24.923333740234398,
    24.734338378906273,
    24.576959228515648,
    24.446954345703148,
    24.663018798828148,
    24.253350830078148,
    24.160729980468773,
    23.739678955078148,
    20.129235839843773,
    23.244317626953148,
    23.181176757812523,
    23.106805419921898,
    23.035272216796898,
    22.939416503906273,
    22.856988525390648,
    22.735375976562523,
    22.710717773437523,
    22.644921875000023,
    20.055200195312523,
    22.445550537109398,
    22.406182861328148,
    22.341119384765648,
    22.108239746093773,
    21.736871337890648,
    21.912683105468773,
    22.052667236328148,
    21.412896728515648,
    21.905511474609398,
    21.814294433593773,
    21.406396484375023,
    21.596398925781273
  ],
  "outdoor_temps": [
    -6.1035156022626325e-06,
    -6.1035156022626325e-06,
    -6.1035156022626325e-06,
    -6.1035156022626325e-06,
    -6.1035156022626325e-06,
    -6.1035156022626325e-06,
    -6.1035156022626325e-06,
    -6.1035156022626325e-06,
    -6.1035156022626325e-06,
    -6.1035156022626325e-06,
    -6.1035156022626325e-06,
    -6.1035156022626325e-06,
    -6.1035156022626325e-06,
    -6.1035156022626325e-06,
    -6.1035156022626325e-06,
    -6.1035156022626325e-06,
    -6.1035156022626325e-06,
    -6.1035156022626325e-06,
    -6.1035156022626325e-06,
    -6.1035156022626325e-06,
    -6.1035156022626325e-06,
    -6.1035156022626325e-06,
    -6.1035156022626325e-06,
    0.48467407226564774,
    1.5674987792968977,
    2.6915527343750227,
    3.3000122070312727,
    3.2094665527343977,
    2.8019348144531477,
    2.3684326171875227,
    2.2000061035156477,
    2.3021789550781477,
    2.5030456542968977,
    2.8273864746093977,
    3.3000122070312727,
    4.170007324218773,
    5.390008544921898,
    6.540002441406273,
    7.200006103515648,
    7.400476074218773,
    7.509606933593773,
    7.613946533203148,
    7.800012207031273,
    8.075891113281273,
    8.371636962890648,
    8.656549072265648,
    8.899987792968773,
    9.066003417968773,
    9.171868896484398,
    9.266809082031273,
    9.399987792968773,
    9.710534667968773,
    10.159387207031273,
    10.528527832031273,
    10.600000000000023,
    10.450006103515648,
    10.300012207031273,
    10.149987792968773,
    9.999993896484398,
    9.850000000000023,
    9.700006103515648,
    9.550012207031273,
    9.399987792968773,
    8.978875732421898,
    8.201959228515648,
    7.349084472656273,
    6.700006103515648,
    6.357904052734398,
    6.149987792968773,
    5.942102050781273,
    5.600000000000023,
    4.941003417968773,
    4.063317871093773,
    3.2539611816406477,
    2.8000122070312727,
    2.6291442871093977,
    2.4749084472656477,
    2.3332153320312727,
    2.2000061035156477,
    2.0766845703125227,
    1.9598327636718977,
    1.8380676269531477,
    1.7000061035156477,
    1.4921203613281477,
    1.2039733886718977,
    0.8888488769531477,
    0.6000000000000227,
    0.41335449218752274,
    0.31020507812502274,
    0.20195922851564774,
    -6.1035156022626325e-06,
    -0.7735656738281023,
    -2.1510986328124773,
    -3.5530761718749773,
    -4.399999999999977
  ],
  "rewards": [
    4.9077753899246455,
    4.9076752827316525,
    4.905702330842614,
    4.90387322165072,
    -0.3956233558570685,
    4.898718812229193,
    4.916779537021141,
    -0.7054943693374189,
    4.8943799469458025,
    4.895058743626527,
    4.9135634993616,
    4.893096825775245,
    4.912159147082788,
    4.891258132117598,
    4.8910396644181535,
    -0.022655801133292568,
    4.8886999579713395,
    -1.1415004897960386,
    4.88525315022339,
    -0.04201750229395629,
    4.884502408151393,
    -0.053312515869080965,
    -1.641453469673559,
    4.880637891004267,
    4.883330227962654,
    4.885621916881722,
    4.887282578617982,
    -1.073498441661236,
    4.8845600006081495,
    4.885117299190681,
    4.886134564549379,
    4.910475794902962,
    -14.33443782529898,
    4.913863646695796,
    4.920773374707155,
    4.924570333591622,
    4.927987482272412,
    4.932774445644539,
    4.969050423951779,
    4.953336741635981,
    4.966382701030891,
    4.977931255967073,
    4.989049897423905,
    4.999132968231064,
    4.996315075290267,
    4.993545049909988,
    4.987663919585555,
    -0.003979298091777133,
    -0.2327618897107202,
    -0.17216886982647536,
    -2.19544970103364,
    -0.608568938462018,
    -0.8730115517164477,
    -5.141933397097899,
    -3.066951871541935,
    -3.4550470543702207,
    -1.9229984304341914,
    -3.949378570887634,
    -2.144125349265792,
    -2.1295957966295287,
    -2.0516594730982316,
    -1.8957015637244197,
    -1.6121304922470507,
    -2.6366029162268365,
    -0.8595784749496014,
    -0.5456568542803446,
    -0.3387619735446576,
    -0.20521531126585432,
    -0.44347114025901613,
    -0.06898924608108646,
    -0.030328331865053643,
    4.992882627755727,
    4.953931374434868,
    4.994861424607428,
    4.99570140135353,
    4.996690666309517,
    4.999129938249193,
    4.995410998632078,
    4.991756675473374,
    4.991607695728864,
    4.985271881517509,
    4.982354815923001,
    4.977520570607815,
    4.973520028363589,
    4.971776685348671,
    4.9688951226388625,
    4.97308185559414,
    4.98126314631805,
    4.967306995289806,
    4.956116783369494,
    4.976481926332876,
    4.949597990276373,
    4.9455552360123916,
    4.952351126491052,
    4.935892078627063
  ],