{
  "episode": 355,
  "steps": 95,
  "actions": [
    23,
    23,
    23,
    23,
    10,
    6,
    22,
    20,
    21,
    20,
    20,
    20,
    22,
    20,
    12,
    21,
    4,
    22,
    21,
    22,
    15,
    12,
    22,
    21,
    22,
    21,
    20,
    20,
    22,
    15,
    20,
    20,
    20,
    15,
    21,
    15,
    15,
    7,
    4,
    12,
    20,
    20,
    16,
    7,
    22,
    22,
    19,
    20,
    21,
    14,
    22,
    20,
    22,
    20,
    21,
    10,
    4,
    22,
    22,
    6,
    22,
    14,
    22,
    20,
    20,
    13,
    22,
    17,
    20,
    14,
    22,
    12,
    13,
    21,
    20,
    12,
    20,
    12,
    22,
    20,
    5,
    20,
    14,
    20,
    22,
    5,
    20,
    22,
    20,
    21,
    22,
    0,
    22,
    22,
    22
  ],
  "temperatures": [
    20.975762939453148,
    20.971978759765648,
    20.926324462890648,
    20.884027099609398,
    16.315332031250023,
    18.866510009765648,
    20.649316406250023,
    20.684167480468773,
    20.684442138671898,
    20.675469970703148,
    20.661920166015648,
    20.645867919921898,
    20.628472900390648,
    20.610314941406273,
    20.008020019531273,
    20.550225830078148,
    18.957788085937523,
    20.469628906250023,
    20.482659912109398,
    20.474908447265648,
    19.856011962890648,
    19.801904296875023,
    20.395867919921898,
    20.406884765625023,
    20.436669921875023,
    20.478356933593773,
    20.510369873046898,
    20.515313720703148,
    20.501336669921898,
    19.894586181640648,
    20.474481201171898,
    21.028619384765648,
    21.157952880859398,
    20.852136230468773,
    21.325677490234398,
    21.016870117187523,
    21.078027343750023,
    20.621667480468773,
    20.849969482421898,
    21.716729736328148,
    22.284509277343773,
    22.549249267578148,
    18.005426025390648,
    22.577935791015648,
    23.224420166015648,
    23.494134521484398,
    19.219537353515648,
    23.836877441406273,
    24.103723144531273,
    24.608636474609398,
    24.510430908203148,
    24.685693359375023,
    24.855523681640648,
    25.008569335937523,
    25.130944824218773,
    22.146936035156273,
    26.373925781250023,
    25.312249755859398,
    25.340722656250023,
    26.732080078125023,
    25.369836425781273,
    25.850213623046898,
    25.209008789062523,
    25.044671630859398,
    24.844293212890648,
    25.069726562500023,
    24.518579101562523,
    20.162896728515648,
    24.159295654296898,
    24.396539306640648,
    24.050897216796898,
    23.606683349609398,
    23.445184326171898,
    23.236535644531273,
    23.136529541015648,
    23.075952148437523,
    22.974511718750023,
    22.866204833984398,
    22.804620361328148,
    22.729882812500023,
    22.473443603515648,
    22.590081787109398,
    22.422662353515648,
    22.459924316406273,
    22.392114257812523,
    21.934716796875023,
    22.239068603515648,
    22.174981689453148,
    22.106164550781273,
    22.040338134765648,
    21.977655029296898,
    18.959039306640648,
    21.720361328125023,
    21.648400878906273,
    21.558435058593773
  ],
  "outdoor_temps": [
    -6.1035156022626325e-06,
    -6.1035156022626325e-06,
    -6.1035156022626325e-06,
    -6.1035156022626325e-06,
    -6.1035156022626325e-06,
    -6.1035156022626325e-06,
    -6.1035156022626325e-06,
    -6.1035156022626325e-06,
    -6.1035156022626325e-06,
    -6.1035156022626325e-06,
    -6.1035156022626325e-06,
    -6.1035156022626325e-06,
    -6.1035156022626325e-06,
    -6.1035156022626325e-06,
    -6.1035156022626325e-06,
    -6.1035156022626325e-06,
    -6.1035156022626325e-06,
    -6.1035156022626325e-06,
    -6.1035156022626325e-06,
    -6.1035156022626325e-06,
    -6.1035156022626325e-06,
    -6.1035156022626325e-06,
    -6.1035156022626325e-06,
    0.48467407226564774,
    1.5674987792968977,
    2.6915527343750227,
    3.3000122070312727,
    3.2094665527343977,
    2.8019348144531477,
    2.3684326171875227,
    2.2000061035156477,
    2.3021789550781477,
    2.5030456542968977,
    2.8273864746093977,
    3.3000122070312727,
    4.170007324218773,
    5.390008544921898,
    6.540002441406273,
    7.200006103515648,
    7.400476074218773,
    7.509606933593773,
    7.613946533203148,
    7.800012207031273,
    8.075891113281273,
    8.371636962890648,
    8.656549072265648,
    8.899987792968773,
    9.066003417968773,
    9.171868896484398,
    9.266809082031273,
    9.399987792968773,
    9.710534667968773,
    10.159387207031273,
    10.528527832031273,
    10.600000000000023,
    10.450006103515648,
    10.300012207031273,
    10.149987792968773,
    9.999993896484398,
    9.850000000000023,
    9.700006103515648,
    9.550012207031273,
    9.399987792968773,
    8.978875732421898,
    8.201959228515648,
    7.349084472656273,
    6.700006103515648,
    6.357904052734398,
    6.149987792968773,
    5.942102050781273,
    5.600000000000023,
    4.941003417968773,
    4.063317871093773,
    3.2539611816406477,
    2.8000122070312727,
    2.6291442871093977,
    2.4749084472656477,
    2.3332153320312727,
    2.2000061035156477,
    2.0766845703125227,
    1.9598327636718977,
    1.8380676269531477,
    1.7000061035156477,
    1.4921203613281477,
    1.2039733886718977,
    0.8888488769531477,
    0.6000000000000227,
    0.41335449218752274,
    0.31020507812502274,
    0.20195922851564774,
    -6.1035156022626325e-06,
    -0.7735656738281023,
    -2.1510986328124773,
    -3.5530761718749773,
    -4.399999999999977
  ],
  "rewards": [
    4.9077753899246455,
    4.9076752827316525,
    4.905702330842614,
    4.90387322165072,
    -13.579885835163127,
    -1.3001536569106078,
    4.893563372852362,
    4.895146901332166,
    4.895188672176522,
    4.894817483097963,
    4.894239346614998,
    4.893548733822029,
    4.892795235744637,
    4.892006642543103,
    4.910887460528832,
    4.889369028035713,
    -1.1011808052717273,
    4.885816676376955,
    4.886404158793713,
    4.88606765475934,
    -0.044168585441676095,
    -0.06307632141300265,
    4.882585637319995,
    4.883083378993298,
    4.884413783223085,
    4.886268994532849,
    4.887692992360048,
    4.887914397350472,
    4.887296473613899,
    -0.03425230970200806,
    4.886106612342207,
    4.910692326656502,
    4.916414820781868,
    4.9359300134209505,
    4.923831817763655,
    4.940783381321184,
    4.942582692946105,
    4.96474800574573,
    4.9681210326454,
    4.961465675777391,
    4.966347524870349,
    4.978098194233101,
    -3.9889606651225553,
    4.993684592177566,
    4.9951191559531125,
    4.991527435504223,
    -0.6237994672503453,
    4.986963234825627,
    -0.015063732036434619,
    -0.3741955649399516,
    -0.26619893843229425,
    -0.476417973763948,
    -0.7387286510626648,
    -1.024529404170533,
    -1.2867606917704444,
    4.935995106556169,
    -5.639290617976,
    -1.7303271890966736,
    -1.8059598155093544,
    -7.4684260046023745,
    -1.8849713149051928,
    -3.429802700482069,
    -1.4696865399733088,
    -1.0987760622945644,
    -0.7196012123982279,
    -1.1490949245850515,
    -0.2746099670263972,
    4.929364173136975,
    -0.02986466718271451,
    -0.1605292427475218,
    -0.006719219925937168,
    4.994062755614842,
    4.995495462950481,
    4.994965203103164,
    4.996295472652368,
    4.998769484280568,
    4.996966001589013,
    4.9954736397852715,
    4.989433517206622,
    4.986120496712949,
    4.992138352246914,
    4.979923609236013,
    4.982366199313622,
    4.974156367425685,
    4.971153263679665,
    4.984183156433839,
    4.9643726060183155,
    4.9615339990770035,
    4.9584865281212585,
    4.955570523372811,
    4.9527947541779795,
    -1.0880098965676515,
    4.941390783563256,
    4.938199984751965,
    4.9342098209488645
  ],