{
  "episode": 1810,
  "steps": 95,
  "actions": [
    23,
    23,
    23,
    23,
    13,
    12,
    20,
    21,
    20,
    21,
    22,
    15,
    14,
    20,
    15,
    13,
    22,
    12,
    13,
    13,
    21,
    15,
    20,
    13,
    21,
    6,
    21,
    21,
    13,
    13,
    12,
    21,
    22,
    21,
    15,
    14,
    21,
    21,
    20,
    20,
    21,
    21,
    21,
    12,
    22,
    20,
    12,
    1,
    9,
    0,
    0,
    3,
    1,
    8,
    9,
    3,
    3,
    3,
    1,
    8,
    10,
    11,
    3,
    2,
    0,
    9,
    0,
    9,
    2,
    3,
    3,
    5,
    22,
    6,
    22,
    5,
    15,
    4,
    14,
    5,
    14,
    13,
    21,
    13,
    13,
    20,
    5,
    14,
    15,
    14,
    7,
    21,
    21,
    20,
    15
  ],
  "temperatures": [
    21.111627197265648,
    21.104028320312523,
    21.062646484375023,
    21.024285888671898,
    20.531274414062523,
    20.474237060546898,
    20.916040039062523,
    20.905114746093773,
    20.888757324218773,
    20.871240234375023,
    20.853143310546898,
    20.347161865234398,
    20.299798583984398,
    20.771295166015648,
    20.264367675781273,
    20.222283935546898,
    20.707666015625023,
    20.192742919921898,
    20.152337646484398,
    20.123651123046898,
    20.626977539062523,
    20.102105712890648,
    20.597589111328148,
    20.077783203125023,
    20.613183593750023,
    19.341149902343773,
    20.648339843750023,
    20.675531005859398,
    20.165368652343773,
    20.125726318359398,
    20.129449462890648,
    21.153985595703148,
    21.285485839843773,
    21.387353515625023,
    21.127618408203148,
    21.184686279296898,
    21.569024658203148,
    21.671350097656273,
    21.862695312500023,
    22.128747558593773,
    22.386865234375023,
    22.627313232421898,
    22.857781982421898,
    23.092675781250023,
    23.326531982421898,
    23.560998535156273,
    23.943261718750023,
    21.550317382812523,
    20.370629882812523,
    21.858178710937523,
    22.128320312500023,
    22.362664794921898,
    22.589410400390648,
    21.268182373046898,
    21.342370605468773,
    22.931298828125023,
    23.068933105468773,
    23.141015625000023,
    23.181146240234398,
    21.587579345703148,
    21.497369384765648,
    21.398767089843773,
    22.766595458984398,
    22.600946044921898,
    22.325524902343773,
    20.673455810546898,
    21.731225585937523,
    20.274804687500023,
    21.309564208984398,
    21.186791992187523,
    21.040979003906273,
    23.030145263671898,
    22.972406005859398,
    22.826654052734398,
    22.797631835937523,
    22.594384765625023,
    22.588128662109398,
    22.372735595703148,
    22.413903808593773,
    22.166467285156273,
    22.264398193359398,
    22.201684570312523,
    22.292565917968773,
    22.076074218750023,
    21.999993896484398,
    22.120202636718773,
    21.550256347656273,
    21.764764404296898,
    21.695550537109398,
    21.625238037109398,
    21.161676025390648,
    21.750146484375023,
    21.672631835937523,
    21.575952148437523,
    21.148767089843773
  ],
  "outdoor_temps": [
    -6.1035156022626325e-06,
    -6.1035156022626325e-06,
    -6.1035156022626325e-06,
    -6.1035156022626325e-06,
    -6.1035156022626325e-06,
    -6.1035156022626325e-06,
    -6.1035156022626325e-06,
    -6.1035156022626325e-06,
    -6.1035156022626325e-06,
    -6.1035156022626325e-06,
    -6.1035156022626325e-06,
    -6.1035156022626325e-06,
    -6.1035156022626325e-06,
    -6.1035156022626325e-06,
    -6.1035156022626325e-06,
    -6.1035156022626325e-06,
    -6.1035156022626325e-06,
    -6.1035156022626325e-06,
    -6.1035156022626325e-06,
    -6.1035156022626325e-06,
    -6.1035156022626325e-06,
    -6.1035156022626325e-06,
    -6.1035156022626325e-06,
    0.48467407226564774,
    1.5674987792968977,
    2.6915527343750227,
    3.3000122070312727,
    3.2094665527343977,
    2.8019348144531477,
    2.3684326171875227,
    2.2000061035156477,
    2.3021789550781477,
    2.5030456542968977,
    2.8273864746093977,
    3.3000122070312727,
    4.170007324218773,
    5.390008544921898,
    6.540002441406273,
    7.200006103515648,
    7.400476074218773,
    7.509606933593773,
    7.613946533203148,
    7.800012207031273,
    8.075891113281273,
    8.371636962890648,
    8.656549072265648,
    8.899987792968773,
    9.066003417968773,
    9.171868896484398,
    9.266809082031273,
    9.399987792968773,
    9.710534667968773,
    10.159387207031273,
    10.528527832031273,
    10.600000000000023,
    10.450006103515648,
    10.300012207031273,
    10.149987792968773,
    9.999993896484398,
    9.850000000000023,
    9.700006103515648,
    9.550012207031273,
    9.399987792968773,
    8.978875732421898,
    8.201959228515648,
    7.349084472656273,
    6.700006103515648,
    6.357904052734398,
    6.149987792968773,
    5.942102050781273,
    5.600000000000023,
    4.941003417968773,
    4.063317871093773,
    3.2539611816406477,
    2.8000122070312727,
    2.6291442871093977,
    2.4749084472656477,
    2.3332153320312727,
    2.2000061035156477,
    2.0766845703125227,
    1.9598327636718977,
    1.8380676269531477,
    1.7000061035156477,
    1.4921203613281477,
    1.2039733886718977,
    0.8888488769531477,
    0.6000000000000227,
    0.41335449218752274,
    0.31020507812502274,
    0.20195922851564774,
    -6.1035156022626325e-06,
    -0.7735656738281023,
    -2.1510986328124773,
    -3.5530761718749773,
    -4.399999999999977
  ],
  "rewards": [
    4.963678053930402,
    4.9635631695538756,
    4.962818720653653,
    4.962127915933729,
    4.967531119711697,
    4.966805889681468,
    4.960170722294761,
    4.9599810292040525,
    4.959689666242055,
    4.959375379255932,
    4.959050231189184,
    4.965217124350692,
    4.964610583818315,
    4.95755837220407,
    4.9641629159552565,
    4.963622636831163,
    4.956397762533763,
    4.963248418670471,
    4.962728710301382,
    4.962360228375086,
    4.954919829603771,
    4.96208616023203,
    4.954382672506182,
    4.961777548800182,
    4.954678209063152,
    -1.098764967913948,
    4.955332571568048,
    4.955835421294622,
    4.96291858916422,
    4.962406162098536,
    4.962454745844493,
    4.964681525517417,
    4.967106306762151,
    4.968984461091782,
    4.975358873058759,
    4.976093773281931,
    4.972330454175239,
    4.9742187114662455,
    4.977755384654454,
    4.98267554836623,
    4.987448284498375,
    4.991895503760032,
    4.996157554224782,
    4.999224721475221,
    4.99697705018164,
    4.995676050149227,
    4.995920804227661,
    4.985384962164027,
    4.978725540786658,
    4.984701407461549,
    4.984101817537099,
    4.983581724692136,
    4.983078594130505,
    4.975239688306723,
    4.974951937318982,
    4.982320744901086,
    4.982015545290936,
    4.981855796498287,
    4.981766802591313,
    4.9740009047348535,
    4.974351177931966,
    4.974733945212773,
    4.9826864086614675,
    4.983053969663609,
    4.983665329139032,
    4.977550919208675,
    4.984984712212468,
    4.979099689278752,
    4.985920864849473,
    4.986193426470556,
    4.986517157477367,
    4.999858481231652,
    4.9982701352590135,
    4.998634103264983,
    4.9950426190365915,
    4.9969192389662815,
    4.994252488879244,
    4.995282220355032,
    4.992000358267323,
    4.993758760937368,
    4.990067939279358,
    4.9892575535409796,
    4.985717253026107,
    4.987634809066258,
    4.986651979759822,
    4.982536379334071,
    4.989210138107609,
    4.983613750455659,
    4.982719875597273,
    4.981811425722002,
    4.9863423783563725,
    4.975706568608466,
    4.974274771422795,
    4.972488815397672,
    4.975651144395542
  ],