{
  "episode": 1765,
  "steps": 95,
  "actions": [
    23,
    23,
    23,
    23,
    21,
    22,
    13,
    12,
    21,
    21,
    12,
    14,
    21,
    13,
    20,
    13,
    20,
    14,
    13,
    21,
    14,
    21,
    14,
    20,
    14,
    13,
    22,
    13,
    15,
    20,
    12,
    15,
    20,
    14,
    20,
    20,
    15,
    14,
    15,
    12,
    14,
    6,
    13,
    12,
    6,
    21,
    22,
    14,
    9,
    0,
    10,
    10,
    9,
    0,
    0,
    10,
    3,
    14,
    8,
    8,
    0,
    3,
    8,
    0,
    0,
    3,
    0,
    9,
    3,
    10,
    7,
    6,
    12,
    15,
    15,
    15,
    15,
    22,
    14,
    22,
    22,
    13,
    6,
    22,
    12,
    13,
    7,
    15,
    14,
    22,
    15,
    20,
    12,
    22,
    20
  ],
  "temperatures": [
    21.111627197265648,
    21.104028320312523,
    21.062646484375023,
    21.024285888671898,
    20.991937255859398,
    20.964624023437523,
    20.470788574218773,
    20.420220947265648,
    20.873162841796898,
    20.864282226562523,
    20.363397216796898,
    20.318109130859398,
    20.788110351562523,
    20.284326171875023,
    20.750604248046898,
    20.240075683593773,
    20.712365722656273,
    20.195977783203148,
    20.154321289062523,
    20.650048828125023,
    20.127008056640648,
    20.617761230468773,
    20.088555908203148,
    20.594689941406273,
    20.106835937500023,
    20.130090332031273,
    20.669946289062523,
    20.183526611328148,
    20.148187255859398,
    20.637689208984398,
    20.154168701171898,
    20.757836914062523,
    21.277337646484398,
    21.030969238281273,
    21.450616455078148,
    21.517358398437523,
    21.269952392578148,
    21.369683837890648,
    21.586419677734398,
    21.897668457031273,
    22.207208251953148,
    22.327142333984398,
    22.786706542968773,
    23.076867675781273,
    23.460809326171898,
    23.554956054687523,
    23.775292968750023,
    24.185998535156273,
    20.451684570312523,
    21.910699462890648,
    20.751519775390648,
    20.883294677734398,
    21.031121826171898,
    22.649591064453148,
    22.871484375000023,
    21.437188720703148,
    22.995446777343773,
    25.379785156250023,
    21.638513183593773,
    21.550744628906273,
    23.033258056640648,
    23.019219970703148,
    21.336358642578148,
    22.576562500000023,
    22.331781005859398,
    22.062585449218773,
    21.821252441406273,
    20.316033935546898,
    21.351464843750023,
    20.000970458984398,
    23.841973876953148,
    23.214501953125023,
    23.021539306640648,
    22.900445556640648,
    22.796533203125023,
    22.711785888671898,
    22.625177001953148,
    22.616662597656273,
    22.454156494140648,
    22.485650634765648,
    22.430535888671898,
    22.243035888671898,
    21.952111816406273,
    22.258874511718773,
    22.032159423828148,
    21.952752685546898,
    21.572290039062523,
    21.787744140625023,
    21.718682861328148,
    21.898187255859398,
    21.592065429687523,
    21.783410644531273,
    21.405999755859398,
    21.590692138671898,
    21.507165527343773
  ],
  "outdoor_temps": [
    -6.1035156022626325e-06,
    -6.1035156022626325e-06,
    -6.1035156022626325e-06,
    -6.1035156022626325e-06,
    -6.1035156022626325e-06,
    -6.1035156022626325e-06,
    -6.1035156022626325e-06,
    -6.1035156022626325e-06,
    -6.1035156022626325e-06,
    -6.1035156022626325e-06,
    -6.1035156022626325e-06,
    -6.1035156022626325e-06,
    -6.1035156022626325e-06,
    -6.1035156022626325e-06,
    -6.1035156022626325e-06,
    -6.1035156022626325e-06,
    -6.1035156022626325e-06,
    -6.1035156022626325e-06,
    -6.1035156022626325e-06,
    -6.1035156022626325e-06,
    -6.1035156022626325e-06,
    -6.1035156022626325e-06,
    -6.1035156022626325e-06,
    0.48467407226564774,
    1.5674987792968977,
    2.6915527343750227,
    3.3000122070312727,
    3.2094665527343977,
    2.8019348144531477,
    2.3684326171875227,
    2.2000061035156477,
    2.3021789550781477,
    2.5030456542968977,
    2.8273864746093977,
    3.3000122070312727,
    4.170007324218773,
    5.390008544921898,
    6.540002441406273,
    7.200006103515648,
    7.400476074218773,
    7.509606933593773,
    7.613946533203148,
    7.800012207031273,
    8.075891113281273,
    8.371636962890648,
    8.656549072265648,
    8.899987792968773,
    9.066003417968773,
    9.171868896484398,
    9.266809082031273,
    9.399987792968773,
    9.710534667968773,
    10.159387207031273,
    10.528527832031273,
    10.600000000000023,
    10.450006103515648,
    10.300012207031273,
    10.149987792968773,
    9.999993896484398,
    9.850000000000023,
    9.700006103515648,
    9.550012207031273,
    9.399987792968773,
    8.978875732421898,
    8.201959228515648,
    7.349084472656273,
    6.700006103515648,
    6.357904052734398,
    6.149987792968773,
    5.942102050781273,
    5.600000000000023,
    4.941003417968773,
    4.063317871093773,
    3.2539611816406477,
    2.8000122070312727,
    2.6291442871093977,
    2.4749084472656477,
    2.3332153320312727,
    2.2000061035156477,
    2.0766845703125227,
    1.9598327636718977,
    1.8380676269531477,
    1.7000061035156477,
    1.4921203613281477,
    1.2039733886718977,
    0.8888488769531477,
    0.6000000000000227,
    0.41335449218752274,
    0.31020507812502274,
    0.20195922851564774,
    -6.1035156022626325e-06,
    -0.7735656738281023,
    -2.1510986328124773,
    -3.5530761718749773,
    -4.399999999999977
  ],
  "rewards": [
    4.963678053930402,
    4.9635631695538756,
    4.962818720653653,
    4.962127915933729,
    4.961546359375119,
    4.961056741685323,
    4.966773610215958,
    4.966129118279109,
    4.959401235867453,
    4.9592468120760245,
    4.965420296241246,
    4.96484094990061,
    4.9578627242491295,
    4.964416216660939,
    4.957181897398571,
    4.963853267441463,
    4.956484912869075,
    4.963290200243663,
    4.962754201912199,
    4.95534368300114,
    4.962406015445195,
    4.954752481167083,
    4.961913712073765,
    4.954333205406432,
    4.962156591425609,
    4.962459698938643,
    4.955731641289333,
    4.963153053623016,
    4.962696466520915,
    4.955137156444399,
    4.962774250517558,
    4.970587327011091,
    4.966955348449557,
    4.974112101803493,
    4.97014927643991,
    4.971379131845158,
    4.977193434248638,
    4.978480883872865,
    4.9812848758929125,
    4.985313428676485,
    4.989320425518019,
    4.994944144436037,
    4.9968223819789355,
    4.999286092566813,
    4.998899751842184,
    4.995709512757219,
    4.994486949504069,
    -0.0889699155275476,
    4.978410649322783,
    4.9845848207763686,
    4.977245798263699,
    4.976734030924251,
    4.976159975610187,
    4.982945309787179,
    4.982453224588186,
    4.97458408132568,
    4.982178648568204,
    -4.7643168151854765,
    4.973803105973517,
    4.9741439665567295,
    4.982094910041631,
    4.982125927139074,
    4.97497602715813,
    4.983108096615614,
    4.983651426363736,
    4.984249104786664,
    4.984784892124165,
    4.978939598951489,
    4.985827833323861,
    4.980163648274768,
    4.998054292246214,
    4.999449481102112,
    4.999503366607322,
    4.9982895589025444,
    4.996946403867363,
    4.995851157120226,
    4.994731784350036,
    4.9917015313085,
    4.992521086287077,
    4.989282182340388,
    4.988264149092461,
    4.989792404871758,
    4.992176172286758,
    4.985095969440496,
    4.98706806103545,
    4.986042215354902,
    4.989372821301708,
    4.983910628049109,
    4.983018677270769,
    4.9784394855097585,
    4.981383048422958,
    4.976320980387538,
    4.978978405008983,
    4.972761059690429,
    4.971216917299058
  ],