{
  "episode": 80,
  "steps": 95,
  "actions": [
    23,
    23,
    23,
    23,
    23,
    23,
    23,
    23,
    23,
    23,
    23,
    23,
    23,
    23,
    23,
    23,
    23,
    23,
    23,
    23,
    23,
    23,
    23,
    23,
    23,
    23,
    23,
    23,
    23,
    23,
    23,
    23,
    23,
    20,
    9,
    23,
    23,
    15,
    23,
    12,
    12,
    23,
    23,
    20,
    23,
    23,
    23,
    23,
    13,
    23,
    7,
    23,
    23,
    21,
    23,
    20,
    23,
    5,
    3,
    23,
    23,
    20,
    12,
    23,
    23,
    23,
    1,
    23,
    23,
    2,
    23,
    23,
    23,
    19,
    23,
    23,
    17,
    23,
    23,
    9,
    23,
    23,
    14,
    23,
    23,
    5,
    2,
    18,
    23,
    13,
    4,
    23,
    4,
    13,
    3
  ],
  "temperatures": [
    20.975762939453148,
    20.971978759765648,
    20.926324462890648,
    20.884027099609398,
    20.848413085937523,
    20.818383789062523,
    20.792230224609398,
    20.768457031250023,
    20.746057128906273,
    20.724359130859398,
    20.703149414062523,
    20.682244873046898,
    20.661584472656273,
    20.641198730468773,
    20.621026611328148,
    20.601068115234398,
    20.581353759765648,
    20.561944580078148,
    20.542871093750023,
    20.524133300781273,
    20.505761718750023,
    20.487725830078148,
    20.470056152343773,
    20.463403320312523,
    20.485864257812523,
    20.523187255859398,
    20.552392578125023,
    20.555322265625023,
    20.539788818359398,
    20.522058105468773,
    20.533807373046898,
    21.077111816406273,
    21.201745605468773,
    21.302789306640648,
    16.803399658203148,
    21.306085205078148,
    21.438226318359398,
    21.209985351562523,
    21.752465820312523,
    21.791009521484398,
    22.116296386718773,
    22.574273681640648,
    22.826348876953148,
    23.072320556640648,
    23.330743408203148,
    23.581903076171898,
    23.818200683593773,
    24.038568115234398,
    24.523034667968773,
    24.444390869140648,
    25.537866210937523,
    24.811578369140648,
    24.965325927734398,
    25.111108398437523,
    25.228326416015648,
    25.313470458984398,
    25.377496337890648,
    26.840020751953148,
    24.628045654296898,
    25.455285644531273,
    25.437554931640648,
    25.383691406250023,
    25.827233886718773,
    25.136315917968773,
    24.929864501953148,
    24.745904541015648,
    23.255853271484398,
    24.424432373046898,
    24.332116699218773,
    22.688653564453148,
    24.115594482421898,
    23.565545654296898,
    23.432550048828148,
    19.083734130859398,
    23.098504638671898,
    23.065454101562523,
    18.707696533203148,
    22.786370849609398,
    22.758996582031273,
    19.111016845703148,
    22.537896728515648,
    22.521997070312523,
    22.353631591796898,
    22.411859130859398,
    22.349938964843773,
    21.873895263671898,
    19.440026855468773,
    17.700372314453148,
    21.904901123046898,
    21.654382324218773,
    21.183526611328148,
    21.782861328125023,
    20.945153808593773,
    21.235925292968773,
    18.288720703125023
  ],
  "outdoor_temps": [
    -6.1035156022626325e-06,
    -6.1035156022626325e-06,
    -6.1035156022626325e-06,
    -6.1035156022626325e-06,
    -6.1035156022626325e-06,
    -6.1035156022626325e-06,
    -6.1035156022626325e-06,
    -6.1035156022626325e-06,
    -6.1035156022626325e-06,
    -6.1035156022626325e-06,
    -6.1035156022626325e-06,
    -6.1035156022626325e-06,
    -6.1035156022626325e-06,
    -6.1035156022626325e-06,
    -6.1035156022626325e-06,
    -6.1035156022626325e-06,
    -6.1035156022626325e-06,
    -6.1035156022626325e-06,
    -6.1035156022626325e-06,
    -6.1035156022626325e-06,
    -6.1035156022626325e-06,
    -6.1035156022626325e-06,
    -6.1035156022626325e-06,
    0.48467407226564774,
    1.5674987792968977,
    2.6915527343750227,
    3.3000122070312727,
    3.2094665527343977,
    2.8019348144531477,
    2.3684326171875227,
    2.2000061035156477,
    2.3021789550781477,
    2.5030456542968977,
    2.8273864746093977,
    3.3000122070312727,
    4.170007324218773,
    5.390008544921898,
    6.540002441406273,
    7.200006103515648,
    7.400476074218773,
    7.509606933593773,
    7.613946533203148,
    7.800012207031273,
    8.075891113281273,
    8.371636962890648,
    8.656549072265648,
    8.899987792968773,
    9.066003417968773,
    9.171868896484398,
    9.266809082031273,
    9.399987792968773,
    9.710534667968773,
    10.159387207031273,
    10.528527832031273,
    10.600000000000023,
    10.450006103515648,
    10.300012207031273,
    10.149987792968773,
    9.999993896484398,
    9.850000000000023,
    9.700006103515648,
    9.550012207031273,
    9.399987792968773,
    8.978875732421898,
    8.201959228515648,
    7.349084472656273,
    6.700006103515648,
    6.357904052734398,
    6.149987792968773,
    5.942102050781273,
    5.600000000000023,
    4.941003417968773,
    4.063317871093773,
    3.2539611816406477,
    2.8000122070312727,
    2.6291442871093977,
    2.4749084472656477,
    2.3332153320312727,
    2.2000061035156477,
    2.0766845703125227,
    1.9598327636718977,
    1.8380676269531477,
    1.7000061035156477,
    1.4921203613281477,
    1.2039733886718977,
    0.8888488769531477,
    0.6000000000000227,
    0.41335449218752274,
    0.31020507812502274,
    0.20195922851564774,
    -6.1035156022626325e-06,
    -0.7735656738281023,
    -2.1510986328124773,
    -3.5530761718749773,
    -4.399999999999977
  ],
  "rewards": [
    4.120979222776403,
    4.115054529951921,
    4.041117961602322,
    3.9698265858460595,
    3.9077210109681286,
    3.853879691883962,
    3.805885754423257,
    3.7613691613823597,
    3.718646088801367,
    3.6765443842579115,
    3.634704109951898,
    3.592804602505684,
    3.5507493382320265,
    3.5086222347245086,
    3.466321936817887,
    3.423867874192122,
    3.381345204161528,
    3.338909506471877,
    3.296656541600873,
    3.254615599177828,
    3.2128832242638383,
    3.1714217349608016,
    3.1303298621997757,
    3.114743142649584,
    3.1671395712346357,
    3.2525262384582816,
    3.3178817418963207,
    3.324368238821675,
    3.289838607208853,
    3.249981652163019,
    3.2764469183702523,
    4.274051666222544,
    4.440449787043063,
    4.558249567644695,
    -35.549823968906566,
    4.56181243504319,
    4.692111351387594,
    4.478386198990075,
    4.896781807350732,
    4.930906168157241,
    4.963144762937137,
    4.731867129674323,
    4.478258322598384,
    4.134741366403141,
    3.6655450039886945,
    3.1135459750610797,
    2.5078218483551717,
    -0.007807061243806694,
    -0.6874803518131971,
    -0.49914748961434935,
    -5.9154209001876294,
    -1.6533103268683556,
    -2.336808787156006,
    -3.094063275829084,
    -3.7800131770702587,
    -4.321343581844271,
    -4.7522854244832065,
    -30.16857887699767,
    -0.9968099998248159,
    -5.303444713211742,
    -5.17515541719289,
    -4.795070462897577,
    -8.35342050048827,
    -3.2357769893370243,
    -2.1686749568768904,
    -1.397376455236311,
    3.7804120719106438,
    -0.4557293120253827,
    -0.28081861808899844,
    4.61012353037016,
    -0.03774920734456718,
    3.152386931599996,
    3.4532071965652964,
    -2.1130745272523614,
    4.091767198771768,
    4.145846300572121,
    -4.188083365280034,
    4.524839195195639,
    4.555353408716593,
    -1.985028404649246,
    4.7606086933138885,
    4.77254461579023,
    4.886534338546905,
    4.844805695182508,
    4.877440993152547,
    4.971357666444969,
    -0.7888681039336999,
    -23.230326387014628,
    4.942782536827274,
    4.87008786365391,
    4.473121613377288,
    4.9087993339287275,
    4.135048186960666,
    4.50945596678428,
    -7.324860531369475
  ],