{
  "episode": 290,
  "steps": 95,
  "actions": [
    23,
    23,
    23,
    23,
    23,
    21,
    21,
    23,
    21,
    21,
    21,
    20,
    21,
    21,
    21,
    20,
    20,
    21,
    22,
    22,
    22,
    22,
    22,
    22,
    22,
    22,
    22,
    22,
    22,
    21,
    21,
    21,
    19,
    21,
    21,
    21,
    21,
    23,
    20,
    20,
    6,
    6,
    7,
    7,
    2,
    1,
    1,
    1,
    0,
    0,
    2,
    10,
    11,
    10,
    11,
    8,
    11,
    8,
    8,
    8,
    11,
    11,
    11,
    11,
    1,
    2,
    1,
    0,
    1,
    1,
    1,
    1,
    7,
    7,
    7,
    7,
    7,
    14,
    7,
    6,
    6,
    4,
    5,
    14,
    14,
    14,
    14,
    21,
    22,
    22,
    20,
    20,
    22,
    23,
    12
  ],
  "temperatures": [
    20.975762939453148,
    20.971978759765648,
    20.926324462890648,
    20.884027099609398,
    20.848413085937523,
    20.818383789062523,
    20.792230224609398,
    20.768457031250023,
    20.746057128906273,
    20.724359130859398,
    20.703149414062523,
    20.682244873046898,
    20.661584472656273,
    20.641198730468773,
    20.621026611328148,
    20.601068115234398,
    20.581353759765648,
    20.561944580078148,
    20.542871093750023,
    20.524133300781273,
    20.505761718750023,
    20.487725830078148,
    20.470056152343773,
    20.463403320312523,
    20.485864257812523,
    20.523187255859398,
    20.552392578125023,
    20.555322265625023,
    20.539788818359398,
    20.522058105468773,
    20.533807373046898,
    21.077111816406273,
    16.263452148437523,
    21.147332763671898,
    21.301293945312523,
    21.385217285156273,
    21.461022949218773,
    21.567834472656273,
    21.770471191406273,
    22.052789306640648,
    21.813165283203148,
    22.198205566406273,
    22.614160156250023,
    23.041101074218773,
    20.957696533203148,
    21.198144531250023,
    21.551141357421898,
    21.892083740234398,
    22.213311767578148,
    22.515588378906273,
    22.792871093750023,
    21.319024658203148,
    21.453942871093773,
    21.600640869140648,
    21.717828369140648,
    21.796044921875023,
    21.848107910156273,
    21.880456542968773,
    21.891351318359398,
    21.873834228515648,
    21.826562500000023,
    21.748498535156273,
    21.616662597656273,
    21.413262939453148,
    22.783074951171898,
    22.579583740234398,
    22.346276855468773,
    22.138482666015648,
    21.957086181640648,
    21.794213867187523,
    21.638482666015648,
    20.799310302734398,
    22.809411621093773,
    22.764276123046898,
    22.629602050781273,
    22.511651611328148,
    22.390832519531273,
    22.429193115234398,
    22.155816650390648,
    22.034509277343773,
    21.927972412109398,
    21.826593017578148,
    21.726892089843773,
    21.939477539062523,
    21.870782470703148,
    21.791680908203148,
    21.711053466796898,
    21.898004150390648,
    21.842736816406273,
    21.786462402343773,
    21.732293701171898,
    21.666772460937523,
    21.572015380859398,
    21.464685058593773,
    20.974786376953148
  ],
  "outdoor_temps": [
    -6.1035156022626325e-06,
    -6.1035156022626325e-06,
    -6.1035156022626325e-06,
    -6.1035156022626325e-06,
    -6.1035156022626325e-06,
    -6.1035156022626325e-06,
    -6.1035156022626325e-06,
    -6.1035156022626325e-06,
    -6.1035156022626325e-06,
    -6.1035156022626325e-06,
    -6.1035156022626325e-06,
    -6.1035156022626325e-06,
    -6.1035156022626325e-06,
    -6.1035156022626325e-06,
    -6.1035156022626325e-06,
    -6.1035156022626325e-06,
    -6.1035156022626325e-06,
    -6.1035156022626325e-06,
    -6.1035156022626325e-06,
    -6.1035156022626325e-06,
    -6.1035156022626325e-06,
    -6.1035156022626325e-06,
    -6.1035156022626325e-06,
    0.48467407226564774,
    1.5674987792968977,
    2.6915527343750227,
    3.3000122070312727,
    3.2094665527343977,
    2.8019348144531477,
    2.3684326171875227,
    2.2000061035156477,
    2.3021789550781477,
    2.5030456542968977,
    2.8273864746093977,
    3.3000122070312727,
    4.170007324218773,
    5.390008544921898,
    6.540002441406273,
    7.200006103515648,
    7.400476074218773,
    7.509606933593773,
    7.613946533203148,
    7.800012207031273,
    8.075891113281273,
    8.371636962890648,
    8.656549072265648,
    8.899987792968773,
    9.066003417968773,
    9.171868896484398,
    9.266809082031273,
    9.399987792968773,
    9.710534667968773,
    10.159387207031273,
    10.528527832031273,
    10.600000000000023,
    10.450006103515648,
    10.300012207031273,
    10.149987792968773,
    9.999993896484398,
    9.850000000000023,
    9.700006103515648,
    9.550012207031273,
    9.399987792968773,
    8.978875732421898,
    8.201959228515648,
    7.349084472656273,
    6.700006103515648,
    6.357904052734398,
    6.149987792968773,
    5.942102050781273,
    5.600000000000023,
    4.941003417968773,
    4.063317871093773,
    3.2539611816406477,
    2.8000122070312727,
    2.6291442871093977,
    2.4749084472656477,
    2.3332153320312727,
    2.2000061035156477,
    2.0766845703125227,
    1.9598327636718977,
    1.8380676269531477,
    1.7000061035156477,
    1.4921203613281477,
    1.2039733886718977,
    0.8888488769531477,
    0.6000000000000227,
    0.41335449218752274,
    0.31020507812502274,
    0.20195922851564774,
    -6.1035156022626325e-06,
    -0.7735656738281023,
    -2.1510986328124773,
    -3.5530761718749773,
    -4.399999999999977
  ],
  "rewards": [
    4.120979222776403,
    4.115054529951921,
    4.041117961602322,
    3.9698265858460595,
    3.9077210109681286,
    3.8538797204941915,
    3.8058857638563404,
    3.761369151741956,
    3.71864609833811,
    3.6765443841542513,
    3.6347041193849807,
    3.5928046119387673,
    3.550749347626237,
    3.5086222346208484,
    3.466321936714227,
    3.4238678740884616,
    3.3813452040189955,
    3.3389095158660873,
    3.296656541497213,
    3.254615608662741,
    3.2128832337487516,
    3.1714217349089715,
    3.1303298621479456,
    3.114743152134497,
    3.1671395807195486,
    3.252526247943195,
    3.317881751381234,
    3.324368248306588,
    3.289838664377482,
    3.2499814995232987,
    3.2764467561419583,
    4.274051494457507,
    -44.90931081133974,
    4.3706488155132535,
    4.556606736601071,
    4.642994102694763,
    4.711942745604287,
    4.7944713001034325,
    4.904022061787554,
    4.953973830693359,
    4.9561883478350595,
    4.958600865771137,
    4.711325125676639,
    4.186829185174217,
    4.158689114428567,
    4.4901896166674184,
    4.819745951183763,
    4.960603305362776,
    4.933785120733683,
    4.767196120205318,
    4.493855259413804,
    4.595545707346247,
    4.718510111648122,
    4.821226770339709,
    4.880087658775494,
    4.907911794718523,
    4.921345328805245,
    4.927644314591007,
    4.929412531904151,
    4.926483050487211,
    4.91628047459314,
    4.892093684200368,
    4.830492532972421,
    4.68431324212085,
    4.505480047033304,
    4.714350661300711,
    4.877393976325441,
    4.953864327036447,
    4.9676717234822005,
    4.938015111229065,
    4.872446513735378,
    3.8929618319502994,
    4.505729033528476,
    4.5583376666674456,
    4.697139236745808,
    4.79635604394173,
    4.876350332317334,
    4.844398152996245,
    4.969232638763137,
    4.984756716010565,
    4.980185066863046,
    4.960026147841563,
    4.925165862606483,
    4.965340825991465,
    4.953536628364468,
    4.931176751135734,
    4.898726424454599,
    4.941455066717111,
    4.928261012890098,
    4.9101192622486085,
    4.888168383160938,
    4.855734721801214,
    4.7974375597173085,
    4.715134918600662,
    4.151296590874007
  ],