{
  "episode": 9,
  "steps": 95,
  "actions": [
    23,
    23,
    23,
    23,
    23,
    23,
    23,
    23,
    23,
    23,
    23,
    23,
    23,
    23,
    23,
    23,
    23,
    23,
    23,
    23,
    23,
    23,
    23,
    23,
    23,
    23,
    23,
    23,
    23,
    23,
    23,
    23,
    17,
    10,
    6,
    3,
    23,
    8,
    9,
    6,
    17,
    7,
    5,
    12,
    1,
    0,
    12,
    22,
    7,
    8,
    7,
    21,
    3,
    6,
    12,
    6,
    12,
    15,
    11,
    23,
    2,
    23,
    7,
    1,
    17,
    3,
    19,
    21,
    19,
    22,
    21,
    21,
    17,
    3,
    23,
    11,
    2,
    14,
    5,
    5,
    20,
    4,
    16,
    11,
    17,
    6,
    23,
    4,
    19,
    18,
    21,
    17,
    8,
    12,
    12
  ],
  "temperatures": [
    20.975762939453148,
    20.971978759765648,
    20.926324462890648,
    20.884027099609398,
    20.848413085937523,
    20.818383789062523,
    20.792230224609398,
    20.768457031250023,
    20.746057128906273,
    20.724359130859398,
    20.703149414062523,
    20.682244873046898,
    20.661584472656273,
    20.641198730468773,
    20.621026611328148,
    20.601068115234398,
    20.581353759765648,
    20.561944580078148,
    20.542871093750023,
    20.524133300781273,
    20.505761718750023,
    20.487725830078148,
    20.470056152343773,
    20.463403320312523,
    20.485864257812523,
    20.523187255859398,
    20.552392578125023,
    20.555322265625023,
    20.539788818359398,
    20.522058105468773,
    20.533807373046898,
    21.077111816406273,
    16.263360595703148,
    16.505426025390648,
    19.781610107421898,
    17.308038330078148,
    21.259210205078148,
    16.886590576171898,
    16.928582763671898,
    20.692559814453148,
    17.150781250000023,
    21.490106201171898,
    22.261499023437523,
    22.848138427734398,
    20.703057861328148,
    20.954217529296898,
    23.670922851562523,
    23.839044189453148,
    24.652154541015648,
    20.890161132812523,
    25.011590576171898,
    24.590447998046898,
    23.383020019531273,
    25.914270019531273,
    25.531884765625023,
    26.412713623046898,
    25.785729980468773,
    25.842645263671898,
    22.314416503906273,
    25.248834228515648,
    24.225030517578148,
    25.191613769531273,
    26.376947021484398,
    23.899316406250023,
    20.532281494140648,
    22.931024169921898,
    20.073632812500023,
    24.107415771484398,
    19.786553955078148,
    23.883721923828148,
    23.866326904296898,
    23.304833984375023,
    18.911584472656273,
    20.565026855468773,
    22.847161865234398,
    19.233483886718773,
    20.065850830078148,
    22.411187744140648,
    22.219354248046898,
    22.121057128906273,
    22.389672851562523,
    21.961145019531273,
    17.900445556640648,
    18.290521240234398,
    17.595178222656273,
    21.040429687500023,
    21.845269775390648,
    21.120172119140648,
    17.322656250000023,
    17.157250976562523,
    21.473199462890648,
    17.021783447265648,
    17.226190185546898,
    20.649682617187523,
    20.656121826171898
  ],
  "outdoor_temps": [
    -6.1035156022626325e-06,
    -6.1035156022626325e-06,
    -6.1035156022626325e-06,
    -6.1035156022626325e-06,
    -6.1035156022626325e-06,
    -6.1035156022626325e-06,
    -6.1035156022626325e-06,
    -6.1035156022626325e-06,
    -6.1035156022626325e-06,
    -6.1035156022626325e-06,
    -6.1035156022626325e-06,
    -6.1035156022626325e-06,
    -6.1035156022626325e-06,
    -6.1035156022626325e-06,
    -6.1035156022626325e-06,
    -6.1035156022626325e-06,
    -6.1035156022626325e-06,
    -6.1035156022626325e-06,
    -6.1035156022626325e-06,
    -6.1035156022626325e-06,
    -6.1035156022626325e-06,
    -6.1035156022626325e-06,
    -6.1035156022626325e-06,
    0.48467407226564774,
    1.5674987792968977,
    2.6915527343750227,
    3.3000122070312727,
    3.2094665527343977,
    2.8019348144531477,
    2.3684326171875227,
    2.2000061035156477,
    2.3021789550781477,
    2.5030456542968977,
    2.8273864746093977,
    3.3000122070312727,
    4.170007324218773,
    5.390008544921898,
    6.540002441406273,
    7.200006103515648,
    7.400476074218773,
    7.509606933593773,
    7.613946533203148,
    7.800012207031273,
    8.075891113281273,
    8.371636962890648,
    8.656549072265648,
    8.899987792968773,
    9.066003417968773,
    9.171868896484398,
    9.266809082031273,
    9.399987792968773,
    9.710534667968773,
    10.159387207031273,
    10.528527832031273,
    10.600000000000023,
    10.450006103515648,
    10.300012207031273,
    10.149987792968773,
    9.999993896484398,
    9.850000000000023,
    9.700006103515648,
    9.550012207031273,
    9.399987792968773,
    8.978875732421898,
    8.201959228515648,
    7.349084472656273,
    6.700006103515648,
    6.357904052734398,
    6.149987792968773,
    5.942102050781273,
    5.600000000000023,
    4.941003417968773,
    4.063317871093773,
    3.2539611816406477,
    2.8000122070312727,
    2.6291442871093977,
    2.4749084472656477,
    2.3332153320312727,
    2.2000061035156477,
    2.0766845703125227,
    1.9598327636718977,
    1.8380676269531477,
    1.7000061035156477,
    1.4921203613281477,
    1.2039733886718977,
    0.8888488769531477,
    0.6000000000000227,
    0.41335449218752274,
    0.31020507812502274,
    0.20195922851564774,
    -6.1035156022626325e-06,
    -0.7735656738281023,
    -2.1510986328124773,
    -3.5530761718749773,
    -4.399999999999977
  ],
  "rewards": [
    4.120979222776403,
    4.115054529951921,
    4.041117961602322,
    3.9698265858460595,
    3.9077210109681286,
    3.853879691883962,
    3.805885754423257,
    3.7613691613823597,
    3.718646088801367,
    3.6765443842579115,
    3.634704109951898,
    3.592804602505684,
    3.5507493382320265,
    3.5086222347245086,
    3.466321936817887,
    3.423867874192122,
    3.381345204161528,
    3.338909506471877,
    3.296656541600873,
    3.254615599177828,
    3.2128832242638383,
    3.1714217349608016,
    3.1303298621997757,
    3.114743142649584,
    3.1671395712346357,
    3.2525262384582816,
    3.3178817418963207,
    3.324368238821675,
    3.289838607208853,
    3.249981652163019,
    3.2764469183702523,
    4.274051666222544,
    -44.91102094920309,
    -40.53364631734182,
    -0.13115472159487668,
    -28.119229416110166,
    4.50928139295715,
    -34.23766976213048,
    -33.588476792959874,
    3.6837401280032265,
    -30.302909242597934,
    4.782594624339701,
    4.937715533455299,
    4.4554406001155344,
    3.7130726184111285,
    4.153255733289467,
    2.899495345465782,
    2.4503718657252436,
    -1.0651207295532634,
    4.023342157053273,
    -2.5605444214026503,
    -0.8774976078510631,
    3.528161388415513,
    -9.164331412298782,
    -5.872483182376343,
    -24.556777644327955,
    -7.978447898863005,
    -8.494849193476188,
    4.860367046627003,
    -3.9070839597731633,
    -0.13685636475917648,
    -3.55778480575312,
    -24.12846342592993,
    2.2548779343863625,
    3.308794608605752,
    4.314624178289485,
    2.1473835394467358,
    -0.03316230680551791,
    -0.13046173107929368,
    2.3250354640488884,
    2.3741914472675694,
    3.7171135905093027,
    -2.9752661001227527,
    3.430886615385431,
    4.453050693909649,
    -1.4784418638422214,
    2.1717663048368365,
    4.855213946775803,
    4.952293824167794,
    4.975938210633337,
    4.857153238543985,
    4.983435038069224,
    -21.030596511845605,
    -7.31327418264873,
    -24.467178047176013,
    4.280387394410671,
    4.928960805717942,
    4.391578518864728,
    -27.928775835127627,
    -30.210857170687103,
    4.722295663513504,
    -32.18178677466786,
    -29.240173437105096,
    3.5624712044794737,
    3.5756700821055314
  ],