{
  "episode": 313,
  "steps": 95,
  "actions": [
    23,
    23,
    23,
    23,
    23,
    21,
    21,
    21,
    21,
    20,
    20,
    20,
    20,
    20,
    20,
    21,
    20,
    22,
    20,
    20,
    20,
    20,
    22,
    22,
    22,
    7,
    22,
    22,
    21,
    21,
    21,
    21,
    21,
    21,
    21,
    21,
    21,
    23,
    20,
    12,
    6,
    6,
    15,
    4,
    2,
    2,
    0,
    0,
    2,
    3,
    10,
    8,
    9,
    10,
    10,
    20,
    11,
    11,
    9,
    10,
    10,
    11,
    9,
    10,
    3,
    3,
    1,
    3,
    1,
    1,
    3,
    3,
    21,
    4,
    4,
    4,
    7,
    4,
    4,
    6,
    7,
    4,
    4,
    12,
    4,
    12,
    14,
    20,
    20,
    20,
    20,
    20,
    23,
    23,
    22
  ],
  "temperatures": [
    20.975762939453148,
    20.971978759765648,
    20.926324462890648,
    20.884027099609398,
    20.848413085937523,
    20.818383789062523,
    20.792230224609398,
    20.768457031250023,
    20.746057128906273,
    20.724359130859398,
    20.703149414062523,
    20.682244873046898,
    20.661584472656273,
    20.641198730468773,
    20.621026611328148,
    20.601068115234398,
    20.581353759765648,
    20.561944580078148,
    20.542871093750023,
    20.524133300781273,
    20.505761718750023,
    20.487725830078148,
    20.470056152343773,
    20.463403320312523,
    20.485864257812523,
    18.963128662109398,
    20.494256591796898,
    20.525567626953148,
    20.519403076171898,
    20.506768798828148,
    20.521539306640648,
    21.066522216796898,
    21.192437744140648,
    21.294335937500023,
    21.372125244140648,
    21.434197998046898,
    21.498162841796898,
    21.597772216796898,
    21.795465087890648,
    21.826928710937523,
    21.815576171875023,
    22.218133544921898,
    22.761773681640648,
    23.077264404296898,
    20.986016845703148,
    21.225885009765648,
    21.578210449218773,
    21.918634033203148,
    22.239434814453148,
    22.541314697265648,
    21.122644042968773,
    21.265832519531273,
    21.432580566406273,
    21.587274169921898,
    21.708886718750023,
    24.958886718750023,
    21.976892089843773,
    21.955010986328148,
    21.951684570312523,
    21.926141357421898,
    21.873773193359398,
    21.792291259765648,
    21.657891845703148,
    21.452478027343773,
    22.828912353515648,
    22.624291992187523,
    22.389947509765648,
    22.181176757812523,
    21.998864746093773,
    21.835137939453148,
    21.678613281250023,
    20.839196777343773,
    22.949029541015648,
    22.812341308593773,
    22.671075439453148,
    22.551477050781273,
    22.429620361328148,
    22.302545166015648,
    22.179437255859398,
    22.065759277343773,
    21.959863281250023,
    21.858453369140648,
    21.758508300781273,
    21.963037109375023,
    21.571160888671898,
    21.798242187500023,
    21.725854492187523,
    21.910150146484398,
    21.855249023437523,
    21.799096679687523,
    21.744805908203148,
    21.679254150390648,
    21.584375000000023,
    21.476861572265648,
    21.381890869140648
  ],
  "outdoor_temps": [
    -6.1035156022626325e-06,
    -6.1035156022626325e-06,
    -6.1035156022626325e-06,
    -6.1035156022626325e-06,
    -6.1035156022626325e-06,
    -6.1035156022626325e-06,
    -6.1035156022626325e-06,
    -6.1035156022626325e-06,
    -6.1035156022626325e-06,
    -6.1035156022626325e-06,
    -6.1035156022626325e-06,
    -6.1035156022626325e-06,
    -6.1035156022626325e-06,
    -6.1035156022626325e-06,
    -6.1035156022626325e-06,
    -6.1035156022626325e-06,
    -6.1035156022626325e-06,
    -6.1035156022626325e-06,
    -6.1035156022626325e-06,
    -6.1035156022626325e-06,
    -6.1035156022626325e-06,
    -6.1035156022626325e-06,
    -6.1035156022626325e-06,
    0.48467407226564774,
    1.5674987792968977,
    2.6915527343750227,
    3.3000122070312727,
    3.2094665527343977,
    2.8019348144531477,
    2.3684326171875227,
    2.2000061035156477,
    2.3021789550781477,
    2.5030456542968977,
    2.8273864746093977,
    3.3000122070312727,
    4.170007324218773,
    5.390008544921898,
    6.540002441406273,
    7.200006103515648,
    7.400476074218773,
    7.509606933593773,
    7.613946533203148,
    7.800012207031273,
    8.075891113281273,
    8.371636962890648,
    8.656549072265648,
    8.899987792968773,
    9.066003417968773,
    9.171868896484398,
    9.266809082031273,
    9.399987792968773,
    9.710534667968773,
    10.159387207031273,
    10.528527832031273,
    10.600000000000023,
    10.450006103515648,
    10.300012207031273,
    10.149987792968773,
    9.999993896484398,
    9.850000000000023,
    9.700006103515648,
    9.550012207031273,
    9.399987792968773,
    8.978875732421898,
    8.201959228515648,
    7.349084472656273,
    6.700006103515648,
    6.357904052734398,
    6.149987792968773,
    5.942102050781273,
    5.600000000000023,
    4.941003417968773,
    4.063317871093773,
    3.2539611816406477,
    2.8000122070312727,
    2.6291442871093977,
    2.4749084472656477,
    2.3332153320312727,
    2.2000061035156477,
    2.0766845703125227,
    1.9598327636718977,
    1.8380676269531477,
    1.7000061035156477,
    1.4921203613281477,
    1.2039733886718977,
    0.8888488769531477,
    0.6000000000000227,
    0.41335449218752274,
    0.31020507812502274,
    0.20195922851564774,
    -6.1035156022626325e-06,
    -0.7735656738281023,
    -2.1510986328124773,
    -3.5530761718749773,
    -4.399999999999977
  ],
  "rewards": [
    4.120979222776403,
    4.115054529951921,
    4.041117961602322,
    3.9698265858460595,
    3.9077210109681286,
    3.8538797204941915,
    3.8058857638563404,
    3.7613691708154424,
    3.71864609823445,
    3.6765443841542513,
    3.6347041193461083,
    3.592804611899895,
    3.550749347626237,
    3.508622234581976,
    3.4663219366753544,
    3.423867874049589,
    3.381345204057868,
    3.3389095158660873,
    3.296656541549043,
    3.2546156085720384,
    3.212883233658049,
    3.171421734818269,
    3.130329862057243,
    3.1147431235242675,
    3.167139542572576,
    -2.702699341227324,
    3.186531396266529,
    3.2579062593676165,
    3.243971216002854,
    3.2152330641623124,
    3.2488091931666716,
    4.258837932663718,
    4.428826134594833,
    4.548980357319788,
    4.630222676190286,
    4.688536365049627,
    4.742583506422783,
    4.8145346775825235,
    4.913268679576001,
    4.942261750071275,
    4.9568952518395895,
    4.952673053621388,
    4.557163819741513,
    4.129213264658808,
    4.20223949911785,
    4.522855214137894,
    4.83730144905515,
    4.964254509848545,
    4.924798799497067,
    4.746689153570946,
    4.367769532048214,
    4.539562111872718,
    4.700860154745391,
    4.813204164345884,
    4.876322643648357,
    -2.305810974982231,
    4.937105130559725,
    4.936182348860591,
    4.935979622092261,
    4.93386590524496,
    4.926471782935302,
    4.9067874254411885,
    4.852558670027355,
    4.7173251445397275,
    4.449859635726034,
    4.673784728784133,
    4.853086546918405,
    4.943439131519427,
    4.968866497453343,
    4.949209782817082,
    4.892822442046054,
    3.9634285052382254,
    4.320331441353084,
    4.5022131625597055,
    4.657294622983397,
    4.765190330015112,
    4.8530558569986315,
    4.920959245465159,
    4.963642670612412,
    4.982868738935894,
    4.98333940861848,
    4.968022925309316,
    4.937835441099124,
    4.967759080475764,
    4.840881899760282,
    4.933389322704278,
    4.905415023055099,
    4.943740324593031,
    4.931650094172881,
    4.914606666943956,
    4.8936307051563315,
    4.862409948759683,
    4.805805642238791,
    4.725340787814948,
    4.639839629428482
  ],