{
  "episode": 1889,
  "steps": 95,
  "actions": [
    23,
    23,
    23,
    23,
    22,
    15,
    22,
    22,
    22,
    15,
    21,
    23,
    21,
    22,
    21,
    22,
    21,
    12,
    22,
    22,
    14,
    21,
    13,
    15,
    21,
    22,
    15,
    22,
    22,
    22,
    13,
    12,
    12,
    13,
    12,
    14,
    21,
    14,
    15,
    15,
    22,
    13,
    21,
    12,
    23,
    21,
    21,
    12,
    0,
    2,
    1,
    3,
    3,
    8,
    10,
    11,
    2,
    9,
    9,
    10,
    3,
    1,
    1,
    0,
    11,
    1,
    2,
    3,
    2,
    15,
    3,
    14,
    21,
    20,
    22,
    7,
    21,
    22,
    7,
    12,
    22,
    22,
    14,
    20,
    21,
    22,
    21,
    6,
    5,
    7,
    13,
    20,
    22,
    22,
    12
  ],
  "temperatures": [
    21.111627197265648,
    21.104028320312523,
    21.062646484375023,
    21.024285888671898,
    20.991937255859398,
    20.498834228515648,
    20.924737548828148,
    20.910943603515648,
    20.893060302734398,
    20.393395996093773,
    20.839196777343773,
    20.828698730468773,
    20.812860107421898,
    20.795892333984398,
    20.778466796875023,
    20.760827636718773,
    20.743218994140648,
    20.220025634765648,
    20.690606689453148,
    20.682122802734398,
    20.152856445312523,
    20.635339355468773,
    20.106256103515648,
    20.076501464843773,
    20.621209716796898,
    20.670068359375023,
    20.201562500000023,
    20.691400146484398,
    20.687524414062523,
    20.675897216796898,
    20.186120605468773,
    20.784722900390648,
    20.921624755859398,
    21.032708740234398,
    21.118432617187523,
    21.187127685546898,
    21.574426269531273,
    21.384179687500023,
    21.596673583984398,
    21.907464599609398,
    22.382897949218773,
    22.522729492187523,
    22.855706787109398,
    23.093469238281273,
    23.328759765625023,
    23.564080810546898,
    23.785424804687523,
    24.198388671875023,
    21.875939941406273,
    22.020806884765648,
    22.230859375000023,
    22.447839355468773,
    22.664697265625023,
    21.325372314453148,
    21.395562744140648,
    21.448663330078148,
    23.032373046875023,
    21.559655761718773,
    21.536584472656273,
    21.502984619140648,
    22.994317626953148,
    22.991113281250023,
    22.865136718750023,
    22.652246093750023,
    20.923547363281273,
    22.004449462890648,
    21.800561523437523,
    21.596520996093773,
    21.416711425781273,
    23.882806396484398,
    21.241693115234398,
    23.130639648437523,
    23.033013916015648,
    22.936608886718773,
    22.852044677734398,
    22.673791503906273,
    22.709161376953148,
    22.637353515625023,
    22.343560791015648,
    22.393334960937523,
    22.443688964843773,
    22.391778564453148,
    22.196740722656273,
    22.281121826171898,
    22.224633789062523,
    22.164880371093773,
    22.105249023437523,
    21.523950195312523,
    21.393334960937523,
    21.286431884765648,
    21.580407714843773,
    21.786920166015648,
    21.705285644531273,
    21.607507324218773,
    21.186547851562523
  ],
  "outdoor_temps": [
    -6.1035156022626325e-06,
    -6.1035156022626325e-06,
    -6.1035156022626325e-06,
    -6.1035156022626325e-06,
    -6.1035156022626325e-06,
    -6.1035156022626325e-06,
    -6.1035156022626325e-06,
    -6.1035156022626325e-06,
    -6.1035156022626325e-06,
    -6.1035156022626325e-06,
    -6.1035156022626325e-06,
    -6.1035156022626325e-06,
    -6.1035156022626325e-06,
    -6.1035156022626325e-06,
    -6.1035156022626325e-06,
    -6.1035156022626325e-06,
    -6.1035156022626325e-06,
    -6.1035156022626325e-06,
    -6.1035156022626325e-06,
    -6.1035156022626325e-06,
    -6.1035156022626325e-06,
    -6.1035156022626325e-06,
    -6.1035156022626325e-06,
    0.48467407226564774,
    1.5674987792968977,
    2.6915527343750227,
    3.3000122070312727,
    3.2094665527343977,
    2.8019348144531477,
    2.3684326171875227,
    2.2000061035156477,
    2.3021789550781477,
    2.5030456542968977,
    2.8273864746093977,
    3.3000122070312727,
    4.170007324218773,
    5.390008544921898,
    6.540002441406273,
    7.200006103515648,
    7.400476074218773,
    7.509606933593773,
    7.613946533203148,
    7.800012207031273,
    8.075891113281273,
    8.371636962890648,
    8.656549072265648,
    8.899987792968773,
    9.066003417968773,
    9.171868896484398,
    9.266809082031273,
    9.399987792968773,
    9.710534667968773,
    10.159387207031273,
    10.528527832031273,
    10.600000000000023,
    10.450006103515648,
    10.300012207031273,
    10.149987792968773,
    9.999993896484398,
    9.850000000000023,
    9.700006103515648,
    9.550012207031273,
    9.399987792968773,
    8.978875732421898,
    8.201959228515648,
    7.349084472656273,
    6.700006103515648,
    6.357904052734398,
    6.149987792968773,
    5.942102050781273,
    5.600000000000023,
    4.941003417968773,
    4.063317871093773,
    3.2539611816406477,
    2.8000122070312727,
    2.6291442871093977,
    2.4749084472656477,
    2.3332153320312727,
    2.2000061035156477,
    2.0766845703125227,
    1.9598327636718977,
    1.8380676269531477,
    1.7000061035156477,
    1.4921203613281477,
    1.2039733886718977,
    0.8888488769531477,
    0.6000000000000227,
    0.41335449218752274,
    0.31020507812502274,
    0.20195922851564774,
    -6.1035156022626325e-06,
    -0.7735656738281023,
    -2.1510986328124773,
    -3.5530761718749773,
    -4.399999999999977
  ],
  "rewards": [
    4.963678053930402,
    4.9635631695538756,
    4.962818720653653,
    4.962127915933729,
    4.961546352222562,
    4.967124908071335,
    4.960332037406771,
    4.960088961385514,
    4.959769445918824,
    4.96580076227742,
    4.958792056041567,
    4.958605910748891,
    4.958320731237531,
    4.958013485879354,
    4.9576967671144265,
    4.957376293153219,
    4.957055429481294,
    4.963601307918034,
    4.956090445805502,
    4.955936290286805,
    4.962740136485871,
    4.955077153627639,
    4.962142704774342,
    4.961761022881159,
    4.954826674657672,
    4.955732345790319,
    4.963385708432968,
    4.956128844219057,
    4.956057333015229,
    4.955843042396332,
    4.963187439542588,
    4.97093513615478,
    4.9727013976650065,
    4.974134455450041,
    4.9752401459966995,
    4.976125144489271,
    4.972430250231986,
    4.978668638516865,
    4.981417818688666,
    4.985440363324045,
    4.987375275688975,
    4.993405172776755,
    4.996119491246084,
    4.999221638248018,
    4.9969645500818025,
    4.995658803597093,
    4.994430702686958,
    -0.10090050637286954,
    4.98466209163533,
    4.984340500164777,
    4.9838741909668824,
    4.983392645045791,
    4.982911506813991,
    4.975017483380664,
    4.97474536967391,
    4.974539578042438,
    4.982096719645125,
    4.97410910144011,
    4.974198976888443,
    4.974329507484223,
    4.982181318260244,
    4.982188308161724,
    4.98246772639421,
    4.982940106317077,
    4.97657926395908,
    4.984378110073669,
    4.984830845519577,
    4.985283864359655,
    4.985683045011986,
    4.99615640826086,
    4.986071816793441,
    4.999080167436082,
    4.998608037649532,
    4.99761004450237,
    4.996048258191865,
    4.997506126191791,
    4.993409724781695,
    4.9920838221020025,
    4.995067336585696,
    4.991734946458075,
    4.9885074925312525,
    4.987548900507714,
    4.989194286566551,
    4.985506538634067,
    4.984464025667828,
    4.983361471504621,
    4.9822609683501975,
    4.989016491596304,
    4.988052442288107,
    4.9872634481319595,
    4.981232413737509,
    4.976385500070194,
    4.974878214768093,
    4.9730717077482005,
    4.976139741044815
  ],