{
  "episode": 302,
  "steps": 95,
  "actions": [
    23,
    23,
    23,
    23,
    23,
    23,
    23,
    23,
    21,
    21,
    21,
    21,
    21,
    21,
    21,
    20,
    21,
    21,
    22,
    22,
    20,
    22,
    22,
    22,
    22,
    22,
    22,
    22,
    22,
    21,
    21,
    21,
    21,
    21,
    23,
    21,
    21,
    23,
    22,
    22,
    20,
    15,
    4,
    4,
    3,
    2,
    1,
    1,
    3,
    0,
    9,
    0,
    11,
    10,
    11,
    11,
    10,
    8,
    10,
    10,
    10,
    9,
    11,
    10,
    11,
    3,
    2,
    1,
    1,
    1,
    3,
    1,
    21,
    7,
    22,
    7,
    4,
    7,
    5,
    7,
    4,
    6,
    4,
    13,
    13,
    13,
    21,
    13,
    21,
    21,
    21,
    22,
    21,
    23,
    21
  ],
  "temperatures": [
    20.975762939453148,
    20.971978759765648,
    20.926324462890648,
    20.884027099609398,
    20.848413085937523,
    20.818383789062523,
    20.792230224609398,
    20.768457031250023,
    20.746057128906273,
    20.724359130859398,
    20.703149414062523,
    20.682244873046898,
    20.661584472656273,
    20.641198730468773,
    20.621026611328148,
    20.601068115234398,
    20.581353759765648,
    20.561944580078148,
    20.542871093750023,
    20.524133300781273,
    20.505761718750023,
    20.487725830078148,
    20.470056152343773,
    20.463403320312523,
    20.485864257812523,
    20.523187255859398,
    20.552392578125023,
    20.555322265625023,
    20.539788818359398,
    20.522058105468773,
    20.533807373046898,
    21.077142333984398,
    21.201745605468773,
    21.302789306640648,
    21.379968261718773,
    21.441552734375023,
    21.505181884765648,
    21.604516601562523,
    21.801904296875023,
    22.079858398437523,
    22.351159667968773,
    22.489007568359398,
    22.686700439453148,
    23.093713378906273,
    21.006616210937523,
    21.246148681640648,
    21.597680664062523,
    21.937432861328148,
    22.257745361328148,
    22.559228515625023,
    21.137475585937523,
    22.966516113281273,
    21.518914794921898,
    21.642022705078148,
    21.755181884765648,
    21.831170654296898,
    21.881799316406273,
    21.913049316406273,
    21.923089599609398,
    21.904870605468773,
    21.856927490234398,
    21.778253173828148,
    21.645776367187523,
    21.441766357421898,
    21.178369140625023,
    22.496209716796898,
    22.325372314453148,
    22.127954101562523,
    21.951501464843773,
    21.791619873046898,
    21.637841796875023,
    20.800103759765648,
    22.927484130859398,
    22.779138183593773,
    22.767083740234398,
    22.529779052734398,
    22.402124023437523,
    22.274896240234398,
    22.152124023437523,
    22.038903808593773,
    21.933496093750023,
    21.832574462890648,
    21.733117675781273,
    21.944177246093773,
    21.875390625000023,
    21.796289062500023,
    21.964624023437523,
    21.648614501953148,
    21.841424560546898,
    21.788537597656273,
    21.734887695312523,
    21.669671630859398,
    21.575067138671898,
    21.467767333984398,
    21.373010253906273
  ],
  "outdoor_temps": [
    -6.1035156022626325e-06,
    -6.1035156022626325e-06,
    -6.1035156022626325e-06,
    -6.1035156022626325e-06,
    -6.1035156022626325e-06,
    -6.1035156022626325e-06,
    -6.1035156022626325e-06,
    -6.1035156022626325e-06,
    -6.1035156022626325e-06,
    -6.1035156022626325e-06,
    -6.1035156022626325e-06,
    -6.1035156022626325e-06,
    -6.1035156022626325e-06,
    -6.1035156022626325e-06,
    -6.1035156022626325e-06,
    -6.1035156022626325e-06,
    -6.1035156022626325e-06,
    -6.1035156022626325e-06,
    -6.1035156022626325e-06,
    -6.1035156022626325e-06,
    -6.1035156022626325e-06,
    -6.1035156022626325e-06,
    -6.1035156022626325e-06,
    0.48467407226564774,
    1.5674987792968977,
    2.6915527343750227,
    3.3000122070312727,
    3.2094665527343977,
    2.8019348144531477,
    2.3684326171875227,
    2.2000061035156477,
    2.3021789550781477,
    2.5030456542968977,
    2.8273864746093977,
    3.3000122070312727,
    4.170007324218773,
    5.390008544921898,
    6.540002441406273,
    7.200006103515648,
    7.400476074218773,
    7.509606933593773,
    7.613946533203148,
    7.800012207031273,
    8.075891113281273,
    8.371636962890648,
    8.656549072265648,
    8.899987792968773,
    9.066003417968773,
    9.171868896484398,
    9.266809082031273,
    9.399987792968773,
    9.710534667968773,
    10.159387207031273,
    10.528527832031273,
    10.600000000000023,
    10.450006103515648,
    10.300012207031273,
    10.149987792968773,
    9.999993896484398,
    9.850000000000023,
    9.700006103515648,
    9.550012207031273,
    9.399987792968773,
    8.978875732421898,
    8.201959228515648,
    7.349084472656273,
    6.700006103515648,
    6.357904052734398,
    6.149987792968773,
    5.942102050781273,
    5.600000000000023,
    4.941003417968773,
    4.063317871093773,
    3.2539611816406477,
    2.8000122070312727,
    2.6291442871093977,
    2.4749084472656477,
    2.3332153320312727,
    2.2000061035156477,
    2.0766845703125227,
    1.9598327636718977,
    1.8380676269531477,
    1.7000061035156477,
    1.4921203613281477,
    1.2039733886718977,
    0.8888488769531477,
    0.6000000000000227,
    0.41335449218752274,
    0.31020507812502274,
    0.20195922851564774,
    -6.1035156022626325e-06,
    -0.7735656738281023,
    -2.1510986328124773,
    -3.5530761718749773,
    -4.399999999999977
  ],
  "rewards": [
    4.120979222776403,
    4.115054529951921,
    4.041117961602322,
    3.9698265858460595,
    3.9077210109681286,
    3.853879691883962,
    3.805885754423257,
    3.7613691613823597,
    3.718646088801367,
    3.6765443841542513,
    3.6347041098482378,
    3.592804602402024,
    3.5507493381283664,
    3.5086222346208484,
    3.466321936714227,
    3.4238678740884616,
    3.3813452040189955,
    3.338909506368217,
    3.296656541497213,
    3.254615599125998,
    3.2128832242120082,
    3.171421734818269,
    3.1303298621479456,
    3.114743142597754,
    3.1671395711828056,
    3.252526247943195,
    3.317881751381234,
    3.324368248306588,
    3.2898386166937663,
    3.2499816330377027,
    3.276446908729849,
    4.274094331505457,
    4.440449801244517,
    4.558249567541035,
    4.637910638012661,
    4.69506486929955,
    4.748141727390432,
    4.81886962336368,
    4.915498924627907,
    4.95248259472134,
    4.8768219037953155,
    4.804969773233811,
    4.641624563857687,
    4.102357441203267,
    4.2331609697431745,
    4.545986924281411,
    4.849249286191835,
    4.966200396009399,
    4.917889827676716,
    4.731823433030418,
    4.386991691105097,
    4.2639529614281795,
    4.7679850612674075,
    4.844364355636934,
    4.89451980368559,
    4.91742062567005,
    4.927871210698204,
    4.932402546483541,
    4.933547706357409,
    4.931358855742479,
    4.923219040793817,
    4.902390419927878,
    4.846338806840725,
    4.708536878062593,
    4.438286145220984,
    4.781990587131266,
    4.888017183279649,
    4.956014945047255,
    4.967313658772645,
    4.937220949270445,
    4.872101607910046,
    3.8943868961539936,
    4.3496979113348,
    4.541353629600413,
    4.546447565537325,
    4.782465525476101,
    4.8698017049631295,
    4.932524563323333,
    4.9700309617122915,
    4.984579824355187,
    4.980840748479066,
    4.961643524568169,
    4.927779181470253,
    4.965889231099385,
    4.954550516490383,
    4.932736856822418,
    4.951269244399409,
    4.866897337640364,
    4.927892422123373,
    4.910872822263002,
    4.889319587171735,
    4.857305921706098,
    4.799524120012636,
    4.717739298584606,
    4.631151989661179
  ],