{
  "episode": 1397,
  "steps": 95,
  "actions": [
    23,
    23,
    23,
    23,
    21,
    12,
    21,
    23,
    12,
    21,
    20,
    15,
    23,
    20,
    20,
    21,
    4,
    22,
    21,
    23,
    21,
    22,
    23,
    21,
    21,
    12,
    21,
    12,
    13,
    22,
    13,
    22,
    12,
    20,
    20,
    21,
    21,
    21,
    22,
    20,
    12,
    22,
    21,
    20,
    13,
    21,
    21,
    21,
    22,
    21,
    21,
    21,
    22,
    5,
    22,
    21,
    23,
    13,
    21,
    22,
    23,
    21,
    21,
    23,
    22,
    23,
    22,
    21,
    23,
    21,
    21,
    22,
    13,
    20,
    13,
    23,
    22,
    4,
    21,
    20,
    21,
    21,
    22,
    21,
    7,
    13,
    21,
    20,
    21,
    21,
    13,
    22,
    22,
    22,
    22
  ],
  "temperatures": [
    20.975762939453148,
    20.971978759765648,
    20.926324462890648,
    20.884027099609398,
    20.848413085937523,
    20.273706054687523,
    20.771295166015648,
    20.758325195312523,
    20.180047607421898,
    20.697595214843773,
    20.688439941406273,
    20.100976562500023,
    20.630975341796898,
    20.623101806640648,
    20.607324218750023,
    20.589868164062523,
    19.001641845703148,
    20.495812988281273,
    20.506646728515648,
    20.497460937500023,
    20.484338378906273,
    20.469445800781273,
    20.453759765625023,
    20.448419189453148,
    20.471765136718773,
    19.918054199218773,
    20.515802001953148,
    19.948724365234398,
    19.900262451171898,
    20.467340087890648,
    19.904077148437523,
    21.022454833984398,
    20.729486083984398,
    21.252984619140648,
    21.341668701171898,
    21.408349609375023,
    21.475122070312523,
    21.576623535156273,
    21.775842285156273,
    22.055871582031273,
    22.136865234375023,
    22.582330322265648,
    22.832238769531273,
    23.076531982421898,
    23.400292968750023,
    23.585565185546898,
    23.820520019531273,
    24.040338134765648,
    24.245660400390648,
    24.438043212890648,
    24.614038085937523,
    24.784783935546898,
    24.949700927734398,
    26.301843261718773,
    25.249871826171898,
    25.321832275390648,
    25.382897949218773,
    25.995172119140648,
    25.471185302734398,
    25.466943359375023,
    25.441033935546898,
    25.385949707031273,
    25.279351806640648,
    25.122399902343773,
    24.922723388671898,
    24.740258789062523,
    24.584283447265648,
    24.454919433593773,
    24.347192382812523,
    24.253533935546898,
    24.165032958984398,
    23.596276855468773,
    23.572625732421898,
    23.338922119140648,
    23.295495605468773,
    23.153070068359398,
    23.069360351562523,
    22.984521484375023,
    22.896722412109398,
    22.819329833984398,
    22.747796630859398,
    22.679925537109398,
    22.613702392578148,
    22.545648193359398,
    22.179315185546898,
    22.253137207031273,
    22.318872070312523,
    22.250207519531273,
    22.179010009765648,
    22.111016845703148,
    21.827630615234398,
    21.964593505859398,
    21.865594482421898,
    21.752618408203148,
    21.651940917968773
  ],
  "outdoor_temps": [
    -6.1035156022626325e-06,
    -6.1035156022626325e-06,
    -6.1035156022626325e-06,
    -6.1035156022626325e-06,
    -6.1035156022626325e-06,
    -6.1035156022626325e-06,
    -6.1035156022626325e-06,
    -6.1035156022626325e-06,
    -6.1035156022626325e-06,
    -6.1035156022626325e-06,
    -6.1035156022626325e-06,
    -6.1035156022626325e-06,
    -6.1035156022626325e-06,
    -6.1035156022626325e-06,
    -6.1035156022626325e-06,
    -6.1035156022626325e-06,
    -6.1035156022626325e-06,
    -6.1035156022626325e-06,
    -6.1035156022626325e-06,
    -6.1035156022626325e-06,
    -6.1035156022626325e-06,
    -6.1035156022626325e-06,
    -6.1035156022626325e-06,
    0.48467407226564774,
    1.5674987792968977,
    2.6915527343750227,
    3.3000122070312727,
    3.2094665527343977,
    2.8019348144531477,
    2.3684326171875227,
    2.2000061035156477,
    2.3021789550781477,
    2.5030456542968977,
    2.8273864746093977,
    3.3000122070312727,
    4.170007324218773,
    5.390008544921898,
    6.540002441406273,
    7.200006103515648,
    7.400476074218773,
    7.509606933593773,
    7.613946533203148,
    7.800012207031273,
    8.075891113281273,
    8.371636962890648,
    8.656549072265648,
    8.899987792968773,
    9.066003417968773,
    9.171868896484398,
    9.266809082031273,
    9.399987792968773,
    9.710534667968773,
    10.159387207031273,
    10.528527832031273,
    10.600000000000023,
    10.450006103515648,
    10.300012207031273,
    10.149987792968773,
    9.999993896484398,
    9.850000000000023,
    9.700006103515648,
    9.550012207031273,
    9.399987792968773,
    8.978875732421898,
    8.201959228515648,
    7.349084472656273,
    6.700006103515648,
    6.357904052734398,
    6.149987792968773,
    5.942102050781273,
    5.600000000000023,
    4.941003417968773,
    4.063317871093773,
    3.2539611816406477,
    2.8000122070312727,
    2.6291442871093977,
    2.4749084472656477,
    2.3332153320312727,
    2.2000061035156477,
    2.0766845703125227,
    1.9598327636718977,
    1.8380676269531477,
    1.7000061035156477,
    1.4921203613281477,
    1.2039733886718977,
    0.8888488769531477,
    0.6000000000000227,
    0.41335449218752274,
    0.31020507812502274,
    0.20195922851564774,
    -6.1035156022626325e-06,
    -0.7735656738281023,
    -2.1510986328124773,
    -3.5530761718749773,
    -4.399999999999977
  ],
  "rewards": [
    4.9077753899246455,
    4.9076752827316525,
    4.905702330842614,
    4.90387322165072,
    4.902335364595055,
    4.918564185899399,
    4.898985707510424,
    4.8984421226090715,
    4.915873765852302,
    4.895799367178393,
    4.895417172581605,
    4.913594531833153,
    4.8929075786050245,
    4.892574984803796,
    4.8918902846490555,
    4.891128832927865,
    -1.0115319824649538,
    4.886977679489747,
    4.887468077861096,
    4.887069060475282,
    4.886493670716882,
    4.885840670735292,
    4.885153529368664,
    4.884926125779748,
    4.885970103413515,
    -0.02968348684841799,
    4.887934539068652,
    -0.025369599416201788,
    -0.03304596322385707,
    4.885788485702613,
    -0.0322708915319736,
    4.910418698486427,
    4.932313170343961,
    4.9206172869095335,
    4.924541685215157,
    4.927488104931038,
    4.930440332562379,
    4.934935853154115,
    4.943773810536317,
    4.9562013647187015,
    4.973896400748711,
    4.97956730817647,
    4.990659126364018,
    4.997088972151928,
    4.995885729609948,
    4.990309974249938,
    4.987181102902345,
    -0.005721358276257588,
    -0.0651267483004521,
    -0.19730009035735724,
    -0.3830468960398196,
    -0.6224583112367827,
    -0.9090532758006368,
    -5.302169648810071,
    -1.5702999852582087,
    -1.755600381061171,
    -1.9209697994881978,
    -3.9875455681980565,
    -2.1732430275190158,
    -2.1607655670040993,
    -2.085335367187599,
    -1.929429838284913,
    -1.6449595197209779,
    -1.2674775347405665,
    -0.8584496400878253,
    -0.5544067324471551,
    -0.3472915286943582,
    -0.2124253824126668,
    -0.1256575303071377,
    -0.0690827197954174,
    -0.031744472301856064,
    4.9901778045005125,
    4.994364563733662,
    4.993602496978382,
    4.996822416602593,
    4.996074862923959,
    4.997188535630703,
    4.9996905963489295,
    4.9935180125223555,
    4.990086856753282,
    4.986916117302101,
    4.983907609850816,
    4.980972106129579,
    4.977956616603161,
    4.987795673500463,
    4.977362048523906,
    4.967910427745918,
    4.964869129330568,
    4.961715507141274,
    4.95870362010663,
    4.964797475197069,
    4.952216679748634,
    4.947828714572217,
    4.942820279322888,
    4.938354375087048
  ],