{
  "episode": 1796,
  "steps": 95,
  "actions": [
    23,
    23,
    23,
    23,
    23,
    21,
    20,
    21,
    20,
    23,
    22,
    23,
    21,
    23,
    14,
    23,
    23,
    20,
    13,
    23,
    21,
    23,
    12,
    22,
    21,
    21,
    22,
    23,
    23,
    21,
    23,
    21,
    23,
    20,
    12,
    13,
    23,
    21,
    21,
    20,
    21,
    23,
    5,
    20,
    20,
    23,
    21,
    23,
    21,
    21,
    21,
    15,
    23,
    20,
    23,
    20,
    21,
    23,
    21,
    21,
    21,
    20,
    23,
    22,
    21,
    23,
    23,
    14,
    12,
    20,
    23,
    21,
    21,
    23,
    20,
    13,
    21,
    20,
    23,
    21,
    12,
    23,
    21,
    4,
    15,
    20,
    21,
    20,
    23,
    23,
    23,
    21,
    22,
    21,
    21
  ],
  "temperatures": [
    20.975762939453148,
    20.971978759765648,
    20.926324462890648,
    20.884027099609398,
    20.848413085937523,
    20.818383789062523,
    20.792230224609398,
    20.768457031250023,
    20.746057128906273,
    20.724359130859398,
    20.703149414062523,
    20.682244873046898,
    20.661584472656273,
    20.641198730468773,
    20.042260742187523,
    20.578546142578148,
    20.570001220703148,
    20.554162597656273,
    19.943566894531273,
    20.496179199218773,
    20.489953613281273,
    20.476098632812523,
    19.853997802734398,
    20.431604003906273,
    20.466485595703148,
    20.508264160156273,
    20.539971923828148,
    20.544458007812523,
    20.529962158203148,
    20.512963867187523,
    20.525231933593773,
    21.068719482421898,
    21.193688964843773,
    21.295007324218773,
    20.987390136718773,
    21.041741943359398,
    21.476525878906273,
    21.584680175781273,
    21.785760498046898,
    22.066369628906273,
    22.339929199218773,
    22.597467041015648,
    22.683343505859398,
    23.083947753906273,
    23.344415283203148,
    23.595391845703148,
    23.831414794921898,
    24.051507568359398,
    24.256921386718773,
    24.449304199218773,
    24.625207519531273,
    25.202081298828148,
    24.971734619140648,
    25.115472412109398,
    25.233026123046898,
    25.318353271484398,
    25.382470703125023,
    25.429559326171898,
    25.457330322265648,
    25.460656738281273,
    25.436914062500023,
    25.383081054687523,
    25.277337646484398,
    25.120904541015648,
    24.921624755859398,
    24.739465332031273,
    24.583703613281273,
    24.804559326171898,
    24.687463378906273,
    24.266656494140648,
    24.173211669921898,
    23.603570556640648,
    23.465051269531273,
    23.342065429687523,
    23.238671875000023,
    23.197778320312523,
    23.073785400390648,
    22.985162353515648,
    22.900384521484398,
    22.822991943359398,
    22.698022460937523,
    22.682061767578148,
    22.616448974609398,
    22.296594238281273,
    22.349114990234398,
    22.396081542968773,
    22.325616455078148,
    22.254815673828148,
    22.183007812500023,
    22.114648437500023,
    22.049676513671898,
    21.974694824218773,
    21.872247314453148,
    21.758294677734398,
    21.657037353515648
  ],
  "outdoor_temps": [
    -6.1035156022626325e-06,
    -6.1035156022626325e-06,
    -6.1035156022626325e-06,
    -6.1035156022626325e-06,
    -6.1035156022626325e-06,
    -6.1035156022626325e-06,
    -6.1035156022626325e-06,
    -6.1035156022626325e-06,
    -6.1035156022626325e-06,
    -6.1035156022626325e-06,
    -6.1035156022626325e-06,
    -6.1035156022626325e-06,
    -6.1035156022626325e-06,
    -6.1035156022626325e-06,
    -6.1035156022626325e-06,
    -6.1035156022626325e-06,
    -6.1035156022626325e-06,
    -6.1035156022626325e-06,
    -6.1035156022626325e-06,
    -6.1035156022626325e-06,
    -6.1035156022626325e-06,
    -6.1035156022626325e-06,
    -6.1035156022626325e-06,
    0.48467407226564774,
    1.5674987792968977,
    2.6915527343750227,
    3.3000122070312727,
    3.2094665527343977,
    2.8019348144531477,
    2.3684326171875227,
    2.2000061035156477,
    2.3021789550781477,
    2.5030456542968977,
    2.8273864746093977,
    3.3000122070312727,
    4.170007324218773,
    5.390008544921898,
    6.540002441406273,
    7.200006103515648,
    7.400476074218773,
    7.509606933593773,
    7.613946533203148,
    7.800012207031273,
    8.075891113281273,
    8.371636962890648,
    8.656549072265648,
    8.899987792968773,
    9.066003417968773,
    9.171868896484398,
    9.266809082031273,
    9.399987792968773,
    9.710534667968773,
    10.159387207031273,
    10.528527832031273,
    10.600000000000023,
    10.450006103515648,
    10.300012207031273,
    10.149987792968773,
    9.999993896484398,
    9.850000000000023,
    9.700006103515648,
    9.550012207031273,
    9.399987792968773,
    8.978875732421898,
    8.201959228515648,
    7.349084472656273,
    6.700006103515648,
    6.357904052734398,
    6.149987792968773,
    5.942102050781273,
    5.600000000000023,
    4.941003417968773,
    4.063317871093773,
    3.2539611816406477,
    2.8000122070312727,
    2.6291442871093977,
    2.4749084472656477,
    2.3332153320312727,
    2.2000061035156477,
    2.0766845703125227,
    1.9598327636718977,
    1.8380676269531477,
    1.7000061035156477,
    1.4921203613281477,
    1.2039733886718977,
    0.8888488769531477,
    0.6000000000000227,
    0.41335449218752274,
    0.31020507812502274,
    0.20195922851564774,
    -6.1035156022626325e-06,
    -0.7735656738281023,
    -2.1510986328124773,
    -3.5530761718749773,
    -4.399999999999977
  ],
  "rewards": [
    4.9077753899246455,
    4.9076752827316525,
    4.905702330842614,
    4.90387322165072,
    4.902335326448083,
    4.901042372956872,
    4.89991663661664,
    4.898892733684701,
    4.897925641209535,
    4.8969891043817215,
    4.8960702011734245,
    4.895163533412243,
    4.89426644064486,
    4.893377902180604,
    4.911900501213967,
    4.8906257029817155,
    4.890258452668786,
    4.8895673058182005,
    -0.025976345048323947,
    4.887012440857032,
    4.886742131486535,
    4.886135604054384,
    -0.04476434513925842,
    4.884180447805835,
    4.885736415110852,
    4.887595574528627,
    4.889006020695619,
    4.88920688363197,
    4.888565490022302,
    4.887812030091882,
    4.888357207447938,
    4.912471549287439,
    4.918000352055483,
    4.922482335343957,
    4.939920983078848,
    4.9415195655191075,
    4.9305032131043465,
    4.935294201150537,
    4.944213897854738,
    4.956666853100709,
    4.968808374038857,
    4.980238413483552,
    4.995242919023148,
    4.996990315655004,
    4.993521526685875,
    4.990179303518456,
    4.987036163583398,
    -0.006784379101644143,
    -0.07082380674780583,
    -0.20732996615704735,
    -0.3969257834845547,
    -1.450073647472414,
    -0.9514629688162961,
    -1.2519518537447363,
    -1.5284177940647152,
    -1.746403622739077,
    -1.9197868253971553,
    -2.0523581116566194,
    -2.1326224107668468,
    -2.142339886158123,
    -2.0734648604983223,
    -1.9214769132727496,
    -1.6398032179038096,
    -1.2641179836914453,
    -0.8564197559800903,
    -0.5532299921208439,
    -0.34661237441005976,
    -0.651507097035683,
    -0.4765373829930685,
    -0.07595263226687826,
    -0.03453805352845409,
    4.990080698505044,
    4.9919241305894175,
    4.993560784131937,
    4.994936274364591,
    4.997688732414465,
    4.997129291590789,
    4.997438759327583,
    4.993680657080334,
    4.990250106826425,
    4.990503803890847,
    4.98400257324071,
    4.981094152703881,
    4.989527385126516,
    4.980195959752993,
    4.971331567424147,
    4.968209128013771,
    4.965072879464082,
    4.961892084709328,
    4.958864438310266,
    4.955986687913537,
    4.952663757577539,
    4.948123571545533,
    4.943071806155468,
    4.93858097758954
  ],