{
  "episode": 202,
  "steps": 95,
  "actions": [
    23,
    23,
    23,
    23,
    0,
    0,
    21,
    22,
    18,
    5,
    7,
    20,
    22,
    10,
    14,
    21,
    10,
    20,
    20,
    20,
    12,
    20,
    11,
    12,
    6,
    4,
    15,
    20,
    21,
    6,
    20,
    1,
    20,
    22,
    6,
    0,
    20,
    15,
    17,
    20,
    5,
    15,
    15,
    6,
    12,
    20,
    20,
    20,
    11,
    0,
    22,
    22,
    4,
    22,
    15,
    3,
    21,
    20,
    22,
    20,
    15,
    12,
    0,
    10,
    20,
    22,
    20,
    15,
    20,
    6,
    13,
    22,
    20,
    0,
    0,
    4,
    21,
    14,
    20,
    14,
    4,
    13,
    20,
    14,
    15,
    12,
    15,
    20,
    6,
    15,
    21,
    20,
    20,
    22,
    21
  ],
  "temperatures": [
    20.975762939453148,
    20.971978759765648,
    20.926324462890648,
    20.884027099609398,
    16.812585449218773,
    16.471826171875023,
    20.584954833984398,
    20.656823730468773,
    15.858392333984398,
    18.594262695312523,
    18.717309570312523,
    20.470544433593773,
    20.515252685546898,
    15.913354492187523,
    19.656976318359398,
    20.401239013671898,
    15.795495605468773,
    20.270288085937523,
    20.346246337890648,
    20.361047363281273,
    19.736718750000023,
    20.331384277343773,
    15.659051513671898,
    19.447106933593773,
    18.495812988281273,
    18.468408203125023,
    19.618188476562523,
    20.310632324218773,
    20.335748291015648,
    18.720697021484398,
    20.304803466796898,
    16.847589111328148,
    20.890069580078148,
    21.067895507812523,
    20.069940185546898,
    17.240655517578148,
    21.188653564453148,
    20.973321533203148,
    16.559442138671898,
    21.744622802734398,
    21.473504638671898,
    22.197564697265648,
    22.538049316406273,
    22.778009033203148,
    23.168389892578148,
    23.400048828125023,
    23.637261962890648,
    23.859460449218773,
    20.596276855468773,
    22.280358886718773,
    24.330804443359398,
    24.539514160156273,
    25.695031738281273,
    24.907495117187523,
    25.485742187500023,
    23.999017333984398,
    25.161370849609398,
    25.225061035156273,
    25.260980224609398,
    25.272332763671898,
    25.782891845703148,
    25.750512695312523,
    24.067254638671898,
    21.886010742187523,
    24.661950683593773,
    24.522790527343773,
    24.380578613281273,
    24.576440429687523,
    24.168969726562523,
    24.786706542968773,
    24.278802490234398,
    23.436395263671898,
    23.298913574218773,
    21.039605712890648,
    20.737451171875023,
    22.785485839843773,
    22.853326416015648,
    22.730584716796898,
    22.700830078125023,
    22.549676513671898,
    22.315484619140648,
    22.379571533203148,
    22.435052490234398,
    22.231622314453148,
    22.143182373046898,
    22.054467773437523,
    21.965875244140648,
    22.091149902343773,
    21.460351562500023,
    21.695458984375023,
    21.887322998046898,
    21.823449707031273,
    21.726861572265648,
    21.616937255859398,
    21.519372558593773
  ],
  "outdoor_temps": [
    -6.1035156022626325e-06,
    -6.1035156022626325e-06,
    -6.1035156022626325e-06,
    -6.1035156022626325e-06,
    -6.1035156022626325e-06,
    -6.1035156022626325e-06,
    -6.1035156022626325e-06,
    -6.1035156022626325e-06,
    -6.1035156022626325e-06,
    -6.1035156022626325e-06,
    -6.1035156022626325e-06,
    -6.1035156022626325e-06,
    -6.1035156022626325e-06,
    -6.1035156022626325e-06,
    -6.1035156022626325e-06,
    -6.1035156022626325e-06,
    -6.1035156022626325e-06,
    -6.1035156022626325e-06,
    -6.1035156022626325e-06,
    -6.1035156022626325e-06,
    -6.1035156022626325e-06,
    -6.1035156022626325e-06,
    -6.1035156022626325e-06,
    0.48467407226564774,
    1.5674987792968977,
    2.6915527343750227,
    3.3000122070312727,
    3.2094665527343977,
    2.8019348144531477,
    2.3684326171875227,
    2.2000061035156477,
    2.3021789550781477,
    2.5030456542968977,
    2.8273864746093977,
    3.3000122070312727,
    4.170007324218773,
    5.390008544921898,
    6.540002441406273,
    7.200006103515648,
    7.400476074218773,
    7.509606933593773,
    7.613946533203148,
    7.800012207031273,
    8.075891113281273,
    8.371636962890648,
    8.656549072265648,
    8.899987792968773,
    9.066003417968773,
    9.171868896484398,
    9.266809082031273,
    9.399987792968773,
    9.710534667968773,
    10.159387207031273,
    10.528527832031273,
    10.600000000000023,
    10.450006103515648,
    10.300012207031273,
    10.149987792968773,
    9.999993896484398,
    9.850000000000023,
    9.700006103515648,
    9.550012207031273,
    9.399987792968773,
    8.978875732421898,
    8.201959228515648,
    7.349084472656273,
    6.700006103515648,
    6.357904052734398,
    6.149987792968773,
    5.942102050781273,
    5.600000000000023,
    4.941003417968773,
    4.063317871093773,
    3.2539611816406477,
    2.8000122070312727,
    2.6291442871093977,
    2.4749084472656477,
    2.3332153320312727,
    2.2000061035156477,
    2.0766845703125227,
    1.9598327636718977,
    1.8380676269531477,
    1.7000061035156477,
    1.4921203613281477,
    1.2039733886718977,
    0.8888488769531477,
    0.6000000000000227,
    0.41335449218752274,
    0.31020507812502274,
    0.20195922851564774,
    -6.1035156022626325e-06,
    -0.7735656738281023,
    -2.1510986328124773,
    -3.5530761718749773,
    -4.399999999999977
  ],
  "rewards": [
    4.9077753899246455,
    4.9076752827316525,
    4.905702330842614,
    4.90387322165072,
    -10.161646038642939,
    -12.449666091701786,
    4.890701710954309,
    4.893930833012513,
    -17.156402406557884,
    -1.9924380364424275,
    -1.6611757626507415,
    4.885763279879871,
    4.887768723598641,
    -16.7028840778912,
    -0.14258688918920698,
    4.882757031564479,
    -17.679808069682775,
    4.876970879736802,
    4.880351111522835,
    4.881016080013436,
    -0.09363492186463496,
    4.87971519206853,
    -18.845481413000105,
    -0.33214417754467496,
    -2.279250894563974,
    -2.3625457342610123,
    -0.17096388799825,
    4.878837668555586,
    4.879952027431648,
    -1.652454513056429,
    4.878582026721991,
    -9.939768427245216,
    4.904530093442324,
    4.912405488125008,
    4.956610662880677,
    -7.616492551666478,
    4.917727038636803,
    4.93947514516018,
    -11.843260697056584,
    4.94238585686878,
    4.977343282552395,
    4.975692305380236,
    4.98576821550241,
    4.996644686637244,
    4.997944382676936,
    4.992780362118197,
    4.989621371260803,
    4.9866625877534565,
    4.949758210002404,
    4.967613732784217,
    -0.1144927535578759,
    -0.29683152345538005,
    -2.8761465556460757,
    -0.8305281920148392,
    -2.2131332539168413,
    4.95998755204471,
    -1.3566078425636638,
    -1.5088121202880183,
    -1.5982281741063158,
    -1.6270255606022797,
    -3.185066089325706,
    -3.07058563761907,
    -0.014607841337872083,
    4.938311891518533,
    -0.44434181362069597,
    -0.2790097186649861,
    -0.1500663193833742,
    -0.3359686615626063,
    -0.033072510850825944,
    -0.6209128475637007,
    -0.08075532720789935,
    4.992305937704185,
    4.994135745190407,
    4.973142292352352,
    4.974484422202222,
    4.99674540638458,
    4.991591447948114,
    4.9914635901234075,
    4.98483198011375,
    4.986118099509698,
    4.989803736075637,
    4.981091521924928,
    4.973052701425294,
    4.976722016154747,
    4.974110073876446,
    4.971490301932006,
    4.968874826368106,
    4.9578183337624955,
    4.977179474683438,
    4.96089067692504,
    4.948789631980269,
    4.945960094601564,
    4.941679098240059,
    4.936805340877694,
    4.932477552615429
  ],