{
  "episode": 83,
  "steps": 95,
  "actions": [
    23,
    23,
    23,
    23,
    14,
    18,
    20,
    6,
    18,
    23,
    2,
    10,
    4,
    4,
    8,
    21,
    20,
    21,
    23,
    2,
    21,
    15,
    20,
    21,
    3,
    6,
    10,
    12,
    20,
    20,
    20,
    22,
    23,
    12,
    15,
    15,
    10,
    12,
    17,
    14,
    4,
    4,
    3,
    4,
    6,
    22,
    1,
    2,
    6,
    16,
    8,
    10,
    2,
    8,
    3,
    19,
    12,
    5,
    12,
    23,
    2,
    9,
    3,
    16,
    3,
    3,
    9,
    0,
    15,
    0,
    22,
    14,
    21,
    14,
    2,
    12,
    4,
    15,
    3,
    15,
    17,
    0,
    5,
    5,
    5,
    5,
    4,
    20,
    2,
    7,
    22,
    5,
    12,
    2,
    22
  ],
  "temperatures": [
    20.975762939453148,
    20.971978759765648,
    20.926324462890648,
    20.884027099609398,
    20.309686279296898,
    15.994287109375023,
    20.617517089843773,
    19.126855468750023,
    15.841973876953148,
    20.483972167968773,
    16.402703857421898,
    15.826684570312523,
    18.377526855468773,
    18.529962158203148,
    15.730126953125023,
    20.239862060546898,
    20.337426757812523,
    20.363885498046898,
    20.371484375000023,
    16.051232910156273,
    20.216455078125023,
    19.637414550781273,
    20.264978027343773,
    20.287072753906273,
    15.973626708984398,
    18.252038574218773,
    15.569268798828148,
    19.432397460937523,
    20.215386962890648,
    20.257684326171898,
    20.301507568359398,
    20.859918212890648,
    20.998712158203148,
    20.669580078125023,
    20.748559570312523,
    20.820855712890648,
    16.692559814453148,
    20.819451904296898,
    16.527276611328148,
    21.327996826171898,
    21.400354003906273,
    21.831933593750023,
    19.582879638671898,
    22.448632812500023,
    23.065148925781273,
    23.343652343750023,
    21.451867675781273,
    21.652124023437523,
    24.375878906250023,
    19.726251220703148,
    20.799829101562523,
    20.986596679687523,
    22.831292724609398,
    21.396844482421898,
    23.242272949218773,
    20.503564453125023,
    25.217401123046898,
    26.116662597656273,
    25.546655273437523,
    25.087854003906273,
    23.912469482421898,
    21.887994384765648,
    23.478143310546898,
    20.405572509765648,
    22.792260742187523,
    22.608728027343773,
    20.799371337890648,
    22.041406250000023,
    24.023553466796898,
    21.900445556640648,
    23.685021972656273,
    23.179498291015648,
    23.020715332031273,
    22.898034667968773,
    20.413201904296898,
    22.584191894531273,
    22.414331054687523,
    22.448022460937523,
    19.867761230468773,
    22.172418212890648,
    17.935357666015648,
    19.218011474609398,
    21.404321289062523,
    21.439111328125023,
    21.361383056640648,
    21.264093017578148,
    21.159967041015648,
    21.804101562500023,
    18.671929931640648,
    20.681054687500023,
    21.582849121093773,
    20.662072753906273,
    21.050805664062523,
    17.989434814453148,
    21.159936523437523
  ],
  "outdoor_temps": [
    -6.1035156022626325e-06,
    -6.1035156022626325e-06,
    -6.1035156022626325e-06,
    -6.1035156022626325e-06,
    -6.1035156022626325e-06,
    -6.1035156022626325e-06,
    -6.1035156022626325e-06,
    -6.1035156022626325e-06,
    -6.1035156022626325e-06,
    -6.1035156022626325e-06,
    -6.1035156022626325e-06,
    -6.1035156022626325e-06,
    -6.1035156022626325e-06,
    -6.1035156022626325e-06,
    -6.1035156022626325e-06,
    -6.1035156022626325e-06,
    -6.1035156022626325e-06,
    -6.1035156022626325e-06,
    -6.1035156022626325e-06,
    -6.1035156022626325e-06,
    -6.1035156022626325e-06,
    -6.1035156022626325e-06,
    -6.1035156022626325e-06,
    0.48467407226564774,
    1.5674987792968977,
    2.6915527343750227,
    3.3000122070312727,
    3.2094665527343977,
    2.8019348144531477,
    2.3684326171875227,
    2.2000061035156477,
    2.3021789550781477,
    2.5030456542968977,
    2.8273864746093977,
    3.3000122070312727,
    4.170007324218773,
    5.390008544921898,
    6.540002441406273,
    7.200006103515648,
    7.400476074218773,
    7.509606933593773,
    7.613946533203148,
    7.800012207031273,
    8.075891113281273,
    8.371636962890648,
    8.656549072265648,
    8.899987792968773,
    9.066003417968773,
    9.171868896484398,
    9.266809082031273,
    9.399987792968773,
    9.710534667968773,
    10.159387207031273,
    10.528527832031273,
    10.600000000000023,
    10.450006103515648,
    10.300012207031273,
    10.149987792968773,
    9.999993896484398,
    9.850000000000023,
    9.700006103515648,
    9.550012207031273,
    9.399987792968773,
    8.978875732421898,
    8.201959228515648,
    7.349084472656273,
    6.700006103515648,
    6.357904052734398,
    6.149987792968773,
    5.942102050781273,
    5.600000000000023,
    4.941003417968773,
    4.063317871093773,
    3.2539611816406477,
    2.8000122070312727,
    2.6291442871093977,
    2.4749084472656477,
    2.3332153320312727,
    2.2000061035156477,
    2.0766845703125227,
    1.9598327636718977,
    1.8380676269531477,
    1.7000061035156477,
    1.4921203613281477,
    1.2039733886718977,
    0.8888488769531477,
    0.6000000000000227,
    0.41335449218752274,
    0.31020507812502274,
    0.20195922851564774,
    -6.1035156022626325e-06,
    -0.7735656738281023,
    -2.1510986328124773,
    -3.5530761718749773,
    -4.399999999999977
  ],
  "rewards": [
    4.9077753899246455,
    4.9076752827316525,
    4.905702330842614,
    4.90387322165072,
    4.919594817124307,
    -16.049678445960335,
    4.892149750923981,
    -0.7767593262069867,
    -17.29261479539211,
    4.886310059761871,
    -12.942118038176396,
    -17.41858197134779,
    -2.6495503256949062,
    -2.17757555003494,
    -18.233621657618492,
    4.875595261794718,
    4.87993879047101,
    4.8811237307702715,
    4.8814707156724255,
    -15.593950080624602,
    4.874609668023236,
    -0.15651878542386613,
    4.87677876200041,
    4.877768790355843,
    -16.21278423753205,
    -3.072941059825822,
    -19.63282806591475,
    -0.3487293576043975,
    4.874614121664477,
    4.876490733257454,
    4.878435752025765,
    4.903209597698372,
    4.909350506984021,
    4.930529856644571,
    4.932856082853092,
    4.934984001959472,
    -10.943104402986407,
    4.934922313581666,
    -12.065522917944618,
    4.949962372729636,
    4.976260673865554,
    4.982645895460256,
    -0.1790979170355675,
    4.99177164791901,
    4.99964061321468,
    4.993531226577318,
    4.971292056980866,
    4.970402889243003,
    -0.14283525025817942,
    -0.09130327028585569,
    4.94795057763386,
    4.946292619635553,
    4.965168609543217,
    4.942651691391417,
    4.9633458423244,
    4.924823724993545,
    -1.4871732529415291,
    -4.483742075341688,
    -2.3979809413834814,
    -1.1910071798673638,
    4.960372450347059,
    4.938294987633176,
    4.96229949710344,
    4.926129519709427,
    4.965344092776473,
    4.966159219730686,
    4.947959942773957,
    4.968678305124985,
    -0.0030128978192816955,
    4.96930467831882,
    4.9889874336868525,
    4.997854153722848,
    4.997838389557665,
    4.996405803420298,
    4.9759227322189785,
    4.987130701496549,
    4.9912599134139475,
    4.983110045141176,
    -0.0229062383065102,
    4.974965901331085,
    -4.273139499654171,
    -0.6162040677237091,
    4.976339986319654,
    4.97685581441665,
    4.975709209401849,
    4.974273977239374,
    4.972737128694299,
    4.9450947020040905,
    -1.7678622440323035,
    4.965667581545473,
    4.935294840047542,
    4.965390231552857,
    4.94184415333135,
    -4.045709019864656,
    4.916543824441083
  ],