{
  "episode": 1479,
  "steps": 95,
  "actions": [
    23,
    23,
    23,
    23,
    21,
    15,
    6,
    13,
    14,
    21,
    13,
    15,
    20,
    22,
    23,
    21,
    14,
    21,
    22,
    23,
    21,
    20,
    20,
    21,
    20,
    23,
    14,
    12,
    21,
    13,
    20,
    22,
    12,
    23,
    7,
    2,
    20,
    21,
    20,
    22,
    23,
    23,
    12,
    7,
    12,
    11,
    10,
    3,
    8,
    2,
    11,
    1,
    0,
    1,
    10,
    11,
    3,
    3,
    11,
    8,
    0,
    1,
    10,
    11,
    11,
    9,
    9,
    3,
    1,
    3,
    1,
    12,
    14,
    2,
    13,
    13,
    12,
    20,
    6,
    21,
    13,
    13,
    23,
    20,
    12,
    7,
    15,
    21,
    12,
    12,
    13,
    23,
    20,
    6,
    22
  ],
  "temperatures": [
    21.111627197265648,
    21.104028320312523,
    21.062646484375023,
    21.024285888671898,
    20.991937255859398,
    20.498834228515648,
    19.654931640625023,
    20.369104003906273,
    20.360925292968773,
    20.833245849609398,
    20.340234375000023,
    20.300744628906273,
    20.776330566406273,
    20.771661376953148,
    20.759393310546898,
    20.744805908203148,
    20.223748779296898,
    20.694940185546898,
    20.687005615234398,
    20.673669433593773,
    20.659112548828148,
    20.644097900390648,
    20.628991699218773,
    20.624139404296898,
    20.646447753906273,
    20.682336425781273,
    20.209985351562523,
    20.189141845703148,
    20.670739746093773,
    20.158990478515648,
    20.665429687500023,
    21.188409423828148,
    20.940484619140648,
    21.394433593750023,
    20.623284912109398,
    17.250878906250023,
    21.473809814453148,
    21.626458740234398,
    21.833551025390648,
    22.109033203125023,
    22.373681640625023,
    22.615625000000023,
    22.796990966796898,
    23.077996826171898,
    23.376275634765648,
    19.583215332031273,
    19.748742675781273,
    21.179162597656273,
    20.204644775390648,
    21.692712402343773,
    20.599969482421898,
    22.142297363281273,
    22.422418212890648,
    22.644097900390648,
    21.284936523437523,
    21.324487304687523,
    22.883782958984398,
    23.000604248046898,
    21.476739501953148,
    21.422967529296898,
    22.892968750000023,
    22.887170410156273,
    21.231835937500023,
    21.007623291015648,
    20.745141601562523,
    20.499108886718773,
    20.282250976562523,
    21.323937988281273,
    21.194055175781273,
    21.047967529296898,
    20.903863525390648,
    22.956231689453148,
    22.880242919921898,
    19.909051513671898,
    22.566491699218773,
    22.540368652343773,
    22.467431640625023,
    22.495782470703148,
    22.132501220703148,
    22.371209716796898,
    22.175103759765648,
    22.109094238281273,
    22.220788574218773,
    22.172937011718773,
    21.921502685546898,
    21.526391601562523,
    21.754418945312523,
    21.932061767578148,
    21.629235839843773,
    21.554559326171898,
    21.488244628906273,
    21.703698730468773,
    21.621606445312523,
    20.699487304687523,
    21.414575195312523
  ],
  "outdoor_temps": [
    -6.1035156022626325e-06,
    -6.1035156022626325e-06,
    -6.1035156022626325e-06,
    -6.1035156022626325e-06,
    -6.1035156022626325e-06,
    -6.1035156022626325e-06,
    -6.1035156022626325e-06,
    -6.1035156022626325e-06,
    -6.1035156022626325e-06,
    -6.1035156022626325e-06,
    -6.1035156022626325e-06,
    -6.1035156022626325e-06,
    -6.1035156022626325e-06,
    -6.1035156022626325e-06,
    -6.1035156022626325e-06,
    -6.1035156022626325e-06,
    -6.1035156022626325e-06,
    -6.1035156022626325e-06,
    -6.1035156022626325e-06,
    -6.1035156022626325e-06,
    -6.1035156022626325e-06,
    -6.1035156022626325e-06,
    -6.1035156022626325e-06,
    0.48467407226564774,
    1.5674987792968977,
    2.6915527343750227,
    3.3000122070312727,
    3.2094665527343977,
    2.8019348144531477,
    2.3684326171875227,
    2.2000061035156477,
    2.3021789550781477,
    2.5030456542968977,
    2.8273864746093977,
    3.3000122070312727,
    4.170007324218773,
    5.390008544921898,
    6.540002441406273,
    7.200006103515648,
    7.400476074218773,
    7.509606933593773,
    7.613946533203148,
    7.800012207031273,
    8.075891113281273,
    8.371636962890648,
    8.656549072265648,
    8.899987792968773,
    9.066003417968773,
    9.171868896484398,
    9.266809082031273,
    9.399987792968773,
    9.710534667968773,
    10.159387207031273,
    10.528527832031273,
    10.600000000000023,
    10.450006103515648,
    10.300012207031273,
    10.149987792968773,
    9.999993896484398,
    9.850000000000023,
    9.700006103515648,
    9.550012207031273,
    9.399987792968773,
    8.978875732421898,
    8.201959228515648,
    7.349084472656273,
    6.700006103515648,
    6.357904052734398,
    6.149987792968773,
    5.942102050781273,
    5.600000000000023,
    4.941003417968773,
    4.063317871093773,
    3.2539611816406477,
    2.8000122070312727,
    2.6291442871093977,
    2.4749084472656477,
    2.3332153320312727,
    2.2000061035156477,
    2.0766845703125227,
    1.9598327636718977,
    1.8380676269531477,
    1.7000061035156477,
    1.4921203613281477,
    1.2039733886718977,
    0.8888488769531477,
    0.6000000000000227,
    0.41335449218752274,
    0.31020507812502274,
    0.20195922851564774,
    -6.1035156022626325e-06,
    -0.7735656738281023,
    -2.1510986328124773,
    -3.5530761718749773,
    -4.399999999999977
  ],
  "rewards": [
    4.963678053930402,
    4.9635631695538756,
    4.962818720653653,
    4.962127915933729,
    4.961546359375119,
    4.967124904443226,
    -0.31011432700713654,
    4.965466548344201,
    4.965370757654796,
    4.9586726512358235,
    4.965120303679906,
    4.964616173580775,
    4.95764476427695,
    4.957565163544339,
    4.9573442819345255,
    4.957079623058438,
    4.96364586477419,
    4.956166516725784,
    4.9560237552828115,
    4.955780210756089,
    4.955514039114117,
    4.955239420146398,
    4.954963177612942,
    4.954877250364941,
    4.955292899817876,
    4.955959253481549,
    4.963494556233287,
    4.9632256627314435,
    4.955747226763679,
    4.96283633475443,
    4.955649919745067,
    4.96531777756564,
    4.972945274811561,
    4.969114880848838,
    4.982352548766881,
    -18.89669844339902,
    4.970569505400308,
    4.97338871078841,
    4.977216387600355,
    4.98231083410136,
    4.9872047382223865,
    4.991679392918944,
    4.996955814514309,
    4.999749447969881,
    4.99812315104011,
    -0.44335172115990445,
    -0.16722530274819156,
    4.986208667619599,
    4.979370190051426,
    4.985068658169562,
    4.977834398295083,
    4.984070809386832,
    4.983449273630653,
    4.982957547832281,
    4.975175041705046,
    4.97502177306216,
    4.982426481150252,
    4.982167422694195,
    4.974431316972751,
    4.97464026463793,
    4.982406273381056,
    4.982418967414647,
    4.9753820116814715,
    4.9762526799063,
    4.977272250183089,
    4.97822798920439,
    4.9790704817912825,
    4.9858887910071115,
    4.9861771937432176,
    4.986501534506354,
    4.986821459454525,
    4.999008439331923,
    4.998026516676111,
    -0.02615571234665749,
    4.993970426465668,
    4.9936334282909725,
    4.992691045776496,
    4.989467765275551,
    4.993507317687344,
    4.987167649569071,
    4.988913296510182,
    4.988060213700423,
    4.984391165312866,
    4.983508508518338,
    4.985637367079925,
    4.989032983683211,
    4.983479094593259,
    4.979063397842257,
    4.98186252896925,
    4.980897972710593,
    4.980041035540563,
    4.974848583575825,
    4.9733326420336965,
    4.9829285655272715,
    4.969506676497018
  ],