{
  "episode": 1131,
  "steps": 95,
  "actions": [
    23,
    23,
    23,
    23,
    21,
    22,
    12,
    20,
    22,
    23,
    22,
    23,
    23,
    22,
    12,
    13,
    5,
    20,
    4,
    13,
    12,
    21,
    20,
    23,
    21,
    13,
    22,
    4,
    13,
    20,
    21,
    13,
    20,
    20,
    23,
    13,
    21,
    15,
    23,
    21,
    13,
    21,
    20,
    22,
    13,
    23,
    20,
    15,
    13,
    20,
    21,
    13,
    20,
    20,
    21,
    20,
    21,
    23,
    12,
    21,
    22,
    22,
    21,
    5,
    23,
    15,
    23,
    20,
    23,
    13,
    22,
    13,
    20,
    23,
    22,
    21,
    20,
    23,
    20,
    21,
    12,
    21,
    12,
    12,
    22,
    20,
    23,
    12,
    20,
    23,
    23,
    20,
    22,
    13,
    22
  ],
  "temperatures": [
    20.975762939453148,
    20.971978759765648,
    20.926324462890648,
    20.884027099609398,
    20.848413085937523,
    20.818383789062523,
    20.242700195312523,
    20.747247314453148,
    20.735742187500023,
    20.717401123046898,
    20.697961425781273,
    20.678125000000023,
    20.658135986328148,
    20.638146972656273,
    20.038995361328148,
    19.979455566406273,
    18.918939208984398,
    20.478936767578148,
    18.887506103515648,
    19.791040039062523,
    19.796990966796898,
    20.406518554687523,
    20.413385009765648,
    20.418054199218773,
    20.447167968750023,
    19.892968750000023,
    20.496911621093773,
    18.974969482421898,
    19.826593017578148,
    20.432916259765648,
    20.468408203125023,
    20.553948974609398,
    21.134118652343773,
    21.248193359375023,
    21.331323242187523,
    21.018090820312523,
    21.449212646484398,
    21.211206054687523,
    21.746362304687523,
    22.034417724609398,
    22.115106201171898,
    22.565759277343773,
    22.816888427734398,
    23.061151123046898,
    23.380181884765648,
    23.569146728515648,
    23.804193115234398,
    24.252343750000023,
    24.514703369140648,
    24.433221435546898,
    24.605401611328148,
    25.176293945312523,
    24.950585937500023,
    25.094537353515648,
    25.212182617187523,
    25.297692871093773,
    25.362207031250023,
    25.409722900390648,
    26.008386230468773,
    25.458459472656273,
    25.427362060546898,
    25.371911621093773,
    25.265069580078148,
    26.403802490234398,
    24.942834472656273,
    25.166864013671898,
    24.596276855468773,
    24.459985351562523,
    24.350152587890648,
    24.560052490234398,
    24.173791503906273,
    23.751824951171898,
    23.465936279296898,
    23.340844726562523,
    23.236962890625023,
    23.153710937500023,
    23.070550537109398,
    22.982232666015648,
    22.897424316406273,
    22.820001220703148,
    22.694268798828148,
    22.678979492187523,
    22.527795410156273,
    22.440423583984398,
    22.469506835937523,
    22.397821044921898,
    22.325341796875023,
    22.085076904296898,
    22.176599121093773,
    22.110498046875023,
    22.046105957031273,
    21.971398925781273,
    21.869104003906273,
    21.470635986328148,
    21.645043945312523
  ],
  "outdoor_temps": [
    -6.1035156022626325e-06,
    -6.1035156022626325e-06,
    -6.1035156022626325e-06,
    -6.1035156022626325e-06,
    -6.1035156022626325e-06,
    -6.1035156022626325e-06,
    -6.1035156022626325e-06,
    -6.1035156022626325e-06,
    -6.1035156022626325e-06,
    -6.1035156022626325e-06,
    -6.1035156022626325e-06,
    -6.1035156022626325e-06,
    -6.1035156022626325e-06,
    -6.1035156022626325e-06,
    -6.1035156022626325e-06,
    -6.1035156022626325e-06,
    -6.1035156022626325e-06,
    -6.1035156022626325e-06,
    -6.1035156022626325e-06,
    -6.1035156022626325e-06,
    -6.1035156022626325e-06,
    -6.1035156022626325e-06,
    -6.1035156022626325e-06,
    0.48467407226564774,
    1.5674987792968977,
    2.6915527343750227,
    3.3000122070312727,
    3.2094665527343977,
    2.8019348144531477,
    2.3684326171875227,
    2.2000061035156477,
    2.3021789550781477,
    2.5030456542968977,
    2.8273864746093977,
    3.3000122070312727,
    4.170007324218773,
    5.390008544921898,
    6.540002441406273,
    7.200006103515648,
    7.400476074218773,
    7.509606933593773,
    7.613946533203148,
    7.800012207031273,
    8.075891113281273,
    8.371636962890648,
    8.656549072265648,
    8.899987792968773,
    9.066003417968773,
    9.171868896484398,
    9.266809082031273,
    9.399987792968773,
    9.710534667968773,
    10.159387207031273,
    10.528527832031273,
    10.600000000000023,
    10.450006103515648,
    10.300012207031273,
    10.149987792968773,
    9.999993896484398,
    9.850000000000023,
    9.700006103515648,
    9.550012207031273,
    9.399987792968773,
    8.978875732421898,
    8.201959228515648,
    7.349084472656273,
    6.700006103515648,
    6.357904052734398,
    6.149987792968773,
    5.942102050781273,
    5.600000000000023,
    4.941003417968773,
    4.063317871093773,
    3.2539611816406477,
    2.8000122070312727,
    2.6291442871093977,
    2.4749084472656477,
    2.3332153320312727,
    2.2000061035156477,
    2.0766845703125227,
    1.9598327636718977,
    1.8380676269531477,
    1.7000061035156477,
    1.4921203613281477,
    1.2039733886718977,
    0.8888488769531477,
    0.6000000000000227,
    0.41335449218752274,
    0.31020507812502274,
    0.20195922851564774,
    -6.1035156022626325e-06,
    -0.7735656738281023,
    -2.1510986328124773,
    -3.5530761718749773,
    -4.399999999999977
  ],
  "rewards": [
    4.9077753899246455,
    4.9076752827316525,
    4.905702330842614,
    4.90387322165072,
    4.902335364595055,
    4.901042372853212,
    4.9176768969598665,
    4.897949654806567,
    4.8974672099267655,
    4.896679408274914,
    4.895840565934777,
    4.894980761729505,
    4.894112441316247,
    4.89324237562716,
    4.911804265886869,
    -0.022955308545217924,
    -1.1838112875990805,
    4.88622921679331,
    -1.2528745768316922,
    -0.06758207304159282,
    -0.06508499227787214,
    4.883048426855518,
    4.883362166554384,
    4.88357854568116,
    4.884879338517785,
    -0.034609607971551944,
    4.8870969077912365,
    -1.0655865281732773,
    -0.05371285455057661,
    4.8842627975312265,
    4.885837618938607,
    4.927134399273149,
    4.915357548889259,
    4.920404379001778,
    4.924082338443917,
    4.9408192777261135,
    4.929291402992347,
    4.9465147350809495,
    4.942464944976179,
    4.955248787179589,
    4.97325286851143,
    4.978830980953315,
    4.98997861650651,
    4.997293792596977,
    4.996064410418596,
    4.9905289235678705,
    4.987398643270135,
    -0.06664375420013051,
    -0.2684682801042148,
    -0.193082924376707,
    -0.37248650188843996,
    -1.3886844494299606,
    -0.9107380558583184,
    -1.2056154951016391,
    -1.4773816247965235,
    -1.6922863212519954,
    -1.8641020937944857,
    -1.995970949150038,
    -4.040478311143906,
    -2.1359185167661847,
    -2.04607346705289,
    -1.890668036617077,
    -1.608571933969589,
    -5.782066755338033,
    -0.8960350158422319,
    -1.366567152887636,
    -0.36149040554207423,
    -0.21707707382740685,
    -0.12773176367679664,
    -0.317307506948735,
    -0.03474122137156012,
    4.992774901300992,
    4.991912688311675,
    4.993576978973072,
    4.994958950355649,
    4.996066315643813,
    4.9971724898076575,
    4.997309374368709,
    4.993549102619291,
    4.99011640512101,
    4.990392240685128,
    4.983865365732623,
    4.985473857865386,
    4.982893207010044,
    4.974584188211871,
    4.971408719741132,
    4.968196827999275,
    4.9723995017632845,
    4.961608690966083,
    4.958681151500862,
    4.955827610269189,
    4.9525178501755,
    4.947984864345711,
    4.954248914629544,
    4.9380482074585945
  ],