{
  "episode": 205,
  "steps": 95,
  "actions": [
    23,
    23,
    23,
    23,
    15,
    15,
    21,
    15,
    15,
    15,
    15,
    15,
    15,
    22,
    12,
    12,
    22,
    12,
    22,
    12,
    20,
    22,
    20,
    22,
    22,
    22,
    22,
    12,
    22,
    12,
    22,
    12,
    14,
    22,
    6,
    22,
    6,
    6,
    6,
    6,
    14,
    6,
    5,
    12,
    21,
    3,
    0,
    3,
    3,
    11,
    1,
    1,
    1,
    11,
    11,
    11,
    16,
    10,
    3,
    10,
    0,
    3,
    10,
    10,
    11,
    11,
    3,
    23,
    1,
    1,
    22,
    12,
    14,
    6,
    4,
    22,
    5,
    5,
    5,
    23,
    5,
    15,
    7,
    15,
    5,
    5,
    7,
    7,
    7,
    15,
    7,
    23,
    6,
    7,
    12
  ],
  "temperatures": [
    21.111627197265648,
    21.104028320312523,
    21.062646484375023,
    21.024285888671898,
    20.531274414062523,
    20.474237060546898,
    20.916040039062523,
    20.428277587890648,
    20.383996582031273,
    20.352227783203148,
    20.323388671875023,
    20.296105957031273,
    20.269830322265648,
    20.752740478515648,
    20.246789550781273,
    20.207330322265648,
    20.696405029296898,
    20.180780029296898,
    20.663690185546898,
    20.141320800781273,
    20.629235839843773,
    20.624749755859398,
    20.613885498046898,
    20.611474609375023,
    20.635308837890648,
    20.672204589843773,
    20.700799560546898,
    20.205102539062523,
    20.672753906250023,
    20.158074951171898,
    20.662957763671898,
    20.787225341796898,
    20.914971923828148,
    21.381616210937523,
    20.607843017578148,
    21.499169921875023,
    20.777307128906273,
    20.859643554687523,
    21.111474609375023,
    21.486199951171898,
    22.173364257812523,
    22.297601318359398,
    22.662713623046898,
    23.056146240234398,
    23.303186035156273,
    20.787652587890648,
    20.993798828125023,
    21.277429199218773,
    21.552819824218773,
    20.460290527343773,
    21.969049072265648,
    22.247888183593773,
    22.485467529296898,
    21.187066650390648,
    21.265710449218773,
    21.325036621093773,
    20.351281738281273,
    21.343225097656273,
    22.886804199218773,
    21.400720214843773,
    22.857354736328148,
    22.853601074218773,
    21.205529785156273,
    20.982995605468773,
    20.721887207031273,
    20.477014160156273,
    21.530358886718773,
    23.808404541015648,
    21.339135742187523,
    21.119317626953148,
    23.567956542968773,
    23.082238769531273,
    22.954522705078148,
    22.795648193359398,
    22.658746337890648,
    22.703912353515648,
    22.445520019531273,
    22.323541259765648,
    22.211633300781273,
    22.424859619140648,
    22.037194824218773,
    22.162713623046898,
    21.859521484375023,
    22.025201416015648,
    21.676477050781273,
    21.562677001953148,
    21.458001708984398,
    21.355950927734398,
    21.253350830078148,
    21.558465576171898,
    21.090478515625023,
    21.709649658203148,
    20.871972656250023,
    20.670404052734398,
    21.054223632812523
  ],
  "outdoor_temps": [
    -6.1035156022626325e-06,
    -6.1035156022626325e-06,
    -6.1035156022626325e-06,
    -6.1035156022626325e-06,
    -6.1035156022626325e-06,
    -6.1035156022626325e-06,
    -6.1035156022626325e-06,
    -6.1035156022626325e-06,
    -6.1035156022626325e-06,
    -6.1035156022626325e-06,
    -6.1035156022626325e-06,
    -6.1035156022626325e-06,
    -6.1035156022626325e-06,
    -6.1035156022626325e-06,
    -6.1035156022626325e-06,
    -6.1035156022626325e-06,
    -6.1035156022626325e-06,
    -6.1035156022626325e-06,
    -6.1035156022626325e-06,
    -6.1035156022626325e-06,
    -6.1035156022626325e-06,
    -6.1035156022626325e-06,
    -6.1035156022626325e-06,
    0.48467407226564774,
    1.5674987792968977,
    2.6915527343750227,
    3.3000122070312727,
    3.2094665527343977,
    2.8019348144531477,
    2.3684326171875227,
    2.2000061035156477,
    2.3021789550781477,
    2.5030456542968977,
    2.8273864746093977,
    3.3000122070312727,
    4.170007324218773,
    5.390008544921898,
    6.540002441406273,
    7.200006103515648,
    7.400476074218773,
    7.509606933593773,
    7.613946533203148,
    7.800012207031273,
    8.075891113281273,
    8.371636962890648,
    8.656549072265648,
    8.899987792968773,
    9.066003417968773,
    9.171868896484398,
    9.266809082031273,
    9.399987792968773,
    9.710534667968773,
    10.159387207031273,
    10.528527832031273,
    10.600000000000023,
    10.450006103515648,
    10.300012207031273,
    10.149987792968773,
    9.999993896484398,
    9.850000000000023,
    9.700006103515648,
    9.550012207031273,
    9.399987792968773,
    8.978875732421898,
    8.201959228515648,
    7.349084472656273,
    6.700006103515648,
    6.357904052734398,
    6.149987792968773,
    5.942102050781273,
    5.600000000000023,
    4.941003417968773,
    4.063317871093773,
    3.2539611816406477,
    2.8000122070312727,
    2.6291442871093977,
    2.4749084472656477,
    2.3332153320312727,
    2.2000061035156477,
    2.0766845703125227,
    1.9598327636718977,
    1.8380676269531477,
    1.7000061035156477,
    1.4921203613281477,
    1.2039733886718977,
    0.8888488769531477,
    0.6000000000000227,
    0.41335449218752274,
    0.31020507812502274,
    0.20195922851564774,
    -6.1035156022626325e-06,
    -0.7735656738281023,
    -2.1510986328124773,
    -3.5530761718749773,
    -4.399999999999977
  ],
  "rewards": [
    4.963678053930402,
    4.9635631695538756,
    4.962818720653653,
    4.962127915933729,
    4.967531055390835,
    4.9668058109644635,
    4.96017090817055,
    4.966233506251775,
    4.965669745242952,
    4.965267188585161,
    4.964901793039202,
    4.964556106365083,
    4.964222428834795,
    4.957215063768237,
    4.9639355255182345,
    4.963429321177466,
    4.95618942647071,
    4.963093408447082,
    4.955592609930945,
    4.962588559490021,
    4.954961421776725,
    4.954881313017529,
    4.954683877490784,
    4.954643469027203,
    4.9550870850312965,
    4.955771627687241,
    4.956301821731355,
    4.963432382446106,
    4.955784648943855,
    4.962824479442413,
    4.955604104090644,
    4.970967651706513,
    4.972615382798178,
    4.968878118579155,
    4.982238336678918,
    4.971042791904963,
    4.983485247370179,
    4.984091228162951,
    4.985952463066286,
    4.988723751818842,
    4.988882328709669,
    4.994725546636497,
    4.9974267435726585,
    4.999366498348061,
    4.997106477160169,
    4.987077991191946,
    4.98662020794772,
    4.985990596044808,
    4.985379252654541,
    4.978377102163662,
    4.984455287955863,
    4.983836450501952,
    4.983309323116813,
    4.9755547370013335,
    4.975249641068442,
    4.975019684560759,
    4.969099032569838,
    4.97494967350218,
    4.982420061684659,
    4.974726658609737,
    4.982485284067204,
    4.982493439842015,
    4.975484162715304,
    4.976348280988147,
    4.977362470708301,
    4.978313841350539,
    4.985430469416244,
    4.994303938456852,
    4.985855239260942,
    4.986343156322513,
    4.995638058270935,
    4.999268076222713,
    4.9989879737758764,
    4.998404860817706,
    4.997394018834537,
    4.993311746864215,
    4.995819609489615,
    4.994918612582366,
    4.994092189563196,
    4.988158925154935,
    4.992804001498968,
    4.988753445861619,
    4.991492041758059,
    4.986977208344671,
    4.990141047945975,
    4.989301068676393,
    4.988528484297674,
    4.987775451405379,
    4.9870183514193025,
    4.980948349921438,
    4.985816496423243,
    4.974958715090933,
    4.984203108478337,
    4.982713593756861,
    4.97442878135893
  ],