{
  "episode": 15,
  "steps": 95,
  "actions": [
    23,
    23,
    23,
    23,
    23,
    23,
    23,
    23,
    23,
    23,
    23,
    23,
    23,
    23,
    23,
    23,
    23,
    23,
    23,
    23,
    23,
    23,
    23,
    23,
    23,
    23,
    23,
    23,
    23,
    23,
    23,
    23,
    21,
    5,
    15,
    19,
    8,
    23,
    23,
    23,
    19,
    23,
    7,
    18,
    20,
    16,
    20,
    22,
    23,
    16,
    6,
    17,
    11,
    22,
    22,
    22,
    23,
    10,
    14,
    7,
    5,
    23,
    2,
    15,
    6,
    18,
    18,
    16,
    4,
    23,
    7,
    14,
    23,
    2,
    6,
    13,
    22,
    7,
    19,
    17,
    22,
    21,
    22,
    23,
    20,
    19,
    22,
    23,
    13,
    1,
    13,
    13,
    18,
    20,
    7
  ],
  "temperatures": [
    20.975762939453148,
    20.971978759765648,
    20.926324462890648,
    20.884027099609398,
    20.848413085937523,
    20.818383789062523,
    20.792230224609398,
    20.768457031250023,
    20.746057128906273,
    20.724359130859398,
    20.703149414062523,
    20.682244873046898,
    20.661584472656273,
    20.641198730468773,
    20.621026611328148,
    20.601068115234398,
    20.581353759765648,
    20.561944580078148,
    20.542871093750023,
    20.524133300781273,
    20.505761718750023,
    20.487725830078148,
    20.470056152343773,
    20.463403320312523,
    20.485864257812523,
    20.523187255859398,
    20.552392578125023,
    20.555322265625023,
    20.539788818359398,
    20.522058105468773,
    20.533807373046898,
    21.077111816406273,
    21.201745605468773,
    20.260827636718773,
    20.939324951171898,
    16.438012695312523,
    16.708428955078148,
    21.376947021484398,
    21.669183349609398,
    21.984094238281273,
    17.297296142578148,
    22.417077636718773,
    22.502069091796898,
    18.296258544921898,
    23.131280517578148,
    18.875177001953148,
    23.572839355468773,
    23.861505126953148,
    24.089501953125023,
    19.866906738281273,
    24.959130859375023,
    20.207849121093773,
    21.356164550781273,
    24.761529541015648,
    24.946954345703148,
    25.060357666015648,
    25.143273925781273,
    22.126855468750023,
    25.625543212890648,
    26.529718017578148,
    26.606622314453148,
    25.221734619140648,
    24.011499023437523,
    25.372186279296898,
    25.853570556640648,
    20.361108398437523,
    20.068170166015648,
    19.847985839843773,
    24.405572509765648,
    23.943078613281273,
    24.460137939453148,
    23.419732666015648,
    23.195489501953148,
    20.868890380859398,
    22.824761962890648,
    22.849725341796898,
    22.801293945312523,
    22.571466064453148,
    18.312921142578148,
    18.117730712890648,
    22.312738037109398,
    22.322625732421898,
    22.285760498046898,
    22.237176513671898,
    22.180322265625023,
    17.718530273437523,
    21.923699951171898,
    21.924005126953148,
    21.608483886718773,
    18.778741455078148,
    21.333276367187523,
    21.317346191406273,
    17.110559082031273,
    21.329248046875023,
    20.288842773437523
  ],
  "outdoor_temps": [
    -6.1035156022626325e-06,
    -6.1035156022626325e-06,
    -6.1035156022626325e-06,
    -6.1035156022626325e-06,
    -6.1035156022626325e-06,
    -6.1035156022626325e-06,
    -6.1035156022626325e-06,
    -6.1035156022626325e-06,
    -6.1035156022626325e-06,
    -6.1035156022626325e-06,
    -6.1035156022626325e-06,
    -6.1035156022626325e-06,
    -6.1035156022626325e-06,
    -6.1035156022626325e-06,
    -6.1035156022626325e-06,
    -6.1035156022626325e-06,
    -6.1035156022626325e-06,
    -6.1035156022626325e-06,
    -6.1035156022626325e-06,
    -6.1035156022626325e-06,
    -6.1035156022626325e-06,
    -6.1035156022626325e-06,
    -6.1035156022626325e-06,
    0.48467407226564774,
    1.5674987792968977,
    2.6915527343750227,
    3.3000122070312727,
    3.2094665527343977,
    2.8019348144531477,
    2.3684326171875227,
    2.2000061035156477,
    2.3021789550781477,
    2.5030456542968977,
    2.8273864746093977,
    3.3000122070312727,
    4.170007324218773,
    5.390008544921898,
    6.540002441406273,
    7.200006103515648,
    7.400476074218773,
    7.509606933593773,
    7.613946533203148,
    7.800012207031273,
    8.075891113281273,
    8.371636962890648,
    8.656549072265648,
    8.899987792968773,
    9.066003417968773,
    9.171868896484398,
    9.266809082031273,
    9.399987792968773,
    9.710534667968773,
    10.159387207031273,
    10.528527832031273,
    10.600000000000023,
    10.450006103515648,
    10.300012207031273,
    10.149987792968773,
    9.999993896484398,
    9.850000000000023,
    9.700006103515648,
    9.550012207031273,
    9.399987792968773,
    8.978875732421898,
    8.201959228515648,
    7.349084472656273,
    6.700006103515648,
    6.357904052734398,
    6.149987792968773,
    5.942102050781273,
    5.600000000000023,
    4.941003417968773,
    4.063317871093773,
    3.2539611816406477,
    2.8000122070312727,
    2.6291442871093977,
    2.4749084472656477,
    2.3332153320312727,
    2.2000061035156477,
    2.0766845703125227,
    1.9598327636718977,
    1.8380676269531477,
    1.7000061035156477,
    1.4921203613281477,
    1.2039733886718977,
    0.8888488769531477,
    0.6000000000000227,
    0.41335449218752274,
    0.31020507812502274,
    0.20195922851564774,
    -6.1035156022626325e-06,
    -0.7735656738281023,
    -2.1510986328124773,
    -3.5530761718749773,
    -4.399999999999977
  ],
  "rewards": [
    4.120979222776403,
    4.115054529951921,
    4.041117961602322,
    3.9698265858460595,
    3.9077210109681286,
    3.853879691883962,
    3.805885754423257,
    3.7613691613823597,
    3.718646088801367,
    3.6765443842579115,
    3.634704109951898,
    3.592804602505684,
    3.5507493382320265,
    3.5086222347245086,
    3.466321936817887,
    3.423867874192122,
    3.381345204161528,
    3.338909506471877,
    3.296656541600873,
    3.254615599177828,
    3.2128832242638383,
    3.1714217349608016,
    3.1303298621997757,
    3.114743142649584,
    3.1671395712346357,
    3.2525262384582816,
    3.3178817418963207,
    3.324368238821675,
    3.289838607208853,
    3.249981652163019,
    3.2764469183702523,
    4.274051666222544,
    4.44044972028586,
    2.690900667089745,
    4.094725681070031,
    -41.72480219323633,
    -37.090078917589956,
    4.634926992370971,
    4.8569593520928285,
    4.952825131677092,
    -28.269798612612924,
    4.841766388586343,
    4.803505865973404,
    -7.2684408617851854,
    4.036512771032954,
    -3.176597903829912,
    3.1351116736702407,
    2.387734309413367,
    -0.024284338183387277,
    -0.06111761018632329,
    -2.302027502027044,
    2.5199040710424563,
    4.632119044499575,
    -1.456312987402006,
    -2.2489183638205454,
    -2.818385389666801,
    -3.2754535513145773,
    4.924105861149724,
    -6.611990305461661,
    -26.002623045718707,
    -26.99022505155288,
    -3.739615285301963,
    -0.010353363058531101,
    -4.712689363424539,
    -8.592499243431206,
    2.9122486393769704,
    2.131649596996914,
    -0.07453917849969173,
    -0.41280544272122416,
    2.1538855495513767,
    -0.5309606261505337,
    3.48399129496923,
    3.9236158901367575,
    4.0143428988429175,
    4.487149335552262,
    4.45345756768813,
    4.507729877677274,
    4.748654766966893,
    -7.127236019456162,
    -8.868342729767003,
    4.89427169579647,
    4.890000373343319,
    4.905189380663154,
    4.922092964569422,
    4.937377024069423,
    -23.02242868713361,
    4.9460277395254115,
    4.946078108618362,
    4.843354487866177,
    -3.732891698403591,
    4.6167992884997995,
    4.6002080631969005,
    -30.879819675612378,
    4.586621303892028,
    2.763829573990795
  ],