{
  "episode": 1275,
  "steps": 95,
  "actions": [
    23,
    23,
    23,
    23,
    15,
    14,
    23,
    20,
    22,
    22,
    22,
    12,
    22,
    22,
    23,
    14,
    22,
    6,
    23,
    20,
    22,
    13,
    21,
    23,
    12,
    20,
    14,
    13,
    12,
    15,
    22,
    14,
    22,
    22,
    22,
    20,
    13,
    21,
    12,
    20,
    22,
    21,
    14,
    14,
    14,
    12,
    9,
    2,
    3,
    3,
    1,
    0,
    1,
    1,
    2,
    1,
    2,
    8,
    0,
    3,
    1,
    22,
    8,
    11,
    3,
    0,
    12,
    1,
    3,
    1,
    20,
    21,
    5,
    14,
    7,
    12,
    20,
    22,
    13,
    13,
    12,
    22,
    13,
    6,
    7,
    5,
    22,
    23,
    13,
    20,
    12,
    22,
    14,
    14,
    20
  ],
  "temperatures": [
    21.111627197265648,
    21.104028320312523,
    21.062646484375023,
    21.024285888671898,
    20.531274414062523,
    20.474237060546898,
    20.916040039062523,
    20.905114746093773,
    20.888757324218773,
    20.871240234375023,
    20.853143310546898,
    20.347161865234398,
    20.799371337890648,
    20.789270019531273,
    20.773889160156273,
    20.256738281250023,
    20.722650146484398,
    19.395074462890648,
    20.655816650390648,
    20.661828613281273,
    20.653466796875023,
    20.121545410156273,
    20.609887695312523,
    20.614770507812523,
    20.121881103515648,
    20.660058593750023,
    20.194818115234398,
    20.178643798828148,
    20.152337646484398,
    20.125543212890648,
    20.650231933593773,
    20.777673339843773,
    21.286126708984398,
    21.391687011718773,
    21.469110107421898,
    21.530023193359398,
    21.282495117187523,
    21.677575683593773,
    21.610528564453148,
    22.128869628906273,
    22.390435791015648,
    22.631219482421898,
    22.814355468750023,
    23.096154785156273,
    23.393884277343773,
    23.682672119140648,
    19.915887451171898,
    21.304589843750023,
    21.605676269531273,
    21.866906738281273,
    22.106500244140648,
    22.339898681640648,
    22.567163085937523,
    22.773797607421898,
    22.938989257812523,
    23.054589843750023,
    23.136743164062523,
    21.595849609375023,
    23.126947021484398,
    23.173913574218773,
    23.151574707031273,
    24.912530517578148,
    21.449243164062523,
    21.191674804687523,
    22.334558105468773,
    22.099359130859398,
    24.324334716796898,
    21.785607910156273,
    21.534265136718773,
    21.357629394531273,
    23.691461181640648,
    23.186151123046898,
    23.144281005859398,
    22.986901855468773,
    22.853723144531273,
    22.791009521484398,
    22.752557373046898,
    22.678430175781273,
    22.526208496093773,
    22.445306396484398,
    22.371697998046898,
    22.425744628906273,
    22.238641357421898,
    21.942681884765648,
    21.830957031250023,
    21.723748779296898,
    22.111474609375023,
    22.060632324218773,
    21.782739257812523,
    21.942620849609398,
    21.644586181640648,
    21.823846435546898,
    21.454614257812523,
    21.319177246093773,
    21.535028076171898
  ],
  "outdoor_temps": [
    -6.1035156022626325e-06,
    -6.1035156022626325e-06,
    -6.1035156022626325e-06,
    -6.1035156022626325e-06,
    -6.1035156022626325e-06,
    -6.1035156022626325e-06,
    -6.1035156022626325e-06,
    -6.1035156022626325e-06,
    -6.1035156022626325e-06,
    -6.1035156022626325e-06,
    -6.1035156022626325e-06,
    -6.1035156022626325e-06,
    -6.1035156022626325e-06,
    -6.1035156022626325e-06,
    -6.1035156022626325e-06,
    -6.1035156022626325e-06,
    -6.1035156022626325e-06,
    -6.1035156022626325e-06,
    -6.1035156022626325e-06,
    -6.1035156022626325e-06,
    -6.1035156022626325e-06,
    -6.1035156022626325e-06,
    -6.1035156022626325e-06,
    0.48467407226564774,
    1.5674987792968977,
    2.6915527343750227,
    3.3000122070312727,
    3.2094665527343977,
    2.8019348144531477,
    2.3684326171875227,
    2.2000061035156477,
    2.3021789550781477,
    2.5030456542968977,
    2.8273864746093977,
    3.3000122070312727,
    4.170007324218773,
    5.390008544921898,
    6.540002441406273,
    7.200006103515648,
    7.400476074218773,
    7.509606933593773,
    7.613946533203148,
    7.800012207031273,
    8.075891113281273,
    8.371636962890648,
    8.656549072265648,
    8.899987792968773,
    9.066003417968773,
    9.171868896484398,
    9.266809082031273,
    9.399987792968773,
    9.710534667968773,
    10.159387207031273,
    10.528527832031273,
    10.600000000000023,
    10.450006103515648,
    10.300012207031273,
    10.149987792968773,
    9.999993896484398,
    9.850000000000023,
    9.700006103515648,
    9.550012207031273,
    9.399987792968773,
    8.978875732421898,
    8.201959228515648,
    7.349084472656273,
    6.700006103515648,
    6.357904052734398,
    6.149987792968773,
    5.942102050781273,
    5.600000000000023,
    4.941003417968773,
    4.063317871093773,
    3.2539611816406477,
    2.8000122070312727,
    2.6291442871093977,
    2.4749084472656477,
    2.3332153320312727,
    2.2000061035156477,
    2.0766845703125227,
    1.9598327636718977,
    1.8380676269531477,
    1.7000061035156477,
    1.4921203613281477,
    1.2039733886718977,
    0.8888488769531477,
    0.6000000000000227,
    0.41335449218752274,
    0.31020507812502274,
    0.20195922851564774,
    -6.1035156022626325e-06,
    -0.7735656738281023,
    -2.1510986328124773,
    -3.5530761718749773,
    -4.399999999999977
  ],
  "rewards": [
    4.963678053930402,
    4.9635631695538756,
    4.962818720653653,
    4.962127915933729,
    4.967531055390835,
    4.966805889642595,
    4.96017088669992,
    4.959981029346586,
    4.959689662626904,
    4.959375379346635,
    4.959050231241013,
    4.965217142206009,
    4.9580713286885745,
    4.957890873216416,
    4.957612148784425,
    4.9640687312223015,
    4.956674820368057,
    -0.9282027938585528,
    4.95544689446882,
    4.955561156585812,
    4.955409704617184,
    4.962337694268998,
    4.954610131022076,
    4.954703933209829,
    4.962350926551968,
    4.955547216225577,
    4.963298572312069,
    4.963090060972487,
    4.9627500141416885,
    4.962403605111105,
    4.955368874269335,
    4.97084398935395,
    4.967117736522918,
    4.969064308666017,
    4.97049140479448,
    4.971613299511697,
    4.977355768690776,
    4.974334280726055,
    4.981596945573292,
    4.982677361656142,
    4.987514425090473,
    4.9919673020768425,
    4.99718069662591,
    4.99921115296415,
    4.998054703571712,
    4.99693306120566,
    -0.02741157070902718,
    4.985930300860788,
    4.985261914949216,
    4.984682061594952,
    4.98415023140334,
    4.983632203861747,
    4.983128012944013,
    4.982669684216056,
    4.982303416058097,
    4.982047150652208,
    4.9818650572743755,
    4.973968560840286,
    4.981887101427855,
    4.981782904792577,
    4.9818323450508,
    -2.087604483031164,
    4.97453763077813,
    4.975537824751081,
    4.983645266197784,
    4.98416746549033,
    -0.2657320633381974,
    4.984864249728782,
    4.985422213598762,
    4.9858142971219905,
    4.994952912788515,
    4.997759106664877,
    4.999604839303247,
    4.999408332859855,
    4.998835333124613,
    4.996875846622917,
    4.994211900670243,
    4.9928424880122355,
    4.993452845465716,
    4.992406986430773,
    4.991455629244933,
    4.988176614333106,
    4.989736045401867,
    4.992107291371116,
    4.991282581007189,
    4.990491095943781,
    4.982375983277093,
    4.981438141726281,
    4.983846814759076,
    4.979260542031864,
    4.98206212640829,
    4.977067930985404,
    4.979606796603973,
    4.977855235361372,
    4.971731575910812
  ],