{
  "episode": 683,
  "steps": 95,
  "actions": [
    23,
    23,
    23,
    23,
    12,
    13,
    23,
    23,
    14,
    23,
    23,
    12,
    13,
    21,
    13,
    21,
    21,
    21,
    21,
    15,
    15,
    12,
    15,
    12,
    4,
    15,
    22,
    13,
    15,
    13,
    13,
    15,
    21,
    13,
    21,
    20,
    15,
    15,
    12,
    14,
    15,
    12,
    21,
    21,
    22,
    13,
    3,
    0,
    3,
    16,
    0,
    3,
    2,
    1,
    2,
    8,
    3,
    2,
    9,
    0,
    8,
    9,
    0,
    8,
    1,
    21,
    2,
    6,
    18,
    18,
    3,
    20,
    13,
    14,
    12,
    22,
    6,
    6,
    22,
    21,
    22,
    20,
    13,
    13,
    21,
    13,
    23,
    21,
    1,
    13,
    23,
    13,
    21,
    21,
    22
  ],
  "temperatures": [
    21.111627197265648,
    21.104028320312523,
    21.062646484375023,
    21.024285888671898,
    20.531274414062523,
    20.474237060546898,
    20.916040039062523,
    20.905114746093773,
    20.409539794921898,
    20.854486083984398,
    20.844506835937523,
    20.339990234375023,
    20.294458007812523,
    20.767694091796898,
    20.260797119140648,
    20.730462646484398,
    20.723748779296898,
    20.710717773437523,
    20.696069335937523,
    20.167321777343773,
    20.121942138671898,
    20.090692138671898,
    20.063562011718773,
    20.050469970703148,
    19.224206542968773,
    20.069726562500023,
    20.643731689453148,
    20.161492919921898,
    20.131280517578148,
    20.106225585937523,
    20.114801025390648,
    20.733331298828148,
    21.261346435546898,
    21.014947509765648,
    21.438714599609398,
    21.506585693359398,
    21.257989501953148,
    21.358270263671898,
    21.575616455078148,
    21.887567138671898,
    22.198022460937523,
    22.497949218750023,
    22.839715576171898,
    23.069848632812523,
    23.311456298828148,
    23.656945800781273,
    21.182214355468773,
    21.360070800781273,
    21.616571044921898,
    19.611230468750023,
    21.955957031250023,
    22.259790039062523,
    22.501214599609398,
    22.715325927734398,
    22.885125732421898,
    21.437371826171898,
    22.989892578125023,
    23.096307373046898,
    21.550592041015648,
    23.047998046875023,
    21.485070800781273,
    21.372583007812523,
    22.733453369140648,
    21.081842041015648,
    22.202508544921898,
    24.168481445312523,
    21.860498046875023,
    24.416162109375023,
    19.378106689453148,
    19.180749511718773,
    20.950280761718773,
    23.034478759765648,
    22.956292724609398,
    22.845025634765648,
    22.746087646484398,
    22.722772216796898,
    22.476434326171898,
    22.356500244140648,
    22.510308837890648,
    22.453424072265648,
    22.399255371093773,
    22.347558593750023,
    22.142999267578148,
    22.070825195312523,
    22.179376220703148,
    21.928735351562523,
    22.059899902343773,
    22.005517578125023,
    18.527398681640648,
    21.509729003906273,
    21.784631347656273,
    21.454278564453148,
    21.647546386718773,
    21.555413818359398,
    21.470849609375023
  ],
  "outdoor_temps": [
    -6.1035156022626325e-06,
    -6.1035156022626325e-06,
    -6.1035156022626325e-06,
    -6.1035156022626325e-06,
    -6.1035156022626325e-06,
    -6.1035156022626325e-06,
    -6.1035156022626325e-06,
    -6.1035156022626325e-06,
    -6.1035156022626325e-06,
    -6.1035156022626325e-06,
    -6.1035156022626325e-06,
    -6.1035156022626325e-06,
    -6.1035156022626325e-06,
    -6.1035156022626325e-06,
    -6.1035156022626325e-06,
    -6.1035156022626325e-06,
    -6.1035156022626325e-06,
    -6.1035156022626325e-06,
    -6.1035156022626325e-06,
    -6.1035156022626325e-06,
    -6.1035156022626325e-06,
    -6.1035156022626325e-06,
    -6.1035156022626325e-06,
    0.48467407226564774,
    1.5674987792968977,
    2.6915527343750227,
    3.3000122070312727,
    3.2094665527343977,
    2.8019348144531477,
    2.3684326171875227,
    2.2000061035156477,
    2.3021789550781477,
    2.5030456542968977,
    2.8273864746093977,
    3.3000122070312727,
    4.170007324218773,
    5.390008544921898,
    6.540002441406273,
    7.200006103515648,
    7.400476074218773,
    7.509606933593773,
    7.613946533203148,
    7.800012207031273,
    8.075891113281273,
    8.371636962890648,
    8.656549072265648,
    8.899987792968773,
    9.066003417968773,
    9.171868896484398,
    9.266809082031273,
    9.399987792968773,
    9.710534667968773,
    10.159387207031273,
    10.528527832031273,
    10.600000000000023,
    10.450006103515648,
    10.300012207031273,
    10.149987792968773,
    9.999993896484398,
    9.850000000000023,
    9.700006103515648,
    9.550012207031273,
    9.399987792968773,
    8.978875732421898,
    8.201959228515648,
    7.349084472656273,
    6.700006103515648,
    6.357904052734398,
    6.149987792968773,
    5.942102050781273,
    5.600000000000023,
    4.941003417968773,
    4.063317871093773,
    3.2539611816406477,
    2.8000122070312727,
    2.6291442871093977,
    2.4749084472656477,
    2.3332153320312727,
    2.2000061035156477,
    2.0766845703125227,
    1.9598327636718977,
    1.8380676269531477,
    1.7000061035156477,
    1.4921203613281477,
    1.2039733886718977,
    0.8888488769531477,
    0.6000000000000227,
    0.41335449218752274,
    0.31020507812502274,
    0.20195922851564774,
    -6.1035156022626325e-06,
    -0.7735656738281023,
    -2.1510986328124773,
    -3.5530761718749773,
    -4.399999999999977
  ],
  "rewards": [
    4.963678053930402,
    4.9635631695538756,
    4.962818720653653,
    4.962127915933729,
    4.967531105432659,
    4.966805889733298,
    4.960170729395489,
    4.959981029346586,
    4.966000847969204,
    4.959065444652801,
    4.958890350177884,
    4.965124380741268,
    4.964541354306204,
    4.957491753545145,
    4.964116503049336,
    4.956814674374202,
    4.95669516584342,
    4.95645855566924,
    4.9561911823458,
    4.96292514805933,
    4.962340229785799,
    4.961938506400942,
    4.961590141184789,
    4.961424233949541,
    -1.5186284448902416,
    4.961679054635213,
    4.9552470697935505,
    4.962868013482864,
    4.96247775919784,
    4.962154020107149,
    4.962264970615992,
    4.970270436481128,
    4.966659769016116,
    4.973904622246228,
    4.969929560658077,
    4.9711797400421425,
    4.977038484821986,
    4.978333407080529,
    4.981144902146219,
    4.985182829328043,
    4.989201435469901,
    4.993083999640106,
    4.995823705334378,
    4.998401167890705,
    4.997060542353146,
    4.9970329446386055,
    4.986202077419052,
    4.985807151717175,
    4.985237771499902,
    -0.391166198423979,
    4.984484352333877,
    4.983809998560697,
    4.983274395388592,
    4.982799478094377,
    4.982422947808776,
    4.9745833517567295,
    4.982190961734594,
    4.981955004257191,
    4.974144520904221,
    4.982062355189706,
    4.974398948106915,
    4.974835558057966,
    4.982759974508668,
    4.975964439067989,
    4.983938315407576,
    -0.07472548263181782,
    4.984697838251195,
    -0.4345816972970464,
    -0.9795418412702503,
    -1.6900444352418549,
    4.9867184751129345,
    4.998600274062756,
    4.999010893973481,
    4.997572384328136,
    4.996293986909901,
    4.993660282034589,
    4.996048025515254,
    4.99516230559916,
    4.989737045766867,
    4.9886865540969625,
    4.9876866801685615,
    4.986732350252892,
    4.988499332404655,
    4.987566876784453,
    4.98362815463219,
    4.98573186938902,
    4.981423482534031,
    4.98042035074532,
    -5.42532847361185,
    4.980318238287841,
    4.976343316074947,
    4.979602421052754,
    4.973811772104839,
    4.972109465212278,
    4.9705466063923165
  ],