{
  "episode": 1392,
  "steps": 95,
  "actions": [
    23,
    23,
    23,
    23,
    13,
    21,
    21,
    23,
    21,
    22,
    13,
    21,
    15,
    15,
    15,
    23,
    12,
    22,
    14,
    14,
    15,
    14,
    22,
    12,
    22,
    12,
    22,
    12,
    20,
    21,
    21,
    21,
    12,
    15,
    22,
    21,
    22,
    21,
    12,
    23,
    22,
    13,
    12,
    4,
    0,
    6,
    3,
    1,
    1,
    1,
    3,
    9,
    2,
    8,
    9,
    0,
    0,
    0,
    11,
    8,
    2,
    2,
    11,
    2,
    0,
    11,
    11,
    1,
    11,
    0,
    4,
    20,
    22,
    6,
    6,
    12,
    4,
    6,
    7,
    15,
    14,
    7,
    15,
    14,
    14,
    15,
    5,
    1,
    23,
    22,
    22,
    6,
    22,
    5,
    15
  ],
  "temperatures": [
    21.111627197265648,
    21.104028320312523,
    21.062646484375023,
    21.024285888671898,
    20.531274414062523,
    20.948846435546898,
    20.932794189453148,
    20.913690185546898,
    20.894586181640648,
    20.875543212890648,
    20.372521972656273,
    20.820825195312523,
    20.318048095703148,
    20.273706054687523,
    20.242028808593773,
    20.726159667968773,
    20.214654541015648,
    20.692193603515648,
    20.173669433593773,
    20.132836914062523,
    20.104028320312523,
    20.078210449218773,
    20.589654541015648,
    20.071893310546898,
    20.609918212890648,
    20.145135498046898,
    20.673242187500023,
    20.185388183593773,
    20.661187744140648,
    20.656823730468773,
    20.674310302734398,
    21.189202880859398,
    20.938287353515648,
    21.036035156250023,
    21.457940673828148,
    21.524072265625023,
    21.587640380859398,
    21.684136962890648,
    21.613610839843773,
    22.130029296875023,
    22.390771484375023,
    22.528771972656273,
    22.810083007812523,
    23.097802734375023,
    20.422509765625023,
    23.653405761718773,
    21.148400878906273,
    21.336602783203148,
    21.600854492187523,
    21.857934570312523,
    22.096032714843773,
    20.884240722656273,
    22.463769531250023,
    21.203424072265648,
    21.286065673828148,
    22.869470214843773,
    23.010644531250023,
    23.085382080078148,
    21.540582275390648,
    21.482690429687523,
    22.961419677734398,
    22.953515625000023,
    21.285516357421898,
    22.518914794921898,
    22.276391601562523,
    20.635614013671898,
    20.391198730468773,
    21.442437744140648,
    20.066339111328148,
    21.080957031250023,
    23.827508544921898,
    23.075402832031273,
    22.972802734375023,
    22.820581054687523,
    22.685998535156273,
    22.663415527343773,
    22.470330810546898,
    22.351770019531273,
    22.240594482421898,
    22.321374511718773,
    22.255456542968773,
    21.973046875000023,
    22.116510009765648,
    22.053521728515648,
    21.982080078125023,
    21.907464599609398,
    21.515588378906273,
    18.575524902343773,
    21.841485595703148,
    21.831811523437523,
    21.792474365234398,
    21.028070068359398,
    21.631341552734398,
    20.731286621093773,
    21.076348876953148
  ],
  "outdoor_temps": [
    -6.1035156022626325e-06,
    -6.1035156022626325e-06,
    -6.1035156022626325e-06,
    -6.1035156022626325e-06,
    -6.1035156022626325e-06,
    -6.1035156022626325e-06,
    -6.1035156022626325e-06,
    -6.1035156022626325e-06,
    -6.1035156022626325e-06,
    -6.1035156022626325e-06,
    -6.1035156022626325e-06,
    -6.1035156022626325e-06,
    -6.1035156022626325e-06,
    -6.1035156022626325e-06,
    -6.1035156022626325e-06,
    -6.1035156022626325e-06,
    -6.1035156022626325e-06,
    -6.1035156022626325e-06,
    -6.1035156022626325e-06,
    -6.1035156022626325e-06,
    -6.1035156022626325e-06,
    -6.1035156022626325e-06,
    -6.1035156022626325e-06,
    0.48467407226564774,
    1.5674987792968977,
    2.6915527343750227,
    3.3000122070312727,
    3.2094665527343977,
    2.8019348144531477,
    2.3684326171875227,
    2.2000061035156477,
    2.3021789550781477,
    2.5030456542968977,
    2.8273864746093977,
    3.3000122070312727,
    4.170007324218773,
    5.390008544921898,
    6.540002441406273,
    7.200006103515648,
    7.400476074218773,
    7.509606933593773,
    7.613946533203148,
    7.800012207031273,
    8.075891113281273,
    8.371636962890648,
    8.656549072265648,
    8.899987792968773,
    9.066003417968773,
    9.171868896484398,
    9.266809082031273,
    9.399987792968773,
    9.710534667968773,
    10.159387207031273,
    10.528527832031273,
    10.600000000000023,
    10.450006103515648,
    10.300012207031273,
    10.149987792968773,
    9.999993896484398,
    9.850000000000023,
    9.700006103515648,
    9.550012207031273,
    9.399987792968773,
    8.978875732421898,
    8.201959228515648,
    7.349084472656273,
    6.700006103515648,
    6.357904052734398,
    6.149987792968773,
    5.942102050781273,
    5.600000000000023,
    4.941003417968773,
    4.063317871093773,
    3.2539611816406477,
    2.8000122070312727,
    2.6291442871093977,
    2.4749084472656477,
    2.3332153320312727,
    2.2000061035156477,
    2.0766845703125227,
    1.9598327636718977,
    1.8380676269531477,
    1.7000061035156477,
    1.4921203613281477,
    1.2039733886718977,
    0.8888488769531477,
    0.6000000000000227,
    0.41335449218752274,
    0.31020507812502274,
    0.20195922851564774,
    -6.1035156022626325e-06,
    -0.7735656738281023,
    -2.1510986328124773,
    -3.5530761718749773,
    -4.399999999999977
  ],
  "rewards": [
    4.963678053930402,
    4.9635631695538756,
    4.962818720653653,
    4.962127915933729,
    4.967531119711697,
    4.960764066216091,
    4.960481196851187,
    4.9601397587961475,
    4.959797423198819,
    4.959455541581564,
    4.965538220506485,
    4.958460324045757,
    4.964846911479436,
    4.964278526342271,
    4.963873584306596,
    4.956735209422915,
    4.963528312597424,
    4.956115869570685,
    4.963004824024018,
    4.962478814148223,
    4.962108651422774,
    4.961777037418245,
    4.954236277525191,
    4.961701438527878,
    4.95461784868331,
    4.962654430967148,
    4.955792767096472,
    4.96317741165715,
    4.955571052123023,
    4.955490374735516,
    4.9558137597746175,
    4.965332422465734,
    4.972917204548321,
    4.974177476294501,
    4.970285067754595,
    4.971502999924446,
    4.972674542278699,
    4.974455691837098,
    4.981637044598065,
    4.982698847938491,
    4.987520805314183,
    4.993483297925766,
    4.997125087082872,
    4.999705505185922,
    4.987888555737779,
    4.99847218394652,
    4.986277131950564,
    4.985859244686592,
    4.985272606238399,
    4.984701929613624,
    4.98417345218328,
    4.976730291989673,
    4.983357497363473,
    4.975491161491074,
    4.975170676828565,
    4.982457998900796,
    4.982144899297506,
    4.981979256797582,
    4.974183348570019,
    4.974408292897207,
    4.982254322664083,
    4.982271765987672,
    4.97517353608767,
    4.983236011170012,
    4.983774348418512,
    4.977697779092938,
    4.978647352583868,
    4.985625823639495,
    4.979909508973036,
    4.986428297667926,
    4.9980863840542735,
    4.99837341700551,
    4.998277474514168,
    4.998589101609166,
    4.997595286881632,
    4.995225231340236,
    4.996003061883314,
    4.995127431514309,
    4.994306292450136,
    4.990804270891878,
    4.989952332413553,
    4.9923302383207435,
    4.988156745547834,
    4.987343113458513,
    4.9864205998413915,
    4.9854568794601315,
    4.988954132905959,
    -5.076818437652744,
    4.977391408990744,
    4.9772139987498525,
    4.976487638615395,
    4.985355962988312,
    4.973512360753572,
    4.983163385864671,
    4.974714665530007
  ],