{
  "episode": 1174,
  "steps": 95,
  "actions": [
    23,
    23,
    23,
    23,
    23,
    22,
    20,
    22,
    6,
    23,
    22,
    22,
    12,
    22,
    15,
    21,
    23,
    21,
    12,
    21,
    21,
    21,
    20,
    20,
    15,
    21,
    22,
    12,
    22,
    4,
    21,
    22,
    15,
    22,
    22,
    22,
    12,
    21,
    20,
    22,
    22,
    22,
    22,
    20,
    20,
    21,
    20,
    21,
    20,
    20,
    22,
    21,
    22,
    21,
    13,
    12,
    20,
    21,
    21,
    20,
    22,
    22,
    21,
    15,
    21,
    4,
    20,
    15,
    20,
    22,
    21,
    22,
    20,
    22,
    20,
    21,
    21,
    22,
    21,
    12,
    22,
    21,
    22,
    14,
    20,
    21,
    21,
    21,
    23,
    21,
    15,
    21,
    22,
    15,
    22
  ],
  "temperatures": [
    20.975762939453148,
    20.971978759765648,
    20.926324462890648,
    20.884027099609398,
    20.848413085937523,
    20.818383789062523,
    20.792230224609398,
    20.768457031250023,
    19.237756347656273,
    20.669915771484398,
    20.677484130859398,
    20.665063476562523,
    20.074426269531273,
    20.608758544921898,
    20.018243408203148,
    20.563195800781273,
    20.557458496093773,
    20.543298339843773,
    19.932000732421898,
    20.487054443359398,
    20.481347656250023,
    20.467919921875023,
    20.452905273437523,
    20.447930908203148,
    19.868676757812523,
    20.485559082031273,
    20.526696777343773,
    19.953363037109398,
    20.497827148437523,
    18.941247558593773,
    20.451959228515648,
    21.025231933593773,
    20.728204345703148,
    21.251763916015648,
    21.340509033203148,
    21.407220458984398,
    21.112634277343773,
    21.562677001953148,
    21.768182373046898,
    22.050469970703148,
    22.325921630859398,
    22.583795166015648,
    22.831231689453148,
    23.075219726562523,
    23.332208251953148,
    23.582421875000023,
    23.818109130859398,
    24.038049316406273,
    24.243463134765648,
    24.435906982421898,
    24.611932373046898,
    24.782739257812523,
    24.947717285156273,
    25.096673583984398,
    25.725396728515648,
    25.860040283203148,
    25.390069580078148,
    25.429467773437523,
    25.455163574218773,
    25.457482910156273,
    25.432916259765648,
    25.378625488281273,
    25.272454833984398,
    25.629327392578148,
    24.930383300781273,
    25.834863281250023,
    24.612237548828148,
    24.822412109375023,
    24.366998291015648,
    24.267297363281273,
    24.176843261718773,
    23.607171630859398,
    23.468469238281273,
    23.345239257812523,
    23.241632080078148,
    23.158441162109398,
    23.075341796875023,
    22.987115478515648,
    22.902307128906273,
    22.788568115234398,
    22.752252197265648,
    22.684686279296898,
    22.618402099609398,
    22.450311279296898,
    22.475701904296898,
    22.403558349609398,
    22.330773925781273,
    22.259149169921898,
    22.186822509765648,
    22.118096923828148,
    21.835870361328148,
    21.970880126953148,
    21.871575927734398,
    21.474664306640648,
    21.648461914062523
  ],
  "outdoor_temps": [
    -6.1035156022626325e-06,
    -6.1035156022626325e-06,
    -6.1035156022626325e-06,
    -6.1035156022626325e-06,
    -6.1035156022626325e-06,
    -6.1035156022626325e-06,
    -6.1035156022626325e-06,
    -6.1035156022626325e-06,
    -6.1035156022626325e-06,
    -6.1035156022626325e-06,
    -6.1035156022626325e-06,
    -6.1035156022626325e-06,
    -6.1035156022626325e-06,
    -6.1035156022626325e-06,
    -6.1035156022626325e-06,
    -6.1035156022626325e-06,
    -6.1035156022626325e-06,
    -6.1035156022626325e-06,
    -6.1035156022626325e-06,
    -6.1035156022626325e-06,
    -6.1035156022626325e-06,
    -6.1035156022626325e-06,
    -6.1035156022626325e-06,
    0.48467407226564774,
    1.5674987792968977,
    2.6915527343750227,
    3.3000122070312727,
    3.2094665527343977,
    2.8019348144531477,
    2.3684326171875227,
    2.2000061035156477,
    2.3021789550781477,
    2.5030456542968977,
    2.8273864746093977,
    3.3000122070312727,
    4.170007324218773,
    5.390008544921898,
    6.540002441406273,
    7.200006103515648,
    7.400476074218773,
    7.509606933593773,
    7.613946533203148,
    7.800012207031273,
    8.075891113281273,
    8.371636962890648,
    8.656549072265648,
    8.899987792968773,
    9.066003417968773,
    9.171868896484398,
    9.266809082031273,
    9.399987792968773,
    9.710534667968773,
    10.159387207031273,
    10.528527832031273,
    10.600000000000023,
    10.450006103515648,
    10.300012207031273,
    10.149987792968773,
    9.999993896484398,
    9.850000000000023,
    9.700006103515648,
    9.550012207031273,
    9.399987792968773,
    8.978875732421898,
    8.201959228515648,
    7.349084472656273,
    6.700006103515648,
    6.357904052734398,
    6.149987792968773,
    5.942102050781273,
    5.600000000000023,
    4.941003417968773,
    4.063317871093773,
    3.2539611816406477,
    2.8000122070312727,
    2.6291442871093977,
    2.4749084472656477,
    2.3332153320312727,
    2.2000061035156477,
    2.0766845703125227,
    1.9598327636718977,
    1.8380676269531477,
    1.7000061035156477,
    1.4921203613281477,
    1.2039733886718977,
    0.8888488769531477,
    0.6000000000000227,
    0.41335449218752274,
    0.31020507812502274,
    0.20195922851564774,
    -6.1035156022626325e-06,
    -0.7735656738281023,
    -2.1510986328124773,
    -3.5530761718749773,
    -4.399999999999977
  ],
  "rewards": [
    4.9077753899246455,
    4.9076752827316525,
    4.905702330842614,
    4.90387322165072,
    4.902335326448083,
    4.901042344346642,
    4.899916627131726,
    4.898892724147957,
    -0.5949781272845482,
    4.894570681812323,
    4.894930150285363,
    4.894400775157239,
    4.912824878603543,
    4.891937854040576,
    4.911190500170316,
    4.88994526590666,
    4.889701983601503,
    4.889085299745202,
    -0.027501075520460518,
    4.886607339132739,
    4.886361424595766,
    4.885773036152773,
    4.885115515858583,
    4.884903494945687,
    -0.0405807256261232,
    4.886589266913741,
    4.888418280751161,
    -0.02488107790765343,
    4.8871408245453365,
    -1.1359799681143838,
    4.885107772110597,
    4.910542370945863,
    4.932275338083829,
    4.920563180106489,
    4.924489376269604,
    4.927438709460523,
    4.943606777102079,
    4.934317705381823,
    4.943433015019349,
    4.955961334339302,
    4.968185660563733,
    4.979631736003186,
    4.990614990912701,
    4.997106308959748,
    4.993684028617066,
    4.990351812473458,
    4.9872133549756335,
    -0.005534316071351372,
    -0.06404467157210804,
    -0.19542600269714813,
    -0.38045836682717626,
    -0.6192464323115445,
    -0.9052828499966774,
    -1.2103035052266955,
    -2.9832291660377646,
    -3.4662838866594896,
    -1.9408803002423551,
    -2.0520960869575973,
    -2.1263044724160576,
    -2.1330676171475793,
    -2.061978499547684,
    -1.9091570737731824,
    -1.6273368717876395,
    -2.6607298483991846,
    -0.8726697901312848,
    -3.369892119473213,
    -0.38083222729845084,
    -0.680592636422332,
    -0.13986872189234506,
    -0.07629694260010172,
    -0.03582143870709539,
    4.990032745868615,
    4.9918788257468005,
    4.9935183807527235,
    4.994896654211308,
    4.996003439358395,
    4.997108626262001,
    4.997525635705046,
    4.993765372060563,
    4.993179365851633,
    4.987113487471057,
    4.984118092976834,
    4.981180450589113,
    4.983184986025418,
    4.97485797131515,
    4.9716623254930195,
    4.968437800080232,
    4.965264992386751,
    4.962061497837953,
    4.959018082395196,
    4.965040786125414,
    4.952495286124556,
    4.948093316227846,
    4.954368104845609,
    4.938200580733626
  ],