{
  "episode": 612,
  "steps": 95,
  "actions": [
    23,
    23,
    23,
    23,
    23,
    23,
    22,
    23,
    15,
    20,
    23,
    20,
    12,
    13,
    23,
    22,
    15,
    15,
    15,
    12,
    12,
    15,
    20,
    21,
    15,
    12,
    22,
    15,
    15,
    23,
    14,
    15,
    20,
    15,
    15,
    6,
    21,
    13,
    21,
    14,
    21,
    21,
    21,
    21,
    21,
    18,
    12,
    22,
    11,
    2,
    11,
    11,
    11,
    2,
    11,
    11,
    9,
    0,
    2,
    0,
    0,
    3,
    2,
    0,
    3,
    2,
    1,
    21,
    3,
    1,
    22,
    1,
    21,
    12,
    23,
    1,
    21,
    15,
    14,
    6,
    21,
    13,
    21,
    20,
    20,
    13,
    21,
    23,
    13,
    23,
    12,
    15,
    14,
    22,
    22
  ],
  "temperatures": [
    21.111627197265648,
    21.104028320312523,
    21.062646484375023,
    21.024285888671898,
    20.991937255859398,
    20.964624023437523,
    20.940820312500023,
    20.919122314453148,
    20.421472167968773,
    20.862176513671898,
    20.850762939453148,
    20.834344482421898,
    20.326196289062523,
    20.279321289062523,
    20.754022216796898,
    20.747521972656273,
    20.229516601562523,
    20.185296630859398,
    20.154290771484398,
    20.126855468750023,
    20.101403808593773,
    20.077294921875023,
    20.589746093750023,
    20.600488281250023,
    20.108728027343773,
    20.131127929687523,
    20.670587158203148,
    20.184167480468773,
    20.148797607421898,
    20.638238525390648,
    20.154809570312523,
    20.758508300781273,
    21.277917480468773,
    21.031671142578148,
    21.109185791015648,
    20.662652587890648,
    21.548638916015648,
    21.361596679687523,
    21.845025634765648,
    21.902307128906273,
    22.374383544921898,
    22.617944335937523,
    22.849816894531273,
    23.078240966796898,
    23.319696044921898,
    18.809564208984398,
    23.750634765625023,
    23.910516357421898,
    20.367150878906273,
    21.826013183593773,
    20.689385986328148,
    20.826654052734398,
    20.978326416015648,
    22.589532470703148,
    21.282495117187523,
    21.330438232421898,
    21.368463134765648,
    22.921929931640648,
    23.019006347656273,
    23.040429687500023,
    23.021356201171898,
    22.964379882812523,
    22.825433349609398,
    22.605859375000023,
    22.316583251953148,
    22.038385009765648,
    21.792657470703148,
    23.919915771484398,
    21.522058105468773,
    21.293542480468773,
    23.653588867187523,
    20.478112792968773,
    22.984277343750023,
    22.894616699218773,
    22.828668212890648,
    19.846551513671898,
    22.622491455078148,
    22.492303466796898,
    22.414971923828148,
    22.168634033203148,
    22.399255371093773,
    22.211297607421898,
    22.298455810546898,
    22.247705078125023,
    22.191613769531273,
    21.941156005859398,
    22.068994140625023,
    22.014184570312523,
    21.722039794921898,
    21.894708251953148,
    21.585229492187523,
    21.498498535156273,
    21.384332275390648,
    21.578637695312523,
    21.496331787109398
  ],
  "outdoor_temps": [
    -6.1035156022626325e-06,
    -6.1035156022626325e-06,
    -6.1035156022626325e-06,
    -6.1035156022626325e-06,
    -6.1035156022626325e-06,
    -6.1035156022626325e-06,
    -6.1035156022626325e-06,
    -6.1035156022626325e-06,
    -6.1035156022626325e-06,
    -6.1035156022626325e-06,
    -6.1035156022626325e-06,
    -6.1035156022626325e-06,
    -6.1035156022626325e-06,
    -6.1035156022626325e-06,
    -6.1035156022626325e-06,
    -6.1035156022626325e-06,
    -6.1035156022626325e-06,
    -6.1035156022626325e-06,
    -6.1035156022626325e-06,
    -6.1035156022626325e-06,
    -6.1035156022626325e-06,
    -6.1035156022626325e-06,
    -6.1035156022626325e-06,
    0.48467407226564774,
    1.5674987792968977,
    2.6915527343750227,
    3.3000122070312727,
    3.2094665527343977,
    2.8019348144531477,
    2.3684326171875227,
    2.2000061035156477,
    2.3021789550781477,
    2.5030456542968977,
    2.8273864746093977,
    3.3000122070312727,
    4.170007324218773,
    5.390008544921898,
    6.540002441406273,
    7.200006103515648,
    7.400476074218773,
    7.509606933593773,
    7.613946533203148,
    7.800012207031273,
    8.075891113281273,
    8.371636962890648,
    8.656549072265648,
    8.899987792968773,
    9.066003417968773,
    9.171868896484398,
    9.266809082031273,
    9.399987792968773,
    9.710534667968773,
    10.159387207031273,
    10.528527832031273,
    10.600000000000023,
    10.450006103515648,
    10.300012207031273,
    10.149987792968773,
    9.999993896484398,
    9.850000000000023,
    9.700006103515648,
    9.550012207031273,
    9.399987792968773,
    8.978875732421898,
    8.201959228515648,
    7.349084472656273,
    6.700006103515648,
    6.357904052734398,
    6.149987792968773,
    5.942102050781273,
    5.600000000000023,
    4.941003417968773,
    4.063317871093773,
    3.2539611816406477,
    2.8000122070312727,
    2.6291442871093977,
    2.4749084472656477,
    2.3332153320312727,
    2.2000061035156477,
    2.0766845703125227,
    1.9598327636718977,
    1.8380676269531477,
    1.7000061035156477,
    1.4921203613281477,
    1.2039733886718977,
    0.8888488769531477,
    0.6000000000000227,
    0.41335449218752274,
    0.31020507812502274,
    0.20195922851564774,
    -6.1035156022626325e-06,
    -0.7735656738281023,
    -2.1510986328124773,
    -3.5530761718749773,
    -4.399999999999977
  ],
  "rewards": [
    4.963678053930402,
    4.9635631695538756,
    4.962818720653653,
    4.962127915933729,
    4.961546352222562,
    4.961056741788983,
    4.960629737690091,
    4.960240631364609,
    4.966155318174511,
    4.959207619624941,
    4.959006239346188,
    4.958710702970624,
    4.964952222119045,
    4.964351385958654,
    4.957244872089961,
    4.957129794672132,
    4.963720576864059,
    4.963151812589524,
    4.962753930127977,
    4.962401384151338,
    4.962074555285437,
    4.961764989026053,
    4.954238123002259,
    4.954440332821529,
    4.962181131888829,
    4.962473317420839,
    4.955743214178992,
    4.963161397081192,
    4.96270444873607,
    4.955147105651705,
    4.962782408151775,
    4.970595931433951,
    4.9669661666925835,
    4.974121062195819,
    4.975120240512101,
    4.982640718034266,
    4.9719533500094775,
    4.978376431514226,
    4.9774286200967826,
    4.9853735843791585,
    4.98721753854013,
    4.99172198897665,
    4.996010246188097,
    4.998354641007907,
    4.997014968604497,
    -3.553930698099694,
    4.996669023299832,
    4.993736656148148,
    4.978738948207672,
    4.984772834681136,
    4.977487186338105,
    4.976954016812307,
    4.976365109212859,
    4.983078628085716,
    4.975184468771615,
    4.974998768694861,
    4.974851451046927,
    4.982342014818574,
    4.982126688886434,
    4.982079151193894,
    4.982121333409101,
    4.982247627902776,
    4.982555826229084,
    4.98304307452897,
    4.9836851524598895,
    4.984302768630016,
    4.98484839789132,
    4.993685307066563,
    4.9854492680474145,
    4.98595656327628,
    4.995163038160328,
    4.987771017726835,
    4.9984898826681565,
    4.998214061793588,
    4.995616530615998,
    -0.06427268883584185,
    4.991808488528852,
    4.993013566632472,
    4.9920140123728505,
    4.993774975784933,
    4.987686755361116,
    4.9893816307677845,
    4.985825947862605,
    4.984889244348459,
    4.983854110113304,
    4.9858921447498314,
    4.981591299411396,
    4.980580187053136,
    4.98306236699596,
    4.978375184175113,
    4.981295005831868,
    4.980173899658186,
    4.978698409235834,
    4.972538511340384,
    4.971016946100022
  ],