{
  "episode": 84,
  "steps": 95,
  "actions": [
    23,
    23,
    23,
    23,
    23,
    23,
    23,
    23,
    23,
    23,
    23,
    23,
    23,
    23,
    23,
    23,
    23,
    23,
    23,
    23,
    23,
    23,
    23,
    23,
    23,
    23,
    23,
    23,
    23,
    23,
    23,
    23,
    23,
    15,
    23,
    23,
    8,
    23,
    10,
    23,
    23,
    15,
    23,
    23,
    9,
    23,
    7,
    23,
    3,
    15,
    13,
    18,
    23,
    13,
    23,
    23,
    15,
    22,
    23,
    13,
    22,
    23,
    23,
    3,
    5,
    15,
    3,
    23,
    8,
    3,
    20,
    15,
    23,
    13,
    23,
    17,
    23,
    3,
    9,
    23,
    0,
    0,
    23,
    23,
    14,
    19,
    20,
    23,
    20,
    23,
    23,
    23,
    23,
    13,
    22
  ],
  "temperatures": [
    20.975762939453148,
    20.971978759765648,
    20.926324462890648,
    20.884027099609398,
    20.848413085937523,
    20.818383789062523,
    20.792230224609398,
    20.768457031250023,
    20.746057128906273,
    20.724359130859398,
    20.703149414062523,
    20.682244873046898,
    20.661584472656273,
    20.641198730468773,
    20.621026611328148,
    20.601068115234398,
    20.581353759765648,
    20.561944580078148,
    20.542871093750023,
    20.524133300781273,
    20.505761718750023,
    20.487725830078148,
    20.470056152343773,
    20.463403320312523,
    20.485864257812523,
    20.523187255859398,
    20.552392578125023,
    20.555322265625023,
    20.539788818359398,
    20.522058105468773,
    20.533807373046898,
    21.077111816406273,
    21.201745605468773,
    20.901391601562523,
    21.364984130859398,
    21.433557128906273,
    16.938806152343773,
    21.468652343750023,
    17.193292236328148,
    21.912530517578148,
    22.274133300781273,
    22.403619384765648,
    22.792230224609398,
    23.043969726562523,
    19.520623779296898,
    23.455346679687523,
    24.144555664062523,
    23.983392333984398,
    22.442376708984398,
    24.625024414062523,
    24.898828125000023,
    20.366357421875023,
    24.765740966796898,
    25.419213867187523,
    25.121148681640648,
    25.212518310546898,
    25.815576171875023,
    25.350030517578148,
    25.375787353515648,
    25.940576171875023,
    25.375787353515648,
    25.316156005859398,
    25.209436035156273,
    23.966973876953148,
    25.929071044921898,
    25.111047363281273,
    23.174096679687523,
    24.363458251953148,
    21.086083984375023,
    22.372338867187523,
    24.003198242187523,
    23.581719970703148,
    23.339349365234398,
    23.283258056640648,
    23.128289794921898,
    18.771783447265648,
    22.844689941406273,
    20.427148437500023,
    19.077783203125023,
    22.537713623046898,
    19.964776611328148,
    19.720880126953148,
    22.311181640625023,
    22.296289062500023,
    22.072686767578148,
    17.802423095703148,
    21.991265869140648,
    21.989190673828148,
    21.941033935546898,
    21.888543701171898,
    21.835809326171898,
    21.770715332031273,
    21.675561523437523,
    21.228906250000023,
    21.459985351562523
  ],
  "outdoor_temps": [
    -6.1035156022626325e-06,
    -6.1035156022626325e-06,
    -6.1035156022626325e-06,
    -6.1035156022626325e-06,
    -6.1035156022626325e-06,
    -6.1035156022626325e-06,
    -6.1035156022626325e-06,
    -6.1035156022626325e-06,
    -6.1035156022626325e-06,
    -6.1035156022626325e-06,
    -6.1035156022626325e-06,
    -6.1035156022626325e-06,
    -6.1035156022626325e-06,
    -6.1035156022626325e-06,
    -6.1035156022626325e-06,
    -6.1035156022626325e-06,
    -6.1035156022626325e-06,
    -6.1035156022626325e-06,
    -6.1035156022626325e-06,
    -6.1035156022626325e-06,
    -6.1035156022626325e-06,
    -6.1035156022626325e-06,
    -6.1035156022626325e-06,
    0.48467407226564774,
    1.5674987792968977,
    2.6915527343750227,
    3.3000122070312727,
    3.2094665527343977,
    2.8019348144531477,
    2.3684326171875227,
    2.2000061035156477,
    2.3021789550781477,
    2.5030456542968977,
    2.8273864746093977,
    3.3000122070312727,
    4.170007324218773,
    5.390008544921898,
    6.540002441406273,
    7.200006103515648,
    7.400476074218773,
    7.509606933593773,
    7.613946533203148,
    7.800012207031273,
    8.075891113281273,
    8.371636962890648,
    8.656549072265648,
    8.899987792968773,
    9.066003417968773,
    9.171868896484398,
    9.266809082031273,
    9.399987792968773,
    9.710534667968773,
    10.159387207031273,
    10.528527832031273,
    10.600000000000023,
    10.450006103515648,
    10.300012207031273,
    10.149987792968773,
    9.999993896484398,
    9.850000000000023,
    9.700006103515648,
    9.550012207031273,
    9.399987792968773,
    8.978875732421898,
    8.201959228515648,
    7.349084472656273,
    6.700006103515648,
    6.357904052734398,
    6.149987792968773,
    5.942102050781273,
    5.600000000000023,
    4.941003417968773,
    4.063317871093773,
    3.2539611816406477,
    2.8000122070312727,
    2.6291442871093977,
    2.4749084472656477,
    2.3332153320312727,
    2.2000061035156477,
    2.0766845703125227,
    1.9598327636718977,
    1.8380676269531477,
    1.7000061035156477,
    1.4921203613281477,
    1.2039733886718977,
    0.8888488769531477,
    0.6000000000000227,
    0.41335449218752274,
    0.31020507812502274,
    0.20195922851564774,
    -6.1035156022626325e-06,
    -0.7735656738281023,
    -2.1510986328124773,
    -3.5530761718749773,
    -4.399999999999977
  ],
  "rewards": [
    4.120979222776403,
    4.115054529951921,
    4.041117961602322,
    3.9698265858460595,
    3.9077210109681286,
    3.853879691883962,
    3.805885754423257,
    3.7613691613823597,
    3.718646088801367,
    3.6765443842579115,
    3.634704109951898,
    3.592804602505684,
    3.5507493382320265,
    3.5086222347245086,
    3.466321936817887,
    3.423867874192122,
    3.381345204161528,
    3.338909506471877,
    3.296656541600873,
    3.254615599177828,
    3.2128832242638383,
    3.1714217349608016,
    3.1303298621997757,
    3.114743142649584,
    3.1671395712346357,
    3.2525262384582816,
    3.3178817418963207,
    3.324368238821675,
    3.289838607208853,
    3.249981652163019,
    3.2764469183702523,
    4.274051666222544,
    4.440449787043063,
    4.032181803695895,
    4.623142103333777,
    4.687963920794447,
    -33.4317596899342,
    4.718396687251736,
    -29.699075855966335,
    4.94410056253288,
    4.909525910876682,
    4.859608360761762,
    4.518162223775641,
    4.180118004158103,
    -0.584723201449906,
    3.4035187458052083,
    -0.053534424654224554,
    2.0346282377656193,
    4.820121924248509,
    -0.9804323707213931,
    -2.0241312282582067,
    2.9250557616321196,
    -1.4724070475081288,
    -5.040975902192455,
    -3.1501278477382058,
    -3.6834975239822154,
    -8.247227330021767,
    -4.5649094975603575,
    -4.740516377907079,
    -9.421302283220214,
    -4.740516428596942,
    -4.3390075027158606,
    -3.664824550598997,
    2.058390072924018,
    -9.30656122699584,
    -3.0909372755125135,
    3.9297731906452587,
    -0.33542401584517295,
    4.318984430395098,
    4.863233047239672,
    -0.0039954114770115465,
    3.1179057799437073,
    3.6482047014727566,
    3.761868175947995,
    4.041626729114429,
    -3.784466501045832,
    4.4560828411076745,
    3.120468490119146,
    -2.135437114654895,
    4.760747741562418,
    -0.00862780645023631,
    -0.20002516731151002,
    4.894934301748861,
    4.901062614694228,
    4.968064655521882,
    -22.083307951538693,
    4.953331994221181,
    4.953210920521018,
    4.948559561492877,
    4.939525657125712,
    4.926287392945966,
    4.904193620346494,
    4.860459956452261,
    4.501166305504766,
    4.711133431640026
  ],