{
  "episode": 1938,
  "steps": 95,
  "actions": [
    23,
    23,
    23,
    23,
    21,
    13,
    20,
    21,
    23,
    20,
    23,
    23,
    23,
    22,
    0,
    15,
    13,
    23,
    22,
    21,
    23,
    23,
    5,
    6,
    22,
    4,
    13,
    13,
    13,
    20,
    23,
    23,
    23,
    22,
    21,
    23,
    13,
    23,
    23,
    23,
    23,
    23,
    21,
    6,
    23,
    11,
    23,
    14,
    22,
    22,
    22,
    22,
    21,
    23,
    21,
    23,
    21,
    13,
    23,
    22,
    23,
    23,
    23,
    23,
    23,
    22,
    12,
    13,
    23,
    20,
    13,
    23,
    22,
    23,
    23,
    23,
    23,
    13,
    23,
    23,
    22,
    23,
    23,
    22,
    22,
    21,
    6,
    23,
    13,
    14,
    23,
    23,
    23,
    6,
    23
  ],
  "temperatures": [
    20.975762939453148,
    20.971978759765648,
    20.926324462890648,
    20.884027099609398,
    20.848413085937523,
    20.273736572265648,
    20.771295166015648,
    20.758325195312523,
    20.739190673828148,
    20.719293212890648,
    20.699121093750023,
    20.678826904296898,
    20.658593750000023,
    20.638482666015648,
    16.455041503906273,
    19.778222656250023,
    19.863397216796898,
    20.473077392578148,
    20.482354736328148,
    20.476953125000023,
    20.466424560546898,
    20.453332519531273,
    18.814447021484398,
    18.615899658203148,
    20.360162353515648,
    18.835412597656273,
    19.799462890625023,
    19.833856201171898,
    19.820611572265648,
    20.413171386718773,
    20.449273681640648,
    21.002862548828148,
    21.135186767578148,
    21.241357421875023,
    21.322167968750023,
    21.386468505859398,
    21.086358642578148,
    21.540185546875023,
    21.745843505859398,
    22.028985595703148,
    22.306207275390648,
    22.564324951171898,
    22.812646484375023,
    23.042871093750023,
    23.310083007812523,
    19.886865234375023,
    23.694543457031273,
    24.172540283203148,
    24.182885742187523,
    24.379876708984398,
    24.559899902343773,
    24.733544921875023,
    24.900750732421898,
    25.051629638671898,
    25.172143554687523,
    25.259637451171898,
    25.325769042968773,
    25.927941894531273,
    25.419793701171898,
    25.418695068359398,
    25.394097900390648,
    25.340264892578148,
    25.234063720703148,
    25.077844238281273,
    24.879052734375023,
    24.697564697265648,
    24.917291259765648,
    24.774499511718773,
    24.322015380859398,
    24.224053955078148,
    24.413751220703148,
    23.572015380859398,
    23.431359863281273,
    23.308801269531273,
    23.206170654296898,
    23.124230957031273,
    23.041070556640648,
    22.946832275390648,
    22.868676757812523,
    22.791955566406273,
    22.721032714843773,
    22.653771972656273,
    22.588098144531273,
    22.520593261718773,
    22.449578857421898,
    22.376733398437523,
    21.909265136718773,
    22.221429443359398,
    21.962731933593773,
    21.870690917968773,
    22.014886474609398,
    21.944787597656273,
    21.844323730468773,
    21.003259277343773,
    21.609002685546898
  ],
  "outdoor_temps": [
    -6.1035156022626325e-06,
    -6.1035156022626325e-06,
    -6.1035156022626325e-06,
    -6.1035156022626325e-06,
    -6.1035156022626325e-06,
    -6.1035156022626325e-06,
    -6.1035156022626325e-06,
    -6.1035156022626325e-06,
    -6.1035156022626325e-06,
    -6.1035156022626325e-06,
    -6.1035156022626325e-06,
    -6.1035156022626325e-06,
    -6.1035156022626325e-06,
    -6.1035156022626325e-06,
    -6.1035156022626325e-06,
    -6.1035156022626325e-06,
    -6.1035156022626325e-06,
    -6.1035156022626325e-06,
    -6.1035156022626325e-06,
    -6.1035156022626325e-06,
    -6.1035156022626325e-06,
    -6.1035156022626325e-06,
    -6.1035156022626325e-06,
    0.48467407226564774,
    1.5674987792968977,
    2.6915527343750227,
    3.3000122070312727,
    3.2094665527343977,
    2.8019348144531477,
    2.3684326171875227,
    2.2000061035156477,
    2.3021789550781477,
    2.5030456542968977,
    2.8273864746093977,
    3.3000122070312727,
    4.170007324218773,
    5.390008544921898,
    6.540002441406273,
    7.200006103515648,
    7.400476074218773,
    7.509606933593773,
    7.613946533203148,
    7.800012207031273,
    8.075891113281273,
    8.371636962890648,
    8.656549072265648,
    8.899987792968773,
    9.066003417968773,
    9.171868896484398,
    9.266809082031273,
    9.399987792968773,
    9.710534667968773,
    10.159387207031273,
    10.528527832031273,
    10.600000000000023,
    10.450006103515648,
    10.300012207031273,
    10.149987792968773,
    9.999993896484398,
    9.850000000000023,
    9.700006103515648,
    9.550012207031273,
    9.399987792968773,
    8.978875732421898,
    8.201959228515648,
    7.349084472656273,
    6.700006103515648,
    6.357904052734398,
    6.149987792968773,
    5.942102050781273,
    5.600000000000023,
    4.941003417968773,
    4.063317871093773,
    3.2539611816406477,
    2.8000122070312727,
    2.6291442871093977,
    2.4749084472656477,
    2.3332153320312727,
    2.2000061035156477,
    2.0766845703125227,
    1.9598327636718977,
    1.8380676269531477,
    1.7000061035156477,
    1.4921203613281477,
    1.2039733886718977,
    0.8888488769531477,
    0.6000000000000227,
    0.41335449218752274,
    0.31020507812502274,
    0.20195922851564774,
    -6.1035156022626325e-06,
    -0.7735656738281023,
    -2.1510986328124773,
    -3.5530761718749773,
    -4.399999999999977
  ],
  "rewards": [
    4.9077753899246455,
    4.9076752827316525,
    4.905702330842614,
    4.90387322165072,
    4.902335364595055,
    4.918564491131059,
    4.898985173400978,
    4.898442113033455,
    4.8976215526170055,
    4.896763837113976,
    4.895891024700325,
    4.895012643113732,
    4.89413367010653,
    4.893257272019983,
    -12.568367273761407,
    -0.07320673149078076,
    -0.04204928245880708,
    4.885968472432832,
    4.886390530839562,
    4.886158625804211,
    4.88569918361371,
    4.885125472322106,
    -1.4210337337245624,
    -1.9319639718282906,
    4.881020285846747,
    -1.3716797564463645,
    -0.06405920428911364,
    -0.051193088519824806,
    -0.0558672743322975,
    4.883386895355323,
    4.88498892509095,
    4.9095501778274775,
    4.915404965654016,
    4.9201021835953,
    4.923676154338147,
    4.926517111927919,
    4.942828717194498,
    4.933318969902137,
    4.942442214265466,
    4.955007684007287,
    4.967311539426446,
    4.978767916932702,
    4.989790037646889,
    4.999739914968327,
    4.993978614570654,
    -0.023831761293108086,
    4.988858664978458,
    -0.03255946978927443,
    -0.0380160014137061,
    -0.14953088657527297,
    -0.31931177941679917,
    -0.5444901312661244,
    -0.8183103709069044,
    -1.1133855419525465,
    -1.3817821616679964,
    -1.594839278377002,
    -1.7660363753885633,
    -3.7236445099780324,
    -2.024499881159093,
    -2.021377819292312,
    -1.952109221979715,
    -1.8047311906144632,
    -1.5309810338542427,
    -1.1692958905548347,
    -0.7796195179969472,
    -0.4928780497238357,
    -0.8458648191911139,
    -0.6039741179234012,
    -0.10872514594671688,
    -0.05490522872657603,
    -0.17451407431910157,
    4.990500611957649,
    4.992372834458947,
    4.994003283404138,
    4.995368685796857,
    4.996458701118827,
    4.9975649509206415,
    4.99785721855238,
    4.992274419364074,
    4.988873370066285,
    4.985729404464364,
    4.982747189723279,
    4.979837265983224,
    4.976846184507012,
    4.973700363360669,
    4.970473303519513,
    4.983808569799825,
    4.963593902351415,
    4.968786065541208,
    4.9660687803072125,
    4.954443928842311,
    4.951339118257165,
    4.946886083856225,
    4.970431861872785,
    4.936451108219183
  ],