{
  "episode": 1646,
  "steps": 95,
  "actions": [
    23,
    23,
    23,
    23,
    20,
    22,
    13,
    20,
    21,
    20,
    12,
    13,
    12,
    13,
    21,
    15,
    21,
    13,
    14,
    14,
    20,
    20,
    14,
    20,
    13,
    15,
    13,
    20,
    15,
    22,
    15,
    15,
    14,
    20,
    21,
    15,
    20,
    13,
    13,
    21,
    20,
    21,
    14,
    13,
    4,
    22,
    21,
    12,
    21,
    9,
    0,
    0,
    3,
    3,
    2,
    10,
    0,
    16,
    3,
    0,
    9,
    3,
    10,
    9,
    1,
    10,
    0,
    2,
    0,
    19,
    5,
    15,
    13,
    22,
    12,
    13,
    7,
    7,
    6,
    13,
    7,
    14,
    13,
    14,
    6,
    20,
    20,
    6,
    20,
    5,
    20,
    20,
    14,
    4,
    15
  ],
  "temperatures": [
    21.111627197265648,
    21.104028320312523,
    21.062646484375023,
    21.024285888671898,
    20.991937255859398,
    20.964624023437523,
    20.470788574218773,
    20.902825927734398,
    20.890313720703148,
    20.873132324218773,
    20.370690917968773,
    20.323571777343773,
    20.290277099609398,
    20.260705566406273,
    20.743127441406273,
    20.234643554687523,
    20.709466552734398,
    20.193597412109398,
    20.152581787109398,
    20.123590087890648,
    20.626763916015648,
    20.625360107421898,
    20.091424560546898,
    20.595727539062523,
    20.107354736328148,
    20.130212402343773,
    20.156427001953148,
    20.667352294921898,
    20.161737060546898,
    20.640740966796898,
    20.155999755859398,
    20.758691406250023,
    20.898553466796898,
    21.370965576171898,
    21.455072021484398,
    21.193841552734398,
    21.571282958984398,
    21.377404785156273,
    21.588281250000023,
    22.116784667968773,
    22.380914306640648,
    22.622155761718773,
    22.804071044921898,
    23.085656738281273,
    23.470086669921898,
    23.559899902343773,
    23.779595947265648,
    24.190789794921898,
    24.182305908203148,
    20.697076416015648,
    22.186822509765648,
    22.437036132812523,
    22.656732177734398,
    22.857385253906273,
    23.018121337890648,
    21.542687988281273,
    23.110284423828148,
    20.557977294921898,
    23.084680175781273,
    23.166406250000023,
    21.556481933593773,
    22.999505615234398,
    21.353417968750023,
    21.128015136718773,
    22.272576904296898,
    20.667108154296898,
    21.731896972656273,
    21.565423583984398,
    21.393212890625023,
    19.195428466796898,
    23.792138671875023,
    23.135339355468773,
    23.007867431640648,
    22.905633544921898,
    22.787377929687523,
    22.703302001953148,
    22.519342041015648,
    22.400598144531273,
    22.288842773437523,
    22.358209228515648,
    22.103082275390648,
    22.217401123046898,
    22.155816650390648,
    22.088159179687523,
    21.750695800781273,
    22.125177001953148,
    22.073602294921898,
    21.476708984375023,
    21.945458984375023,
    21.285577392578148,
    21.831109619140648,
    21.778649902343773,
    21.398004150390648,
    20.790032958984398,
    21.126916503906273
  ],
  "outdoor_temps": [
    -6.1035156022626325e-06,
    -6.1035156022626325e-06,
    -6.1035156022626325e-06,
    -6.1035156022626325e-06,
    -6.1035156022626325e-06,
    -6.1035156022626325e-06,
    -6.1035156022626325e-06,
    -6.1035156022626325e-06,
    -6.1035156022626325e-06,
    -6.1035156022626325e-06,
    -6.1035156022626325e-06,
    -6.1035156022626325e-06,
    -6.1035156022626325e-06,
    -6.1035156022626325e-06,
    -6.1035156022626325e-06,
    -6.1035156022626325e-06,
    -6.1035156022626325e-06,
    -6.1035156022626325e-06,
    -6.1035156022626325e-06,
    -6.1035156022626325e-06,
    -6.1035156022626325e-06,
    -6.1035156022626325e-06,
    -6.1035156022626325e-06,
    0.48467407226564774,
    1.5674987792968977,
    2.6915527343750227,
    3.3000122070312727,
    3.2094665527343977,
    2.8019348144531477,
    2.3684326171875227,
    2.2000061035156477,
    2.3021789550781477,
    2.5030456542968977,
    2.8273864746093977,
    3.3000122070312727,
    4.170007324218773,
    5.390008544921898,
    6.540002441406273,
    7.200006103515648,
    7.400476074218773,
    7.509606933593773,
    7.613946533203148,
    7.800012207031273,
    8.075891113281273,
    8.371636962890648,
    8.656549072265648,
    8.899987792968773,
    9.066003417968773,
    9.171868896484398,
    9.266809082031273,
    9.399987792968773,
    9.710534667968773,
    10.159387207031273,
    10.528527832031273,
    10.600000000000023,
    10.450006103515648,
    10.300012207031273,
    10.149987792968773,
    9.999993896484398,
    9.850000000000023,
    9.700006103515648,
    9.550012207031273,
    9.399987792968773,
    8.978875732421898,
    8.201959228515648,
    7.349084472656273,
    6.700006103515648,
    6.357904052734398,
    6.149987792968773,
    5.942102050781273,
    5.600000000000023,
    4.941003417968773,
    4.063317871093773,
    3.2539611816406477,
    2.8000122070312727,
    2.6291442871093977,
    2.4749084472656477,
    2.3332153320312727,
    2.2000061035156477,
    2.0766845703125227,
    1.9598327636718977,
    1.8380676269531477,
    1.7000061035156477,
    1.4921203613281477,
    1.2039733886718977,
    0.8888488769531477,
    0.6000000000000227,
    0.41335449218752274,
    0.31020507812502274,
    0.20195922851564774,
    -6.1035156022626325e-06,
    -0.7735656738281023,
    -2.1510986328124773,
    -3.5530761718749773,
    -4.399999999999977
  ],
  "rewards": [
    4.963678053930402,
    4.9635631695538756,
    4.962818720653653,
    4.962127915933729,
    4.961546352222562,
    4.961056745222729,
    4.966773542266663,
    4.959938968655208,
    4.959718201330822,
    4.959410580605916,
    4.96551448465414,
    4.964911649353964,
    4.964487334564814,
    4.964110258944494,
    4.95704323076878,
    4.963782750417195,
    4.956430918174593,
    4.963259365607701,
    4.962731614187846,
    4.962359130405699,
    4.954915802662139,
    4.954892724922818,
    4.9619507765872,
    4.9543520309374385,
    4.962163218270015,
    4.962461268976817,
    4.962802063262819,
    4.955684566732982,
    4.962871707688045,
    4.955193171697466,
    4.962797864776428,
    4.9705985135201205,
    4.972402787244676,
    4.9686811425135184,
    4.9702315379893,
    4.976212164212666,
    4.972371858554689,
    4.978581212769222,
    4.981309105232844,
    4.982453811999896,
    4.987338577718191,
    4.991800183377188,
    4.997047227446638,
    4.9992519370698085,
    4.998879197128603,
    4.995682113541857,
    4.994462975971724,
    -0.09349245802995527,
    -0.0868877812324542,
    4.9774574459089855,
    4.983971948533441,
    4.983416638303548,
    4.982929186154157,
    4.982484148663509,
    4.982127781433094,
    4.974174373890556,
    4.981923786855748,
    4.96795265109837,
    4.981980912549827,
    4.981799580973614,
    4.974121564779431,
    4.982169656073796,
    4.974909823087085,
    4.97578512795966,
    4.983782849221612,
    4.977575525790129,
    4.984983211017659,
    4.9853528481014076,
    4.9857352390096565,
    -1.630495140958486,
    4.998164868752108,
    4.999061924306433,
    4.999556424312208,
    4.997037670065204,
    4.996828034472044,
    4.995741413064462,
    4.996365275606999,
    4.995488209588858,
    4.994662783457372,
    4.991280675074166,
    4.993290912658463,
    4.989460783688757,
    4.988664923929488,
    4.98779121227611,
    4.990689473845874,
    4.982628345193422,
    4.981676708034199,
    4.988667470897507,
    4.979311675729311,
    4.987257139469456,
    4.977201703468095,
    4.9762328626429255,
    4.978875066648197,
    4.983597461989959,
    4.975368645327733
  ],