{
  "episode": 935,
  "steps": 95,
  "actions": [
    23,
    23,
    23,
    23,
    21,
    15,
    21,
    12,
    12,
    15,
    12,
    13,
    15,
    15,
    12,
    12,
    12,
    12,
    12,
    21,
    20,
    12,
    12,
    6,
    21,
    20,
    14,
    12,
    22,
    21,
    21,
    13,
    20,
    15,
    12,
    21,
    15,
    20,
    21,
    15,
    12,
    21,
    20,
    4,
    12,
    21,
    12,
    21,
    3,
    23,
    3,
    2,
    0,
    18,
    0,
    9,
    8,
    11,
    0,
    11,
    0,
    3,
    0,
    10,
    0,
    10,
    1,
    0,
    9,
    8,
    15,
    13,
    13,
    0,
    1,
    21,
    12,
    22,
    7,
    15,
    20,
    13,
    12,
    12,
    20,
    13,
    13,
    21,
    13,
    21,
    21,
    22,
    12,
    12,
    12
  ],
  "temperatures": [
    21.111627197265648,
    21.104028320312523,
    21.062646484375023,
    21.024285888671898,
    20.991937255859398,
    20.498834228515648,
    20.924737548828148,
    20.435327148437523,
    20.389245605468773,
    20.356408691406273,
    20.326898193359398,
    20.299188232421898,
    20.272637939453148,
    20.246820068359398,
    20.221582031250023,
    20.196771240234398,
    20.172357177734398,
    20.148339843750023,
    20.124780273437523,
    20.630517578125023,
    20.630456542968773,
    20.098199462890648,
    20.057458496093773,
    19.183190917968773,
    20.565972900390648,
    20.630487060546898,
    20.161920166015648,
    20.148736572265648,
    20.640771484375023,
    20.639428710937523,
    20.658685302734398,
    20.774926757812523,
    21.279168701171898,
    21.028894042968773,
    21.104028320312523,
    21.500726318359398,
    21.255426025390648,
    21.657678222656273,
    21.852685546875023,
    21.905023193359398,
    22.206201171875023,
    22.613671875000023,
    22.847070312500023,
    23.080712890625023,
    23.375360107421898,
    23.551812744140648,
    23.931695556640648,
    23.981896972656273,
    21.842004394531273,
    24.295465087890648,
    22.346856689453148,
    22.490411376953148,
    22.693017578125023,
    20.326928710937523,
    22.875573730468773,
    21.488702392578148,
    21.504052734375023,
    21.517175292968773,
    23.070611572265648,
    21.544488525390648,
    23.021844482421898,
    23.012445068359398,
    22.882897949218773,
    21.164605712890648,
    22.290795898437523,
    20.675164794921898,
    21.737237548828148,
    21.568078613281273,
    20.139276123046898,
    19.962701416015648,
    23.690698242187523,
    23.130303955078148,
    23.003808593750023,
    20.072595214843773,
    19.794091796875023,
    22.640435791015648,
    22.526269531250023,
    22.547357177734398,
    22.216333007812523,
    22.299035644531273,
    22.372216796875023,
    22.177423095703148,
    22.111077880859398,
    22.043847656250023,
    22.159509277343773,
    21.905694580078148,
    21.826531982421898,
    21.982415771484398,
    21.687738037109398,
    21.868798828125023,
    21.821527099609398,
    21.760797119140648,
    21.374353027343773,
    21.237725830078148,
    21.121759033203148
  ],
  "outdoor_temps": [
    -6.1035156022626325e-06,
    -6.1035156022626325e-06,
    -6.1035156022626325e-06,
    -6.1035156022626325e-06,
    -6.1035156022626325e-06,
    -6.1035156022626325e-06,
    -6.1035156022626325e-06,
    -6.1035156022626325e-06,
    -6.1035156022626325e-06,
    -6.1035156022626325e-06,
    -6.1035156022626325e-06,
    -6.1035156022626325e-06,
    -6.1035156022626325e-06,
    -6.1035156022626325e-06,
    -6.1035156022626325e-06,
    -6.1035156022626325e-06,
    -6.1035156022626325e-06,
    -6.1035156022626325e-06,
    -6.1035156022626325e-06,
    -6.1035156022626325e-06,
    -6.1035156022626325e-06,
    -6.1035156022626325e-06,
    -6.1035156022626325e-06,
    0.48467407226564774,
    1.5674987792968977,
    2.6915527343750227,
    3.3000122070312727,
    3.2094665527343977,
    2.8019348144531477,
    2.3684326171875227,
    2.2000061035156477,
    2.3021789550781477,
    2.5030456542968977,
    2.8273864746093977,
    3.3000122070312727,
    4.170007324218773,
    5.390008544921898,
    6.540002441406273,
    7.200006103515648,
    7.400476074218773,
    7.509606933593773,
    7.613946533203148,
    7.800012207031273,
    8.075891113281273,
    8.371636962890648,
    8.656549072265648,
    8.899987792968773,
    9.066003417968773,
    9.171868896484398,
    9.266809082031273,
    9.399987792968773,
    9.710534667968773,
    10.159387207031273,
    10.528527832031273,
    10.600000000000023,
    10.450006103515648,
    10.300012207031273,
    10.149987792968773,
    9.999993896484398,
    9.850000000000023,
    9.700006103515648,
    9.550012207031273,
    9.399987792968773,
    8.978875732421898,
    8.201959228515648,
    7.349084472656273,
    6.700006103515648,
    6.357904052734398,
    6.149987792968773,
    5.942102050781273,
    5.600000000000023,
    4.941003417968773,
    4.063317871093773,
    3.2539611816406477,
    2.8000122070312727,
    2.6291442871093977,
    2.4749084472656477,
    2.3332153320312727,
    2.2000061035156477,
    2.0766845703125227,
    1.9598327636718977,
    1.8380676269531477,
    1.7000061035156477,
    1.4921203613281477,
    1.2039733886718977,
    0.8888488769531477,
    0.6000000000000227,
    0.41335449218752274,
    0.31020507812502274,
    0.20195922851564774,
    -6.1035156022626325e-06,
    -0.7735656738281023,
    -2.1510986328124773,
    -3.5530761718749773,
    -4.399999999999977
  ],
  "rewards": [
    4.963678053930402,
    4.9635631695538756,
    4.962818720653653,
    4.962127915933729,
    4.961546359375119,
    4.967124904443226,
    4.960331855016558,
    4.966325044681034,
    4.965737737544043,
    4.965321269162161,
    4.9649472833040935,
    4.9645960892515015,
    4.964258738831171,
    4.963930547273515,
    4.963608932531236,
    4.963292467720969,
    4.962980616219504,
    4.962673585541708,
    4.962371826298696,
    4.9549822786340245,
    4.954984138221197,
    4.96203542710371,
    4.961511062510473,
    -1.6820852797429322,
    4.953806033434427,
    4.955000889510564,
    4.962872866402339,
    4.962703307890211,
    4.9551935794839395,
    4.955169250034119,
    4.955525415152959,
    4.97080835168501,
    4.966989162203411,
    4.974085049043369,
    4.975053467786668,
    4.9710718169698245,
    4.977005432893239,
    4.973966113525241,
    4.977570471337955,
    4.985408858109913,
    4.9893073451880205,
    4.991642916191531,
    4.995959807694606,
    4.9997434471090845,
    4.99812670713906,
    4.995727023098779,
    4.995965801228485,
    4.993340588200999,
    4.98473741513928,
    -0.22236220117937083,
    4.9836167847402395,
    4.983298161548603,
    4.982848710934915,
    4.969232685282827,
    4.982444162259121,
    4.974384002864361,
    4.974324847593094,
    4.974274096609296,
    4.982012154959304,
    4.974168249521404,
    4.982120233677489,
    4.982140924263746,
    4.982428314012516,
    4.975642965588719,
    4.983742410398533,
    4.977544238720089,
    4.984971386946252,
    4.985346999093566,
    4.979626260552555,
    -0.013292157654524793,
    4.996902522565068,
    4.9990814466018065,
    4.999572135578105,
    4.988672915846595,
    -0.11134421255809708,
    4.992138824920778,
    4.993452021975719,
    4.990420745302154,
    4.994127019806157,
    4.990515333502027,
    4.987186814742891,
    4.988943822692107,
    4.988086544052252,
    4.98721826387213,
    4.9832613554486755,
    4.9854338535768505,
    4.984411378577838,
    4.979993205305675,
    4.982618804649166,
    4.977896905180553,
    4.977024577469281,
    4.9759033729738515,
    4.978569269877251,
    4.976802284248335,
    4.975302069313986
  ],