{
  "episode": 83,
  "steps": 95,
  "actions": [
    23,
    23,
    23,
    23,
    23,
    23,
    23,
    23,
    23,
    23,
    23,
    23,
    23,
    23,
    23,
    23,
    23,
    23,
    23,
    23,
    23,
    23,
    23,
    23,
    23,
    23,
    23,
    23,
    23,
    23,
    23,
    23,
    6,
    23,
    23,
    14,
    18,
    15,
    19,
    18,
    21,
    7,
    16,
    23,
    11,
    21,
    23,
    8,
    1,
    17,
    23,
    23,
    15,
    21,
    18,
    23,
    20,
    12,
    23,
    14,
    14,
    23,
    23,
    20,
    23,
    23,
    23,
    12,
    0,
    12,
    15,
    15,
    23,
    1,
    20,
    21,
    21,
    23,
    23,
    6,
    18,
    23,
    23,
    3,
    22,
    18,
    23,
    23,
    23,
    23,
    23,
    23,
    23,
    15,
    18
  ],
  "temperatures": [
    20.975762939453148,
    20.971978759765648,
    20.926324462890648,
    20.884027099609398,
    20.848413085937523,
    20.818383789062523,
    20.792230224609398,
    20.768457031250023,
    20.746057128906273,
    20.724359130859398,
    20.703149414062523,
    20.682244873046898,
    20.661584472656273,
    20.641198730468773,
    20.621026611328148,
    20.601068115234398,
    20.581353759765648,
    20.561944580078148,
    20.542871093750023,
    20.524133300781273,
    20.505761718750023,
    20.487725830078148,
    20.470056152343773,
    20.463403320312523,
    20.485864257812523,
    20.523187255859398,
    20.552392578125023,
    20.555322265625023,
    20.539788818359398,
    20.522058105468773,
    20.533807373046898,
    21.077111816406273,
    20.101007080078148,
    21.263055419921898,
    21.359063720703148,
    21.054132080078148,
    16.504479980468773,
    21.005761718750023,
    16.700860595703148,
    16.857080078125023,
    22.132073974609398,
    22.043511962890648,
    17.920129394531273,
    22.857781982421898,
    19.360284423828148,
    23.354425048828148,
    23.650201416015648,
    20.353723144531273,
    22.014062500000023,
    19.762170410156273,
    24.285058593750023,
    24.529473876953148,
    25.109490966796898,
    24.900354003906273,
    20.700067138671898,
    24.990686035156273,
    25.117181396484398,
    25.693963623046898,
    25.243218994140648,
    25.779138183593773,
    25.785974121093773,
    25.214105224609398,
    25.103814697265648,
    24.948480224609398,
    24.751184082031273,
    24.572198486328148,
    24.420312500000023,
    24.616662597656273,
    22.622918701171898,
    24.315393066406273,
    24.265008544921898,
    23.561273193359398,
    23.309991455078148,
    21.059197998046898,
    23.040063476562523,
    22.984429931640648,
    22.904748535156273,
    22.821191406250023,
    22.741326904296898,
    22.485955810546898,
    18.267175292968773,
    22.409814453125023,
    22.402917480468773,
    19.675439453125023,
    22.218316650390648,
    17.809808349609398,
    21.999597167968773,
    21.998803710937523,
    21.951074218750023,
    21.898614501953148,
    21.845788574218773,
    21.780267333984398,
    21.684716796875023,
    21.239068603515648,
    17.041986083984398
  ],
  "outdoor_temps": [
    -6.1035156022626325e-06,
    -6.1035156022626325e-06,
    -6.1035156022626325e-06,
    -6.1035156022626325e-06,
    -6.1035156022626325e-06,
    -6.1035156022626325e-06,
    -6.1035156022626325e-06,
    -6.1035156022626325e-06,
    -6.1035156022626325e-06,
    -6.1035156022626325e-06,
    -6.1035156022626325e-06,
    -6.1035156022626325e-06,
    -6.1035156022626325e-06,
    -6.1035156022626325e-06,
    -6.1035156022626325e-06,
    -6.1035156022626325e-06,
    -6.1035156022626325e-06,
    -6.1035156022626325e-06,
    -6.1035156022626325e-06,
    -6.1035156022626325e-06,
    -6.1035156022626325e-06,
    -6.1035156022626325e-06,
    -6.1035156022626325e-06,
    0.48467407226564774,
    1.5674987792968977,
    2.6915527343750227,
    3.3000122070312727,
    3.2094665527343977,
    2.8019348144531477,
    2.3684326171875227,
    2.2000061035156477,
    2.3021789550781477,
    2.5030456542968977,
    2.8273864746093977,
    3.3000122070312727,
    4.170007324218773,
    5.390008544921898,
    6.540002441406273,
    7.200006103515648,
    7.400476074218773,
    7.509606933593773,
    7.613946533203148,
    7.800012207031273,
    8.075891113281273,
    8.371636962890648,
    8.656549072265648,
    8.899987792968773,
    9.066003417968773,
    9.171868896484398,
    9.266809082031273,
    9.399987792968773,
    9.710534667968773,
    10.159387207031273,
    10.528527832031273,
    10.600000000000023,
    10.450006103515648,
    10.300012207031273,
    10.149987792968773,
    9.999993896484398,
    9.850000000000023,
    9.700006103515648,
    9.550012207031273,
    9.399987792968773,
    8.978875732421898,
    8.201959228515648,
    7.349084472656273,
    6.700006103515648,
    6.357904052734398,
    6.149987792968773,
    5.942102050781273,
    5.600000000000023,
    4.941003417968773,
    4.063317871093773,
    3.2539611816406477,
    2.8000122070312727,
    2.6291442871093977,
    2.4749084472656477,
    2.3332153320312727,
    2.2000061035156477,
    2.0766845703125227,
    1.9598327636718977,
    1.8380676269531477,
    1.7000061035156477,
    1.4921203613281477,
    1.2039733886718977,
    0.8888488769531477,
    0.6000000000000227,
    0.41335449218752274,
    0.31020507812502274,
    0.20195922851564774,
    -6.1035156022626325e-06,
    -0.7735656738281023,
    -2.1510986328124773,
    -3.5530761718749773,
    -4.399999999999977
  ],
  "rewards": [
    4.120979222776403,
    4.115054529951921,
    4.041117961602322,
    3.9698265858460595,
    3.9077210109681286,
    3.853879691883962,
    3.805885754423257,
    3.7613691613823597,
    3.718646088801367,
    3.6765443842579115,
    3.634704109951898,
    3.592804602505684,
    3.5507493382320265,
    3.5086222347245086,
    3.466321936817887,
    3.423867874192122,
    3.381345204161528,
    3.338909506471877,
    3.296656541600873,
    3.254615599177828,
    3.2128832242638383,
    3.1714217349608016,
    3.1303298621997757,
    3.114743142649584,
    3.1671395712346357,
    3.2525262384582816,
    3.3178817418963207,
    3.324368238821675,
    3.289838607208853,
    3.249981652163019,
    3.2764469183702523,
    4.274051666222544,
    2.252454423797382,
    4.513748387951511,
    4.617213326515652,
    4.270886442521619,
    -40.55229011295242,
    4.199052631778919,
    -37.21709501011745,
    -34.701677094862795,
    4.946499155320465,
    4.984356068683503,
    -20.82500577202934,
    4.439952054825056,
    -1.0329535261354614,
    3.6175376149473006,
    2.9470755919242606,
    2.919241536706742,
    4.9686477040874,
    -0.1578916798572231,
    -0.20805494555639834,
    -0.7065790024586622,
    -3.0822941682302725,
    -2.033550378647938,
    3.6548367248650115,
    -2.460904493817929,
    -3.1279141135701316,
    -7.179947195251705,
    -3.872081666484455,
    -7.91968602050116,
    -7.98062849434032,
    -3.6931299531453092,
    -3.0536513664015894,
    -2.2561539088376943,
    -1.4171539962227784,
    -0.8243920701929086,
    -0.44701501406734,
    -0.9544562609866962,
    4.675076959894179,
    -0.2517876978591443,
    -0.17856774546937873,
    3.1662855130105516,
    3.706930179153322,
    4.309223976475218,
    4.186280053700893,
    4.2705768538796525,
    4.3799439288756465,
    4.484400631458187,
    4.574453608812739,
    4.815207890612056,
    -7.518198625309115,
    4.845970745420312,
    4.849871047399924,
    -0.26855344673149323,
    4.927701499055174,
    -22.00232053927647,
    4.953757571799923,
    4.953724638745189,
    4.949817442670466,
    4.941579487444836,
    4.929113048575823,
    4.907835018979393,
    4.865258875265728,
    4.513143725330036,
    -31.88203596977969
  ],