{
  "episode": 314,
  "steps": 95,
  "actions": [
    23,
    23,
    23,
    23,
    23,
    21,
    23,
    20,
    21,
    21,
    20,
    22,
    21,
    22,
    22,
    22,
    22,
    22,
    22,
    22,
    22,
    21,
    22,
    22,
    22,
    22,
    22,
    22,
    22,
    21,
    21,
    21,
    23,
    23,
    21,
    21,
    21,
    21,
    15,
    6,
    22,
    7,
    6,
    13,
    0,
    1,
    1,
    1,
    0,
    0,
    1,
    8,
    10,
    11,
    9,
    10,
    11,
    9,
    8,
    8,
    8,
    9,
    9,
    10,
    3,
    1,
    3,
    3,
    1,
    1,
    0,
    2,
    4,
    4,
    4,
    4,
    4,
    7,
    5,
    6,
    5,
    13,
    15,
    12,
    15,
    15,
    23,
    20,
    22,
    22,
    22,
    20,
    22,
    23,
    21
  ],
  "temperatures": [
    20.975762939453148,
    20.971978759765648,
    20.926324462890648,
    20.884027099609398,
    20.848413085937523,
    20.818383789062523,
    20.792230224609398,
    20.768457031250023,
    20.746057128906273,
    20.724359130859398,
    20.703149414062523,
    20.682244873046898,
    20.661584472656273,
    20.641198730468773,
    20.621026611328148,
    20.601068115234398,
    20.581353759765648,
    20.561944580078148,
    20.542871093750023,
    20.524133300781273,
    20.505761718750023,
    20.487725830078148,
    20.470056152343773,
    20.463403320312523,
    20.485833740234398,
    20.523187255859398,
    20.552392578125023,
    20.555322265625023,
    20.539788818359398,
    20.522058105468773,
    20.533807373046898,
    21.077111816406273,
    21.201745605468773,
    21.302758789062523,
    21.379968261718773,
    21.441552734375023,
    21.505181884765648,
    21.604516601562523,
    21.503259277343773,
    21.389733886718773,
    22.328942871093773,
    22.266625976562523,
    22.647058105468773,
    23.082330322265648,
    20.987695312500023,
    21.231744384765648,
    21.584649658203148,
    21.925256347656273,
    22.246148681640648,
    22.548089599609398,
    22.825036621093773,
    21.345605468750023,
    21.480004882812523,
    21.626214599609398,
    21.742944335937523,
    21.820733642578148,
    21.872369384765648,
    21.904321289062523,
    21.914819335937523,
    21.896936035156273,
    21.849237060546898,
    21.770806884765648,
    21.638513183593773,
    21.434686279296898,
    22.808496093750023,
    22.604791259765648,
    22.371270751953148,
    22.163201904296898,
    21.981500244140648,
    21.818353271484398,
    21.662316894531273,
    20.823205566406273,
    22.831109619140648,
    22.785638427734398,
    22.650811767578148,
    22.532617187500023,
    22.411614990234398,
    22.285180664062523,
    22.162622070312523,
    22.049432373046898,
    21.943933105468773,
    22.106927490234398,
    22.043603515625023,
    21.971429443359398,
    21.893243408203148,
    21.811608886718773,
    21.975427246093773,
    21.919671630859398,
    21.859460449218773,
    21.801568603515648,
    21.746331787109398,
    21.680200195312523,
    21.584985351562523,
    21.477227783203148,
    21.382135009765648
  ],
  "outdoor_temps": [
    -6.1035156022626325e-06,
    -6.1035156022626325e-06,
    -6.1035156022626325e-06,
    -6.1035156022626325e-06,
    -6.1035156022626325e-06,
    -6.1035156022626325e-06,
    -6.1035156022626325e-06,
    -6.1035156022626325e-06,
    -6.1035156022626325e-06,
    -6.1035156022626325e-06,
    -6.1035156022626325e-06,
    -6.1035156022626325e-06,
    -6.1035156022626325e-06,
    -6.1035156022626325e-06,
    -6.1035156022626325e-06,
    -6.1035156022626325e-06,
    -6.1035156022626325e-06,
    -6.1035156022626325e-06,
    -6.1035156022626325e-06,
    -6.1035156022626325e-06,
    -6.1035156022626325e-06,
    -6.1035156022626325e-06,
    -6.1035156022626325e-06,
    0.48467407226564774,
    1.5674987792968977,
    2.6915527343750227,
    3.3000122070312727,
    3.2094665527343977,
    2.8019348144531477,
    2.3684326171875227,
    2.2000061035156477,
    2.3021789550781477,
    2.5030456542968977,
    2.8273864746093977,
    3.3000122070312727,
    4.170007324218773,
    5.390008544921898,
    6.540002441406273,
    7.200006103515648,
    7.400476074218773,
    7.509606933593773,
    7.613946533203148,
    7.800012207031273,
    8.075891113281273,
    8.371636962890648,
    8.656549072265648,
    8.899987792968773,
    9.066003417968773,
    9.171868896484398,
    9.266809082031273,
    9.399987792968773,
    9.710534667968773,
    10.159387207031273,
    10.528527832031273,
    10.600000000000023,
    10.450006103515648,
    10.300012207031273,
    10.149987792968773,
    9.999993896484398,
    9.850000000000023,
    9.700006103515648,
    9.550012207031273,
    9.399987792968773,
    8.978875732421898,
    8.201959228515648,
    7.349084472656273,
    6.700006103515648,
    6.357904052734398,
    6.149987792968773,
    5.942102050781273,
    5.600000000000023,
    4.941003417968773,
    4.063317871093773,
    3.2539611816406477,
    2.8000122070312727,
    2.6291442871093977,
    2.4749084472656477,
    2.3332153320312727,
    2.2000061035156477,
    2.0766845703125227,
    1.9598327636718977,
    1.8380676269531477,
    1.7000061035156477,
    1.4921203613281477,
    1.2039733886718977,
    0.8888488769531477,
    0.6000000000000227,
    0.41335449218752274,
    0.31020507812502274,
    0.20195922851564774,
    -6.1035156022626325e-06,
    -0.7735656738281023,
    -2.1510986328124773,
    -3.5530761718749773,
    -4.399999999999977
  ],
  "rewards": [
    4.120979222776403,
    4.115054529951921,
    4.041117961602322,
    3.9698265858460595,
    3.9077210109681286,
    3.8538797204941915,
    3.8058857638563404,
    3.7613691709191026,
    3.7186460981955776,
    3.6765443841542513,
    3.6347041193849807,
    3.5928046023631515,
    3.5507493477169394,
    3.5086222346208484,
    3.466321936766057,
    3.4238678741402917,
    3.381345204109698,
    3.33890951595679,
    3.296656541549043,
    3.254615608662741,
    3.2128832337487516,
    3.1714217349089715,
    3.1303298620961155,
    3.114743113987524,
    3.1670702207036348,
    3.252526200259479,
    3.3178817132342613,
    3.3243682196963587,
    3.2898386453039956,
    3.249981470913069,
    3.2764467656787017,
    4.274051494457507,
    4.440449686803599,
    4.5582175891846655,
    4.637910609506092,
    4.695064950258207,
    4.748141946735525,
    4.818868607700533,
    4.770087810204098,
    4.696786315804165,
    4.8871680414174445,
    4.935759959909448,
    4.680693229851696,
    4.120129606571092,
    4.204782848275787,
    4.5296071079047655,
    4.841315837540354,
    4.965000479994951,
    4.922323868387046,
    4.74112368327098,
    4.454681757870102,
    4.621931140381541,
    4.73911639281105,
    4.835828952503849,
    4.890022177186034,
    4.914788604219572,
    4.926216075581948,
    4.931284617867486,
    4.932615785095034,
    4.930249921796118,
    4.9215924188263935,
    4.899938309393103,
    4.842504537235149,
    4.702633613337904,
    4.475022478027687,
    4.691847299596315,
    4.863832269050776,
    4.948161520993373,
    4.968687809219626,
    4.9449223363033115,
    4.884839476226517,
    3.935463817301246,
    4.479352958906697,
    4.533821457277592,
    4.677084535833062,
    4.780246075370898,
    4.864149627934762,
    4.928356778153776,
    4.967707939823558,
    4.984037655896263,
    4.981954506506295,
    4.964457777935766,
    4.969736671928801,
    4.968420029845818,
    4.9581763559413865,
    4.937695453497385,
    4.952233666027695,
    4.945378312366086,
    4.932737661718355,
    4.915456840688694,
    4.894280543471088,
    4.862906666271723,
    4.806212443492348,
    4.725644683013081,
    4.640076023386813
  ],