{
  "episode": 1547,
  "steps": 95,
  "actions": [
    23,
    23,
    23,
    23,
    22,
    13,
    12,
    20,
    23,
    21,
    21,
    22,
    15,
    13,
    12,
    21,
    15,
    22,
    21,
    12,
    20,
    15,
    14,
    14,
    22,
    22,
    13,
    20,
    22,
    21,
    22,
    12,
    15,
    22,
    13,
    15,
    14,
    23,
    13,
    20,
    13,
    12,
    22,
    5,
    20,
    3,
    13,
    3,
    1,
    2,
    0,
    3,
    0,
    8,
    3,
    3,
    3,
    1,
    0,
    23,
    10,
    1,
    0,
    11,
    3,
    8,
    3,
    10,
    1,
    15,
    20,
    12,
    21,
    22,
    14,
    12,
    21,
    12,
    20,
    21,
    15,
    14,
    13,
    13,
    12,
    21,
    15,
    14,
    6,
    12,
    12,
    22,
    12,
    14,
    22
  ],
  "temperatures": [
    21.111627197265648,
    21.104028320312523,
    21.062646484375023,
    21.024285888671898,
    20.991937255859398,
    20.498834228515648,
    20.445855712890648,
    20.893945312500023,
    20.884332275390648,
    20.868737792968773,
    20.851617431640648,
    20.833856201171898,
    20.324975585937523,
    20.277764892578148,
    20.244531250000023,
    20.727502441406273,
    20.215753173828148,
    20.692834472656273,
    20.687219238281273,
    20.160546875000023,
    20.642999267578148,
    20.115716552734398,
    20.074578857421898,
    20.057763671875023,
    20.608300781250023,
    20.658807373046898,
    20.189508056640648,
    20.681787109375023,
    20.678430175781273,
    20.667230224609398,
    20.682366943359398,
    20.800683593750023,
    20.924768066406273,
    21.388116455078148,
    21.133996582031273,
    21.192620849609398,
    21.260675048828148,
    21.668237304687523,
    21.602899169921898,
    22.124383544921898,
    22.224572753906273,
    22.518609619140648,
    22.854852294921898,
    23.096154785156273,
    23.327081298828148,
    20.822473144531273,
    23.844964599609398,
    21.488244628906273,
    21.662133789062523,
    21.905297851562523,
    22.136437988281273,
    22.364923095703148,
    22.589074707031273,
    21.266656494140648,
    22.860894775390648,
    23.022546386718773,
    23.113977050781273,
    23.176232910156273,
    23.211053466796898,
    25.019525146484398,
    21.641473388671898,
    23.065484619140648,
    22.957421875000023,
    21.222161865234398,
    22.354699707031273,
    20.725427246093773,
    21.794366455078148,
    20.326867675781273,
    21.370812988281273,
    23.881280517578148,
    23.701013183593773,
    23.218438720703148,
    23.064965820312523,
    22.966516113281273,
    22.857659912109398,
    22.770227050781273,
    22.735559082031273,
    22.591851806640648,
    22.590295410156273,
    22.528070068359398,
    22.357507324218773,
    22.285852050781273,
    22.217370605468773,
    22.146600341796898,
    22.071496582031273,
    22.175347900390648,
    21.924249267578148,
    21.843865966796898,
    21.432550048828148,
    21.678186035156273,
    21.616113281250023,
    21.807580566406273,
    21.437097167968773,
    21.302911376953148,
    21.522943115234398
  ],
  "outdoor_temps": [
    -6.1035156022626325e-06,
    -6.1035156022626325e-06,
    -6.1035156022626325e-06,
    -6.1035156022626325e-06,
    -6.1035156022626325e-06,
    -6.1035156022626325e-06,
    -6.1035156022626325e-06,
    -6.1035156022626325e-06,
    -6.1035156022626325e-06,
    -6.1035156022626325e-06,
    -6.1035156022626325e-06,
    -6.1035156022626325e-06,
    -6.1035156022626325e-06,
    -6.1035156022626325e-06,
    -6.1035156022626325e-06,
    -6.1035156022626325e-06,
    -6.1035156022626325e-06,
    -6.1035156022626325e-06,
    -6.1035156022626325e-06,
    -6.1035156022626325e-06,
    -6.1035156022626325e-06,
    -6.1035156022626325e-06,
    -6.1035156022626325e-06,
    0.48467407226564774,
    1.5674987792968977,
    2.6915527343750227,
    3.3000122070312727,
    3.2094665527343977,
    2.8019348144531477,
    2.3684326171875227,
    2.2000061035156477,
    2.3021789550781477,
    2.5030456542968977,
    2.8273864746093977,
    3.3000122070312727,
    4.170007324218773,
    5.390008544921898,
    6.540002441406273,
    7.200006103515648,
    7.400476074218773,
    7.509606933593773,
    7.613946533203148,
    7.800012207031273,
    8.075891113281273,
    8.371636962890648,
    8.656549072265648,
    8.899987792968773,
    9.066003417968773,
    9.171868896484398,
    9.266809082031273,
    9.399987792968773,
    9.710534667968773,
    10.159387207031273,
    10.528527832031273,
    10.600000000000023,
    10.450006103515648,
    10.300012207031273,
    10.149987792968773,
    9.999993896484398,
    9.850000000000023,
    9.700006103515648,
    9.550012207031273,
    9.399987792968773,
    8.978875732421898,
    8.201959228515648,
    7.349084472656273,
    6.700006103515648,
    6.357904052734398,
    6.149987792968773,
    5.942102050781273,
    5.600000000000023,
    4.941003417968773,
    4.063317871093773,
    3.2539611816406477,
    2.8000122070312727,
    2.6291442871093977,
    2.4749084472656477,
    2.3332153320312727,
    2.2000061035156477,
    2.0766845703125227,
    1.9598327636718977,
    1.8380676269531477,
    1.7000061035156477,
    1.4921203613281477,
    1.2039733886718977,
    0.8888488769531477,
    0.6000000000000227,
    0.41335449218752274,
    0.31020507812502274,
    0.20195922851564774,
    -6.1035156022626325e-06,
    -0.7735656738281023,
    -2.1510986328124773,
    -3.5530761718749773,
    -4.399999999999977
  ],
  "rewards": [
    4.963678053930402,
    4.9635631695538756,
    4.962818720653653,
    4.962127915933729,
    4.961546352222562,
    4.967124900918778,
    4.966450353935847,
    4.959774556446982,
    4.959607994726818,
    4.959329080894589,
    4.959021957129888,
    4.958701797933034,
    4.964936747651871,
    4.964331036842226,
    4.963906160668025,
    4.95675970702262,
    4.963542202760182,
    4.956128019976227,
    4.956027599834229,
    4.962837425519429,
    4.955215755988074,
    4.962262202511501,
    4.961732784545778,
    4.961518365167891,
    4.954587918703322,
    4.9555242743718875,
    4.963229754072006,
    4.955951231953243,
    4.955889594725292,
    4.955682753585602,
    4.9559625866121575,
    4.971141837936218,
    4.972742076046926,
    4.968998526531069,
    4.975441333156403,
    4.976196466163287,
    4.977073351776956,
    4.974161247794394,
    4.981498190317303,
    4.982594558235744,
    4.989545160542201,
    4.993351605013499,
    4.996103900287462,
    4.999709164712901,
    4.996973973566424,
    4.9870006979358905,
    4.996302651462186,
    4.985522710532436,
    4.98513660303973,
    4.984596810266051,
    4.984083787720003,
    4.983576714325697,
    4.983079364818562,
    4.975245599899441,
    4.98247672785932,
    4.98211828820132,
    4.981915599030484,
    4.981777644080151,
    4.9817004393782955,
    -2.6047001328655743,
    4.973791524324566,
    4.982023241377881,
    4.982262891456161,
    4.97541953221336,
    4.98360056807862,
    4.977349082973826,
    4.984844553367437,
    4.978897540119518,
    4.985784946538022,
    4.996162274926577,
    4.994899920719473,
    4.998739236938726,
    4.998430830182669,
    4.998163129132889,
    4.997737318303759,
    4.9966070842974535,
    4.993897693742229,
    4.9943013537420855,
    4.991214677382422,
    4.990065706542652,
    4.991271935452423,
    4.990345951056836,
    4.989461172544276,
    4.988547008708606,
    4.987576711550841,
    4.983554876733733,
    4.985674694527589,
    4.984636384582876,
    4.988342231609737,
    4.982496188422746,
    4.981694138176901,
    4.976767550397826,
    4.979380568366821,
    4.977645213134749,
    4.971508798782592
  ],