{
  "episode": 51,
  "steps": 95,
  "actions": [
    23,
    23,
    23,
    23,
    23,
    23,
    23,
    23,
    23,
    23,
    23,
    23,
    23,
    23,
    23,
    23,
    23,
    23,
    23,
    23,
    23,
    23,
    23,
    23,
    23,
    23,
    23,
    23,
    23,
    23,
    23,
    23,
    23,
    23,
    3,
    7,
    23,
    21,
    23,
    23,
    22,
    7,
    23,
    23,
    23,
    23,
    23,
    23,
    7,
    23,
    11,
    2,
    23,
    4,
    23,
    23,
    10,
    23,
    23,
    14,
    8,
    0,
    23,
    10,
    8,
    23,
    11,
    23,
    23,
    23,
    9,
    2,
    23,
    20,
    23,
    11,
    11,
    19,
    23,
    23,
    23,
    8,
    22,
    10,
    21,
    23,
    23,
    15,
    23,
    1,
    8,
    23,
    23,
    10,
    0
  ],
  "temperatures": [
    20.975762939453148,
    20.971978759765648,
    20.926324462890648,
    20.884027099609398,
    20.848413085937523,
    20.818383789062523,
    20.792230224609398,
    20.768457031250023,
    20.746057128906273,
    20.724359130859398,
    20.703149414062523,
    20.682244873046898,
    20.661584472656273,
    20.641198730468773,
    20.621026611328148,
    20.601068115234398,
    20.581353759765648,
    20.561944580078148,
    20.542871093750023,
    20.524133300781273,
    20.505761718750023,
    20.487725830078148,
    20.470056152343773,
    20.463403320312523,
    20.485864257812523,
    20.523187255859398,
    20.552392578125023,
    20.555322265625023,
    20.539788818359398,
    20.522058105468773,
    20.533807373046898,
    21.077111816406273,
    21.201745605468773,
    21.302789306640648,
    17.537744140625023,
    20.092218017578148,
    21.402947998046898,
    21.540002441406273,
    21.753991699218773,
    22.042962646484398,
    22.322686767578148,
    22.243188476562523,
    22.820855712890648,
    23.071282958984398,
    23.330133056640648,
    23.581506347656273,
    23.817926025390648,
    24.038385009765648,
    24.946649169921898,
    24.455102539062523,
    21.345361328125023,
    23.159692382812523,
    24.854333496093773,
    26.197412109375023,
    25.195245361328148,
    25.274774169921898,
    22.313104248046898,
    25.299798583984398,
    25.367456054687523,
    25.943261718750023,
    22.402093505859398,
    24.148370361328148,
    25.137292480468773,
    21.993096923828148,
    21.651727294921898,
    24.505426025390648,
    21.246423339843773,
    24.206109619140648,
    24.149774169921898,
    24.073999023437523,
    20.711267089843773,
    21.251733398437523,
    23.200128173828148,
    23.120324707031273,
    23.031610107421898,
    19.437036132812523,
    19.198876953125023,
    18.327111816406273,
    22.487542724609398,
    22.487817382812523,
    22.446313476562523,
    18.699853515625023,
    22.241387939453148,
    18.480828857421898,
    22.074792480468773,
    22.068078613281273,
    22.020623779296898,
    21.723657226562523,
    21.900506591796898,
    18.840264892578148,
    17.783959960937523,
    21.566400146484398,
    21.540673828125023,
    17.461755371093773,
    17.803308105468773
  ],
  "outdoor_temps": [
    -6.1035156022626325e-06,
    -6.1035156022626325e-06,
    -6.1035156022626325e-06,
    -6.1035156022626325e-06,
    -6.1035156022626325e-06,
    -6.1035156022626325e-06,
    -6.1035156022626325e-06,
    -6.1035156022626325e-06,
    -6.1035156022626325e-06,
    -6.1035156022626325e-06,
    -6.1035156022626325e-06,
    -6.1035156022626325e-06,
    -6.1035156022626325e-06,
    -6.1035156022626325e-06,
    -6.1035156022626325e-06,
    -6.1035156022626325e-06,
    -6.1035156022626325e-06,
    -6.1035156022626325e-06,
    -6.1035156022626325e-06,
    -6.1035156022626325e-06,
    -6.1035156022626325e-06,
    -6.1035156022626325e-06,
    -6.1035156022626325e-06,
    0.48467407226564774,
    1.5674987792968977,
    2.6915527343750227,
    3.3000122070312727,
    3.2094665527343977,
    2.8019348144531477,
    2.3684326171875227,
    2.2000061035156477,
    2.3021789550781477,
    2.5030456542968977,
    2.8273864746093977,
    3.3000122070312727,
    4.170007324218773,
    5.390008544921898,
    6.540002441406273,
    7.200006103515648,
    7.400476074218773,
    7.509606933593773,
    7.613946533203148,
    7.800012207031273,
    8.075891113281273,
    8.371636962890648,
    8.656549072265648,
    8.899987792968773,
    9.066003417968773,
    9.171868896484398,
    9.266809082031273,
    9.399987792968773,
    9.710534667968773,
    10.159387207031273,
    10.528527832031273,
    10.600000000000023,
    10.450006103515648,
    10.300012207031273,
    10.149987792968773,
    9.999993896484398,
    9.850000000000023,
    9.700006103515648,
    9.550012207031273,
    9.399987792968773,
    8.978875732421898,
    8.201959228515648,
    7.349084472656273,
    6.700006103515648,
    6.357904052734398,
    6.149987792968773,
    5.942102050781273,
    5.600000000000023,
    4.941003417968773,
    4.063317871093773,
    3.2539611816406477,
    2.8000122070312727,
    2.6291442871093977,
    2.4749084472656477,
    2.3332153320312727,
    2.2000061035156477,
    2.0766845703125227,
    1.9598327636718977,
    1.8380676269531477,
    1.7000061035156477,
    1.4921203613281477,
    1.2039733886718977,
    0.8888488769531477,
    0.6000000000000227,
    0.41335449218752274,
    0.31020507812502274,
    0.20195922851564774,
    -6.1035156022626325e-06,
    -0.7735656738281023,
    -2.1510986328124773,
    -3.5530761718749773,
    -4.399999999999977
  ],
  "rewards": [
    4.9077753899246455,
    4.9076752827316525,
    4.905702330842614,
    4.90387322165072,
    4.902335326448083,
    4.901042344346642,
    4.899916627183557,
    4.89889272429049,
    4.897925631776452,
    4.896989104524255,
    4.896070191636682,
    4.895163533464074,
    4.894266431108117,
    4.893377902284264,
    4.892497641816735,
    4.8916256878525015,
    4.890763070359826,
    4.889912049546838,
    4.889075028672814,
    4.888252484574914,
    4.887444255128503,
    4.886651608720422,
    4.885875994935632,
    4.885590159669518,
    4.886594855561852,
    4.888258149400354,
    4.88955717779696,
    4.889688555970788,
    4.889001128450036,
    4.888215834870935,
    4.888737532868982,
    4.912843615785241,
    4.918357345834375,
    4.922826630845666,
    -6.065544002256244,
    4.956932094086002,
    4.92723756046075,
    4.933311278596521,
    4.942803270489625,
    4.9556275103241205,
    4.968043136373162,
    4.988730285111207,
    4.990155095765773,
    4.997158850729465,
    4.993711656406521,
    4.990364249125123,
    4.9872156903892755,
    -0.005561111979188281,
    -0.8983283259859739,
    -0.21259327783210896,
    4.943107571564615,
    4.963710470169013,
    -0.7366896488598895,
    -4.83219134261376,
    -1.4365500645129472,
    -1.6332523856685146,
    4.934520945511759,
    -1.6977626659316802,
    -1.8784475374967482,
    -3.7829846874997903,
    4.933731956315105,
    -0.032188343377588184,
    -1.3011798032373707,
    4.937361273728311,
    4.940392117391785,
    -0.26109741881006143,
    4.943991560898721,
    -0.04712657972037434,
    -0.026890216879553452,
    -0.009681511297825365,
    4.948744454346597,
    4.97219611403917,
    4.995450697309621,
    4.99651172824204,
    4.997691632105928,
    -0.32695419590917646,
    -0.6512952588384849,
    -2.810251003753156,
    4.975373577757375,
    4.975386554971338,
    4.973548636212945,
    -1.6987691168113952,
    4.964465532046946,
    -2.315782909594083,
    4.957086078825852,
    4.9567909785813615,
    4.954689519181848,
    4.9617190599069,
    4.949370290892928,
    -1.3492642938484842,
    -4.9171903298462185,
    4.934566271049174,
    4.93342602469027,
    -6.448329349718872,
    -4.828585768464407
  ],