{
  "episode": 341,
  "steps": 95,
  "actions": [
    23,
    23,
    23,
    23,
    23,
    22,
    6,
    23,
    23,
    20,
    20,
    12,
    23,
    23,
    23,
    15,
    14,
    14,
    23,
    15,
    21,
    23,
    4,
    15,
    20,
    23,
    4,
    22,
    12,
    23,
    13,
    13,
    21,
    23,
    15,
    13,
    12,
    21,
    15,
    14,
    23,
    2,
    14,
    13,
    11,
    18,
    0,
    3,
    11,
    18,
    3,
    6,
    18,
    2,
    3,
    3,
    8,
    3,
    8,
    3,
    3,
    3,
    18,
    8,
    11,
    3,
    11,
    1,
    0,
    1,
    3,
    23,
    13,
    20,
    15,
    22,
    15,
    23,
    23,
    7,
    23,
    23,
    7,
    22,
    14,
    6,
    20,
    23,
    23,
    23,
    23,
    12,
    23,
    23,
    23
  ],
  "temperatures": [
    21.111627197265648,
    21.104028320312523,
    21.062646484375023,
    21.024285888671898,
    20.991937255859398,
    20.964624023437523,
    19.705438232421898,
    20.879022216796898,
    20.878686523437523,
    20.865350341796898,
    20.849420166015648,
    20.344049072265648,
    20.797479248046898,
    20.787805175781273,
    20.772668457031273,
    20.255548095703148,
    20.209313964843773,
    20.176965332031273,
    20.670404052734398,
    20.150689697265648,
    20.637963867187523,
    20.633630371093773,
    19.270257568359398,
    20.027917480468773,
    20.599176025390648,
    20.652947998046898,
    19.393487548828148,
    20.652307128906273,
    20.154046630859398,
    20.636956787109398,
    20.153100585937523,
    20.756677246093773,
    21.276483154296898,
    21.383691406250023,
    21.125177001953148,
    21.183312988281273,
    21.251336669921898,
    21.660516357421898,
    21.593988037109398,
    21.899102783203148,
    22.375634765625023,
    19.023492431640648,
    22.658776855468773,
    23.032189941406273,
    19.204400634765648,
    18.679376220703148,
    20.746759033203148,
    21.122247314453148,
    20.139825439453148,
    19.458489990234398,
    21.774621582031273,
    24.998925781250023,
    20.019647216796898,
    22.481591796875023,
    22.720086669921898,
    22.852227783203148,
    21.387658691406273,
    22.912103271484398,
    21.432305908203148,
    22.914544677734398,
    22.937799072265648,
    22.888269042968773,
    20.213006591796898,
    20.956262207031273,
    20.706445312500023,
    21.782067871093773,
    20.297723388671898,
    21.322656250000023,
    21.187585449218773,
    21.038781738281273,
    20.893090820312523,
    22.969689941406273,
    22.874017333984398,
    22.800897216796898,
    22.663537597656273,
    22.655480957031273,
    22.502099609375023,
    22.518395996093773,
    22.454461669921898,
    22.071160888671898,
    22.334527587890648,
    22.288415527343773,
    21.822229003906273,
    22.177514648437523,
    21.932519531250023,
    21.541589355468773,
    21.996667480468773,
    21.948724365234398,
    21.894189453125023,
    21.841363525390648,
    21.790643310546898,
    21.444970703125023,
    21.632379150390648,
    21.536767578125023,
    21.450280761718773
  ],
  "outdoor_temps": [
    -6.1035156022626325e-06,
    -6.1035156022626325e-06,
    -6.1035156022626325e-06,
    -6.1035156022626325e-06,
    -6.1035156022626325e-06,
    -6.1035156022626325e-06,
    -6.1035156022626325e-06,
    -6.1035156022626325e-06,
    -6.1035156022626325e-06,
    -6.1035156022626325e-06,
    -6.1035156022626325e-06,
    -6.1035156022626325e-06,
    -6.1035156022626325e-06,
    -6.1035156022626325e-06,
    -6.1035156022626325e-06,
    -6.1035156022626325e-06,
    -6.1035156022626325e-06,
    -6.1035156022626325e-06,
    -6.1035156022626325e-06,
    -6.1035156022626325e-06,
    -6.1035156022626325e-06,
    -6.1035156022626325e-06,
    -6.1035156022626325e-06,
    0.48467407226564774,
    1.5674987792968977,
    2.6915527343750227,
    3.3000122070312727,
    3.2094665527343977,
    2.8019348144531477,
    2.3684326171875227,
    2.2000061035156477,
    2.3021789550781477,
    2.5030456542968977,
    2.8273864746093977,
    3.3000122070312727,
    4.170007324218773,
    5.390008544921898,
    6.540002441406273,
    7.200006103515648,
    7.400476074218773,
    7.509606933593773,
    7.613946533203148,
    7.800012207031273,
    8.075891113281273,
    8.371636962890648,
    8.656549072265648,
    8.899987792968773,
    9.066003417968773,
    9.171868896484398,
    9.266809082031273,
    9.399987792968773,
    9.710534667968773,
    10.159387207031273,
    10.528527832031273,
    10.600000000000023,
    10.450006103515648,
    10.300012207031273,
    10.149987792968773,
    9.999993896484398,
    9.850000000000023,
    9.700006103515648,
    9.550012207031273,
    9.399987792968773,
    8.978875732421898,
    8.201959228515648,
    7.349084472656273,
    6.700006103515648,
    6.357904052734398,
    6.149987792968773,
    5.942102050781273,
    5.600000000000023,
    4.941003417968773,
    4.063317871093773,
    3.2539611816406477,
    2.8000122070312727,
    2.6291442871093977,
    2.4749084472656477,
    2.3332153320312727,
    2.2000061035156477,
    2.0766845703125227,
    1.9598327636718977,
    1.8380676269531477,
    1.7000061035156477,
    1.4921203613281477,
    1.2039733886718977,
    0.8888488769531477,
    0.6000000000000227,
    0.41335449218752274,
    0.31020507812502274,
    0.20195922851564774,
    -6.1035156022626325e-06,
    -0.7735656738281023,
    -2.1510986328124773,
    -3.5530761718749773,
    -4.399999999999977
  ],
  "rewards": [
    4.963678053930402,
    4.9635631695538756,
    4.962818720653653,
    4.962127915933729,
    4.961546352222562,
    4.961056741788983,
    -0.2291633753102424,
    4.959497956337488,
    4.959503292158246,
    4.9592668321877715,
    4.9589810802256284,
    4.965177112827968,
    4.958036223936988,
    4.957863765075802,
    4.9575900116711855,
    4.964053285274654,
    4.96345892552173,
    4.963044109367644,
    4.955716914121871,
    4.962709924135357,
    4.955123080211489,
    4.9550459649271295,
    -1.345132092446006,
    4.9611324776584365,
    4.954419629978744,
    4.95541578786723,
    -0.9330057138799931,
    4.955406579075948,
    4.962772258621032,
    4.955123173285437,
    4.962760324630886,
    4.9705724138771386,
    4.966939734455684,
    4.968916567177228,
    4.975327468071133,
    4.976075929439424,
    4.976952232197413,
    4.974018379140807,
    4.98138278191229,
    4.985332163906453,
    4.987241082076793,
    -2.3884153269826256,
    4.9951662987426895,
    4.999459574846429,
    -1.5907882649333969,
    -4.370844008207008,
    4.987168485412616,
    4.986334969330579,
    4.979621876028407,
    -0.7459707721916586,
    4.984886792788525,
    -2.4968832377820074,
    4.970937164725816,
    4.983318194041272,
    4.982789251725473,
    4.9824962275447735,
    4.974776808765758,
    4.9823638318937435,
    4.97460393503033,
    4.982358469263853,
    4.982306793850888,
    4.982416551631916,
    4.96986623913892,
    4.976452112907786,
    4.977422439576329,
    4.984871641896827,
    4.979010420096148,
    4.9858915912138055,
    4.986191539093528,
    4.986521904993802,
    4.986845382079158,
    4.998218742319423,
    4.997946199964732,
    4.995101748716572,
    4.995225893716287,
    4.992416613596289,
    4.993139624696548,
    4.989885353940337,
    4.988704880788922,
    4.993054588217288,
    4.986490632245722,
    4.985639749780297,
    4.991216591525823,
    4.983592921147528,
    4.985779568057831,
    4.989145404794132,
    4.980255584420717,
    4.979371188453358,
    4.978364904239774,
    4.977390153720975,
    4.9764540699273345,
    4.979481877241284,
    4.973531654764129,
    4.971764964178204,
    4.970166185215115
  ],