{
  "episode": 856,
  "steps": 95,
  "actions": [
    23,
    23,
    23,
    23,
    13,
    21,
    23,
    22,
    12,
    12,
    21,
    21,
    12,
    20,
    21,
    12,
    21,
    21,
    12,
    13,
    21,
    21,
    21,
    12,
    21,
    15,
    12,
    21,
    12,
    20,
    22,
    21,
    12,
    14,
    21,
    20,
    22,
    23,
    12,
    20,
    20,
    12,
    21,
    21,
    12,
    12,
    3,
    8,
    2,
    9,
    0,
    1,
    6,
    8,
    9,
    0,
    8,
    2,
    1,
    9,
    8,
    0,
    2,
    1,
    3,
    2,
    3,
    2,
    0,
    8,
    16,
    22,
    7,
    7,
    20,
    6,
    20,
    6,
    21,
    20,
    1,
    21,
    21,
    13,
    21,
    14,
    12,
    22,
    22,
    21,
    22,
    6,
    20,
    23,
    23
  ],
  "temperatures": [
    21.111627197265648,
    21.104028320312523,
    21.062646484375023,
    21.024285888671898,
    20.531274414062523,
    20.948846435546898,
    20.932794189453148,
    20.913690185546898,
    20.416619873046898,
    20.368951416015648,
    20.830499267578148,
    20.822808837890648,
    20.316064453125023,
    20.775048828125023,
    20.766412353515648,
    20.250329589843773,
    20.718469238281273,
    20.710412597656273,
    20.185937500000023,
    20.141595458984398,
    20.637872314453148,
    20.634210205078148,
    20.623559570312523,
    20.097528076171898,
    20.626123046875023,
    20.160668945312523,
    20.174157714843773,
    20.679193115234398,
    20.173699951171898,
    20.649835205078148,
    20.673822021484398,
    21.190881347656273,
    20.941461181640648,
    21.039880371093773,
    21.461511230468773,
    21.527764892578148,
    21.591424560546898,
    21.687921142578148,
    21.618096923828148,
    22.133630371093773,
    22.394067382812523,
    22.532769775390648,
    22.862359619140648,
    23.091973876953148,
    23.397485351562523,
    23.686364746093773,
    21.218774414062523,
    20.113702392578148,
    21.569482421875023,
    20.502526855468773,
    22.020379638671898,
    22.299401855468773,
    25.422265625000023,
    21.329827880859398,
    21.365899658203148,
    22.949182128906273,
    21.502770996093773,
    23.051232910156273,
    23.136346435546898,
    21.558038330078148,
    21.471887207031273,
    22.919763183593773,
    22.831964111328148,
    22.624047851562523,
    22.340783691406273,
    22.065942382812523,
    21.822106933593773,
    21.610406494140648,
    21.426629638671898,
    20.031701660156273,
    19.072198486328148,
    23.017327880859398,
    22.947930908203148,
    22.811456298828148,
    22.790765380859398,
    22.586389160156273,
    22.656091308593773,
    22.372613525390648,
    22.516381835937523,
    22.459100341796898,
    19.276116943359398,
    22.276055908203148,
    22.260034179687523,
    22.043084716796898,
    22.158990478515648,
    21.906457519531273,
    21.828210449218773,
    21.984185791015648,
    21.930963134765648,
    21.878106689453148,
    21.827447509765648,
    21.074304199218773,
    21.657128906250023,
    21.566735839843773,
    21.481347656250023
  ],
  "outdoor_temps": [
    -6.1035156022626325e-06,
    -6.1035156022626325e-06,
    -6.1035156022626325e-06,
    -6.1035156022626325e-06,
    -6.1035156022626325e-06,
    -6.1035156022626325e-06,
    -6.1035156022626325e-06,
    -6.1035156022626325e-06,
    -6.1035156022626325e-06,
    -6.1035156022626325e-06,
    -6.1035156022626325e-06,
    -6.1035156022626325e-06,
    -6.1035156022626325e-06,
    -6.1035156022626325e-06,
    -6.1035156022626325e-06,
    -6.1035156022626325e-06,
    -6.1035156022626325e-06,
    -6.1035156022626325e-06,
    -6.1035156022626325e-06,
    -6.1035156022626325e-06,
    -6.1035156022626325e-06,
    -6.1035156022626325e-06,
    -6.1035156022626325e-06,
    0.48467407226564774,
    1.5674987792968977,
    2.6915527343750227,
    3.3000122070312727,
    3.2094665527343977,
    2.8019348144531477,
    2.3684326171875227,
    2.2000061035156477,
    2.3021789550781477,
    2.5030456542968977,
    2.8273864746093977,
    3.3000122070312727,
    4.170007324218773,
    5.390008544921898,
    6.540002441406273,
    7.200006103515648,
    7.400476074218773,
    7.509606933593773,
    7.613946533203148,
    7.800012207031273,
    8.075891113281273,
    8.371636962890648,
    8.656549072265648,
    8.899987792968773,
    9.066003417968773,
    9.171868896484398,
    9.266809082031273,
    9.399987792968773,
    9.710534667968773,
    10.159387207031273,
    10.528527832031273,
    10.600000000000023,
    10.450006103515648,
    10.300012207031273,
    10.149987792968773,
    9.999993896484398,
    9.850000000000023,
    9.700006103515648,
    9.550012207031273,
    9.399987792968773,
    8.978875732421898,
    8.201959228515648,
    7.349084472656273,
    6.700006103515648,
    6.357904052734398,
    6.149987792968773,
    5.942102050781273,
    5.600000000000023,
    4.941003417968773,
    4.063317871093773,
    3.2539611816406477,
    2.8000122070312727,
    2.6291442871093977,
    2.4749084472656477,
    2.3332153320312727,
    2.2000061035156477,
    2.0766845703125227,
    1.9598327636718977,
    1.8380676269531477,
    1.7000061035156477,
    1.4921203613281477,
    1.2039733886718977,
    0.8888488769531477,
    0.6000000000000227,
    0.41335449218752274,
    0.31020507812502274,
    0.20195922851564774,
    -6.1035156022626325e-06,
    -0.7735656738281023,
    -2.1510986328124773,
    -3.5530761718749773,
    -4.399999999999977
  ],
  "rewards": [
    4.963678053930402,
    4.9635631695538756,
    4.962818720653653,
    4.962127915933729,
    4.967531119711697,
    4.960764066216091,
    4.960481196851187,
    4.960139758899808,
    4.96609256158429,
    4.965483975537283,
    4.958630866099311,
    4.958497256249838,
    4.964821012069188,
    4.957627634097053,
    4.95747402923457,
    4.963985754300557,
    4.956597426224661,
    4.956452994555883,
    4.963163492728673,
    4.962592343218787,
    4.955121252771953,
    4.955056411237172,
    4.954862805814199,
    4.962032762814961,
    4.954917648125601,
    4.962855328396611,
    4.963031120336412,
    4.955903488684608,
    4.963026521254979,
    4.955361203242255,
    4.955805130175274,
    4.965363271497513,
    4.9729580080999956,
    4.974227224119169,
    4.970350851599937,
    4.971571380109243,
    4.972744227818173,
    4.974525663517739,
    4.981694939289242,
    4.982765565205527,
    4.987581505349796,
    4.993534962098074,
    4.9962425709405665,
    4.998278494742416,
    4.998040745381914,
    4.996918648459179,
    4.986120959423644,
    4.979723614004482,
    4.98534223725015,
    4.978213006402649,
    4.984341354875947,
    4.983722138334065,
    -5.059819920108208,
    4.975000252863473,
    4.974860549093426,
    4.982281057148362,
    4.974329802025109,
    4.982055005924048,
    4.981866232077874,
    4.974115604906951,
    4.9744501800678025,
    4.982346655027213,
    4.982541356611997,
    4.983002725164689,
    4.983631458207641,
    4.984241610688199,
    4.984783005635538,
    4.985253035944927,
    4.985661039273538,
    4.98004429892078,
    -2.163853897592676,
    4.998695505821551,
    4.999529297061588,
    4.998521771220895,
    4.994915976921502,
    4.9968601187420605,
    4.992429306360043,
    4.995281329835724,
    4.9898494830747016,
    4.988791664452009,
    -1.314789426081772,
    4.985411068211917,
    4.985116299600057,
    4.987208225180112,
    4.983251737099627,
    4.985443559636079,
    4.98443274500302,
    4.980025990892363,
    4.979043987654473,
    4.978069060109879,
    4.977133657545499,
    4.985697661217626,
    4.973988765778101,
    4.972318353823345,
    4.970740145757794
  ],