{
  "episode": 6,
  "steps": 95,
  "actions": [
    23,
    23,
    23,
    23,
    23,
    23,
    23,
    23,
    23,
    23,
    23,
    23,
    23,
    23,
    23,
    23,
    23,
    23,
    23,
    23,
    23,
    23,
    23,
    23,
    23,
    23,
    23,
    23,
    23,
    23,
    23,
    23,
    23,
    8,
    23,
    0,
    23,
    18,
    23,
    15,
    7,
    23,
    1,
    23,
    14,
    23,
    16,
    20,
    14,
    14,
    4,
    11,
    3,
    7,
    23,
    6,
    20,
    19,
    23,
    11,
    16,
    1,
    9,
    20,
    8,
    23,
    19,
    23,
    23,
    1,
    23,
    5,
    23,
    23,
    23,
    22,
    8,
    6,
    1,
    18,
    18,
    19,
    23,
    8,
    7,
    23,
    3,
    23,
    23,
    23,
    13,
    23,
    19,
    23,
    14
  ],
  "temperatures": [
    20.975762939453148,
    20.971978759765648,
    20.926324462890648,
    20.884027099609398,
    20.848413085937523,
    20.818383789062523,
    20.792230224609398,
    20.768457031250023,
    20.746057128906273,
    20.724359130859398,
    20.703149414062523,
    20.682244873046898,
    20.661584472656273,
    20.641198730468773,
    20.621026611328148,
    20.601068115234398,
    20.581353759765648,
    20.561944580078148,
    20.542871093750023,
    20.524133300781273,
    20.505761718750023,
    20.487725830078148,
    20.470056152343773,
    20.463403320312523,
    20.485864257812523,
    20.523187255859398,
    20.552392578125023,
    20.555322265625023,
    20.539788818359398,
    20.522058105468773,
    20.533807373046898,
    21.077111816406273,
    21.201745605468773,
    16.722467041015648,
    21.241693115234398,
    17.536248779296898,
    21.342767333984398,
    16.534051513671898,
    21.586053466796898,
    21.683953857421898,
    21.676263427734398,
    22.512780761718773,
    19.881921386718773,
    22.951318359375023,
    23.295983886718773,
    23.511712646484398,
    19.234307861328148,
    23.847375488281273,
    24.359399414062523,
    24.629022216796898,
    25.394799804687523,
    21.480554199218773,
    23.307702636718773,
    25.981500244140648,
    25.105340576171898,
    26.463494873046898,
    25.297174072265648,
    21.057214355468773,
    25.231683349609398,
    22.259301757812523,
    20.935113525390648,
    23.816522216796898,
    21.924035644531273,
    24.785455322265648,
    21.528894042968773,
    24.398889160156273,
    20.043420410156273,
    24.071221923828148,
    24.033197021484398,
    22.204583740234398,
    23.847894287109398,
    23.527856445312523,
    23.186486816406273,
    23.074548339843773,
    22.981835937500023,
    22.903344726562523,
    19.256982421875023,
    22.323144531250023,
    20.068017578125023,
    18.136254882812523,
    17.973535156250023,
    17.837457275390648,
    22.081689453125023,
    18.310021972656273,
    21.227258300781273,
    21.939324951171898,
    18.939385986328148,
    21.780206298828148,
    21.773278808593773,
    21.732537841796898,
    21.367944335937523,
    21.617089843750023,
    17.062738037109398,
    21.290185546875023,
    20.844598388671898
  ],
  "outdoor_temps": [
    -6.1035156022626325e-06,
    -6.1035156022626325e-06,
    -6.1035156022626325e-06,
    -6.1035156022626325e-06,
    -6.1035156022626325e-06,
    -6.1035156022626325e-06,
    -6.1035156022626325e-06,
    -6.1035156022626325e-06,
    -6.1035156022626325e-06,
    -6.1035156022626325e-06,
    -6.1035156022626325e-06,
    -6.1035156022626325e-06,
    -6.1035156022626325e-06,
    -6.1035156022626325e-06,
    -6.1035156022626325e-06,
    -6.1035156022626325e-06,
    -6.1035156022626325e-06,
    -6.1035156022626325e-06,
    -6.1035156022626325e-06,
    -6.1035156022626325e-06,
    -6.1035156022626325e-06,
    -6.1035156022626325e-06,
    -6.1035156022626325e-06,
    0.48467407226564774,
    1.5674987792968977,
    2.6915527343750227,
    3.3000122070312727,
    3.2094665527343977,
    2.8019348144531477,
    2.3684326171875227,
    2.2000061035156477,
    2.3021789550781477,
    2.5030456542968977,
    2.8273864746093977,
    3.3000122070312727,
    4.170007324218773,
    5.390008544921898,
    6.540002441406273,
    7.200006103515648,
    7.400476074218773,
    7.509606933593773,
    7.613946533203148,
    7.800012207031273,
    8.075891113281273,
    8.371636962890648,
    8.656549072265648,
    8.899987792968773,
    9.066003417968773,
    9.171868896484398,
    9.266809082031273,
    9.399987792968773,
    9.710534667968773,
    10.159387207031273,
    10.528527832031273,
    10.600000000000023,
    10.450006103515648,
    10.300012207031273,
    10.149987792968773,
    9.999993896484398,
    9.850000000000023,
    9.700006103515648,
    9.550012207031273,
    9.399987792968773,
    8.978875732421898,
    8.201959228515648,
    7.349084472656273,
    6.700006103515648,
    6.357904052734398,
    6.149987792968773,
    5.942102050781273,
    5.600000000000023,
    4.941003417968773,
    4.063317871093773,
    3.2539611816406477,
    2.8000122070312727,
    2.6291442871093977,
    2.4749084472656477,
    2.3332153320312727,
    2.2000061035156477,
    2.0766845703125227,
    1.9598327636718977,
    1.8380676269531477,
    1.7000061035156477,
    1.4921203613281477,
    1.2039733886718977,
    0.8888488769531477,
    0.6000000000000227,
    0.41335449218752274,
    0.31020507812502274,
    0.20195922851564774,
    -6.1035156022626325e-06,
    -0.7735656738281023,
    -2.1510986328124773,
    -3.5530761718749773,
    -4.399999999999977
  ],
  "rewards": [
    4.120979222776403,
    4.115054529951921,
    4.041117961602322,
    3.9698265858460595,
    3.9077210109681286,
    3.853879691883962,
    3.805885754423257,
    3.7613691613823597,
    3.718646088801367,
    3.6765443842579115,
    3.634704109951898,
    3.592804602505684,
    3.5507493382320265,
    3.5086222347245086,
    3.466321936817887,
    3.423867874192122,
    3.381345204161528,
    3.338909506471877,
    3.296656541600873,
    3.254615599177828,
    3.2128832242638383,
    3.1714217349608016,
    3.1303298621997757,
    3.114743142649584,
    3.1671395712346357,
    3.2525262384582816,
    3.3178817418963207,
    3.324368238821675,
    3.289838607208853,
    3.249981652163019,
    3.2764469183702523,
    4.274051666222544,
    4.440449787043063,
    -36.85956542393155,
    4.4888331270359885,
    -25.17801373169031,
    4.600599997388222,
    -40.03773514868652,
    4.806835185669619,
    4.88558243081906,
    4.901739140301752,
    4.779272365766033,
    -0.040296757197925435,
    4.3171908446360545,
    3.737131005376533,
    3.2773371901277586,
    -1.480437822956505,
    2.427226354079663,
    -0.32612388010424315,
    -0.9929747991629012,
    -4.866347189279553,
    4.73953935070208,
    3.680489266372403,
    -9.819189801218172,
    -3.062083794558142,
    -25.175883929576077,
    -4.214929065289042,
    4.250819955586446,
    -3.800669214089905,
    4.88457180093973,
    4.068592632582609,
    2.485983192301698,
    4.933646787251956,
    -1.5489245476210167,
    4.775026750273047,
    -0.4030686889913224,
    2.0598009794578624,
    -0.01687787901367992,
    -0.006824927497658928,
    4.936563927200615,
    2.425784199429289,
    3.2468363176239134,
    3.9398187174663835,
    4.131130379848146,
    4.274284924641218,
    4.38178332619366,
    -1.3898137937631099,
    4.911596915684832,
    2.178041728121375,
    -8.694924871105815,
    -20.276917836779255,
    -21.701543029454978,
    4.952381148620141,
    -7.147587630934821,
    4.525880312174788,
    4.948321822192928,
    -2.81664372160553,
    4.9078042035950835,
    4.905180065594621,
    4.8882759694475775,
    4.651593241207323,
    4.826847853359334,
    -31.57625826524537,
    4.54444375066332,
    3.934531525531823
  ],