{
  "episode": 10,
  "steps": 95,
  "actions": [
    23,
    23,
    23,
    23,
    23,
    23,
    23,
    23,
    23,
    23,
    23,
    23,
    23,
    23,
    23,
    23,
    23,
    23,
    23,
    23,
    23,
    23,
    23,
    23,
    23,
    23,
    23,
    23,
    23,
    23,
    23,
    23,
    14,
    7,
    11,
    12,
    17,
    12,
    9,
    3,
    23,
    2,
    17,
    17,
    23,
    23,
    23,
    20,
    23,
    15,
    21,
    20,
    21,
    23,
    12,
    23,
    7,
    23,
    23,
    1,
    22,
    0,
    9,
    6,
    23,
    7,
    23,
    13,
    16,
    23,
    12,
    18,
    22,
    1,
    21,
    5,
    22,
    23,
    23,
    23,
    21,
    23,
    23,
    16,
    9,
    12,
    23,
    17,
    19,
    2,
    7,
    23,
    1,
    23,
    23
  ],
  "temperatures": [
    20.975762939453148,
    20.971978759765648,
    20.926324462890648,
    20.884027099609398,
    20.848413085937523,
    20.818383789062523,
    20.792230224609398,
    20.768457031250023,
    20.746057128906273,
    20.724359130859398,
    20.703149414062523,
    20.682244873046898,
    20.661584472656273,
    20.641198730468773,
    20.621026611328148,
    20.601068115234398,
    20.581353759765648,
    20.561944580078148,
    20.542871093750023,
    20.524133300781273,
    20.505761718750023,
    20.487725830078148,
    20.470056152343773,
    20.463403320312523,
    20.485864257812523,
    20.523187255859398,
    20.552392578125023,
    20.555322265625023,
    20.539788818359398,
    20.522058105468773,
    20.533807373046898,
    21.077111816406273,
    20.777612304687523,
    20.216119384765648,
    16.744378662109398,
    20.813775634765648,
    16.437402343750023,
    20.933190917968773,
    17.098870849609398,
    17.936273193359398,
    22.135522460937523,
    19.262658691406273,
    17.843835449218773,
    18.114068603515648,
    23.023950195312523,
    23.356011962890648,
    23.619592285156273,
    23.857843017578148,
    24.075952148437523,
    24.562860107421898,
    24.468469238281273,
    24.641717529296898,
    24.810784912109398,
    24.963861083984398,
    25.563714599609398,
    25.189233398437523,
    26.558068847656273,
    25.336022949218773,
    25.351647949218773,
    24.357995605468773,
    25.305352783203148,
    24.252191162109398,
    22.123498535156273,
    25.975762939453148,
    24.773431396484398,
    25.600244140625023,
    24.468255615234398,
    24.660699462890648,
    19.988916015625023,
    24.022302246093773,
    24.239526367187523,
    19.197351074218773,
    23.188012695312523,
    20.932366943359398,
    22.981500244140648,
    22.901452636718773,
    22.856347656250023,
    22.777276611328148,
    22.700769042968773,
    22.630761718750023,
    22.565759277343773,
    22.503808593750023,
    22.442956542968773,
    18.018090820312523,
    18.414514160156273,
    21.807824707031273,
    22.046685791015648,
    17.606683349609398,
    17.427545166015648,
    18.513146972656273,
    20.687219238281273,
    21.588494873046898,
    18.338952636718773,
    21.351403808593773,
    21.317651367187523
  ],
  "outdoor_temps": [
    -6.1035156022626325e-06,
    -6.1035156022626325e-06,
    -6.1035156022626325e-06,
    -6.1035156022626325e-06,
    -6.1035156022626325e-06,
    -6.1035156022626325e-06,
    -6.1035156022626325e-06,
    -6.1035156022626325e-06,
    -6.1035156022626325e-06,
    -6.1035156022626325e-06,
    -6.1035156022626325e-06,
    -6.1035156022626325e-06,
    -6.1035156022626325e-06,
    -6.1035156022626325e-06,
    -6.1035156022626325e-06,
    -6.1035156022626325e-06,
    -6.1035156022626325e-06,
    -6.1035156022626325e-06,
    -6.1035156022626325e-06,
    -6.1035156022626325e-06,
    -6.1035156022626325e-06,
    -6.1035156022626325e-06,
    -6.1035156022626325e-06,
    0.48467407226564774,
    1.5674987792968977,
    2.6915527343750227,
    3.3000122070312727,
    3.2094665527343977,
    2.8019348144531477,
    2.3684326171875227,
    2.2000061035156477,
    2.3021789550781477,
    2.5030456542968977,
    2.8273864746093977,
    3.3000122070312727,
    4.170007324218773,
    5.390008544921898,
    6.540002441406273,
    7.200006103515648,
    7.400476074218773,
    7.509606933593773,
    7.613946533203148,
    7.800012207031273,
    8.075891113281273,
    8.371636962890648,
    8.656549072265648,
    8.899987792968773,
    9.066003417968773,
    9.171868896484398,
    9.266809082031273,
    9.399987792968773,
    9.710534667968773,
    10.159387207031273,
    10.528527832031273,
    10.600000000000023,
    10.450006103515648,
    10.300012207031273,
    10.149987792968773,
    9.999993896484398,
    9.850000000000023,
    9.700006103515648,
    9.550012207031273,
    9.399987792968773,
    8.978875732421898,
    8.201959228515648,
    7.349084472656273,
    6.700006103515648,
    6.357904052734398,
    6.149987792968773,
    5.942102050781273,
    5.600000000000023,
    4.941003417968773,
    4.063317871093773,
    3.2539611816406477,
    2.8000122070312727,
    2.6291442871093977,
    2.4749084472656477,
    2.3332153320312727,
    2.2000061035156477,
    2.0766845703125227,
    1.9598327636718977,
    1.8380676269531477,
    1.7000061035156477,
    1.4921203613281477,
    1.2039733886718977,
    0.8888488769531477,
    0.6000000000000227,
    0.41335449218752274,
    0.31020507812502274,
    0.20195922851564774,
    -6.1035156022626325e-06,
    -0.7735656738281023,
    -2.1510986328124773,
    -3.5530761718749773,
    -4.399999999999977
  ],
  "rewards": [
    4.9077753899246455,
    4.9076752827316525,
    4.905702330842614,
    4.90387322165072,
    4.902335326448083,
    4.901042344346642,
    4.899916627183557,
    4.89889272429049,
    4.897925631776452,
    4.896989104524255,
    4.896070191636682,
    4.895163533464074,
    4.894266431108117,
    4.893377902284264,
    4.892497641816735,
    4.8916256878525015,
    4.890763070359826,
    4.889912049546838,
    4.889075028672814,
    4.888252484574914,
    4.887444255128503,
    4.886651608720422,
    4.885875994935632,
    4.885590159669518,
    4.886594855561852,
    4.888258149400354,
    4.88955717779696,
    4.889688555970788,
    4.889001128450036,
    4.888215834870935,
    4.888737532868982,
    4.912843615785241,
    4.933736219368875,
    4.9587795423119045,
    -10.603128894501744,
    4.93477478021027,
    -12.697518438201074,
    4.938287858912802,
    -8.42139544415072,
    -4.262249960560136,
    4.959734892615158,
    -0.5484254566346892,
    -4.659143055908932,
    -3.567734290486035,
    4.997788760462857,
    4.993366875723004,
    4.989856700673699,
    4.986684162393212,
    -0.00998145393379702,
    -0.32046710804107365,
    -0.22498296488564484,
    -0.41789758137551664,
    -0.6640311124483897,
    -0.9361966540583888,
    -2.4510797767341845,
    -1.4221944833806568,
    -6.54768756960996,
    -1.7933641967080818,
    -1.835411045774879,
    -0.13856785034296798,
    -1.7122507480945546,
    -0.07389014988268212,
    4.936204080544412,
    -3.9069646051115976,
    -0.6047304112966645,
    -2.563689816794431,
    -0.2247814627267309,
    -0.4403959160484674,
    -0.01736021176304456,
    -0.00453086822253308,
    -0.06031022708864109,
    -0.6588432386031252,
    4.99561163905846,
    4.97361789936139,
    4.997272643591884,
    4.998459772806331,
    4.991724592188131,
    4.98821954878452,
    4.984828921332955,
    4.981724996343255,
    4.978844760432839,
    4.976098472744875,
    4.9734020230919125,
    -3.938629089072257,
    -2.5215200346982924,
    4.964201638641889,
    4.955845319975329,
    -5.737260756008218,
    -6.6262244994694255,
    -2.2146482165086256,
    4.965760121332765,
    4.935545599172297,
    -2.762802168182022,
    4.925034653912906,
    4.923535539880395
  ],