{
  "episode": 380,
  "steps": 95,
  "actions": [
    23,
    23,
    23,
    23,
    23,
    21,
    21,
    23,
    21,
    23,
    20,
    21,
    20,
    21,
    20,
    20,
    21,
    21,
    20,
    20,
    20,
    22,
    22,
    22,
    22,
    22,
    22,
    23,
    21,
    21,
    21,
    21,
    23,
    23,
    21,
    21,
    21,
    23,
    22,
    6,
    6,
    6,
    6,
    7,
    2,
    1,
    1,
    0,
    1,
    0,
    1,
    10,
    11,
    8,
    11,
    11,
    11,
    11,
    8,
    8,
    8,
    8,
    9,
    11,
    1,
    1,
    1,
    1,
    1,
    1,
    1,
    0,
    4,
    7,
    7,
    4,
    7,
    7,
    4,
    4,
    6,
    4,
    20,
    23,
    15,
    20,
    21,
    12,
    20,
    22,
    22,
    22,
    21,
    23,
    22
  ],
  "temperatures": [
    20.975762939453148,
    20.971978759765648,
    20.926324462890648,
    20.884027099609398,
    20.848413085937523,
    20.818383789062523,
    20.792230224609398,
    20.768457031250023,
    20.746057128906273,
    20.724359130859398,
    20.703149414062523,
    20.682244873046898,
    20.661584472656273,
    20.641198730468773,
    20.621026611328148,
    20.601068115234398,
    20.581353759765648,
    20.561944580078148,
    20.542871093750023,
    20.524133300781273,
    20.505761718750023,
    20.487725830078148,
    20.470056152343773,
    20.463403320312523,
    20.485864257812523,
    20.523187255859398,
    20.552392578125023,
    20.555322265625023,
    20.539788818359398,
    20.522058105468773,
    20.533807373046898,
    21.077111816406273,
    21.201745605468773,
    21.302789306640648,
    21.379968261718773,
    21.441552734375023,
    21.505212402343773,
    21.604486083984398,
    21.801873779296898,
    21.420526123046898,
    21.780725097656273,
    22.214990234375023,
    22.635430908203148,
    23.066430664062523,
    20.986444091796898,
    21.228234863281273,
    21.581445312500023,
    21.922357177734398,
    22.243463134765648,
    22.545556640625023,
    22.822625732421898,
    21.343621826171898,
    21.478082275390648,
    21.624353027343773,
    21.741143798828148,
    21.818963623046898,
    21.870660400390648,
    21.902642822265648,
    21.913171386718773,
    21.895318603515648,
    21.847650146484398,
    21.769219970703148,
    21.637017822265648,
    21.433190917968773,
    22.806726074218773,
    22.603051757812523,
    22.369531250000023,
    22.161492919921898,
    21.979791259765648,
    21.816644287109398,
    21.660638427734398,
    20.821496582031273,
    22.829583740234398,
    22.784143066406273,
    22.649316406250023,
    22.531152343750023,
    22.410119628906273,
    22.283715820312523,
    22.161187744140648,
    22.047998046875023,
    21.942529296875023,
    21.841485595703148,
    22.217095947265648,
    22.169274902343773,
    21.902124023437523,
    22.043054199218773,
    21.984674072265648,
    21.667199707031273,
    21.854272460937523,
    21.800103759765648,
    21.745599365234398,
    21.679772949218773,
    21.584741210937523,
    21.477105712890648,
    21.382043457031273
  ],
  "outdoor_temps": [
    -6.1035156022626325e-06,
    -6.1035156022626325e-06,
    -6.1035156022626325e-06,
    -6.1035156022626325e-06,
    -6.1035156022626325e-06,
    -6.1035156022626325e-06,
    -6.1035156022626325e-06,
    -6.1035156022626325e-06,
    -6.1035156022626325e-06,
    -6.1035156022626325e-06,
    -6.1035156022626325e-06,
    -6.1035156022626325e-06,
    -6.1035156022626325e-06,
    -6.1035156022626325e-06,
    -6.1035156022626325e-06,
    -6.1035156022626325e-06,
    -6.1035156022626325e-06,
    -6.1035156022626325e-06,
    -6.1035156022626325e-06,
    -6.1035156022626325e-06,
    -6.1035156022626325e-06,
    -6.1035156022626325e-06,
    -6.1035156022626325e-06,
    0.48467407226564774,
    1.5674987792968977,
    2.6915527343750227,
    3.3000122070312727,
    3.2094665527343977,
    2.8019348144531477,
    2.3684326171875227,
    2.2000061035156477,
    2.3021789550781477,
    2.5030456542968977,
    2.8273864746093977,
    3.3000122070312727,
    4.170007324218773,
    5.390008544921898,
    6.540002441406273,
    7.200006103515648,
    7.400476074218773,
    7.509606933593773,
    7.613946533203148,
    7.800012207031273,
    8.075891113281273,
    8.371636962890648,
    8.656549072265648,
    8.899987792968773,
    9.066003417968773,
    9.171868896484398,
    9.266809082031273,
    9.399987792968773,
    9.710534667968773,
    10.159387207031273,
    10.528527832031273,
    10.600000000000023,
    10.450006103515648,
    10.300012207031273,
    10.149987792968773,
    9.999993896484398,
    9.850000000000023,
    9.700006103515648,
    9.550012207031273,
    9.399987792968773,
    8.978875732421898,
    8.201959228515648,
    7.349084472656273,
    6.700006103515648,
    6.357904052734398,
    6.149987792968773,
    5.942102050781273,
    5.600000000000023,
    4.941003417968773,
    4.063317871093773,
    3.2539611816406477,
    2.8000122070312727,
    2.6291442871093977,
    2.4749084472656477,
    2.3332153320312727,
    2.2000061035156477,
    2.0766845703125227,
    1.9598327636718977,
    1.8380676269531477,
    1.7000061035156477,
    1.4921203613281477,
    1.2039733886718977,
    0.8888488769531477,
    0.6000000000000227,
    0.41335449218752274,
    0.31020507812502274,
    0.20195922851564774,
    -6.1035156022626325e-06,
    -0.7735656738281023,
    -2.1510986328124773,
    -3.5530761718749773,
    -4.399999999999977
  ],
  "rewards": [
    4.120979222776403,
    4.115054529951921,
    4.041117961602322,
    3.9698265858460595,
    3.9077210109681286,
    3.8538797204941915,
    3.8058857638563404,
    3.761369151741956,
    3.71864609833811,
    3.6765443841542513,
    3.634704119488641,
    3.592804611899895,
    3.5507493476651093,
    3.508622234581976,
    3.466321936714227,
    3.423867874049589,
    3.3813452040189955,
    3.3389095159049598,
    3.296656541497213,
    3.2546156085720384,
    3.212883233658049,
    3.171421734818269,
    3.1303298621479456,
    3.114743152134497,
    3.1671395807195486,
    3.252526247943195,
    3.317881751381234,
    3.324368248306588,
    3.28983859767211,
    3.249981642522616,
    3.276446908729849,
    4.274051580288195,
    4.440449777402659,
    4.558249567644695,
    4.637910657189807,
    4.695064988405179,
    4.748164625622997,
    4.8188503315474005,
    4.91548867803999,
    4.724718114425772,
    4.945827585031367,
    4.953647513968012,
    4.691705026059471,
    4.1466794771524595,
    4.202887249566123,
    4.525569165224519,
    4.839326007357489,
    4.964682042264059,
    4.9233219554694285,
    4.7432125312002675,
    4.457671710741678,
    4.619998724018854,
    4.737631028605157,
    4.834799052003945,
    4.889341414696748,
    4.914325837178324,
    4.925901908634397,
    4.931056477634401,
    4.932417774621562,
    4.930012240312268,
    4.921245744130782,
    4.899404712892348,
    4.841705467305361,
    4.701377141307249,
    4.477174586511351,
    4.693430848857974,
    4.864806468478068,
    4.9485853718599735,
    4.968645802997661,
    4.944462042265254,
    4.8839946481219165,
    3.9324524520623454,
    4.481231141057768,
    4.535559738443774,
    4.678520550658378,
    4.781392812063373,
    4.86504945533126,
    4.9289602381786555,
    4.968034957102899,
    4.984121384003765,
    4.981814114430557,
    4.963953851490368,
    4.928041792542302,
    4.939780705391383,
    4.9598010654374995,
    4.954292036439088,
    4.952920400404332,
    4.8769838139868416,
    4.931393934983927,
    4.914954441689852,
    4.893968231672754,
    4.862683202237226,
    4.806049811117688,
    4.725542569252397,
    4.639986803196392
  ],