{
  "episode": 850,
  "steps": 95,
  "actions": [
    23,
    23,
    23,
    23,
    13,
    12,
    23,
    23,
    21,
    12,
    23,
    6,
    23,
    20,
    23,
    20,
    12,
    14,
    22,
    12,
    21,
    20,
    14,
    10,
    22,
    15,
    12,
    21,
    21,
    22,
    21,
    12,
    22,
    12,
    15,
    12,
    21,
    23,
    21,
    15,
    12,
    12,
    23,
    12,
    12,
    20,
    12,
    8,
    3,
    3,
    1,
    9,
    11,
    3,
    11,
    0,
    2,
    0,
    3,
    10,
    2,
    1,
    1,
    9,
    3,
    1,
    11,
    12,
    11,
    14,
    1,
    22,
    13,
    12,
    14,
    13,
    13,
    13,
    13,
    21,
    20,
    21,
    22,
    22,
    13,
    20,
    13,
    13,
    23,
    20,
    22,
    15,
    23,
    22,
    22
  ],
  "temperatures": [
    21.111627197265648,
    21.104028320312523,
    21.062646484375023,
    21.024285888671898,
    20.531274414062523,
    20.474237060546898,
    20.916040039062523,
    20.905114746093773,
    20.888757324218773,
    20.389367675781273,
    20.836297607421898,
    19.547937011718773,
    20.768304443359398,
    20.772241210937523,
    20.761834716796898,
    20.748040771484398,
    20.227929687500023,
    20.182458496093773,
    20.672113037109398,
    20.151239013671898,
    20.637628173828148,
    20.632867431640648,
    20.098260498046898,
    15.728448486328148,
    20.485406494140648,
    20.068444824218773,
    20.107568359375023,
    20.635369873046898,
    20.641839599609398,
    20.636437988281273,
    20.655267333984398,
    20.770806884765648,
    21.275811767578148,
    21.025140380859398,
    21.100488281250023,
    21.166162109375023,
    21.555596923828148,
    21.659143066406273,
    21.851464843750023,
    21.903039550781273,
    22.204095458984398,
    22.502770996093773,
    22.842767333984398,
    23.076043701171898,
    23.371514892578148,
    23.548608398437523,
    23.927850341796898,
    20.177301025390648,
    21.598657226562523,
    21.880029296875023,
    22.116082763671898,
    20.898950195312523,
    21.027581787109398,
    22.640100097656273,
    21.320214843750023,
    22.891839599609398,
    23.028771972656273,
    23.101159667968773,
    23.141900634765648,
    21.555383300781273,
    23.021325683593773,
    23.004296875000023,
    22.870202636718773,
    21.151727294921898,
    22.273797607421898,
    22.037957763671898,
    20.468896484375023,
    24.074731445312523,
    20.205194091796898,
    23.850640869140648,
    21.221734619140648,
    23.105981445312523,
    23.034753417968773,
    22.917047119140648,
    22.812738037109398,
    22.727258300781273,
    22.639916992187523,
    22.550012207031273,
    22.464410400390648,
    22.494897460937523,
    22.439569091796898,
    22.386285400390648,
    22.333886718750023,
    22.279199218750023,
    22.050531005859398,
    22.155847167968773,
    21.898950195312523,
    21.818322753906273,
    21.972253417968773,
    21.920465087890648,
    21.868951416015648,
    21.537561035156273,
    21.708917236328148,
    21.611688232421898,
    21.523767089843773
  ],
  "outdoor_temps": [
    -6.1035156022626325e-06,
    -6.1035156022626325e-06,
    -6.1035156022626325e-06,
    -6.1035156022626325e-06,
    -6.1035156022626325e-06,
    -6.1035156022626325e-06,
    -6.1035156022626325e-06,
    -6.1035156022626325e-06,
    -6.1035156022626325e-06,
    -6.1035156022626325e-06,
    -6.1035156022626325e-06,
    -6.1035156022626325e-06,
    -6.1035156022626325e-06,
    -6.1035156022626325e-06,
    -6.1035156022626325e-06,
    -6.1035156022626325e-06,
    -6.1035156022626325e-06,
    -6.1035156022626325e-06,
    -6.1035156022626325e-06,
    -6.1035156022626325e-06,
    -6.1035156022626325e-06,
    -6.1035156022626325e-06,
    -6.1035156022626325e-06,
    0.48467407226564774,
    1.5674987792968977,
    2.6915527343750227,
    3.3000122070312727,
    3.2094665527343977,
    2.8019348144531477,
    2.3684326171875227,
    2.2000061035156477,
    2.3021789550781477,
    2.5030456542968977,
    2.8273864746093977,
    3.3000122070312727,
    4.170007324218773,
    5.390008544921898,
    6.540002441406273,
    7.200006103515648,
    7.400476074218773,
    7.509606933593773,
    7.613946533203148,
    7.800012207031273,
    8.075891113281273,
    8.371636962890648,
    8.656549072265648,
    8.899987792968773,
    9.066003417968773,
    9.171868896484398,
    9.266809082031273,
    9.399987792968773,
    9.710534667968773,
    10.159387207031273,
    10.528527832031273,
    10.600000000000023,
    10.450006103515648,
    10.300012207031273,
    10.149987792968773,
    9.999993896484398,
    9.850000000000023,
    9.700006103515648,
    9.550012207031273,
    9.399987792968773,
    8.978875732421898,
    8.201959228515648,
    7.349084472656273,
    6.700006103515648,
    6.357904052734398,
    6.149987792968773,
    5.942102050781273,
    5.600000000000023,
    4.941003417968773,
    4.063317871093773,
    3.2539611816406477,
    2.8000122070312727,
    2.6291442871093977,
    2.4749084472656477,
    2.3332153320312727,
    2.2000061035156477,
    2.0766845703125227,
    1.9598327636718977,
    1.8380676269531477,
    1.7000061035156477,
    1.4921203613281477,
    1.2039733886718977,
    0.8888488769531477,
    0.6000000000000227,
    0.41335449218752274,
    0.31020507812502274,
    0.20195922851564774,
    -6.1035156022626325e-06,
    -0.7735656738281023,
    -2.1510986328124773,
    -3.5530761718749773,
    -4.399999999999977
  ],
  "rewards": [
    4.963678053930402,
    4.9635631695538756,
    4.962818720653653,
    4.962127915933729,
    4.967531119711697,
    4.966805889681468,
    4.9601707723626625,
    4.959981029346586,
    4.959689662769437,
    4.965748219539128,
    4.9587382474431525,
    -0.5237143214456224,
    4.957496255936182,
    4.9575761714726685,
    4.957389511040371,
    4.957139847591519,
    4.963700102577876,
    4.963115173705084,
    4.955748410408264,
    4.962716933563675,
    4.955116464186622,
    4.955031699151449,
    4.9620389568907735,
    -45.616971828269406,
    4.952316910270116,
    4.961662457090195,
    4.962169888055681,
    4.955093686867667,
    4.955213442058019,
    4.955113910645895,
    4.955462179445054,
    4.970754963208638,
    4.966927228260947,
    4.9740367353971555,
    4.975007827408773,
    4.975853965914606,
    4.972081686545325,
    4.973993427366667,
    4.97754822523892,
    4.9853830901279075,
    4.9892802414659245,
    4.993146757610304,
    4.995880236689163,
    4.9992892749458555,
    4.998141591601236,
    4.995744697515083,
    4.995980685214471,
    4.979476577170355,
    4.985277513758482,
    4.984652895254124,
    4.9841289722146875,
    4.976673239696447,
    4.976173799767281,
    4.9829663901554175,
    4.9750379878962825,
    4.9824083261715,
    4.982104669738561,
    4.981944228927889,
    4.981853942204267,
    4.974125947554636,
    4.982121424532941,
    4.982159072081842,
    4.982456475421462,
    4.975693028121863,
    4.9837800972751625,
    4.984303743165959,
    4.978345611244116,
    -0.016226792700435227,
    4.979370331294996,
    4.9962813383863995,
    4.9861160839580645,
    4.9982037196603155,
    4.999451994722102,
    4.998504575230667,
    4.997156103529198,
    4.996051245876466,
    4.994922154620776,
    4.993760061637054,
    4.992653680369744,
    4.989453036424258,
    4.988431161255292,
    4.987447431555909,
    4.986480607003622,
    4.98547144737127,
    4.987305382967318,
    4.983194722172359,
    4.985347567806911,
    4.984306012467036,
    4.979806634631494,
    4.978851233437657,
    4.977900209597271,
    4.980679050810958,
    4.974944987493364,
    4.973148531630636,
    4.971523962281968
  ],