{
  "episode": 1162,
  "steps": 95,
  "actions": [
    23,
    23,
    23,
    23,
    15,
    21,
    22,
    20,
    20,
    13,
    22,
    20,
    21,
    23,
    23,
    20,
    12,
    21,
    15,
    21,
    15,
    12,
    20,
    12,
    21,
    23,
    20,
    13,
    6,
    13,
    13,
    22,
    22,
    22,
    22,
    21,
    22,
    23,
    13,
    15,
    23,
    20,
    12,
    20,
    22,
    13,
    4,
    22,
    21,
    22,
    21,
    22,
    23,
    22,
    7,
    4,
    21,
    20,
    23,
    5,
    20,
    20,
    4,
    23,
    22,
    15,
    23,
    20,
    15,
    9,
    20,
    23,
    12,
    22,
    21,
    20,
    21,
    15,
    8,
    20,
    22,
    21,
    23,
    13,
    5,
    20,
    22,
    21,
    13,
    23,
    22,
    20,
    21,
    23,
    21
  ],
  "temperatures": [
    20.975762939453148,
    20.971978759765648,
    20.926324462890648,
    20.884027099609398,
    20.309716796875023,
    20.797784423828148,
    20.782312011718773,
    20.761773681640648,
    20.741082763671898,
    20.158410644531273,
    20.678002929687523,
    20.668542480468773,
    20.651635742187523,
    20.633294677734398,
    20.614343261718773,
    20.595178222656273,
    19.989404296875023,
    20.533959960937523,
    19.930505371093773,
    20.488153076171898,
    19.879754638671898,
    19.827478027343773,
    20.418420410156273,
    19.815850830078148,
    20.434686279296898,
    20.487878417968773,
    20.523583984375023,
    19.949212646484398,
    18.915338134765648,
    19.805139160156273,
    19.838861083984398,
    20.991693115234398,
    21.139581298828148,
    21.251489257812523,
    21.335198974609398,
    21.400994873046898,
    21.467492675781273,
    21.568994140625023,
    21.462640380859398,
    21.780541992187523,
    22.311853027343773,
    22.573846435546898,
    22.758966064453148,
    23.065057373046898,
    23.323052978515648,
    23.697229003906273,
    24.268945312500023,
    24.042993164062523,
    24.242883300781273,
    24.434014892578148,
    24.609338378906273,
    24.779718017578148,
    24.944451904296898,
    25.093316650390648,
    26.489587402343773,
    26.728326416015648,
    25.421746826171898,
    25.448510742187523,
    25.470147705078148,
    26.927453613281273,
    25.484002685546898,
    25.410180664062523,
    26.691339111328148,
    25.176782226562523,
    24.957849121093773,
    25.196771240234398,
    24.622369384765648,
    24.485559082031273,
    24.706140136718773,
    21.116479492187523,
    24.108972167968773,
    23.575555419921898,
    23.556024169921898,
    23.328851318359398,
    23.226556396484398,
    23.145104980468773,
    23.062463378906273,
    22.973657226562523,
    19.368798828125023,
    22.717401123046898,
    22.688439941406273,
    22.630944824218773,
    22.570642089843773,
    22.396173095703148,
    22.112176513671898,
    22.355462646484398,
    22.289086914062523,
    22.220300292968773,
    21.956414794921898,
    22.077050781250023,
    22.016198730468773,
    21.943048095703148,
    21.841882324218773,
    21.728936767578148,
    21.628564453125023
  ],
  "outdoor_temps": [
    -6.1035156022626325e-06,
    -6.1035156022626325e-06,
    -6.1035156022626325e-06,
    -6.1035156022626325e-06,
    -6.1035156022626325e-06,
    -6.1035156022626325e-06,
    -6.1035156022626325e-06,
    -6.1035156022626325e-06,
    -6.1035156022626325e-06,
    -6.1035156022626325e-06,
    -6.1035156022626325e-06,
    -6.1035156022626325e-06,
    -6.1035156022626325e-06,
    -6.1035156022626325e-06,
    -6.1035156022626325e-06,
    -6.1035156022626325e-06,
    -6.1035156022626325e-06,
    -6.1035156022626325e-06,
    -6.1035156022626325e-06,
    -6.1035156022626325e-06,
    -6.1035156022626325e-06,
    -6.1035156022626325e-06,
    -6.1035156022626325e-06,
    0.48467407226564774,
    1.5674987792968977,
    2.6915527343750227,
    3.3000122070312727,
    3.2094665527343977,
    2.8019348144531477,
    2.3684326171875227,
    2.2000061035156477,
    2.3021789550781477,
    2.5030456542968977,
    2.8273864746093977,
    3.3000122070312727,
    4.170007324218773,
    5.390008544921898,
    6.540002441406273,
    7.200006103515648,
    7.400476074218773,
    7.509606933593773,
    7.613946533203148,
    7.800012207031273,
    8.075891113281273,
    8.371636962890648,
    8.656549072265648,
    8.899987792968773,
    9.066003417968773,
    9.171868896484398,
    9.266809082031273,
    9.399987792968773,
    9.710534667968773,
    10.159387207031273,
    10.528527832031273,
    10.600000000000023,
    10.450006103515648,
    10.300012207031273,
    10.149987792968773,
    9.999993896484398,
    9.850000000000023,
    9.700006103515648,
    9.550012207031273,
    9.399987792968773,
    8.978875732421898,
    8.201959228515648,
    7.349084472656273,
    6.700006103515648,
    6.357904052734398,
    6.149987792968773,
    5.942102050781273,
    5.600000000000023,
    4.941003417968773,
    4.063317871093773,
    3.2539611816406477,
    2.8000122070312727,
    2.6291442871093977,
    2.4749084472656477,
    2.3332153320312727,
    2.2000061035156477,
    2.0766845703125227,
    1.9598327636718977,
    1.8380676269531477,
    1.7000061035156477,
    1.4921203613281477,
    1.2039733886718977,
    0.8888488769531477,
    0.6000000000000227,
    0.41335449218752274,
    0.31020507812502274,
    0.20195922851564774,
    -6.1035156022626325e-06,
    -0.7735656738281023,
    -2.1510986328124773,
    -3.5530761718749773,
    -4.399999999999977
  ],
  "rewards": [
    4.9077753899246455,
    4.9076752827316525,
    4.905702330842614,
    4.90387322165072,
    4.919595122300088,
    4.900126149314254,
    4.899475485951356,
    4.8985951778519405,
    4.897705323330086,
    4.915255088626366,
    4.894953067001442,
    4.894555260859754,
    4.893823849788826,
    4.8930267116135875,
    4.892201258912682,
    4.891363942399621,
    -0.022569195584434047,
    4.888670852158381,
    -0.02771779365027412,
    4.886656376975386,
    -0.037719363226833266,
    -0.05340936251469792,
    4.8835855839142335,
    -0.05763847618646406,
    4.884325482595874,
    4.886691376835755,
    4.8882803032547235,
    -0.025316075676159,
    -1.1916105160288748,
    -0.061771948909297145,
    -0.04951750450159459,
    4.909054744165877,
    4.9155996296036495,
    4.920551387988354,
    4.924253346644665,
    4.927161729060437,
    4.930102631718568,
    4.934597894870068,
    4.953948974572122,
    4.9633539556307,
    4.9675619098123,
    4.979190635457635,
    4.992305216609459,
    4.997241800699545,
    4.993806065550965,
    4.993249472290601,
    -0.0737632037498908,
    -0.005951421351538417,
    -0.06376078394769134,
    -0.19377373210277923,
    -0.37728169468760675,
    -0.6145158021816448,
    -0.8990933834162524,
    -1.2029407222196955,
    -6.201940910919359,
    -7.447925346200074,
    -2.030056432315577,
    -2.1069647892111676,
    -2.170187650279249,
    -8.574365908554888,
    -2.211163591591952,
    -1.9972633852745523,
    -7.247425634645089,
    -1.3926934648467681,
    -0.9246230801195342,
    -1.4373233499151754,
    -0.39337481044721584,
    -0.24134327702226463,
    -0.5026068244437483,
    4.945147080267577,
    -0.016196941678295735,
    4.990453557006043,
    4.994512039981783,
    4.993736549068404,
    4.995097310863759,
    4.9961807107633875,
    4.997280203930061,
    4.998650084667556,
    -0.40828777187055587,
    4.985567173701914,
    4.984284168115776,
    4.981735890828396,
    4.979063028962068,
    4.981585560999811,
    4.9868037163526955,
    4.96953021671785,
    4.966590120426338,
    4.963542668544079,
    4.9685994862101,
    4.957198774513343,
    4.954502098336816,
    4.951260883532788,
    4.946778227916878,
    4.941770412594728,
    4.937318422570825
  ],