{
  "episode": 150,
  "steps": 96,
  "actions": [
    23,
    23,
    23,
    23,
    20,
    20,
    20,
    20,
    10,
    20,
    20,
    20,
    20,
    20,
    20,
    20,
    20,
    22,
    20,
    20,
    20,
    20,
    20,
    20,
    20,
    20,
    9,
    20,
    20,
    20,
    20,
    20,
    21,
    23,
    23,
    23,
    23,
    23,
    15,
    23,
    15,
    23,
    23,
    7,
    23,
    7,
    7,
    23,
    21,
    23,
    7,
    7,
    4,
    7,
    7,
    7,
    7,
    15,
    4,
    4,
    7,
    7,
    7,
    4,
    23,
    23,
    7,
    4,
    23,
    7,
    7,
    23,
    23,
    4,
    14,
    11,
    23,
    15,
    15,
    15,
    15,
    15,
    15,
    8,
    23,
    22,
    23,
    23,
    22,
    23,
    23,
    23,
    22,
    15,
    23,
    23
  ],
  "temperatures": [
    20.683343505859398,
    20.647851562500023,
    20.573815917968773,
    20.505059814453148,
    20.442590332031273,
    20.388208007812523,
    20.344567871093773,
    20.311669921875023,
    15.476678466796898,
    20.100427246093773,
    20.153161621093773,
    20.153894042968773,
    20.144281005859398,
    20.130029296875023,
    20.113488769531273,
    20.094812011718773,
    20.073480224609398,
    20.052331542968773,
    20.035821533203148,
    20.025750732421898,
    20.018457031250023,
    20.012719726562523,
    20.007806396484398,
    20.003228759765648,
    19.999353027343773,
    19.998864746093773,
    15.073205566406273,
    19.918939208984398,
    20.056573486328148,
    20.130761718750023,
    20.192407226562523,
    20.711511230468773,
    20.824182128906273,
    20.919366455078148,
    21.003137207031273,
    21.076989746093773,
    21.145043945312523,
    21.209313964843773,
    20.891625976562523,
    21.314813232421898,
    21.023736572265648,
    21.429406738281273,
    21.497857666015648,
    20.755273437500023,
    21.618493652343773,
    20.958245849609398,
    21.036065673828148,
    21.862573242187523,
    21.956964111328148,
    22.037500000000023,
    21.545465087890648,
    21.617242431640648,
    21.719506835937523,
    21.829888916015648,
    21.956658935546898,
    22.088494873046898,
    22.226495361328148,
    22.512597656250023,
    22.477685546875023,
    22.560723876953148,
    22.642968750000023,
    22.716271972656273,
    22.764459228515648,
    22.786126708984398,
    22.870263671875023,
    22.858636474609398,
    22.713311767578148,
    22.601434326171898,
    22.656213378906273,
    22.341851806640648,
    22.212579345703148,
    21.961358642578148,
    21.865686035156273,
    21.116540527343773,
    21.403405761718773,
    17.200158691406273,
    21.451104736328148,
    21.111444091796898,
    21.050805664062523,
    20.993829345703148,
    20.941156005859398,
    20.892785644531273,
    20.846337890625023,
    16.667474365234398,
    21.044946289062523,
    21.075708007812523,
    21.063592529296898,
    21.041986083984398,
    21.015405273437523,
    20.986383056640648,
    20.956872558593773,
    20.929101562500023,
    20.905114746093773,
    20.403009033203148,
    20.841119384765648,
    20.823571777343773
  ],
  "outdoor_temps": [
    -8.750006103515602,
    -8.824987792968727,
    -8.899999999999977,
    -9.048437499999977,
    -9.262487792968727,
    -9.420324707031227,
    -9.399999999999977,
    -9.250006103515602,
    -9.100012207031227,
    -8.949987792968727,
    -8.799993896484352,
    -8.649999999999977,
    -8.500006103515602,
    -8.350012207031227,
    -8.199987792968727,
    -8.109381103515602,
    -8.074987792968727,
    -8.003118896484352,
    -7.799993896484352,
    -7.500006103515602,
    -7.199987792968727,
    -6.899999999999977,
    -6.600012207031227,
    -6.299993896484352,
    -6.000006103515602,
    -5.699987792968727,
    -5.399999999999977,
    -5.153753662109352,
    -4.959997558593727,
    -4.736242675781227,
    -4.399999999999977,
    -3.8558410644531023,
    -3.1439575195312273,
    -2.3850769042968523,
    -1.6999877929687273,
    -1.0973266601562273,
    -0.5007385253906023,
    0.09621582031252274,
    0.7000061035156477,
    1.3880859375000227,
    2.1421752929687727,
    2.8251892089843977,
    3.3000122070312727,
    3.6249938964843977,
    3.9500061035156477,
    4.274987792968773,
    4.600000000000023,
    4.925012207031273,
    5.249993896484398,
    5.575006103515648,
    5.899987792968773,
    6.225000000000023,
    6.550012207031273,
    6.874993896484398,
    7.200006103515648,
    7.455346679687523,
    7.614282226562523,
    7.741082763671898,
    7.899987792968773,
    8.098138427734398,
    8.298577880859398,
    8.499749755859398,
    8.700006103515648,
    8.965997314453148,
    9.268395996093773,
    9.461572265625023,
    9.399987792968773,
    8.977471923828148,
    8.294122314453148,
    7.513696289062523,
    6.800012207031273,
    6.174829101562523,
    5.550286865234398,
    4.925592041015648,
    4.300012207031273,
    3.6211486816406477,
    2.8993469238281477,
    2.2278686523437727,
    1.7000061035156477,
    1.3689819335937727,
    1.1756530761718977,
    1.0444885253906477,
    0.8999877929687727,
    0.7251831054687727,
    0.5518432617187727,
    0.37755737304689774,
    0.20000610351564774,
    0.004998779296897737,
    -0.20667114257810226,
    -0.41501464843747726,
    -0.6000122070312273,
    -0.7281249999999773,
    -0.8083251953124773,
    -0.8843749999999773,
    -1.0000061035156023,
    -1.1499999999999773
  ],
  "rewards": [
    4.955725879117846,
    4.955102233335376,
    4.9537605780810114,
    4.952514219924807,
    4.95138241712749,
    4.950398375294131,
    4.949611003897112,
    4.949021121761721,
    -51.15219577232794,
    4.945144922110697,
    4.9461336879944025,
    4.946159580252092,
    4.945992249748628,
    4.945738273165148,
    4.9454414849495105,
    4.945103801987093,
    4.944716526768129,
    4.944331851503771,
    4.944032227389838,
    4.9438512318348105,
    4.94372108747713,
    4.943618741533678,
    4.943531458876055,
    4.943449891111773,
    -0.028224264198023267,
    -0.02822988730021132,
    -60.0,
    -0.0453898984276314,
    4.944443728229921,
    4.9458146624778925,
    4.946953657171648,
    4.956540662548464,
    4.95861495067827,
    4.960367295087032,
    4.961909872934222,
    4.963269348785281,
    4.964522340938449,
    4.965706031963229,
    4.972316437263042,
    4.9676490526672294,
    4.974020001191646,
    4.969761217164605,
    4.97102335934341,
    4.98332634817157,
    4.973248323182049,
    4.984824106202461,
    4.985398419837873,
    4.977755696753445,
    4.9795002341717485,
    4.980988336146526,
    4.989163009331562,
    4.989693439345281,
    4.990449691753309,
    4.991266124933594,
    4.992203772406499,
    4.993178803663175,
    4.994199473153274,
    4.993273162527415,
    4.996057733882016,
    4.99667205573582,
    4.997280655443304,
    4.997823082323591,
    4.99817971587501,
    4.998339755687336,
    4.996387899993555,
    4.996172435253858,
    4.997800309316255,
    4.996972637887518,
    4.992427009521619,
    4.9950511246481915,
    4.99409413922898,
    4.979562084058705,
    4.9777958941906695,
    4.985979641185142,
    4.978907391908214,
    -19.602227969906096,
    4.97014127733202,
    4.975135789413005,
    4.974352675459145,
    4.973617503425835,
    4.972937584898232,
    4.972313402673959,
    4.971713887831925,
    -27.76773186519445,
    4.962649250638874,
    4.963219094917178,
    4.962996267669227,
    4.962598707124591,
    4.962108256265521,
    4.961573101871039,
    4.961028774425388,
    4.960516758605838,
    4.960074183389544,
    4.965989601459678,
    4.958893478440849,
    4.958570140048861
  ],