{
  "episode": 533,
  "steps": 95,
  "actions": [
    23,
    23,
    23,
    23,
    12,
    23,
    12,
    15,
    12,
    15,
    13,
    15,
    20,
    21,
    14,
    12,
    12,
    12,
    15,
    12,
    14,
    12,
    15,
    12,
    15,
    12,
    14,
    15,
    15,
    20,
    12,
    20,
    12,
    15,
    12,
    15,
    15,
    21,
    6,
    15,
    12,
    13,
    15,
    14,
    15,
    22,
    14,
    2,
    0,
    8,
    3,
    2,
    2,
    2,
    3,
    11,
    3,
    0,
    0,
    3,
    3,
    11,
    3,
    8,
    8,
    8,
    2,
    1,
    13,
    3,
    15,
    12,
    21,
    14,
    23,
    15,
    6,
    12,
    20,
    20,
    21,
    6,
    12,
    23,
    21,
    15,
    13,
    14,
    14,
    14,
    21,
    22,
    7,
    21,
    15
  ],
  "temperatures": [
    21.111627197265648,
    21.104028320312523,
    21.062646484375023,
    21.024285888671898,
    20.531274414062523,
    20.948876953125023,
    20.460931396484398,
    20.413476562500023,
    20.379937744140648,
    20.350030517578148,
    20.322045898437523,
    20.295251464843773,
    20.774224853515648,
    20.770684814453148,
    20.258294677734398,
    20.215234375000023,
    20.184747314453148,
    20.157403564453148,
    20.131860351562523,
    20.107476806640648,
    20.083947753906273,
    20.061090087890648,
    20.038842773437523,
    20.028771972656273,
    20.052331542968773,
    20.093865966796898,
    20.126885986328148,
    20.129937744140648,
    20.111138916015648,
    20.611535644531273,
    20.127008056640648,
    21.142358398437523,
    20.896051025390648,
    20.999688720703148,
    21.084497070312523,
    21.153100585937523,
    21.224603271484398,
    21.639978027343773,
    21.154809570312523,
    21.860742187500023,
    22.182000732421898,
    22.483056640625023,
    22.771936035156273,
    23.057214355468773,
    23.354608154296898,
    23.535485839843773,
    23.912469482421898,
    21.510949707031273,
    21.670007324218773,
    20.533715820312523,
    22.043847656250023,
    22.314080810546898,
    22.545800781250023,
    22.754235839843773,
    22.920343017578148,
    21.464349365234398,
    23.020288085937523,
    23.125329589843773,
    23.167565917968773,
    23.172998046875023,
    23.144097900390648,
    21.487756347656273,
    22.839624023437523,
    21.159478759765648,
    20.875146484375023,
    20.620843505859398,
    21.695458984375023,
    21.533197021484398,
    23.964410400390648,
    21.346856689453148,
    23.788476562500023,
    23.187921142578148,
    23.040338134765648,
    22.933557128906273,
    22.855340576171898,
    22.741387939453148,
    22.563928222656273,
    22.558221435546898,
    22.565698242187523,
    22.504602050781273,
    22.447839355468773,
    22.069482421875023,
    22.185418701171898,
    22.277276611328148,
    22.221734619140648,
    21.978570556640648,
    21.897027587890648,
    21.820214843750023,
    21.743157958984398,
    21.670190429687523,
    21.860375976562523,
    21.802758789062523,
    21.001153564453148,
    21.593713378906273,
    21.180505371093773
  ],
  "outdoor_temps": [
    -6.1035156022626325e-06,
    -6.1035156022626325e-06,
    -6.1035156022626325e-06,
    -6.1035156022626325e-06,
    -6.1035156022626325e-06,
    -6.1035156022626325e-06,
    -6.1035156022626325e-06,
    -6.1035156022626325e-06,
    -6.1035156022626325e-06,
    -6.1035156022626325e-06,
    -6.1035156022626325e-06,
    -6.1035156022626325e-06,
    -6.1035156022626325e-06,
    -6.1035156022626325e-06,
    -6.1035156022626325e-06,
    -6.1035156022626325e-06,
    -6.1035156022626325e-06,
    -6.1035156022626325e-06,
    -6.1035156022626325e-06,
    -6.1035156022626325e-06,
    -6.1035156022626325e-06,
    -6.1035156022626325e-06,
    -6.1035156022626325e-06,
    0.48467407226564774,
    1.5674987792968977,
    2.6915527343750227,
    3.3000122070312727,
    3.2094665527343977,
    2.8019348144531477,
    2.3684326171875227,
    2.2000061035156477,
    2.3021789550781477,
    2.5030456542968977,
    2.8273864746093977,
    3.3000122070312727,
    4.170007324218773,
    5.390008544921898,
    6.540002441406273,
    7.200006103515648,
    7.400476074218773,
    7.509606933593773,
    7.613946533203148,
    7.800012207031273,
    8.075891113281273,
    8.371636962890648,
    8.656549072265648,
    8.899987792968773,
    9.066003417968773,
    9.171868896484398,
    9.266809082031273,
    9.399987792968773,
    9.710534667968773,
    10.159387207031273,
    10.528527832031273,
    10.600000000000023,
    10.450006103515648,
    10.300012207031273,
    10.149987792968773,
    9.999993896484398,
    9.850000000000023,
    9.700006103515648,
    9.550012207031273,
    9.399987792968773,
    8.978875732421898,
    8.201959228515648,
    7.349084472656273,
    6.700006103515648,
    6.357904052734398,
    6.149987792968773,
    5.942102050781273,
    5.600000000000023,
    4.941003417968773,
    4.063317871093773,
    3.2539611816406477,
    2.8000122070312727,
    2.6291442871093977,
    2.4749084472656477,
    2.3332153320312727,
    2.2000061035156477,
    2.0766845703125227,
    1.9598327636718977,
    1.8380676269531477,
    1.7000061035156477,
    1.4921203613281477,
    1.2039733886718977,
    0.8888488769531477,
    0.6000000000000227,
    0.41335449218752274,
    0.31020507812502274,
    0.20195922851564774,
    -6.1035156022626325e-06,
    -0.7735656738281023,
    -2.1510986328124773,
    -3.5530761718749773,
    -4.399999999999977
  ],
  "rewards": [
    4.963678053930402,
    4.9635631695538756,
    4.962818720653653,
    4.962127915933729,
    4.967531105432659,
    4.96076488523574,
    4.966645786914975,
    4.966041910775168,
    4.965617048776506,
    4.965238624937994,
    4.96488458756244,
    4.964545148686061,
    4.957605979638903,
    4.957547257116955,
    4.964084252168141,
    4.963531405948912,
    4.963141276963217,
    4.962791019804937,
    4.962463454134924,
    4.962150794303773,
    4.961848795540792,
    4.961555569195067,
    4.9612702967004605,
    4.96114359978473,
    4.961451302893622,
    4.961991360223649,
    4.962419966586096,
    4.962459909939086,
    4.962217327392458,
    4.95465372939667,
    4.96242279172964,
    4.964466641236259,
    4.9723705506426805,
    4.9737073458509276,
    4.974800730383753,
    4.97568487776087,
    4.976606531179308,
    4.97363883932194,
    4.986272873406015,
    4.9848356388416954,
    4.988994008636831,
    4.9928913241402935,
    4.99663119807888,
    4.9993623393623,
    4.99820729522488,
    4.995817483859866,
    4.9960404929782705,
    4.985472335913097,
    4.985119173149862,
    4.978091942224651,
    4.984289252058805,
    4.98368954054736,
    4.983175421874322,
    4.982713089506426,
    4.982344806115426,
    4.974478598979343,
    4.982123561404808,
    4.981890629452694,
    4.981796964932233,
    4.981784930754453,
    4.9818489622297175,
    4.974388251424808,
    4.982524306677444,
    4.975662908700336,
    4.97676731360072,
    4.977755255223455,
    4.985064087704958,
    4.985424349527158,
    4.995839428603325,
    4.985838244706878,
    4.996522809860338,
    4.998857804405301,
    4.99856739679647,
    4.998718129669033,
    4.996109561432963,
    4.996233966130763,
    4.996694856694697,
    4.993866437217301,
    4.990760405946685,
    4.9896322714006125,
    4.9885841043507275,
    4.993042827521167,
    4.989047745009965,
    4.985435420859766,
    4.98441088230908,
    4.986375915159188,
    4.985322819090245,
    4.984330422357211,
    4.983335170769011,
    4.982392569207465,
    4.977742182795768,
    4.976678061098508,
    4.985157471474584,
    4.972816962251845,
    4.976061441947422
  ],