{
  "episode": 457,
  "steps": 95,
  "actions": [
    23,
    23,
    23,
    23,
    15,
    15,
    22,
    15,
    13,
    7,
    15,
    22,
    20,
    12,
    20,
    20,
    20,
    20,
    20,
    3,
    22,
    20,
    22,
    12,
    12,
    14,
    12,
    20,
    20,
    22,
    22,
    12,
    21,
    20,
    0,
    20,
    22,
    12,
    21,
    5,
    20,
    20,
    20,
    12,
    22,
    20,
    8,
    20,
    15,
    20,
    12,
    21,
    20,
    21,
    12,
    22,
    12,
    22,
    20,
    11,
    12,
    0,
    15,
    6,
    4,
    21,
    15,
    22,
    22,
    22,
    20,
    22,
    12,
    21,
    3,
    22,
    20,
    14,
    21,
    7,
    12,
    21,
    21,
    20,
    15,
    21,
    12,
    12,
    22,
    20,
    22,
    20,
    15,
    21,
    6
  ],
  "temperatures": [
    20.975762939453148,
    20.971978759765648,
    20.926324462890648,
    20.884027099609398,
    20.309716796875023,
    20.239099121093773,
    20.760339355468773,
    20.193078613281273,
    20.137811279296898,
    19.100854492187523,
    20.007562255859398,
    20.609490966796898,
    20.614465332031273,
    20.022760009765648,
    20.568963623046898,
    20.564385986328148,
    20.550958251953148,
    20.535302734375023,
    20.518640136718773,
    16.266381835937523,
    20.342675781250023,
    20.398461914062523,
    20.402734375000023,
    19.790979003906273,
    19.790002441406273,
    19.826684570312523,
    19.858117675781273,
    20.462213134765648,
    20.467797851562523,
    20.459985351562523,
    20.477868652343773,
    20.557275390625023,
    21.132867431640648,
    21.244805908203148,
    17.460931396484398,
    21.277764892578148,
    21.401116943359398,
    21.164086914062523,
    21.714288330078148,
    21.310632324218773,
    22.272424316406273,
    22.541528320312523,
    22.793115234375023,
    23.031823730468773,
    23.293298339843773,
    23.543756103515648,
    20.196374511718773,
    23.900598144531273,
    24.406976318359398,
    24.362359619140648,
    24.890039062500023,
    24.727288818359398,
    24.891320800781273,
    25.041833496093773,
    25.658380126953148,
    25.263482666015648,
    25.865655517578148,
    25.386132812500023,
    25.408593750000023,
    22.422937011718773,
    25.817132568359398,
    24.326745605468773,
    25.683312988281273,
    26.317651367187523,
    26.098321533203148,
    24.714746093750023,
    24.917932128906273,
    24.419885253906273,
    24.306695556640648,
    24.212274169921898,
    24.123803710937523,
    23.553613281250023,
    23.521386718750023,
    23.297601318359398,
    21.070733642578148,
    23.059899902343773,
    22.999841308593773,
    22.901666259765648,
    22.834863281250023,
    22.632501220703148,
    22.618432617187523,
    22.621697998046898,
    22.558496093750023,
    22.492425537109398,
    22.292687988281273,
    22.346826171875023,
    22.113061523437523,
    22.018884277343773,
    22.127984619140648,
    22.064172363281273,
    22.001519775390648,
    21.928277587890648,
    21.557275390625023,
    21.705621337890648,
    20.805688476562523
  ],
  "outdoor_temps": [
    -6.1035156022626325e-06,
    -6.1035156022626325e-06,
    -6.1035156022626325e-06,
    -6.1035156022626325e-06,
    -6.1035156022626325e-06,
    -6.1035156022626325e-06,
    -6.1035156022626325e-06,
    -6.1035156022626325e-06,
    -6.1035156022626325e-06,
    -6.1035156022626325e-06,
    -6.1035156022626325e-06,
    -6.1035156022626325e-06,
    -6.1035156022626325e-06,
    -6.1035156022626325e-06,
    -6.1035156022626325e-06,
    -6.1035156022626325e-06,
    -6.1035156022626325e-06,
    -6.1035156022626325e-06,
    -6.1035156022626325e-06,
    -6.1035156022626325e-06,
    -6.1035156022626325e-06,
    -6.1035156022626325e-06,
    -6.1035156022626325e-06,
    0.48467407226564774,
    1.5674987792968977,
    2.6915527343750227,
    3.3000122070312727,
    3.2094665527343977,
    2.8019348144531477,
    2.3684326171875227,
    2.2000061035156477,
    2.3021789550781477,
    2.5030456542968977,
    2.8273864746093977,
    3.3000122070312727,
    4.170007324218773,
    5.390008544921898,
    6.540002441406273,
    7.200006103515648,
    7.400476074218773,
    7.509606933593773,
    7.613946533203148,
    7.800012207031273,
    8.075891113281273,
    8.371636962890648,
    8.656549072265648,
    8.899987792968773,
    9.066003417968773,
    9.171868896484398,
    9.266809082031273,
    9.399987792968773,
    9.710534667968773,
    10.159387207031273,
    10.528527832031273,
    10.600000000000023,
    10.450006103515648,
    10.300012207031273,
    10.149987792968773,
    9.999993896484398,
    9.850000000000023,
    9.700006103515648,
    9.550012207031273,
    9.399987792968773,
    8.978875732421898,
    8.201959228515648,
    7.349084472656273,
    6.700006103515648,
    6.357904052734398,
    6.149987792968773,
    5.942102050781273,
    5.600000000000023,
    4.941003417968773,
    4.063317871093773,
    3.2539611816406477,
    2.8000122070312727,
    2.6291442871093977,
    2.4749084472656477,
    2.3332153320312727,
    2.2000061035156477,
    2.0766845703125227,
    1.9598327636718977,
    1.8380676269531477,
    1.7000061035156477,
    1.4921203613281477,
    1.2039733886718977,
    0.8888488769531477,
    0.6000000000000227,
    0.41335449218752274,
    0.31020507812502274,
    0.20195922851564774,
    -6.1035156022626325e-06,
    -0.7735656738281023,
    -2.1510986328124773,
    -3.5530761718749773,
    -4.399999999999977
  ],
  "rewards": [
    4.9077753899246455,
    4.9076752827316525,
    4.905702330842614,
    4.90387322165072,
    4.919595122300088,
    4.917537898863463,
    4.8984981891091754,
    4.916234588533963,
    4.91462230666986,
    -0.8229280558027647,
    4.910809192555431,
    4.891933705466597,
    4.8921744320023315,
    4.911310663043481,
    4.890187079433513,
    4.889997765651863,
    4.889413954845589,
    4.888730065456551,
    4.888001057735604,
    -13.941331754073373,
    4.88020872808345,
    4.882691361628797,
    4.882889477840584,
    -0.06760113777186905,
    -0.06801561175642147,
    -0.05368209822831454,
    -0.0435411567419055,
    4.885559699285937,
    4.88580872260682,
    4.8854626341973955,
    4.88625654908302,
    4.927233095079984,
    4.91530128215642,
    4.920255081326418,
    -6.449624261639937,
    4.921694094911218,
    4.927156927219551,
    4.945119938761319,
    4.941041977156115,
    4.974934518228933,
    4.9658117720873465,
    4.977755303016823,
    4.988922901979607,
    4.999156963142526,
    4.994202239263965,
    4.990866943918492,
    4.9533096788515865,
    4.986114704353006,
    -0.16893935918161956,
    -0.13647078238915195,
    -0.7965512391487947,
    -0.5353301049655877,
    -0.8013798192435391,
    -1.092845011123544,
    -2.756311184420609,
    -1.604554011959478,
    -3.4872169210535877,
    -1.9299379445127152,
    -1.9927848179412269,
    4.9335472200503165,
    -3.308409492250453,
    -0.11713518835868876,
    -2.839684480391519,
    -5.375212633926729,
    -4.406414546621046,
    -0.5172007174207142,
    -0.8470423851081629,
    -0.18166063253324283,
    -0.09904235587983128,
    -0.0497261671867804,
    -0.019698723978975992,
    4.990745770565193,
    4.994819292635049,
    4.994152274180365,
    4.973006071936056,
    4.997314821698744,
    4.998089843066966,
    4.996521290956956,
    4.990775534753566,
    4.994488900195524,
    4.9881507288389235,
    4.981325031269503,
    4.97852505174344,
    4.975598182351045,
    4.97852904063366,
    4.969147529261916,
    4.973224441864244,
    4.970443308290256,
    4.959454095114184,
    4.9566277429688235,
    4.953851239315194,
    4.95060647221687,
    4.956810540973168,
    4.940736643927901,
    4.967510859857962
  ],