{
  "episode": 592,
  "steps": 95,
  "actions": [
    23,
    23,
    23,
    23,
    15,
    23,
    23,
    12,
    23,
    12,
    20,
    15,
    15,
    21,
    22,
    22,
    12,
    12,
    23,
    23,
    15,
    15,
    22,
    20,
    3,
    15,
    14,
    4,
    13,
    14,
    21,
    21,
    12,
    12,
    20,
    12,
    15,
    12,
    12,
    15,
    15,
    12,
    12,
    21,
    15,
    15,
    15,
    12,
    3,
    2,
    16,
    8,
    1,
    2,
    3,
    2,
    0,
    3,
    8,
    11,
    1,
    8,
    11,
    0,
    2,
    3,
    1,
    2,
    5,
    2,
    13,
    20,
    21,
    5,
    22,
    12,
    22,
    3,
    22,
    21,
    22,
    6,
    4,
    23,
    15,
    20,
    23,
    20,
    12,
    20,
    13,
    14,
    15,
    13,
    23
  ],
  "temperatures": [
    21.111627197265648,
    21.104028320312523,
    21.062646484375023,
    21.024285888671898,
    20.531274414062523,
    20.948815917968773,
    20.932794189453148,
    20.438745117187523,
    20.878045654296898,
    20.384088134765648,
    20.833886718750023,
    20.334710693359398,
    20.291345214843773,
    20.766107177734398,
    20.760369873046898,
    20.747491455078148,
    20.227746582031273,
    20.182550048828148,
    20.672357177734398,
    20.667840576171898,
    20.138635253906273,
    20.095788574218773,
    20.599694824218773,
    20.607415771484398,
    16.073327636718773,
    19.953088378906273,
    20.080560302734398,
    19.282708740234398,
    20.054254150390648,
    20.059625244140648,
    20.605615234375023,
    21.138513183593773,
    20.888970947265648,
    20.993157958984398,
    21.425653076171898,
    21.165063476562523,
    21.228387451171898,
    21.337152099609398,
    21.557275390625023,
    21.871453857421898,
    22.183953857421898,
    22.484338378906273,
    22.772851562500023,
    23.057763671875023,
    23.354760742187523,
    23.643670654296898,
    23.915826416015648,
    24.170159912109398,
    21.834924316406273,
    21.977929687500023,
    19.834100341796898,
    20.849938964843773,
    22.455957031250023,
    22.715905761718773,
    22.894403076171898,
    23.017053222656273,
    23.103387451171898,
    23.163476562500023,
    21.597863769531273,
    21.534814453125023,
    23.020349121093773,
    21.430780029296898,
    21.270440673828148,
    22.523889160156273,
    22.287744140625023,
    22.023614501953148,
    21.785607910156273,
    21.577569580078148,
    24.228753662109398,
    21.385980224609398,
    23.804833984375023,
    23.157250976562523,
    23.050195312500023,
    22.939904785156273,
    22.865380859375023,
    22.753045654296898,
    22.721124267578148,
    19.672113037109398,
    22.506982421875023,
    22.475457763671898,
    22.425897216796898,
    22.040917968750023,
    21.938836669921898,
    22.256799316406273,
    22.031427001953148,
    22.143182373046898,
    22.087548828125023,
    22.030786132812523,
    21.742517089843773,
    21.910699462890648,
    21.604577636718773,
    21.517510986328148,
    21.403100585937523,
    21.274682617187523,
    21.501336669921898
  ],
  "outdoor_temps": [
    -6.1035156022626325e-06,
    -6.1035156022626325e-06,
    -6.1035156022626325e-06,
    -6.1035156022626325e-06,
    -6.1035156022626325e-06,
    -6.1035156022626325e-06,
    -6.1035156022626325e-06,
    -6.1035156022626325e-06,
    -6.1035156022626325e-06,
    -6.1035156022626325e-06,
    -6.1035156022626325e-06,
    -6.1035156022626325e-06,
    -6.1035156022626325e-06,
    -6.1035156022626325e-06,
    -6.1035156022626325e-06,
    -6.1035156022626325e-06,
    -6.1035156022626325e-06,
    -6.1035156022626325e-06,
    -6.1035156022626325e-06,
    -6.1035156022626325e-06,
    -6.1035156022626325e-06,
    -6.1035156022626325e-06,
    -6.1035156022626325e-06,
    0.48467407226564774,
    1.5674987792968977,
    2.6915527343750227,
    3.3000122070312727,
    3.2094665527343977,
    2.8019348144531477,
    2.3684326171875227,
    2.2000061035156477,
    2.3021789550781477,
    2.5030456542968977,
    2.8273864746093977,
    3.3000122070312727,
    4.170007324218773,
    5.390008544921898,
    6.540002441406273,
    7.200006103515648,
    7.400476074218773,
    7.509606933593773,
    7.613946533203148,
    7.800012207031273,
    8.075891113281273,
    8.371636962890648,
    8.656549072265648,
    8.899987792968773,
    9.066003417968773,
    9.171868896484398,
    9.266809082031273,
    9.399987792968773,
    9.710534667968773,
    10.159387207031273,
    10.528527832031273,
    10.600000000000023,
    10.450006103515648,
    10.300012207031273,
    10.149987792968773,
    9.999993896484398,
    9.850000000000023,
    9.700006103515648,
    9.550012207031273,
    9.399987792968773,
    8.978875732421898,
    8.201959228515648,
    7.349084472656273,
    6.700006103515648,
    6.357904052734398,
    6.149987792968773,
    5.942102050781273,
    5.600000000000023,
    4.941003417968773,
    4.063317871093773,
    3.2539611816406477,
    2.8000122070312727,
    2.6291442871093977,
    2.4749084472656477,
    2.3332153320312727,
    2.2000061035156477,
    2.0766845703125227,
    1.9598327636718977,
    1.8380676269531477,
    1.7000061035156477,
    1.4921203613281477,
    1.2039733886718977,
    0.8888488769531477,
    0.6000000000000227,
    0.41335449218752274,
    0.31020507812502274,
    0.20195922851564774,
    -6.1035156022626325e-06,
    -0.7735656738281023,
    -2.1510986328124773,
    -3.5530761718749773,
    -4.399999999999977
  ],
  "rewards": [
    4.963678053930402,
    4.9635631695538756,
    4.962818720653653,
    4.962127915933729,
    4.967531055390835,
    4.960763901668399,
    4.960481196954847,
    4.9663693405725065,
    4.959491229344321,
    4.965680102262646,
    4.958693944502784,
    4.965055880556774,
    4.9645008886221635,
    4.957462231117098,
    4.957362413615637,
    4.957129751704957,
    4.963697617154892,
    4.963116339571936,
    4.955753066826773,
    4.955672300174832,
    4.962556412372738,
    4.962004492318987,
    4.954421825605242,
    4.954568295739914,
    -38.548112516027466,
    -0.025387008163100848,
    4.961820499933122,
    -1.3000382581781995,
    4.961481543915913,
    4.961551023796687,
    4.954544395391708,
    4.964395637721471,
    4.972279056955776,
    4.973622654207213,
    4.969687856126739,
    4.975839480171871,
    4.976655318863852,
    4.978059939778207,
    4.980907712705595,
    4.984974159725172,
    4.9890195075038655,
    4.992908011412977,
    4.996643253319127,
    4.998468262560827,
    4.998206656214498,
    4.997084471246956,
    4.996027378028987,
    -0.07483650150637902,
    4.984753177665336,
    4.984435618442524,
    -0.08273694586444216,
    4.976863511888715,
    4.9833748029630796,
    4.9827981423583365,
    4.982402332346239,
    4.982130445760716,
    4.9819390826628585,
    4.981805946756154,
    4.97396095767342,
    4.974205803991498,
    4.98212358286248,
    4.974609567541306,
    4.975232018948735,
    4.983224985502822,
    4.983749157119543,
    4.9843355756209275,
    4.984864029807079,
    4.985325901731525,
    -0.1322171065888587,
    4.98575138945667,
    4.996459259386458,
    4.997919384364525,
    4.9985126668335464,
    4.999471384540848,
    4.996295089030395,
    4.996385009538706,
    4.993631162185384,
    -0.27398721631580236,
    4.9896755561316795,
    4.989094037078645,
    4.988178676874093,
    4.992831835624154,
    4.992078026747412,
    4.985057338474886,
    4.987058651003987,
    4.982960874634593,
    4.981934518388432,
    4.98088667781651,
    4.983326796899509,
    4.978671030093146,
    4.981544989357662,
    4.9804200423513745,
    4.978941108011519,
    4.977280209100603,
    4.9711093642679245
  ],