{
  "episode": 400,
  "steps": 95,
  "actions": [
    23,
    23,
    23,
    23,
    23,
    23,
    21,
    23,
    23,
    20,
    23,
    20,
    23,
    20,
    20,
    21,
    21,
    20,
    21,
    20,
    22,
    22,
    22,
    22,
    22,
    22,
    21,
    21,
    21,
    21,
    21,
    21,
    21,
    23,
    21,
    21,
    21,
    23,
    20,
    22,
    7,
    20,
    23,
    23,
    23,
    0,
    0,
    0,
    0,
    0,
    0,
    11,
    1,
    10,
    11,
    11,
    8,
    10,
    10,
    10,
    8,
    8,
    10,
    10,
    3,
    1,
    3,
    1,
    1,
    1,
    1,
    0,
    4,
    4,
    4,
    7,
    5,
    5,
    5,
    7,
    15,
    4,
    15,
    15,
    23,
    15,
    23,
    22,
    20,
    22,
    22,
    20,
    20,
    23,
    22
  ],
  "temperatures": [
    20.975762939453148,
    20.971978759765648,
    20.926324462890648,
    20.884027099609398,
    20.848413085937523,
    20.818383789062523,
    20.792230224609398,
    20.768457031250023,
    20.746057128906273,
    20.724359130859398,
    20.703149414062523,
    20.682244873046898,
    20.661584472656273,
    20.641198730468773,
    20.621026611328148,
    20.601068115234398,
    20.581353759765648,
    20.561944580078148,
    20.542871093750023,
    20.524133300781273,
    20.505761718750023,
    20.487725830078148,
    20.470056152343773,
    20.463403320312523,
    20.485864257812523,
    20.523187255859398,
    20.552392578125023,
    20.555322265625023,
    20.539788818359398,
    20.522058105468773,
    20.533807373046898,
    21.077142333984398,
    21.201745605468773,
    21.302789306640648,
    21.379968261718773,
    21.441552734375023,
    21.505181884765648,
    21.604486083984398,
    21.801873779296898,
    22.079858398437523,
    21.851434326171898,
    22.595544433593773,
    22.848687744140648,
    23.094537353515648,
    23.353540039062523,
    21.442468261718773,
    21.667840576171898,
    21.987939453125023,
    22.299371337890648,
    22.595605468750023,
    22.868890380859398,
    21.379754638671898,
    23.252923583984398,
    21.731683349609398,
    21.815362548828148,
    21.883813476562523,
    21.929895019531273,
    21.958093261718773,
    21.965905761718773,
    21.945916748046898,
    21.896508789062523,
    21.816613769531273,
    21.682977294921898,
    21.477838134765648,
    22.859582519531273,
    22.655175781250023,
    22.420861816406273,
    22.211968994140648,
    22.029473876953148,
    21.865502929687523,
    21.708673095703148,
    20.869439697265648,
    22.873468017578148,
    22.827325439453148,
    22.691949462890648,
    22.573266601562523,
    22.451684570312523,
    22.324670410156273,
    22.201501464843773,
    22.087731933593773,
    22.212609863281273,
    21.899224853515648,
    22.064080810546898,
    21.996484375000023,
    22.125146484375023,
    21.846917724609398,
    21.997674560546898,
    21.940332031250023,
    21.879052734375023,
    21.820642089843773,
    21.764855957031273,
    21.698144531250023,
    21.602502441406273,
    21.494378662109398,
    21.398980712890648
  ],
  "outdoor_temps": [
    -6.1035156022626325e-06,
    -6.1035156022626325e-06,
    -6.1035156022626325e-06,
    -6.1035156022626325e-06,
    -6.1035156022626325e-06,
    -6.1035156022626325e-06,
    -6.1035156022626325e-06,
    -6.1035156022626325e-06,
    -6.1035156022626325e-06,
    -6.1035156022626325e-06,
    -6.1035156022626325e-06,
    -6.1035156022626325e-06,
    -6.1035156022626325e-06,
    -6.1035156022626325e-06,
    -6.1035156022626325e-06,
    -6.1035156022626325e-06,
    -6.1035156022626325e-06,
    -6.1035156022626325e-06,
    -6.1035156022626325e-06,
    -6.1035156022626325e-06,
    -6.1035156022626325e-06,
    -6.1035156022626325e-06,
    -6.1035156022626325e-06,
    0.48467407226564774,
    1.5674987792968977,
    2.6915527343750227,
    3.3000122070312727,
    3.2094665527343977,
    2.8019348144531477,
    2.3684326171875227,
    2.2000061035156477,
    2.3021789550781477,
    2.5030456542968977,
    2.8273864746093977,
    3.3000122070312727,
    4.170007324218773,
    5.390008544921898,
    6.540002441406273,
    7.200006103515648,
    7.400476074218773,
    7.509606933593773,
    7.613946533203148,
    7.800012207031273,
    8.075891113281273,
    8.371636962890648,
    8.656549072265648,
    8.899987792968773,
    9.066003417968773,
    9.171868896484398,
    9.266809082031273,
    9.399987792968773,
    9.710534667968773,
    10.159387207031273,
    10.528527832031273,
    10.600000000000023,
    10.450006103515648,
    10.300012207031273,
    10.149987792968773,
    9.999993896484398,
    9.850000000000023,
    9.700006103515648,
    9.550012207031273,
    9.399987792968773,
    8.978875732421898,
    8.201959228515648,
    7.349084472656273,
    6.700006103515648,
    6.357904052734398,
    6.149987792968773,
    5.942102050781273,
    5.600000000000023,
    4.941003417968773,
    4.063317871093773,
    3.2539611816406477,
    2.8000122070312727,
    2.6291442871093977,
    2.4749084472656477,
    2.3332153320312727,
    2.2000061035156477,
    2.0766845703125227,
    1.9598327636718977,
    1.8380676269531477,
    1.7000061035156477,
    1.4921203613281477,
    1.2039733886718977,
    0.8888488769531477,
    0.6000000000000227,
    0.41335449218752274,
    0.31020507812502274,
    0.20195922851564774,
    -6.1035156022626325e-06,
    -0.7735656738281023,
    -2.1510986328124773,
    -3.5530761718749773,
    -4.399999999999977
  ],
  "rewards": [
    4.120979222776403,
    4.115054529951921,
    4.041117961602322,
    3.9698265858460595,
    3.9077210109681286,
    3.853879691883962,
    3.805885754423257,
    3.7613691612786995,
    3.71864609833811,
    3.6765443842579115,
    3.6347041193461083,
    3.592804602505684,
    3.550749338089494,
    3.5086222347245086,
    3.4663219366753544,
    3.423867874049589,
    3.381345204057868,
    3.338909506368217,
    3.2966565414583404,
    3.254615599074168,
    3.212883233658049,
    3.1714217349089715,
    3.1303298621479456,
    3.114743142597754,
    3.1671395711828056,
    3.252526247943195,
    3.317881751381234,
    3.324368238718015,
    3.2898385784949635,
    3.2499815757654136,
    3.2764468896563628,
    4.27409431243197,
    4.44044978217103,
    4.558249558004292,
    4.637910647653064,
    4.695064978868436,
    4.748141965809011,
    4.818850317242285,
    4.915489116730176,
    4.952482389590659,
    4.966380950947621,
    4.714148069518072,
    4.451185979002085,
    4.098339953767099,
    3.61934694938357,
    4.7382031183270925,
    4.887586080622871,
    4.968803136940115,
    4.900312132057723,
    4.700154957766624,
    4.398773343083419,
    4.654273897567784,
    3.7859339385639204,
    4.885683948775438,
    4.913369332042975,
    4.9282064790392095,
    4.934236665789202,
    4.936355836806092,
    4.936732314008734,
    4.93558793806795,
    4.930187076966727,
    4.913705869731703,
    4.864736970490989,
    4.737445635957175,
    4.410883716157122,
    4.644011566627789,
    4.834150178610009,
    4.934223080387373,
    4.968080147840689,
    4.9558926542016275,
    4.90650258068057,
    4.015267539881815,
    4.425827238154568,
    4.484007919158394,
    4.636264549593984,
    4.747131903895725,
    4.838798233946243,
    4.910878459361128,
    4.957665214088496,
    4.980663890984594,
    4.942252667332466,
    4.976035415977041,
    4.968688280277519,
    4.969762856806426,
    4.947572493809068,
    4.947781084561726,
    4.953668550853415,
    4.948463096395137,
    4.937449250541955,
    4.921705590902793,
    4.901892654508684,
    4.872068414412773,
    4.817663762389655,
    4.739632169061317,
    4.656222272114849
  ],