{
  "episode": 1128,
  "steps": 95,
  "actions": [
    23,
    23,
    23,
    23,
    15,
    23,
    1,
    21,
    20,
    14,
    21,
    13,
    15,
    20,
    20,
    21,
    21,
    13,
    14,
    12,
    14,
    15,
    15,
    23,
    12,
    22,
    15,
    22,
    15,
    15,
    21,
    21,
    13,
    14,
    14,
    20,
    22,
    21,
    12,
    20,
    20,
    15,
    22,
    14,
    22,
    21,
    13,
    3,
    1,
    9,
    2,
    0,
    0,
    8,
    3,
    1,
    3,
    0,
    0,
    0,
    19,
    9,
    0,
    0,
    2,
    0,
    0,
    22,
    1,
    23,
    13,
    15,
    13,
    14,
    15,
    17,
    6,
    20,
    22,
    4,
    6,
    23,
    22,
    20,
    22,
    15,
    15,
    21,
    22,
    21,
    21,
    21,
    12,
    15,
    15
  ],
  "temperatures": [
    21.111627197265648,
    21.104028320312523,
    21.062646484375023,
    21.024285888671898,
    20.531274414062523,
    20.948815917968773,
    16.545312500000023,
    20.784295654296898,
    20.831018066406273,
    20.341546630859398,
    20.805718994140648,
    20.307092285156273,
    20.267144775390648,
    20.747369384765648,
    20.743127441406273,
    20.731286621093773,
    20.717156982421898,
    20.192102050781273,
    20.146783447265648,
    20.115441894531273,
    20.088037109375023,
    20.062890625000023,
    20.039178466796898,
    20.567620849609398,
    20.080407714843773,
    20.630120849609398,
    20.163323974609398,
    20.661737060546898,
    20.152307128906273,
    20.112817382812523,
    20.636346435546898,
    21.161737060546898,
    20.911004638671898,
    21.011682128906273,
    21.094750976562523,
    21.494683837890648,
    21.564355468750023,
    21.663415527343773,
    21.590936279296898,
    22.112756347656273,
    22.375726318359398,
    22.510736083984398,
    22.845483398437523,
    23.078820800781273,
    23.314874267578148,
    23.549401855468773,
    23.929315185546898,
    21.532128906250023,
    21.691339111328148,
    20.551416015625023,
    22.064416503906273,
    22.334344482421898,
    22.565789794921898,
    21.250268554687523,
    22.843438720703148,
    23.006311035156273,
    23.098565673828148,
    23.161370849609398,
    23.196649169921898,
    23.198602294921898,
    20.516961669921898,
    21.400781250000023,
    22.777978515625023,
    22.612939453125023,
    22.337426757812523,
    22.066308593750023,
    21.824517822265648,
    23.939660644531273,
    21.556573486328148,
    23.769097900390648,
    23.904199218750023,
    23.256311035156273,
    23.115380859375023,
    22.992761230468773,
    22.884759521484398,
    18.307092285156273,
    22.341210937500023,
    22.599633789062523,
    22.546228027343773,
    22.222192382812523,
    22.121301269531273,
    22.374780273437523,
    22.328454589843773,
    22.276177978515648,
    22.219323730468773,
    21.975579833984398,
    21.894219970703148,
    22.033959960937523,
    21.978753662109398,
    21.924249267578148,
    21.872094726562523,
    21.809472656250023,
    21.431787109375023,
    21.294763183593773,
    21.177819824218773
  ],
  "outdoor_temps": [
    -6.1035156022626325e-06,
    -6.1035156022626325e-06,
    -6.1035156022626325e-06,
    -6.1035156022626325e-06,
    -6.1035156022626325e-06,
    -6.1035156022626325e-06,
    -6.1035156022626325e-06,
    -6.1035156022626325e-06,
    -6.1035156022626325e-06,
    -6.1035156022626325e-06,
    -6.1035156022626325e-06,
    -6.1035156022626325e-06,
    -6.1035156022626325e-06,
    -6.1035156022626325e-06,
    -6.1035156022626325e-06,
    -6.1035156022626325e-06,
    -6.1035156022626325e-06,
    -6.1035156022626325e-06,
    -6.1035156022626325e-06,
    -6.1035156022626325e-06,
    -6.1035156022626325e-06,
    -6.1035156022626325e-06,
    -6.1035156022626325e-06,
    0.48467407226564774,
    1.5674987792968977,
    2.6915527343750227,
    3.3000122070312727,
    3.2094665527343977,
    2.8019348144531477,
    2.3684326171875227,
    2.2000061035156477,
    2.3021789550781477,
    2.5030456542968977,
    2.8273864746093977,
    3.3000122070312727,
    4.170007324218773,
    5.390008544921898,
    6.540002441406273,
    7.200006103515648,
    7.400476074218773,
    7.509606933593773,
    7.613946533203148,
    7.800012207031273,
    8.075891113281273,
    8.371636962890648,
    8.656549072265648,
    8.899987792968773,
    9.066003417968773,
    9.171868896484398,
    9.266809082031273,
    9.399987792968773,
    9.710534667968773,
    10.159387207031273,
    10.528527832031273,
    10.600000000000023,
    10.450006103515648,
    10.300012207031273,
    10.149987792968773,
    9.999993896484398,
    9.850000000000023,
    9.700006103515648,
    9.550012207031273,
    9.399987792968773,
    8.978875732421898,
    8.201959228515648,
    7.349084472656273,
    6.700006103515648,
    6.357904052734398,
    6.149987792968773,
    5.942102050781273,
    5.600000000000023,
    4.941003417968773,
    4.063317871093773,
    3.2539611816406477,
    2.8000122070312727,
    2.6291442871093977,
    2.4749084472656477,
    2.3332153320312727,
    2.2000061035156477,
    2.0766845703125227,
    1.9598327636718977,
    1.8380676269531477,
    1.7000061035156477,
    1.4921203613281477,
    1.2039733886718977,
    0.8888488769531477,
    0.6000000000000227,
    0.41335449218752274,
    0.31020507812502274,
    0.20195922851564774,
    -6.1035156022626325e-06,
    -0.7735656738281023,
    -2.1510986328124773,
    -3.5530761718749773,
    -4.399999999999977
  ],
  "rewards": [
    4.963678053930402,
    4.9635631695538756,
    4.962818720653653,
    4.962127915933729,
    4.967531055390835,
    4.960763901668399,
    -29.838912236172312,
    4.957743999074821,
    4.958620641440801,
    4.965128793726635,
    4.958172719661956,
    4.964698424414448,
    4.964187796190867,
    4.957116040187685,
    4.957043388060253,
    4.956830055884045,
    4.95657323977416,
    4.963239857007466,
    4.96265659101356,
    4.962253830456054,
    4.961901674397452,
    4.9615785682433,
    4.961274834907411,
    4.953833012777178,
    4.961814567003399,
    4.954993869353247,
    4.962891166311081,
    4.955580858188479,
    4.962749595795151,
    4.962239092624544,
    4.955112641054003,
    4.964824651688986,
    4.972563866425953,
    4.97386240438048,
    4.974933387064254,
    4.970960009877448,
    4.9722436918532065,
    4.974072271846558,
    4.9813434911265,
    4.982379457641555,
    4.987242547444027,
    4.993249754319858,
    4.99593013149759,
    4.9992784907094645,
    4.99704160034365,
    4.995740263574149,
    4.995975019310317,
    4.985425309688339,
    4.9850718017640006,
    4.978023109480414,
    4.9842436276964195,
    4.983644584934511,
    4.983131077814847,
    4.975309187948704,
    4.982515464321913,
    4.982154297751415,
    4.981949809714828,
    4.9818105851831325,
    4.981732429195196,
    4.981728096533566,
    4.96818038494885,
    4.9747260487699965,
    4.982661126165772,
    4.98302736036852,
    4.9836389433629815,
    4.984240848939218,
    4.984777700234204,
    4.99357569502294,
    4.9853726615275695,
    4.994522020827655,
    4.996073364619166,
    4.998592202216873,
    4.999139072493447,
    4.999483928566819,
    4.99808777744404,
    -7.174527389463979,
    4.995048509752459,
    4.991386684777296,
    4.9904008753811535,
    4.99417066964167,
    4.99342538973932,
    4.987234997155226,
    4.986379948273301,
    4.985415468775059,
    4.984365933707874,
    4.986337223451908,
    4.9852864009503115,
    4.980945707755892,
    4.979926981539182,
    4.978921151422288,
    4.977958492249899,
    4.976802463740758,
    4.979311719585858,
    4.977539678938848,
    4.97602674130237
  ],