{
  "episode": 180,
  "steps": 95,
  "actions": [
    23,
    23,
    23,
    23,
    12,
    20,
    20,
    20,
    22,
    17,
    14,
    21,
    13,
    21,
    3,
    22,
    8,
    20,
    12,
    21,
    20,
    20,
    22,
    21,
    17,
    10,
    15,
    21,
    6,
    22,
    19,
    20,
    22,
    12,
    20,
    10,
    15,
    22,
    21,
    4,
    20,
    22,
    22,
    4,
    12,
    22,
    21,
    15,
    4,
    19,
    22,
    7,
    5,
    20,
    12,
    5,
    15,
    12,
    12,
    22,
    22,
    16,
    3,
    21,
    10,
    5,
    10,
    20,
    7,
    13,
    20,
    15,
    22,
    20,
    5,
    0,
    22,
    22,
    9,
    20,
    22,
    22,
    10,
    21,
    22,
    21,
    21,
    15,
    22,
    10,
    7,
    4,
    10,
    22,
    7
  ],
  "temperatures": [
    20.975762939453148,
    20.971978759765648,
    20.926324462890648,
    20.884027099609398,
    20.309716796875023,
    20.797753906250023,
    20.782312011718773,
    20.761773681640648,
    20.741082763671898,
    15.906732177734398,
    19.852777099609398,
    20.569085693359398,
    19.999169921875023,
    20.561730957031273,
    16.374597167968773,
    20.411767578125023,
    15.862084960937523,
    20.317315673828148,
    19.768853759765648,
    20.382653808593773,
    20.395013427734398,
    20.392541503906273,
    20.384576416015648,
    20.384362792968773,
    15.563378906250023,
    15.588739013671898,
    19.523217773437523,
    20.311608886718773,
    18.732873535156273,
    20.301538085937523,
    15.490045166015648,
    20.757287597656273,
    20.975671386718773,
    20.670098876953148,
    21.192163085937523,
    16.671502685546898,
    20.739526367187523,
    21.368920898437523,
    21.603356933593773,
    21.156640625000023,
    22.184411621093773,
    22.456201171875023,
    22.712579345703148,
    22.882257080078148,
    23.239129638671898,
    23.454187011718773,
    23.689416503906273,
    24.111657714843773,
    24.759912109375023,
    19.903405761718773,
    24.368859863281273,
    25.496057128906273,
    25.852624511718773,
    24.978356933593773,
    25.567895507812523,
    26.472833251953148,
    25.830102539062523,
    25.884179687500023,
    25.928399658203148,
    25.383050537109398,
    25.351342773437523,
    21.045159912109398,
    23.843621826171898,
    24.915887451171898,
    21.669335937500023,
    25.324700927734398,
    21.242242431640648,
    24.192926025390648,
    24.873712158203148,
    24.356164550781273,
    23.993859863281273,
    23.531701660156273,
    23.291864013671898,
    23.174157714843773,
    23.142144775390648,
    20.735833740234398,
    22.858026123046898,
    22.799157714843773,
    19.134790039062523,
    22.553094482421898,
    22.531671142578148,
    22.479638671875023,
    18.733331298828148,
    22.258691406250023,
    22.241906738281273,
    22.186456298828148,
    22.125451660156273,
    21.845269775390648,
    21.991571044921898,
    18.089074707031273,
    20.910974121093773,
    20.925714111328148,
    17.691064453125023,
    21.416009521484398,
    20.428491210937523
  ],
  "outdoor_temps": [
    -6.1035156022626325e-06,
    -6.1035156022626325e-06,
    -6.1035156022626325e-06,
    -6.1035156022626325e-06,
    -6.1035156022626325e-06,
    -6.1035156022626325e-06,
    -6.1035156022626325e-06,
    -6.1035156022626325e-06,
    -6.1035156022626325e-06,
    -6.1035156022626325e-06,
    -6.1035156022626325e-06,
    -6.1035156022626325e-06,
    -6.1035156022626325e-06,
    -6.1035156022626325e-06,
    -6.1035156022626325e-06,
    -6.1035156022626325e-06,
    -6.1035156022626325e-06,
    -6.1035156022626325e-06,
    -6.1035156022626325e-06,
    -6.1035156022626325e-06,
    -6.1035156022626325e-06,
    -6.1035156022626325e-06,
    -6.1035156022626325e-06,
    0.48467407226564774,
    1.5674987792968977,
    2.6915527343750227,
    3.3000122070312727,
    3.2094665527343977,
    2.8019348144531477,
    2.3684326171875227,
    2.2000061035156477,
    2.3021789550781477,
    2.5030456542968977,
    2.8273864746093977,
    3.3000122070312727,
    4.170007324218773,
    5.390008544921898,
    6.540002441406273,
    7.200006103515648,
    7.400476074218773,
    7.509606933593773,
    7.613946533203148,
    7.800012207031273,
    8.075891113281273,
    8.371636962890648,
    8.656549072265648,
    8.899987792968773,
    9.066003417968773,
    9.171868896484398,
    9.266809082031273,
    9.399987792968773,
    9.710534667968773,
    10.159387207031273,
    10.528527832031273,
    10.600000000000023,
    10.450006103515648,
    10.300012207031273,
    10.149987792968773,
    9.999993896484398,
    9.850000000000023,
    9.700006103515648,
    9.550012207031273,
    9.399987792968773,
    8.978875732421898,
    8.201959228515648,
    7.349084472656273,
    6.700006103515648,
    6.357904052734398,
    6.149987792968773,
    5.942102050781273,
    5.600000000000023,
    4.941003417968773,
    4.063317871093773,
    3.2539611816406477,
    2.8000122070312727,
    2.6291442871093977,
    2.4749084472656477,
    2.3332153320312727,
    2.2000061035156477,
    2.0766845703125227,
    1.9598327636718977,
    1.8380676269531477,
    1.7000061035156477,
    1.4921203613281477,
    1.2039733886718977,
    0.8888488769531477,
    0.6000000000000227,
    0.41335449218752274,
    0.31020507812502274,
    0.20195922851564774,
    -6.1035156022626325e-06,
    -0.7735656738281023,
    -2.1510986328124773,
    -3.5530761718749773,
    -4.399999999999977
  ],
  "rewards": [
    4.9077753899246455,
    4.9076752827316525,
    4.905702330842614,
    4.90387322165072,
    4.919595079384744,
    4.900125443685962,
    4.8994754668389975,
    4.898595177761238,
    4.897705323330086,
    -16.758490474387493,
    -0.04516454563839906,
    4.890139348153834,
    -0.022398013389952766,
    4.889850547012428,
    -13.145092975651965,
    4.88322479940303,
    -17.124439493134105,
    4.879057051879556,
    -0.07751210748500395,
    4.88197518085332,
    4.882531468541078,
    4.882428986660164,
    4.882084700695199,
    4.882083813868786,
    -19.68611089217578,
    -19.46071558387363,
    -0.2532073162836009,
    4.878880526679366,
    -1.6214029286859952,
    4.878436391117132,
    -20.341953254952497,
    4.898656785173909,
    4.908327557674569,
    4.930545420501705,
    4.917906510580493,
    -11.082791533463524,
    4.93256688107129,
    4.925717026847212,
    4.936118056498792,
    4.972656366716787,
    4.961905684231416,
    4.973968186012429,
    4.985348822795178,
    4.998187398257989,
    4.9973163093092,
    4.992059387911273,
    4.98892691227081,
    -0.015121608442915416,
    -0.5794428506682203,
    -0.02628504300246629,
    -0.14124549032879,
    -2.2409802095133116,
    -3.4354064283935872,
    -0.9643990012615068,
    -2.46418209011957,
    -6.1187810909403,
    -3.3557427982970607,
    -3.5567205201883887,
    -3.72541080492355,
    -1.9213922442383073,
    -1.8345852555108424,
    4.917614037715222,
    4.960677270819838,
    -0.8458583806147811,
    4.9402357719919605,
    -1.757435311089816,
    4.944028448985647,
    -0.04182196128790375,
    -0.7654751750157086,
    -0.13004941198004652,
    4.9848754140702285,
    4.9947283355583965,
    4.994229392069189,
    4.995795311056401,
    4.999303891735111,
    4.974493188817743,
    4.991799952164293,
    4.989190160356785,
    -0.7579422514285984,
    4.9782822499229855,
    4.977332260242623,
    4.975027041159894,
    -1.6129116227622984,
    4.965235650244614,
    4.964493589074068,
    4.962038616858746,
    4.959336294800691,
    4.965313124515764,
    4.953406765120833,
    -3.6586683809902136,
    4.9690662264064684,
    4.969285685946639,
    -5.337334891983567,
    4.927898800078293,
    4.961937406006593
  ],