{
  "episode": 46,
  "steps": 95,
  "actions": [
    23,
    23,
    23,
    23,
    11,
    7,
    16,
    4,
    7,
    22,
    23,
    7,
    8,
    20,
    11,
    1,
    20,
    13,
    5,
    20,
    4,
    17,
    6,
    20,
    3,
    8,
    17,
    20,
    2,
    20,
    1,
    1,
    19,
    20,
    13,
    12,
    22,
    4,
    4,
    1,
    4,
    7,
    10,
    13,
    1,
    5,
    22,
    21,
    21,
    9,
    3,
    0,
    0,
    19,
    19,
    11,
    11,
    11,
    11,
    20,
    12,
    11,
    4,
    4,
    16,
    23,
    1,
    0,
    0,
    6,
    8,
    19,
    10,
    7,
    23,
    7,
    15,
    13,
    4,
    7,
    7,
    6,
    4,
    14,
    1,
    14,
    9,
    23,
    9,
    0,
    9,
    21,
    6,
    10,
    10
  ],
  "temperatures": [
    20.975762939453148,
    20.971978759765648,
    20.926324462890648,
    20.884027099609398,
    16.315301513671898,
    18.866418457031273,
    15.875878906250023,
    18.634637451171898,
    18.765100097656273,
    20.511560058593773,
    20.559075927734398,
    18.983575439453148,
    15.896478271484398,
    20.368585205078148,
    15.831781005859398,
    15.842370605468773,
    20.220819091796898,
    19.677728271484398,
    18.585870361328148,
    20.271325683593773,
    18.615533447265648,
    15.425866699218773,
    18.041070556640648,
    20.120355224609398,
    15.846276855468773,
    15.428491210937523,
    15.313623046875023,
    20.050164794921898,
    15.784387207031273,
    20.050225830078148,
    15.746911621093773,
    16.232110595703148,
    15.804895019531273,
    20.736016845703148,
    20.464379882812523,
    20.581109619140648,
    21.127435302734398,
    20.208917236328148,
    20.430017089843773,
    17.955529785156273,
    20.989160156250023,
    21.662713623046898,
    18.304040527343773,
    22.529077148437523,
    20.386773681640648,
    23.132348632812523,
    23.449487304687523,
    23.685174560546898,
    23.901940917968773,
    20.650109863281273,
    22.333489990234398,
    22.659661865234398,
    22.924981689453148,
    20.284967041015648,
    20.325738525390648,
    21.454980468750023,
    21.530145263671898,
    21.571008300781273,
    21.588372802734398,
    24.801904296875023,
    25.287530517578148,
    21.682305908203148,
    25.583978271484398,
    25.618249511718773,
    20.145257568359398,
    24.150109863281273,
    22.341027832031273,
    22.063073730468773,
    21.866265869140648,
    24.091729736328148,
    20.218621826171898,
    18.694268798828148,
    19.192315673828148,
    22.336114501953148,
    22.614923095703148,
    22.310937500000023,
    22.375665283203148,
    22.292657470703148,
    21.977624511718773,
    21.856500244140648,
    21.752404785156273,
    21.653466796875023,
    21.556085205078148,
    21.815179443359398,
    19.041040039062523,
    21.550469970703148,
    17.910089111328148,
    21.668298339843773,
    17.704187011718773,
    18.177636718750023,
    17.381127929687523,
    21.304040527343773,
    20.258233642578148,
    17.081811523437523,
    16.847955322265648
  ],
  "outdoor_temps": [
    -6.1035156022626325e-06,
    -6.1035156022626325e-06,
    -6.1035156022626325e-06,
    -6.1035156022626325e-06,
    -6.1035156022626325e-06,
    -6.1035156022626325e-06,
    -6.1035156022626325e-06,
    -6.1035156022626325e-06,
    -6.1035156022626325e-06,
    -6.1035156022626325e-06,
    -6.1035156022626325e-06,
    -6.1035156022626325e-06,
    -6.1035156022626325e-06,
    -6.1035156022626325e-06,
    -6.1035156022626325e-06,
    -6.1035156022626325e-06,
    -6.1035156022626325e-06,
    -6.1035156022626325e-06,
    -6.1035156022626325e-06,
    -6.1035156022626325e-06,
    -6.1035156022626325e-06,
    -6.1035156022626325e-06,
    -6.1035156022626325e-06,
    0.48467407226564774,
    1.5674987792968977,
    2.6915527343750227,
    3.3000122070312727,
    3.2094665527343977,
    2.8019348144531477,
    2.3684326171875227,
    2.2000061035156477,
    2.3021789550781477,
    2.5030456542968977,
    2.8273864746093977,
    3.3000122070312727,
    4.170007324218773,
    5.390008544921898,
    6.540002441406273,
    7.200006103515648,
    7.400476074218773,
    7.509606933593773,
    7.613946533203148,
    7.800012207031273,
    8.075891113281273,
    8.371636962890648,
    8.656549072265648,
    8.899987792968773,
    9.066003417968773,
    9.171868896484398,
    9.266809082031273,
    9.399987792968773,
    9.710534667968773,
    10.159387207031273,
    10.528527832031273,
    10.600000000000023,
    10.450006103515648,
    10.300012207031273,
    10.149987792968773,
    9.999993896484398,
    9.850000000000023,
    9.700006103515648,
    9.550012207031273,
    9.399987792968773,
    8.978875732421898,
    8.201959228515648,
    7.349084472656273,
    6.700006103515648,
    6.357904052734398,
    6.149987792968773,
    5.942102050781273,
    5.600000000000023,
    4.941003417968773,
    4.063317871093773,
    3.2539611816406477,
    2.8000122070312727,
    2.6291442871093977,
    2.4749084472656477,
    2.3332153320312727,
    2.2000061035156477,
    2.0766845703125227,
    1.9598327636718977,
    1.8380676269531477,
    1.7000061035156477,
    1.4921203613281477,
    1.2039733886718977,
    0.8888488769531477,
    0.6000000000000227,
    0.41335449218752274,
    0.31020507812502274,
    0.20195922851564774,
    -6.1035156022626325e-06,
    -0.7735656738281023,
    -2.1510986328124773,
    -3.5530761718749773,
    -4.399999999999977
  ],
  "rewards": [
    4.120979222776403,
    4.115054529951921,
    4.041117961602322,
    3.9698265858460595,
    -43.945615090783264,
    -3.227872253658891,
    -50.0,
    -4.676738066882266,
    -3.8281572228597853,
    3.2259455131464536,
    3.332475983495266,
    -2.597689301217791,
    -50.0,
    2.885141006349844,
    -50.0,
    -50.0,
    2.5006504062988957,
    -0.28440730993915736,
    -5.01575367472908,
    2.635799884723315,
    -4.80810432358447,
    -50.0,
    -9.61186789990279,
    2.22057659227043,
    -50.0,
    -50.0,
    -50.0,
    2.0158929785677775,
    -50.0,
    2.0160759421823324,
    -50.0,
    -45.49386793568627,
    -50.0,
    3.699440409869566,
    3.1558517938545094,
    3.4179533332647507,
    4.343982432505308,
    2.552658317228233,
    3.1132727356419583,
    -20.452949147217108,
    4.203829283705623,
    4.894820618953203,
    -7.198215650570913,
    4.775562194030228,
    3.0241462541013777,
    4.037681855960386,
    3.4163617800564374,
    2.8591235405898523,
    2.2730624862095583,
    3.5826275590516117,
    4.883966142185143,
    4.639564733764175,
    4.323059417945301,
    2.7217286506761447,
    2.8248269159651085,
    4.719353134504173,
    4.7758988334072665,
    4.803083824340431,
    4.813877693025571,
    -1.6142552078775352,
    -4.14960053970404,
    4.864423902614215,
    -6.275358616433125,
    -6.5497574075987455,
    2.349543843150769,
    -0.060791558837130236,
    4.880123028638762,
    4.965598372100526,
    4.95604237985332,
    -0.02227041162085831,
    2.5731362171435284,
    -4.275258546522467,
    -1.6403703646336616,
    4.905364786059098,
    4.697413148638245,
    4.917217875714403,
    4.875124382321184,
    4.914280358445618,
    4.984432588018498,
    4.967574814062206,
    4.935503546712402,
    4.889956203033633,
    4.830787466644406,
    4.938795248337663,
    -2.3035118589121977,
    4.8050386297755585,
    -20.92595506537601,
    4.8565565412669836,
    -23.183073021955526,
    -8.306064334135174,
    -27.151691433898808,
    4.55966759020384,
    2.6841117838898296,
    -31.294361373906536,
    -34.842747355379295
  ],