{
  "episode": 323,
  "steps": 95,
  "actions": [
    23,
    23,
    23,
    23,
    22,
    15,
    0,
    20,
    5,
    15,
    0,
    10,
    20,
    12,
    15,
    20,
    21,
    22,
    15,
    20,
    15,
    20,
    22,
    22,
    21,
    15,
    20,
    21,
    22,
    22,
    15,
    20,
    8,
    20,
    5,
    21,
    21,
    22,
    13,
    4,
    14,
    22,
    5,
    22,
    12,
    21,
    22,
    21,
    21,
    20,
    15,
    22,
    21,
    21,
    21,
    22,
    22,
    14,
    21,
    4,
    8,
    10,
    15,
    4,
    20,
    0,
    12,
    22,
    22,
    15,
    20,
    20,
    12,
    19,
    4,
    6,
    10,
    12,
    20,
    4,
    20,
    12,
    15,
    21,
    22,
    12,
    12,
    20,
    12,
    22,
    14,
    22,
    21,
    20,
    22
  ],
  "temperatures": [
    20.975762939453148,
    20.971978759765648,
    20.926324462890648,
    20.884027099609398,
    20.848413085937523,
    20.273736572265648,
    16.689721679687523,
    20.620599365234398,
    19.120111083984398,
    20.006341552734398,
    16.452935791015648,
    15.880151367187523,
    20.384301757812523,
    19.862268066406273,
    19.850793457031273,
    20.459222412109398,
    20.469598388671898,
    20.465356445312523,
    19.847802734375023,
    20.419549560546898,
    19.802270507812523,
    20.382196044921898,
    20.380975341796898,
    20.381555175781273,
    20.408441162109398,
    19.846154785156273,
    20.456079101562523,
    20.472283935546898,
    20.462457275390648,
    20.448449707031273,
    19.866326904296898,
    20.983300781250023,
    16.525720214843773,
    21.083245849609398,
    20.157891845703148,
    21.281854248046898,
    21.376885986328148,
    21.490869140625023,
    21.378076171875023,
    21.245416259765648,
    22.018731689453148,
    22.509576416015648,
    22.551934814453148,
    23.005456542968773,
    23.310693359375023,
    23.512963867187523,
    23.748712158203148,
    23.969384765625023,
    24.175653076171898,
    24.369134521484398,
    24.894342041015648,
    24.727777099609398,
    24.889947509765648,
    25.039300537109398,
    25.159051513671898,
    25.245996093750023,
    25.311975097656273,
    25.910455322265648,
    25.406060791015648,
    26.818566894531273,
    22.451135253906273,
    22.256433105468773,
    25.577508544921898,
    26.246911621093773,
    24.842279052734398,
    23.344995117187523,
    24.807397460937523,
    24.361047363281273,
    24.255303955078148,
    24.452752685546898,
    24.087304687500023,
    23.514154052734398,
    23.474877929687523,
    19.020837402343773,
    22.943536376953148,
    23.013970947265648,
    19.412683105468773,
    22.671319580078148,
    22.715966796875023,
    22.464990234375023,
    22.589715576171898,
    22.427301025390648,
    22.349359130859398,
    22.405572509765648,
    22.340997314453148,
    22.106744384765648,
    22.013787841796898,
    22.127648925781273,
    21.846398925781273,
    21.991815185546898,
    21.685784912109398,
    21.855554199218773,
    21.760430908203148,
    21.650140380859398,
    21.551995849609398
  ],
  "outdoor_temps": [
    -6.1035156022626325e-06,
    -6.1035156022626325e-06,
    -6.1035156022626325e-06,
    -6.1035156022626325e-06,
    -6.1035156022626325e-06,
    -6.1035156022626325e-06,
    -6.1035156022626325e-06,
    -6.1035156022626325e-06,
    -6.1035156022626325e-06,
    -6.1035156022626325e-06,
    -6.1035156022626325e-06,
    -6.1035156022626325e-06,
    -6.1035156022626325e-06,
    -6.1035156022626325e-06,
    -6.1035156022626325e-06,
    -6.1035156022626325e-06,
    -6.1035156022626325e-06,
    -6.1035156022626325e-06,
    -6.1035156022626325e-06,
    -6.1035156022626325e-06,
    -6.1035156022626325e-06,
    -6.1035156022626325e-06,
    -6.1035156022626325e-06,
    0.48467407226564774,
    1.5674987792968977,
    2.6915527343750227,
    3.3000122070312727,
    3.2094665527343977,
    2.8019348144531477,
    2.3684326171875227,
    2.2000061035156477,
    2.3021789550781477,
    2.5030456542968977,
    2.8273864746093977,
    3.3000122070312727,
    4.170007324218773,
    5.390008544921898,
    6.540002441406273,
    7.200006103515648,
    7.400476074218773,
    7.509606933593773,
    7.613946533203148,
    7.800012207031273,
    8.075891113281273,
    8.371636962890648,
    8.656549072265648,
    8.899987792968773,
    9.066003417968773,
    9.171868896484398,
    9.266809082031273,
    9.399987792968773,
    9.710534667968773,
    10.159387207031273,
    10.528527832031273,
    10.600000000000023,
    10.450006103515648,
    10.300012207031273,
    10.149987792968773,
    9.999993896484398,
    9.850000000000023,
    9.700006103515648,
    9.550012207031273,
    9.399987792968773,
    8.978875732421898,
    8.201959228515648,
    7.349084472656273,
    6.700006103515648,
    6.357904052734398,
    6.149987792968773,
    5.942102050781273,
    5.600000000000023,
    4.941003417968773,
    4.063317871093773,
    3.2539611816406477,
    2.8000122070312727,
    2.6291442871093977,
    2.4749084472656477,
    2.3332153320312727,
    2.2000061035156477,
    2.0766845703125227,
    1.9598327636718977,
    1.8380676269531477,
    1.7000061035156477,
    1.4921203613281477,
    1.2039733886718977,
    0.8888488769531477,
    0.6000000000000227,
    0.41335449218752274,
    0.31020507812502274,
    0.20195922851564774,
    -6.1035156022626325e-06,
    -0.7735656738281023,
    -2.1510986328124773,
    -3.5530761718749773,
    -4.399999999999977
  ],
  "rewards": [
    4.9077753899246455,
    4.9076752827316525,
    4.905702330842614,
    4.90387322165072,
    4.902335326448083,
    4.918564500719633,
    -10.9598402162083,
    4.892320878282189,
    -0.7886028180345898,
    4.910751724170279,
    -12.583298752214802,
    -16.975291703007926,
    4.881955468359848,
    -0.04237657140291925,
    -0.04575043855963163,
    4.885329882758467,
    4.885803038707894,
    4.885626599461488,
    -0.04666372701120073,
    4.883611809867232,
    -0.06293024297154864,
    4.881970259803145,
    4.881924883953255,
    4.88196003647926,
    4.883162114344861,
    -0.047168331808687035,
    4.885286366599409,
    4.886007096401375,
    4.885571162373475,
    4.884951464854504,
    -0.041217408977118924,
    4.908682601111739,
    -12.074192898080568,
    4.913087184173258,
    4.9579112170654875,
    4.921874801853429,
    4.926080662877015,
    4.93113058772748,
    4.95144728174838,
    4.973969752706142,
    4.970400986617998,
    4.976338038091426,
    4.993298940602082,
    4.9980353259451125,
    4.9966811372939,
    4.99127699961157,
    4.988137595922403,
    4.985198995791699,
    -0.035398707307235266,
    -0.14144911012735437,
    -0.8042389604384891,
    -0.5360422524113702,
    -0.7989290483442094,
    -1.0875651868352247,
    -1.3512184541592012,
    -1.560613657414322,
    -1.7296055349481443,
    -3.6564852868539703,
    -1.9856469335585825,
    -7.948579779720346,
    4.933296513503985,
    4.935024537970515,
    -2.4944403066454446,
    -5.052238096762753,
    -0.7161973954527009,
    4.962891256662045,
    -0.6560883710906277,
    -0.135516393732134,
    -0.06998930351404906,
    -0.2083955754858202,
    -0.011871926975642941,
    4.9912708940421755,
    4.9952320260991865,
    -0.972766819249632,
    4.999079848507055,
    4.999871851306044,
    -0.35491240677785535,
    4.989711869250497,
    4.985503254879427,
    4.9920125876385315,
    4.979906054718987,
    4.982502183734399,
    4.980200247701419,
    4.971747655528395,
    4.968886942536287,
    4.973035724073972,
    4.97029006951691,
    4.959436495054675,
    4.965348312619102,
    4.95342058395238,
    4.960606133848752,
    4.947383691911464,
    4.943166863642957,
    4.938277313382081,
    4.933923370472114
  ],