{
  "episode": 1221,
  "steps": 95,
  "actions": [
    23,
    23,
    23,
    23,
    20,
    23,
    21,
    23,
    4,
    23,
    7,
    22,
    21,
    23,
    12,
    13,
    14,
    22,
    12,
    21,
    23,
    12,
    20,
    21,
    21,
    12,
    23,
    21,
    22,
    13,
    21,
    12,
    21,
    13,
    12,
    23,
    21,
    21,
    23,
    21,
    23,
    21,
    23,
    21,
    22,
    13,
    23,
    13,
    3,
    22,
    4,
    22,
    22,
    23,
    21,
    22,
    22,
    22,
    21,
    4,
    20,
    21,
    23,
    6,
    21,
    23,
    22,
    21,
    21,
    12,
    22,
    21,
    22,
    23,
    22,
    22,
    23,
    22,
    22,
    13,
    12,
    21,
    21,
    22,
    12,
    4,
    22,
    22,
    22,
    23,
    23,
    21,
    23,
    12,
    22
  ],
  "temperatures": [
    20.975762939453148,
    20.971978759765648,
    20.926324462890648,
    20.884027099609398,
    20.848413085937523,
    20.818383789062523,
    20.792230224609398,
    20.768457031250023,
    19.237756347656273,
    20.669915771484398,
    19.138970947265648,
    20.608819580078148,
    20.622094726562523,
    20.613153076171898,
    20.016168212890648,
    19.960839843750023,
    19.924707031250023,
    20.503503417968773,
    19.902551269531273,
    20.468804931640648,
    20.466699218750023,
    19.847283935546898,
    20.417779541015648,
    20.425286865234398,
    20.453271484375023,
    19.899163818359398,
    20.501458740234398,
    20.517144775390648,
    20.506646728515648,
    19.902734375000023,
    20.482537841796898,
    20.573052978515648,
    21.148370361328148,
    20.850701904296898,
    20.928338623046898,
    21.384393310546898,
    21.459344482421898,
    21.563836669921898,
    21.764916992187523,
    22.046380615234398,
    22.321710205078148,
    22.579553222656273,
    22.827142333984398,
    23.070825195312523,
    23.327355957031273,
    23.701928710937523,
    23.816064453125023,
    24.265161132812523,
    22.542016601562523,
    24.389733886718773,
    25.485772705078148,
    24.784600830078148,
    24.941979980468773,
    25.090051269531273,
    25.208734130859398,
    25.294885253906273,
    25.359765625000023,
    25.407617187500023,
    25.436181640625023,
    26.878930664062523,
    25.456414794921898,
    25.384545898437523,
    25.274591064453148,
    26.416436767578148,
    24.949884033203148,
    24.750726318359398,
    24.590997314453148,
    24.459649658203148,
    24.350732421875023,
    24.561090087890648,
    24.174951171875023,
    23.602044677734398,
    23.463220214843773,
    23.340081787109398,
    23.236627197265648,
    23.153588867187523,
    23.070520019531273,
    22.982263183593773,
    22.897546386718773,
    22.782800292968773,
    22.692987060546898,
    22.678704833984398,
    22.613214111328148,
    22.545343017578148,
    22.356408691406273,
    22.053460693359398,
    22.315545654296898,
    22.249047851562523,
    22.178216552734398,
    22.110406494140648,
    22.045800781250023,
    21.971002197265648,
    21.868707275390648,
    21.470147705078148,
    21.644647216796898
  ],
  "outdoor_temps": [
    -6.1035156022626325e-06,
    -6.1035156022626325e-06,
    -6.1035156022626325e-06,
    -6.1035156022626325e-06,
    -6.1035156022626325e-06,
    -6.1035156022626325e-06,
    -6.1035156022626325e-06,
    -6.1035156022626325e-06,
    -6.1035156022626325e-06,
    -6.1035156022626325e-06,
    -6.1035156022626325e-06,
    -6.1035156022626325e-06,
    -6.1035156022626325e-06,
    -6.1035156022626325e-06,
    -6.1035156022626325e-06,
    -6.1035156022626325e-06,
    -6.1035156022626325e-06,
    -6.1035156022626325e-06,
    -6.1035156022626325e-06,
    -6.1035156022626325e-06,
    -6.1035156022626325e-06,
    -6.1035156022626325e-06,
    -6.1035156022626325e-06,
    0.48467407226564774,
    1.5674987792968977,
    2.6915527343750227,
    3.3000122070312727,
    3.2094665527343977,
    2.8019348144531477,
    2.3684326171875227,
    2.2000061035156477,
    2.3021789550781477,
    2.5030456542968977,
    2.8273864746093977,
    3.3000122070312727,
    4.170007324218773,
    5.390008544921898,
    6.540002441406273,
    7.200006103515648,
    7.400476074218773,
    7.509606933593773,
    7.613946533203148,
    7.800012207031273,
    8.075891113281273,
    8.371636962890648,
    8.656549072265648,
    8.899987792968773,
    9.066003417968773,
    9.171868896484398,
    9.266809082031273,
    9.399987792968773,
    9.710534667968773,
    10.159387207031273,
    10.528527832031273,
    10.600000000000023,
    10.450006103515648,
    10.300012207031273,
    10.149987792968773,
    9.999993896484398,
    9.850000000000023,
    9.700006103515648,
    9.550012207031273,
    9.399987792968773,
    8.978875732421898,
    8.201959228515648,
    7.349084472656273,
    6.700006103515648,
    6.357904052734398,
    6.149987792968773,
    5.942102050781273,
    5.600000000000023,
    4.941003417968773,
    4.063317871093773,
    3.2539611816406477,
    2.8000122070312727,
    2.6291442871093977,
    2.4749084472656477,
    2.3332153320312727,
    2.2000061035156477,
    2.0766845703125227,
    1.9598327636718977,
    1.8380676269531477,
    1.7000061035156477,
    1.4921203613281477,
    1.2039733886718977,
    0.8888488769531477,
    0.6000000000000227,
    0.41335449218752274,
    0.31020507812502274,
    0.20195922851564774,
    -6.1035156022626325e-06,
    -0.7735656738281023,
    -2.1510986328124773,
    -3.5530761718749773,
    -4.399999999999977
  ],
  "rewards": [
    4.9077753899246455,
    4.9076752827316525,
    4.905702330842614,
    4.90387322165072,
    4.902335326448083,
    4.901042344204109,
    4.8999166653305295,
    4.898892752797059,
    -0.5949781069671389,
    4.894569899796144,
    -0.7556915303458999,
    4.891904122541132,
    4.892512299739148,
    4.892133547932557,
    4.9111283683404325,
    -0.024204405981883566,
    -0.02860457111473622,
    4.8873187609956315,
    -0.03259114922550266,
    4.885797812689257,
    4.885710856587343,
    -0.04682111218570968,
    4.8835570309052,
    4.8839002104913405,
    4.885150468022279,
    -0.033276084858271694,
    4.887298075903368,
    4.887995745912194,
    4.8875311538285535,
    -0.032540513738661465,
    4.8864639636841805,
    4.927699942447893,
    4.915988719213916,
    4.9358870123407765,
    4.938174452666679,
    4.92642526363225,
    4.929740550294518,
    4.934368412167482,
    4.9432885858125015,
    4.9557802937179805,
    4.967998923928193,
    4.9794441471248865,
    4.9904328742331785,
    4.997165059745312,
    4.993748840660505,
    4.993207868844594,
    4.987240442928413,
    -0.07330531846733107,
    4.966452507890316,
    -0.15714984797590928,
    -2.2103024363431376,
    -0.6221704099862181,
    -0.8944220646989515,
    -1.1958003476035832,
    -1.46902163278317,
    -1.6849979612523387,
    -1.8574486197305085,
    -1.990031336672344,
    -2.0713580019545947,
    -8.292569168216033,
    -2.1299518148391154,
    -1.9255359276319957,
    -1.6327849667438927,
    -5.842981035946979,
    -0.9094013134892652,
    -0.5700486024388495,
    -0.35520458500835006,
    -0.21676725850969053,
    -0.12814000058110941,
    -0.31847309525248757,
    -0.035149507026965385,
    4.990100843035008,
    4.991948560149125,
    4.993587071322228,
    4.994963605478406,
    4.996068100355889,
    4.99717303039911,
    4.997311331480741,
    4.993554531060482,
    4.993009656578626,
    4.990355157737175,
    4.98385341261716,
    4.98095133629506,
    4.97794367995923,
    4.980411589056577,
    4.985937775363841,
    4.967763375996248,
    4.9648178479302185,
    4.961680807791974,
    4.958676774226452,
    4.9558139488846065,
    4.952501027360558,
    4.94796725001996,
    4.954235167466104,
    4.938031470526171
  ],