{
  "episode": 168,
  "steps": 95,
  "actions": [
    23,
    23,
    23,
    23,
    23,
    23,
    23,
    23,
    23,
    23,
    23,
    23,
    23,
    23,
    23,
    23,
    23,
    23,
    23,
    23,
    23,
    23,
    23,
    23,
    23,
    23,
    23,
    23,
    23,
    23,
    23,
    23,
    15,
    21,
    23,
    3,
    23,
    23,
    23,
    23,
    23,
    20,
    13,
    23,
    23,
    4,
    23,
    3,
    23,
    17,
    12,
    23,
    13,
    23,
    13,
    14,
    7,
    0,
    21,
    20,
    9,
    12,
    23,
    10,
    23,
    23,
    21,
    23,
    23,
    23,
    13,
    16,
    8,
    10,
    18,
    23,
    16,
    15,
    19,
    23,
    23,
    23,
    23,
    18,
    18,
    23,
    0,
    23,
    23,
    23,
    15,
    13,
    2,
    23,
    23
  ],
  "temperatures": [
    20.975762939453148,
    20.971978759765648,
    20.926324462890648,
    20.884027099609398,
    20.848413085937523,
    20.818383789062523,
    20.792230224609398,
    20.768457031250023,
    20.746057128906273,
    20.724359130859398,
    20.703149414062523,
    20.682244873046898,
    20.661584472656273,
    20.641198730468773,
    20.621026611328148,
    20.601068115234398,
    20.581353759765648,
    20.561944580078148,
    20.542871093750023,
    20.524133300781273,
    20.505761718750023,
    20.487725830078148,
    20.470056152343773,
    20.463403320312523,
    20.485864257812523,
    20.523187255859398,
    20.552392578125023,
    20.555322265625023,
    20.539788818359398,
    20.522058105468773,
    20.533807373046898,
    21.077111816406273,
    20.777612304687523,
    21.286553955078148,
    21.371270751953148,
    17.619744873046898,
    21.390618896484398,
    21.547235107421898,
    21.761010742187523,
    22.049188232421898,
    22.328027343750023,
    22.586755371093773,
    22.774407958984398,
    23.078149414062523,
    23.337335205078148,
    23.906579589843773,
    23.832208251953148,
    22.200006103515648,
    24.203698730468773,
    20.007073974609398,
    24.755487060546898,
    24.701928710937523,
    25.307397460937523,
    25.052484130859398,
    25.671960449218773,
    25.809777832031273,
    26.738305664062523,
    24.525842285156273,
    25.419396972656273,
    25.429589843750023,
    22.434228515625023,
    25.779840087890648,
    25.209466552734398,
    22.062127685546898,
    24.776910400390648,
    24.634484863281273,
    24.490808105468773,
    24.369165039062523,
    24.266992187500023,
    24.177697753906273,
    24.362176513671898,
    19.318292236328148,
    19.867608642578148,
    19.646936035156273,
    18.691400146484398,
    22.816613769531273,
    18.492791748046898,
    22.492303466796898,
    18.270135498046898,
    22.422540283203148,
    22.425561523437523,
    22.386621093750023,
    22.339929199218773,
    17.911614990234398,
    17.726373291015648,
    21.959527587890648,
    19.055352783203148,
    21.846002197265648,
    21.838830566406273,
    21.798028564453148,
    21.451654052734398,
    21.361047363281273,
    18.407495117187523,
    21.391259765625023,
    21.348474121093773
  ],
  "outdoor_temps": [
    -6.1035156022626325e-06,
    -6.1035156022626325e-06,
    -6.1035156022626325e-06,
    -6.1035156022626325e-06,
    -6.1035156022626325e-06,
    -6.1035156022626325e-06,
    -6.1035156022626325e-06,
    -6.1035156022626325e-06,
    -6.1035156022626325e-06,
    -6.1035156022626325e-06,
    -6.1035156022626325e-06,
    -6.1035156022626325e-06,
    -6.1035156022626325e-06,
    -6.1035156022626325e-06,
    -6.1035156022626325e-06,
    -6.1035156022626325e-06,
    -6.1035156022626325e-06,
    -6.1035156022626325e-06,
    -6.1035156022626325e-06,
    -6.1035156022626325e-06,
    -6.1035156022626325e-06,
    -6.1035156022626325e-06,
    -6.1035156022626325e-06,
    0.48467407226564774,
    1.5674987792968977,
    2.6915527343750227,
    3.3000122070312727,
    3.2094665527343977,
    2.8019348144531477,
    2.3684326171875227,
    2.2000061035156477,
    2.3021789550781477,
    2.5030456542968977,
    2.8273864746093977,
    3.3000122070312727,
    4.170007324218773,
    5.390008544921898,
    6.540002441406273,
    7.200006103515648,
    7.400476074218773,
    7.509606933593773,
    7.613946533203148,
    7.800012207031273,
    8.075891113281273,
    8.371636962890648,
    8.656549072265648,
    8.899987792968773,
    9.066003417968773,
    9.171868896484398,
    9.266809082031273,
    9.399987792968773,
    9.710534667968773,
    10.159387207031273,
    10.528527832031273,
    10.600000000000023,
    10.450006103515648,
    10.300012207031273,
    10.149987792968773,
    9.999993896484398,
    9.850000000000023,
    9.700006103515648,
    9.550012207031273,
    9.399987792968773,
    8.978875732421898,
    8.201959228515648,
    7.349084472656273,
    6.700006103515648,
    6.357904052734398,
    6.149987792968773,
    5.942102050781273,
    5.600000000000023,
    4.941003417968773,
    4.063317871093773,
    3.2539611816406477,
    2.8000122070312727,
    2.6291442871093977,
    2.4749084472656477,
    2.3332153320312727,
    2.2000061035156477,
    2.0766845703125227,
    1.9598327636718977,
    1.8380676269531477,
    1.7000061035156477,
    1.4921203613281477,
    1.2039733886718977,
    0.8888488769531477,
    0.6000000000000227,
    0.41335449218752274,
    0.31020507812502274,
    0.20195922851564774,
    -6.1035156022626325e-06,
    -0.7735656738281023,
    -2.1510986328124773,
    -3.5530761718749773,
    -4.399999999999977
  ],
  "rewards": [
    4.9077753899246455,
    4.9076752827316525,
    4.905702330842614,
    4.90387322165072,
    4.902335326448083,
    4.901042344346642,
    4.899916627183557,
    4.89889272429049,
    4.897925631776452,
    4.896989104524255,
    4.896070191636682,
    4.895163533464074,
    4.894266431108117,
    4.893377902284264,
    4.892497641816735,
    4.8916256878525015,
    4.890763070359826,
    4.889912049546838,
    4.889075028672814,
    4.888252484574914,
    4.887444255128503,
    4.886651608720422,
    4.885875994935632,
    4.885590159669518,
    4.886594855561852,
    4.888258149400354,
    4.88955717779696,
    4.889688555970788,
    4.889001128450036,
    4.888215834870935,
    4.888737532868982,
    4.912843615785241,
    4.933736367188394,
    4.92210753645262,
    4.925854913861207,
    -5.668545658229743,
    4.926690342196304,
    4.933631536737084,
    4.94311545111239,
    4.955904524102807,
    4.968279459252954,
    4.979763593450189,
    4.992761839448433,
    4.997067252692322,
    4.993615690544248,
    4.995905583496206,
    4.98702548360695,
    4.96797100066673,
    -0.04613122784250087,
    4.931431681886315,
    -0.5748438011239748,
    -0.49900061736615403,
    -1.7145960072801112,
    -1.115186348747024,
    -2.801568447314279,
    -3.2817182463813266,
    -7.50248924139353,
    -0.2871034107772549,
    -2.0233722253889495,
    -2.0524454506033787,
    4.933446707545739,
    -3.17418676422998,
    -1.4707951940483275,
    4.936748490296305,
    -0.6101355792922524,
    -0.4086426439136555,
    -0.24648577831687776,
    -0.14147106933530643,
    -0.07613293655217908,
    -0.03612731091678951,
    -0.13438138023020482,
    -0.47972590674035714,
    -0.028510951017549965,
    -0.13514713942517095,
    -1.7253438307684452,
    4.989960980152954,
    -2.2839246503635553,
    4.984418607848171,
    -3.003937267591369,
    4.972492422743336,
    4.9726275251060725,
    4.970903119817376,
    4.968834581151604,
    -4.371662994734848,
    -5.179073186667289,
    4.951978809571136,
    -0.8968753790249618,
    4.946951954141259,
    4.946636597886681,
    4.94483085848391,
    4.953687806092202,
    4.95101131900659,
    -2.539871599952132,
    4.92680079675401,
    4.9249024698883295
  ],