{
  "episode": 1738,
  "steps": 95,
  "actions": [
    23,
    23,
    23,
    23,
    15,
    21,
    20,
    13,
    14,
    14,
    12,
    13,
    21,
    14,
    15,
    14,
    15,
    21,
    20,
    13,
    12,
    14,
    22,
    22,
    13,
    20,
    20,
    13,
    13,
    12,
    20,
    13,
    22,
    14,
    13,
    14,
    20,
    20,
    13,
    20,
    14,
    20,
    14,
    14,
    14,
    0,
    19,
    2,
    2,
    0,
    0,
    3,
    0,
    19,
    3,
    3,
    3,
    0,
    0,
    2,
    8,
    9,
    10,
    11,
    2,
    1,
    1,
    18,
    18,
    3,
    22,
    2,
    4,
    6,
    5,
    7,
    20,
    12,
    15,
    14,
    7,
    20,
    22,
    20,
    21,
    13,
    15,
    14,
    13,
    20,
    4,
    21,
    20,
    6,
    20
  ],
  "temperatures": [
    21.111627197265648,
    21.104028320312523,
    21.062646484375023,
    21.024285888671898,
    20.531274414062523,
    20.948846435546898,
    20.932794189453148,
    20.438806152343773,
    20.391168212890648,
    20.357568359375023,
    20.327630615234398,
    20.299707031250023,
    20.777398681640648,
    20.274591064453148,
    20.234552001953148,
    20.205590820312523,
    20.178948974609398,
    20.674951171875023,
    20.673150634765648,
    20.146478271484398,
    20.104699707031273,
    20.075738525390648,
    20.586053466796898,
    20.595697021484398,
    20.102441406250023,
    20.645043945312523,
    20.683953857421898,
    20.189935302734398,
    20.150628662109398,
    20.120263671875023,
    20.644036865234398,
    20.769281005859398,
    21.278558349609398,
    21.030511474609398,
    21.106988525390648,
    21.173272705078148,
    21.561822509765648,
    21.665429687500023,
    21.595025634765648,
    22.116876220703148,
    22.215478515625023,
    22.617333984375023,
    22.800286865234398,
    23.081964111328148,
    23.379174804687523,
    20.815606689453148,
    19.010278320312523,
    21.163995361328148,
    21.506433105468773,
    21.781762695312523,
    22.029656982421898,
    22.268487548828148,
    22.499536132812523,
    20.201989746093773,
    22.714074707031273,
    22.908959960937523,
    23.009667968750023,
    23.077691650390648,
    23.116662597656273,
    23.121453857421898,
    21.505700683593773,
    21.385308837890648,
    21.237298583984398,
    21.032342529296898,
    22.165155029296898,
    21.942681884765648,
    21.713555908203148,
    19.384332275390648,
    19.201226806640648,
    20.988580322265648,
    23.539239501953148,
    20.285943603515648,
    22.750421142578148,
    22.709558105468773,
    22.591424560546898,
    22.489129638671898,
    22.599023437500023,
    22.434259033203148,
    22.351983642578148,
    22.278222656250023,
    21.998498535156273,
    22.294213867187523,
    22.250115966796898,
    22.199975585937523,
    22.145135498046898,
    21.883508300781273,
    21.803308105468773,
    21.728601074218773,
    21.653924560546898,
    21.846398925781273,
    21.125238037109398,
    21.720849609375023,
    21.642602539062523,
    20.734429931640648,
    21.436364746093773
  ],
  "outdoor_temps": [
    -6.1035156022626325e-06,
    -6.1035156022626325e-06,
    -6.1035156022626325e-06,
    -6.1035156022626325e-06,
    -6.1035156022626325e-06,
    -6.1035156022626325e-06,
    -6.1035156022626325e-06,
    -6.1035156022626325e-06,
    -6.1035156022626325e-06,
    -6.1035156022626325e-06,
    -6.1035156022626325e-06,
    -6.1035156022626325e-06,
    -6.1035156022626325e-06,
    -6.1035156022626325e-06,
    -6.1035156022626325e-06,
    -6.1035156022626325e-06,
    -6.1035156022626325e-06,
    -6.1035156022626325e-06,
    -6.1035156022626325e-06,
    -6.1035156022626325e-06,
    -6.1035156022626325e-06,
    -6.1035156022626325e-06,
    -6.1035156022626325e-06,
    0.48467407226564774,
    1.5674987792968977,
    2.6915527343750227,
    3.3000122070312727,
    3.2094665527343977,
    2.8019348144531477,
    2.3684326171875227,
    2.2000061035156477,
    2.3021789550781477,
    2.5030456542968977,
    2.8273864746093977,
    3.3000122070312727,
    4.170007324218773,
    5.390008544921898,
    6.540002441406273,
    7.200006103515648,
    7.400476074218773,
    7.509606933593773,
    7.613946533203148,
    7.800012207031273,
    8.075891113281273,
    8.371636962890648,
    8.656549072265648,
    8.899987792968773,
    9.066003417968773,
    9.171868896484398,
    9.266809082031273,
    9.399987792968773,
    9.710534667968773,
    10.159387207031273,
    10.528527832031273,
    10.600000000000023,
    10.450006103515648,
    10.300012207031273,
    10.149987792968773,
    9.999993896484398,
    9.850000000000023,
    9.700006103515648,
    9.550012207031273,
    9.399987792968773,
    8.978875732421898,
    8.201959228515648,
    7.349084472656273,
    6.700006103515648,
    6.357904052734398,
    6.149987792968773,
    5.942102050781273,
    5.600000000000023,
    4.941003417968773,
    4.063317871093773,
    3.2539611816406477,
    2.8000122070312727,
    2.6291442871093977,
    2.4749084472656477,
    2.3332153320312727,
    2.2000061035156477,
    2.0766845703125227,
    1.9598327636718977,
    1.8380676269531477,
    1.7000061035156477,
    1.4921203613281477,
    1.2039733886718977,
    0.8888488769531477,
    0.6000000000000227,
    0.41335449218752274,
    0.31020507812502274,
    0.20195922851564774,
    -6.1035156022626325e-06,
    -0.7735656738281023,
    -2.1510986328124773,
    -3.5530761718749773,
    -4.399999999999977
  ],
  "rewards": [
    4.963678053930402,
    4.9635631695538756,
    4.962818720653653,
    4.962127915933729,
    4.967531055390835,
    4.960763955312578,
    4.960481196851187,
    4.966370034228039,
    4.965762921646723,
    4.965336550497328,
    4.964957067989623,
    4.964602680333121,
    4.957664458986858,
    4.96428992398148,
    4.96377686741284,
    4.963406740463136,
    4.9630660212271565,
    4.955797012048571,
    4.955767471999578,
    4.962655307064724,
    4.962117095068583,
    4.961744725831014,
    4.954169722978835,
    4.954351462386872,
    4.962099735837754,
    4.95527000450764,
    4.955990227631252,
    4.963236194859218,
    4.962728141621241,
    4.962335269526133,
    4.955254547882987,
    4.970735408077907,
    4.966978261705974,
    4.9741061044748385,
    4.9750918537609925,
    4.975945819095263,
    4.972196883742576,
    4.974109391740482,
    4.981396310935687,
    4.982455473181346,
    4.989427392790985,
    4.991710880135065,
    4.9969982739639995,
    4.9992663044900345,
    4.998111800984358,
    4.987015957930003,
    -2.460516774818189,
    4.986242327528641,
    4.985482170800962,
    4.9848710178540125,
    4.984320748377591,
    4.983790692020207,
    4.9832780861081964,
    4.969925855711103,
    4.982802578645394,
    4.982370321077336,
    4.982147066515911,
    4.981996295970905,
    4.98190991454199,
    4.981899291206151,
    4.974318787600197,
    4.974786123157681,
    4.975360816850449,
    4.97615672834914,
    4.984021240376098,
    4.984515172760286,
    4.985023911818538,
    -0.9602978816258466,
    -1.6072695261218044,
    4.986633281002064,
    4.995797278889496,
    4.988197409388001,
    4.998068841505148,
    4.997768384131239,
    4.996896315058774,
    4.996141154957693,
    4.991374680946055,
    4.992262966494035,
    4.991199680395586,
    4.990246213114618,
    4.992518034526025,
    4.985746706376258,
    4.984933163694065,
    4.9840080260861175,
    4.982995605639141,
    4.985147173751794,
    4.984110794142375,
    4.983145926630853,
    4.982181472205435,
    4.977483070832232,
    4.986073261584115,
    4.975165230928556,
    4.97372054120963,
    4.983186563636136,
    4.969909360112704
  ],