{
  "episode": 1595,
  "steps": 95,
  "actions": [
    23,
    23,
    23,
    23,
    4,
    20,
    14,
    14,
    14,
    14,
    14,
    12,
    20,
    12,
    13,
    13,
    13,
    20,
    20,
    12,
    13,
    22,
    12,
    13,
    22,
    12,
    23,
    12,
    13,
    14,
    12,
    20,
    12,
    13,
    12,
    12,
    13,
    23,
    15,
    20,
    13,
    13,
    22,
    21,
    13,
    14,
    3,
    3,
    0,
    1,
    0,
    1,
    9,
    0,
    10,
    2,
    1,
    2,
    3,
    1,
    1,
    1,
    0,
    1,
    0,
    2,
    0,
    1,
    1,
    13,
    14,
    14,
    22,
    6,
    20,
    13,
    4,
    15,
    4,
    20,
    13,
    14,
    12,
    21,
    20,
    14,
    20,
    20,
    12,
    15,
    20,
    14,
    22,
    14,
    12
  ],
  "temperatures": [
    21.111627197265648,
    21.104028320312523,
    21.062646484375023,
    21.024285888671898,
    19.778192138671898,
    20.925653076171898,
    20.447167968750023,
    20.404229736328148,
    20.373132324218773,
    20.344659423828148,
    20.317590332031273,
    20.291345214843773,
    20.771203613281273,
    20.268090820312523,
    20.228540039062523,
    20.199914550781273,
    20.173516845703148,
    20.670465087890648,
    20.668817138671898,
    20.141564941406273,
    20.099908447265648,
    20.603845214843773,
    20.074273681640648,
    20.047326660156273,
    20.597833251953148,
    20.132684326171898,
    20.663354492187523,
    20.174340820312523,
    20.138299560546898,
    20.109765625000023,
    20.116204833984398,
    21.143731689453148,
    20.900140380859398,
    21.004968261718773,
    21.090325927734398,
    21.159204101562523,
    21.230828857421898,
    21.645196533203148,
    21.577386474609398,
    22.104760742187523,
    22.203302001953148,
    22.497827148437523,
    22.838983154296898,
    23.068505859375023,
    23.367486572265648,
    23.656152343750023,
    21.179376220703148,
    21.356774902343773,
    21.613031005859398,
    21.865258789062523,
    22.100305175781273,
    22.331048583984398,
    21.071679687500023,
    22.668054199218773,
    21.336297607421898,
    22.906945800781273,
    23.041314697265648,
    23.111932373046898,
    23.151483154296898,
    23.156213378906273,
    23.127191162109398,
    23.063134765625023,
    22.918817138671898,
    22.695092773437523,
    22.402490234375023,
    22.121453857421898,
    21.873223876953148,
    21.658227539062523,
    21.471887207031273,
    23.917047119140648,
    23.902490234375023,
    23.251733398437523,
    23.086389160156273,
    22.994561767578148,
    22.899987792968773,
    22.793725585937523,
    22.628717041015648,
    22.607843017578148,
    22.397729492187523,
    22.536737060546898,
    22.370416259765648,
    22.299127197265648,
    22.230584716796898,
    22.309991455078148,
    22.252893066406273,
    22.016259765625023,
    22.126794433593773,
    22.069909667968773,
    21.791040039062523,
    21.711267089843773,
    21.890893554687523,
    21.568811035156273,
    21.734490966796898,
    21.331628417968773,
    21.208947753906273
  ],
  "outdoor_temps": [
    -6.1035156022626325e-06,
    -6.1035156022626325e-06,
    -6.1035156022626325e-06,
    -6.1035156022626325e-06,
    -6.1035156022626325e-06,
    -6.1035156022626325e-06,
    -6.1035156022626325e-06,
    -6.1035156022626325e-06,
    -6.1035156022626325e-06,
    -6.1035156022626325e-06,
    -6.1035156022626325e-06,
    -6.1035156022626325e-06,
    -6.1035156022626325e-06,
    -6.1035156022626325e-06,
    -6.1035156022626325e-06,
    -6.1035156022626325e-06,
    -6.1035156022626325e-06,
    -6.1035156022626325e-06,
    -6.1035156022626325e-06,
    -6.1035156022626325e-06,
    -6.1035156022626325e-06,
    -6.1035156022626325e-06,
    -6.1035156022626325e-06,
    0.48467407226564774,
    1.5674987792968977,
    2.6915527343750227,
    3.3000122070312727,
    3.2094665527343977,
    2.8019348144531477,
    2.3684326171875227,
    2.2000061035156477,
    2.3021789550781477,
    2.5030456542968977,
    2.8273864746093977,
    3.3000122070312727,
    4.170007324218773,
    5.390008544921898,
    6.540002441406273,
    7.200006103515648,
    7.400476074218773,
    7.509606933593773,
    7.613946533203148,
    7.800012207031273,
    8.075891113281273,
    8.371636962890648,
    8.656549072265648,
    8.899987792968773,
    9.066003417968773,
    9.171868896484398,
    9.266809082031273,
    9.399987792968773,
    9.710534667968773,
    10.159387207031273,
    10.528527832031273,
    10.600000000000023,
    10.450006103515648,
    10.300012207031273,
    10.149987792968773,
    9.999993896484398,
    9.850000000000023,
    9.700006103515648,
    9.550012207031273,
    9.399987792968773,
    8.978875732421898,
    8.201959228515648,
    7.349084472656273,
    6.700006103515648,
    6.357904052734398,
    6.149987792968773,
    5.942102050781273,
    5.600000000000023,
    4.941003417968773,
    4.063317871093773,
    3.2539611816406477,
    2.8000122070312727,
    2.6291442871093977,
    2.4749084472656477,
    2.3332153320312727,
    2.2000061035156477,
    2.0766845703125227,
    1.9598327636718977,
    1.8380676269531477,
    1.7000061035156477,
    1.4921203613281477,
    1.2039733886718977,
    0.8888488769531477,
    0.6000000000000227,
    0.41335449218752274,
    0.31020507812502274,
    0.20195922851564774,
    -6.1035156022626325e-06,
    -0.7735656738281023,
    -2.1510986328124773,
    -3.5530761718749773,
    -4.399999999999977
  ],
  "rewards": [
    4.963678053930402,
    4.9635631695538756,
    4.962818720653653,
    4.962127915933729,
    -0.13498469360635887,
    4.960334408579961,
    4.9664672303301804,
    4.965922044538771,
    4.965529058002745,
    4.965169305824553,
    4.964826701902663,
    4.964494544290816,
    4.9575498357305054,
    4.964205799112987,
    4.963698897488577,
    4.963333129957804,
    4.962995668724665,
    4.955714042421916,
    4.9556874634539305,
    4.9625920248133655,
    4.962055018074972,
    4.9544949533906975,
    4.961728646856125,
    4.961383389361364,
    4.954394828629235,
    4.962493198018844,
    4.955609690237952,
    4.963034210357815,
    4.962568450100882,
    4.9621998358522745,
    4.962283152365004,
    4.964491843272162,
    4.972423477779102,
    4.973775640256864,
    4.974876375869402,
    4.975763915307982,
    4.9766868813114,
    4.973735314842799,
    4.9811680032350125,
    4.982231733995287,
    4.98926992119379,
    4.993082418069729,
    4.9958099343744315,
    4.99840861635315,
    4.998157282669745,
    4.9970360312615725,
    4.9862084181093325,
    4.985814504546155,
    4.985245608908166,
    4.984685702253133,
    4.984164000078712,
    4.9836518662460145,
    4.976002524643812,
    4.982904397159006,
    4.974975581917912,
    4.982374787784627,
    4.982076896350183,
    4.981920308991943,
    4.981832661549844,
    4.981822147292126,
    4.98188644520906,
    4.98202849142221,
    4.982348570152793,
    4.982845022011548,
    4.983494556471381,
    4.984118465114385,
    4.9846695857451335,
    4.985146913457662,
    4.985560647770439,
    4.99602339059082,
    4.996080021784196,
    4.998610020750081,
    4.998311998949265,
    4.999875522070422,
    4.996934250297106,
    4.9969109852714055,
    4.99717368012529,
    4.994508201318428,
    4.995467539540289,
    4.990225813089506,
    4.991439147899818,
    4.990517451540122,
    4.989631997072016,
    4.98604002832265,
    4.9849862518019,
    4.986863224218559,
    4.982658975903754,
    4.981609323791187,
    4.983954156647395,
    4.982923517950041,
    4.978305310803263,
    4.981083163033198,
    4.975417635624176,
    4.978016500573929,
    4.9764293998711455
  ],