{
  "episode": 1102,
  "steps": 95,
  "actions": [
    23,
    23,
    23,
    23,
    21,
    21,
    20,
    22,
    22,
    22,
    22,
    21,
    4,
    22,
    20,
    23,
    13,
    21,
    20,
    20,
    13,
    22,
    22,
    0,
    22,
    12,
    21,
    23,
    23,
    21,
    22,
    21,
    22,
    22,
    21,
    4,
    22,
    22,
    20,
    13,
    22,
    15,
    21,
    22,
    20,
    22,
    12,
    22,
    22,
    20,
    22,
    22,
    23,
    22,
    22,
    6,
    20,
    20,
    20,
    22,
    20,
    14,
    21,
    21,
    21,
    13,
    13,
    14,
    22,
    13,
    20,
    23,
    21,
    22,
    22,
    20,
    21,
    20,
    20,
    12,
    21,
    12,
    23,
    21,
    13,
    22,
    21,
    21,
    20,
    20,
    22,
    21,
    12,
    22,
    22
  ],
  "temperatures": [
    20.975762939453148,
    20.971978759765648,
    20.926324462890648,
    20.884027099609398,
    20.848413085937523,
    20.818383789062523,
    20.792230224609398,
    20.768457031250023,
    20.746057128906273,
    20.724359130859398,
    20.703149414062523,
    20.682244873046898,
    19.126458740234398,
    20.585412597656273,
    20.594110107421898,
    20.582940673828148,
    19.979516601562523,
    20.528192138671898,
    20.522180175781273,
    20.508233642578148,
    19.891320800781273,
    20.452630615234398,
    20.447564697265648,
    16.177331542968773,
    20.327233886718773,
    19.830010986328148,
    20.465997314453148,
    20.493035888671898,
    20.489068603515648,
    20.478356933593773,
    20.494653320312523,
    21.040185546875023,
    21.167169189453148,
    21.269952392578148,
    21.348535156250023,
    20.437158203125023,
    21.442529296875023,
    21.558526611328148,
    21.762139892578148,
    21.791802978515648,
    22.313928222656273,
    22.447961425781273,
    22.820336914062523,
    23.066491699218773,
    23.323510742187523,
    23.573968505859398,
    23.988549804687523,
    24.034570312500023,
    24.238031005859398,
    24.430139160156273,
    24.606042480468773,
    24.776788330078148,
    24.941796875000023,
    25.090844726562523,
    25.209954833984398,
    26.629846191406273,
    25.397027587890648,
    25.428979492187523,
    25.453485107421898,
    25.455285644531273,
    25.430322265625023,
    25.944329833984398,
    25.285394287109398,
    25.121331787109398,
    24.920129394531273,
    25.157189941406273,
    24.981072998046898,
    24.825891113281273,
    24.363000488281273,
    24.569482421875023,
    24.180535888671898,
    23.607049560546898,
    23.467736816406273,
    23.344262695312523,
    23.240502929687523,
    23.157250976562523,
    23.074090576171898,
    22.985803222656273,
    22.900964355468773,
    22.786920166015648,
    22.750909423828148,
    22.614038085937523,
    22.615136718750023,
    22.547906494140648,
    22.359643554687523,
    22.399682617187523,
    22.328271484375023,
    22.256951904296898,
    22.184777832031273,
    22.116204833984398,
    22.051080322265648,
    21.975946044921898,
    21.615991210937523,
    21.751245117187523,
    21.653863525390648
  ],
  "outdoor_temps": [
    -6.1035156022626325e-06,
    -6.1035156022626325e-06,
    -6.1035156022626325e-06,
    -6.1035156022626325e-06,
    -6.1035156022626325e-06,
    -6.1035156022626325e-06,
    -6.1035156022626325e-06,
    -6.1035156022626325e-06,
    -6.1035156022626325e-06,
    -6.1035156022626325e-06,
    -6.1035156022626325e-06,
    -6.1035156022626325e-06,
    -6.1035156022626325e-06,
    -6.1035156022626325e-06,
    -6.1035156022626325e-06,
    -6.1035156022626325e-06,
    -6.1035156022626325e-06,
    -6.1035156022626325e-06,
    -6.1035156022626325e-06,
    -6.1035156022626325e-06,
    -6.1035156022626325e-06,
    -6.1035156022626325e-06,
    -6.1035156022626325e-06,
    0.48467407226564774,
    1.5674987792968977,
    2.6915527343750227,
    3.3000122070312727,
    3.2094665527343977,
    2.8019348144531477,
    2.3684326171875227,
    2.2000061035156477,
    2.3021789550781477,
    2.5030456542968977,
    2.8273864746093977,
    3.3000122070312727,
    4.170007324218773,
    5.390008544921898,
    6.540002441406273,
    7.200006103515648,
    7.400476074218773,
    7.509606933593773,
    7.613946533203148,
    7.800012207031273,
    8.075891113281273,
    8.371636962890648,
    8.656549072265648,
    8.899987792968773,
    9.066003417968773,
    9.171868896484398,
    9.266809082031273,
    9.399987792968773,
    9.710534667968773,
    10.159387207031273,
    10.528527832031273,
    10.600000000000023,
    10.450006103515648,
    10.300012207031273,
    10.149987792968773,
    9.999993896484398,
    9.850000000000023,
    9.700006103515648,
    9.550012207031273,
    9.399987792968773,
    8.978875732421898,
    8.201959228515648,
    7.349084472656273,
    6.700006103515648,
    6.357904052734398,
    6.149987792968773,
    5.942102050781273,
    5.600000000000023,
    4.941003417968773,
    4.063317871093773,
    3.2539611816406477,
    2.8000122070312727,
    2.6291442871093977,
    2.4749084472656477,
    2.3332153320312727,
    2.2000061035156477,
    2.0766845703125227,
    1.9598327636718977,
    1.8380676269531477,
    1.7000061035156477,
    1.4921203613281477,
    1.2039733886718977,
    0.8888488769531477,
    0.6000000000000227,
    0.41335449218752274,
    0.31020507812502274,
    0.20195922851564774,
    -6.1035156022626325e-06,
    -0.7735656738281023,
    -2.1510986328124773,
    -3.5530761718749773,
    -4.399999999999977
  ],
  "rewards": [
    4.9077753899246455,
    4.9076752827316525,
    4.905702330842614,
    4.90387322165072,
    4.902335364595055,
    4.901042372853212,
    4.8999166461533825,
    4.898892686000984,
    4.897925593577649,
    4.896989066325451,
    4.896070153437878,
    4.895163542948986,
    -0.7774347386194967,
    4.890901744125978,
    4.89130371781471,
    4.890820834270638,
    -0.02294975738972332,
    4.8884144374695815,
    4.88815692630475,
    4.887546727291268,
    -0.03498609016932377,
    4.885094153803328,
    4.8848777172196165,
    -14.61412219117439,
    4.879560515657067,
    -0.052515408001508446,
    4.885725886572314,
    4.886927344471864,
    4.886752116456628,
    4.886277730241418,
    4.887001530796938,
    4.911205165110852,
    4.916822678715638,
    4.921371032916333,
    4.924845821582104,
    4.962034876238271,
    4.928993718384401,
    4.934133283816601,
    4.943164827548291,
    4.96368693333767,
    4.967654244598488,
    4.98310218444499,
    4.990131598370879,
    4.997222596005253,
    4.9937996813881655,
    4.990464453927201,
    4.990663004428471,
    -0.005270142655659257,
    -0.06141111688284557,
    -0.19041158644079526,
    -0.37326493717084924,
    -0.6099459831562732,
    -0.8940764482093027,
    -1.1975333786756297,
    -1.4719782407728128,
    -6.9201420090634205,
    -1.9602961863335047,
    -2.0506987633491987,
    -2.121416858987058,
    -2.1266601810540204,
    -2.0545426691842468,
    -3.7871395748976044,
    -1.660477065685385,
    -1.2650774004229894,
    -0.8536606517726083,
    -1.3440626303026089,
    -0.9670873778346238,
    -0.6863348028469072,
    -0.136936988289606,
    -0.3279798190627992,
    -0.037153350006311266,
    4.990034144154709,
    4.9918884424120185,
    4.993531616300992,
    4.994911735080506,
    4.996019433908488,
    4.9971252393787315,
    4.997468231887273,
    4.993706802955788,
    4.993130813061219,
    4.98705389474721,
    4.988022136547319,
    4.981036168087436,
    4.978057086244226,
    4.9805070446512625,
    4.971490838226417,
    4.968326685153271,
    4.965167414814882,
    4.961971656948976,
    4.958933629623574,
    4.956048280826729,
    4.952719590388562,
    4.958546061374895,
    4.9427586719879635,
    4.93843907567146
  ],