{
  "episode": 742,
  "steps": 95,
  "actions": [
    23,
    23,
    23,
    23,
    21,
    22,
    13,
    13,
    15,
    20,
    22,
    22,
    21,
    23,
    23,
    15,
    13,
    23,
    6,
    12,
    23,
    15,
    23,
    23,
    21,
    23,
    12,
    15,
    15,
    23,
    12,
    20,
    4,
    23,
    12,
    5,
    13,
    20,
    21,
    15,
    3,
    14,
    20,
    23,
    22,
    6,
    23,
    23,
    23,
    21,
    23,
    13,
    23,
    21,
    21,
    22,
    21,
    12,
    12,
    23,
    23,
    21,
    21,
    22,
    22,
    23,
    21,
    4,
    4,
    20,
    20,
    23,
    21,
    22,
    4,
    23,
    22,
    23,
    21,
    22,
    20,
    15,
    4,
    20,
    15,
    15,
    20,
    22,
    21,
    23,
    23,
    15,
    12,
    23,
    23
  ],
  "temperatures": [
    20.975762939453148,
    20.971978759765648,
    20.926324462890648,
    20.884027099609398,
    20.848413085937523,
    20.818383789062523,
    20.242700195312523,
    20.179467773437523,
    20.138543701171898,
    20.683496093750023,
    20.679223632812523,
    20.664941406250023,
    20.648034667968773,
    20.629907226562523,
    20.611169433593773,
    20.008386230468773,
    19.949487304687523,
    20.518518066406273,
    18.918725585937523,
    19.806878662109398,
    20.432122802734398,
    19.825830078125023,
    20.407189941406273,
    20.418542480468773,
    20.448724365234398,
    20.490655517578148,
    19.937738037109398,
    19.910333251953148,
    19.877740478515648,
    20.451531982421898,
    19.887384033203148,
    21.009118652343773,
    20.020654296875023,
    21.216699218750023,
    20.920404052734398,
    20.360192871093773,
    21.027459716796898,
    21.521295166015648,
    21.735620117187523,
    21.766137695312523,
    18.912072753906273,
    22.268182373046898,
    22.767694091796898,
    23.023187255859398,
    23.284020996093773,
    23.824365234375023,
    23.782678222656273,
    24.001245117187523,
    24.207421875000023,
    24.400720214843773,
    24.577600097656273,
    25.144006347656273,
    24.925866699218773,
    25.071038818359398,
    25.189508056640648,
    25.275689697265648,
    25.340875244140648,
    25.945581054687523,
    26.007226562500023,
    25.448297119140648,
    25.415765380859398,
    25.359674072265648,
    25.252099609375023,
    25.094873046875023,
    24.895288085937523,
    24.713128662109398,
    24.557611083984398,
    25.336785888671898,
    25.246209716796898,
    24.262322998046898,
    24.160821533203148,
    23.588830566406273,
    23.449731445312523,
    23.326531982421898,
    23.376031494140648,
    23.144189453125023,
    23.059106445312523,
    22.970544433593773,
    22.885736083984398,
    22.808435058593773,
    22.736993408203148,
    22.596612548828148,
    22.376489257812523,
    22.527734375000023,
    22.338555908203148,
    22.243890380859398,
    22.308618164062523,
    22.239862060546898,
    22.168725585937523,
    22.100854492187523,
    22.036340332031273,
    21.723229980468773,
    21.586785888671898,
    21.733331298828148,
    21.637384033203148
  ],
  "outdoor_temps": [
    -6.1035156022626325e-06,
    -6.1035156022626325e-06,
    -6.1035156022626325e-06,
    -6.1035156022626325e-06,
    -6.1035156022626325e-06,
    -6.1035156022626325e-06,
    -6.1035156022626325e-06,
    -6.1035156022626325e-06,
    -6.1035156022626325e-06,
    -6.1035156022626325e-06,
    -6.1035156022626325e-06,
    -6.1035156022626325e-06,
    -6.1035156022626325e-06,
    -6.1035156022626325e-06,
    -6.1035156022626325e-06,
    -6.1035156022626325e-06,
    -6.1035156022626325e-06,
    -6.1035156022626325e-06,
    -6.1035156022626325e-06,
    -6.1035156022626325e-06,
    -6.1035156022626325e-06,
    -6.1035156022626325e-06,
    -6.1035156022626325e-06,
    0.48467407226564774,
    1.5674987792968977,
    2.6915527343750227,
    3.3000122070312727,
    3.2094665527343977,
    2.8019348144531477,
    2.3684326171875227,
    2.2000061035156477,
    2.3021789550781477,
    2.5030456542968977,
    2.8273864746093977,
    3.3000122070312727,
    4.170007324218773,
    5.390008544921898,
    6.540002441406273,
    7.200006103515648,
    7.400476074218773,
    7.509606933593773,
    7.613946533203148,
    7.800012207031273,
    8.075891113281273,
    8.371636962890648,
    8.656549072265648,
    8.899987792968773,
    9.066003417968773,
    9.171868896484398,
    9.266809082031273,
    9.399987792968773,
    9.710534667968773,
    10.159387207031273,
    10.528527832031273,
    10.600000000000023,
    10.450006103515648,
    10.300012207031273,
    10.149987792968773,
    9.999993896484398,
    9.850000000000023,
    9.700006103515648,
    9.550012207031273,
    9.399987792968773,
    8.978875732421898,
    8.201959228515648,
    7.349084472656273,
    6.700006103515648,
    6.357904052734398,
    6.149987792968773,
    5.942102050781273,
    5.600000000000023,
    4.941003417968773,
    4.063317871093773,
    3.2539611816406477,
    2.8000122070312727,
    2.6291442871093977,
    2.4749084472656477,
    2.3332153320312727,
    2.2000061035156477,
    2.0766845703125227,
    1.9598327636718977,
    1.8380676269531477,
    1.7000061035156477,
    1.4921203613281477,
    1.2039733886718977,
    0.8888488769531477,
    0.6000000000000227,
    0.41335449218752274,
    0.31020507812502274,
    0.20195922851564774,
    -6.1035156022626325e-06,
    -0.7735656738281023,
    -2.1510986328124773,
    -3.5530761718749773,
    -4.399999999999977
  ],
  "rewards": [
    4.9077753899246455,
    4.9076752827316525,
    4.905702330842614,
    4.90387322165072,
    4.902335364595055,
    4.901042372853212,
    4.917676410585965,
    4.915830869559684,
    4.9146440600198895,
    4.895173174994795,
    4.895007273784798,
    4.894395520411756,
    4.893664853297498,
    4.892876832158021,
    4.892060248628258,
    4.910910224877298,
    -0.025303850104301168,
    4.8879858180848155,
    -1.1842707337950795,
    -0.06109666453106665,
    4.884176957357837,
    -0.05399272363632125,
    4.883086974280684,
    4.883600032106042,
    4.884948003068566,
    4.886815526158266,
    -0.0266984902322264,
    -0.031064164217395433,
    -0.038212329712893275,
    4.8850876590188435,
    -0.03587559774517501,
    4.909826686132861,
    4.955896994920407,
    4.919007208107606,
    4.937939829789102,
    4.960896129577582,
    4.941085848735403,
    4.932480828460792,
    4.9419883319055256,
    4.962928213932268,
    -1.1879499991425913,
    4.977781937078614,
    4.987794680242305,
    4.9977990521555355,
    4.994325605705381,
    4.996270498278874,
    4.9876851747055415,
    -0.003965551629662571,
    -0.047674273625025645,
    -0.16587067000569736,
    -0.33950469943818873,
    -1.3136958381161614,
    -0.8642712518605622,
    -1.1546493740007768,
    -1.422848921633663,
    -1.6355904831656873,
    -1.8063695217815392,
    -3.7920093744168053,
    -4.035818957526167,
    -2.106345163721495,
    -2.0130640793964907,
    -1.8571993733570598,
    -1.5758812167042544,
    -1.2063514073485115,
    -0.8084806276631503,
    -0.5148858775344556,
    -0.3167457134649411,
    -1.7896125731304005,
    -1.5555541854653994,
    -0.07364587707203266,
    -0.030358098701621712,
    4.990277042022866,
    4.992128336802125,
    4.9937674566811845,
    4.998266475740213,
    4.996193112044231,
    4.997324648424983,
    4.996790463798072,
    4.993031111732125,
    4.989603623420648,
    4.986436607562329,
    4.987506397782784,
    4.990706810233912,
    4.977163431404725,
    4.979884302436333,
    4.9770880602251575,
    4.967455629962294,
    4.9644098755037005,
    4.961259333812023,
    4.958253776699952,
    4.955394651666284,
    4.961713526211679,
    4.957682800139098,
    4.94196408962102,
    4.937709591165185
  ],