{
  "episode": 172,
  "steps": 95,
  "actions": [
    23,
    23,
    23,
    23,
    23,
    23,
    23,
    23,
    23,
    23,
    23,
    23,
    23,
    23,
    23,
    23,
    23,
    23,
    23,
    23,
    23,
    23,
    23,
    23,
    23,
    23,
    23,
    23,
    23,
    23,
    23,
    23,
    12,
    13,
    22,
    22,
    23,
    20,
    5,
    23,
    6,
    13,
    3,
    14,
    15,
    12,
    10,
    19,
    14,
    12,
    23,
    22,
    23,
    23,
    2,
    6,
    23,
    20,
    1,
    1,
    23,
    10,
    12,
    0,
    8,
    20,
    3,
    23,
    20,
    5,
    20,
    4,
    23,
    13,
    23,
    21,
    23,
    6,
    23,
    23,
    1,
    23,
    23,
    22,
    23,
    23,
    14,
    5,
    7,
    14,
    1,
    23,
    22,
    23,
    12
  ],
  "temperatures": [
    20.975762939453148,
    20.971978759765648,
    20.926324462890648,
    20.884027099609398,
    20.848413085937523,
    20.818383789062523,
    20.792230224609398,
    20.768457031250023,
    20.746057128906273,
    20.724359130859398,
    20.703149414062523,
    20.682244873046898,
    20.661584472656273,
    20.641198730468773,
    20.621026611328148,
    20.601068115234398,
    20.581353759765648,
    20.561944580078148,
    20.542871093750023,
    20.524133300781273,
    20.505761718750023,
    20.487725830078148,
    20.470056152343773,
    20.463403320312523,
    20.485864257812523,
    20.523187255859398,
    20.552392578125023,
    20.555322265625023,
    20.539788818359398,
    20.522058105468773,
    20.533807373046898,
    21.077111816406273,
    20.777612304687523,
    20.876733398437523,
    21.355615234375023,
    21.426965332031273,
    21.494378662109398,
    21.595880126953148,
    21.009393310546898,
    22.050073242187523,
    21.824853515625023,
    22.448083496093773,
    19.979760742187523,
    22.955377197265648,
    23.362115478515648,
    23.687524414062523,
    20.239282226562523,
    19.459100341796898,
    24.240838623046898,
    24.611169433593773,
    24.521417236328148,
    24.702478027343773,
    24.875512695312523,
    25.030236816406273,
    24.014215087890648,
    26.458795166015648,
    25.324121093750023,
    25.363305664062523,
    24.410119628906273,
    24.366693115234398,
    25.331781005859398,
    22.306695556640648,
    25.588922119140648,
    23.900476074218773,
    21.725762939453148,
    24.534661865234398,
    22.977990722656273,
    24.273248291015648,
    24.193231201171898,
    24.837365722656273,
    24.047570800781273,
    23.795556640625023,
    23.346154785156273,
    23.283868408203148,
    23.126245117187523,
    23.046868896484398,
    22.963250732421898,
    22.818322753906273,
    22.793115234375023,
    22.719079589843773,
    20.168298339843773,
    22.519281005859398,
    22.485925292968773,
    22.427239990234398,
    22.361871337890648,
    22.293267822265648,
    22.047204589843773,
    21.655938720703148,
    21.515039062500023,
    21.755914306640648,
    19.004327392578148,
    21.785791015625023,
    21.729364013671898,
    21.629083251953148,
    21.194482421875023
  ],
  "outdoor_temps": [
    -6.1035156022626325e-06,
    -6.1035156022626325e-06,
    -6.1035156022626325e-06,
    -6.1035156022626325e-06,
    -6.1035156022626325e-06,
    -6.1035156022626325e-06,
    -6.1035156022626325e-06,
    -6.1035156022626325e-06,
    -6.1035156022626325e-06,
    -6.1035156022626325e-06,
    -6.1035156022626325e-06,
    -6.1035156022626325e-06,
    -6.1035156022626325e-06,
    -6.1035156022626325e-06,
    -6.1035156022626325e-06,
    -6.1035156022626325e-06,
    -6.1035156022626325e-06,
    -6.1035156022626325e-06,
    -6.1035156022626325e-06,
    -6.1035156022626325e-06,
    -6.1035156022626325e-06,
    -6.1035156022626325e-06,
    -6.1035156022626325e-06,
    0.48467407226564774,
    1.5674987792968977,
    2.6915527343750227,
    3.3000122070312727,
    3.2094665527343977,
    2.8019348144531477,
    2.3684326171875227,
    2.2000061035156477,
    2.3021789550781477,
    2.5030456542968977,
    2.8273864746093977,
    3.3000122070312727,
    4.170007324218773,
    5.390008544921898,
    6.540002441406273,
    7.200006103515648,
    7.400476074218773,
    7.509606933593773,
    7.613946533203148,
    7.800012207031273,
    8.075891113281273,
    8.371636962890648,
    8.656549072265648,
    8.899987792968773,
    9.066003417968773,
    9.171868896484398,
    9.266809082031273,
    9.399987792968773,
    9.710534667968773,
    10.159387207031273,
    10.528527832031273,
    10.600000000000023,
    10.450006103515648,
    10.300012207031273,
    10.149987792968773,
    9.999993896484398,
    9.850000000000023,
    9.700006103515648,
    9.550012207031273,
    9.399987792968773,
    8.978875732421898,
    8.201959228515648,
    7.349084472656273,
    6.700006103515648,
    6.357904052734398,
    6.149987792968773,
    5.942102050781273,
    5.600000000000023,
    4.941003417968773,
    4.063317871093773,
    3.2539611816406477,
    2.8000122070312727,
    2.6291442871093977,
    2.4749084472656477,
    2.3332153320312727,
    2.2000061035156477,
    2.0766845703125227,
    1.9598327636718977,
    1.8380676269531477,
    1.7000061035156477,
    1.4921203613281477,
    1.2039733886718977,
    0.8888488769531477,
    0.6000000000000227,
    0.41335449218752274,
    0.31020507812502274,
    0.20195922851564774,
    -6.1035156022626325e-06,
    -0.7735656738281023,
    -2.1510986328124773,
    -3.5530761718749773,
    -4.399999999999977
  ],
  "rewards": [
    4.120979222776403,
    4.115054529951921,
    4.041117961602322,
    3.9698265858460595,
    3.9077210109681286,
    3.853879691883962,
    3.805885754423257,
    3.7613691613823597,
    3.718646088801367,
    3.6765443842579115,
    3.634704109951898,
    3.592804602505684,
    3.5507493382320265,
    3.5086222347245086,
    3.466321936817887,
    3.423867874192122,
    3.381345204161528,
    3.338909506471877,
    3.296656541600873,
    3.254615599177828,
    3.2128832242638383,
    3.1714217349608016,
    3.1303298621997757,
    3.114743142649584,
    3.1671395712346357,
    3.2525262384582816,
    3.3178817418963207,
    3.324368238821675,
    3.289838607208853,
    3.249981652163019,
    3.2764469183702523,
    4.274051666222544,
    3.813062446825248,
    3.9903615255022555,
    4.613735914525153,
    4.682037825197324,
    4.739555808449505,
    4.813307145955055,
    4.2345035429783096,
    4.95406291771842,
    4.959534340496181,
    4.832521765368125,
    -0.006572998742084755,
    4.313558907586159,
    3.6047056348163817,
    2.8575317466209835,
    2.6278333444262274,
    -0.7469062916342688,
    -0.1479490272676765,
    -0.9375829950153876,
    -0.6853856045453712,
    -1.2399869118631686,
    -1.923180644936635,
    -2.660859194845078,
    -0.01053116857540024,
    -25.118045381013303,
    -4.39160901316821,
    -4.655003564730442,
    -0.4309601230622209,
    -0.34657627612295794,
    -4.442494428627668,
    4.864031766736869,
    -6.317616175093423,
    2.251567880368888,
    4.883330404469753,
    -0.720397571525395,
    4.247171524206102,
    -0.19153048294316036,
    -0.0979482799954932,
    -1.7550152523518967,
    -0.009775049573058893,
    2.578389766069028,
    3.634407400435358,
    3.7606874576303673,
    4.045111069526971,
    4.175537060098687,
    4.300576983409617,
    4.494994562151813,
    4.517149607898721,
    4.597835250459587,
    2.460668477597709,
    4.7745457701810015,
    4.798214387558383,
    4.835807677553952,
    4.871599313164441,
    4.902268938468759,
    4.96960716202855,
    4.891283893497551,
    4.801597375829479,
    4.917992964890268,
    -2.482870562054691,
    4.909876537691486,
    4.886856999369348,
    4.834159455368631,
    4.45944255646321
  ],