{
  "episode": 1777,
  "steps": 95,
  "actions": [
    23,
    23,
    23,
    23,
    15,
    13,
    13,
    15,
    13,
    13,
    22,
    20,
    12,
    14,
    22,
    13,
    22,
    21,
    14,
    22,
    20,
    21,
    13,
    22,
    20,
    13,
    22,
    14,
    4,
    14,
    21,
    13,
    13,
    22,
    21,
    22,
    22,
    14,
    22,
    6,
    13,
    22,
    14,
    22,
    15,
    22,
    3,
    3,
    12,
    0,
    11,
    1,
    0,
    10,
    11,
    0,
    0,
    0,
    8,
    9,
    9,
    0,
    8,
    0,
    10,
    3,
    11,
    3,
    0,
    0,
    3,
    1,
    20,
    13,
    5,
    13,
    5,
    22,
    22,
    22,
    21,
    14,
    6,
    20,
    4,
    22,
    5,
    20,
    20,
    14,
    15,
    6,
    15,
    15,
    21
  ],
  "temperatures": [
    21.111627197265648,
    21.104028320312523,
    21.062646484375023,
    21.024285888671898,
    20.531274414062523,
    20.474237060546898,
    20.435083007812523,
    20.402001953125023,
    20.372216796875023,
    20.344323730468773,
    20.815698242187523,
    20.811303710937523,
    20.304803466796898,
    20.261346435546898,
    20.740533447265648,
    20.230340576171898,
    20.705041503906273,
    20.699060058593773,
    20.174066162109398,
    20.654412841796898,
    20.648126220703148,
    20.636041259765648,
    20.099359130859398,
    20.599938964843773,
    20.631494140625023,
    20.160241699218773,
    20.682244873046898,
    20.193597412109398,
    19.350213623046898,
    20.085809326171898,
    20.633599853515648,
    20.762506103515648,
    20.896203613281273,
    21.368951416015648,
    21.453271484375023,
    21.516931152343773,
    21.580468750000023,
    21.382958984375023,
    21.857171630859398,
    21.568231201171898,
    22.200006103515648,
    22.615747070312523,
    22.799340820312523,
    23.077325439453148,
    23.379968261718773,
    23.556146240234398,
    21.186730957031273,
    21.371209716796898,
    24.280633544921898,
    22.045617675781273,
    20.767480468750023,
    22.313531494140648,
    22.575738525390648,
    21.260064697265648,
    21.335473632812523,
    22.923944091796898,
    23.062036132812523,
    23.134393310546898,
    21.579644775390648,
    21.520104980468773,
    21.453118896484398,
    22.902917480468773,
    21.280938720703148,
    22.520440673828148,
    20.853967285156273,
    21.931787109375023,
    20.414483642578148,
    21.456048583984398,
    21.316918945312523,
    21.164697265625023,
    21.016015625000023,
    20.245599365234398,
    22.893579101562523,
    22.795037841796898,
    22.627313232421898,
    22.622186279296898,
    22.423150634765648,
    22.549920654296898,
    22.487451171875023,
    22.429437255859398,
    22.375848388671898,
    22.177728271484398,
    21.869592285156273,
    22.208947753906273,
    21.696893310546898,
    22.089196777343773,
    21.506127929687523,
    21.968347167968773,
    21.919213867187523,
    21.611718750000023,
    21.538232421875023,
    21.031854248046898,
    21.327264404296898,
    21.211022949218773,
    21.452416992187523
  ],
  "outdoor_temps": [
    -6.1035156022626325e-06,
    -6.1035156022626325e-06,
    -6.1035156022626325e-06,
    -6.1035156022626325e-06,
    -6.1035156022626325e-06,
    -6.1035156022626325e-06,
    -6.1035156022626325e-06,
    -6.1035156022626325e-06,
    -6.1035156022626325e-06,
    -6.1035156022626325e-06,
    -6.1035156022626325e-06,
    -6.1035156022626325e-06,
    -6.1035156022626325e-06,
    -6.1035156022626325e-06,
    -6.1035156022626325e-06,
    -6.1035156022626325e-06,
    -6.1035156022626325e-06,
    -6.1035156022626325e-06,
    -6.1035156022626325e-06,
    -6.1035156022626325e-06,
    -6.1035156022626325e-06,
    -6.1035156022626325e-06,
    -6.1035156022626325e-06,
    0.48467407226564774,
    1.5674987792968977,
    2.6915527343750227,
    3.3000122070312727,
    3.2094665527343977,
    2.8019348144531477,
    2.3684326171875227,
    2.2000061035156477,
    2.3021789550781477,
    2.5030456542968977,
    2.8273864746093977,
    3.3000122070312727,
    4.170007324218773,
    5.390008544921898,
    6.540002441406273,
    7.200006103515648,
    7.400476074218773,
    7.509606933593773,
    7.613946533203148,
    7.800012207031273,
    8.075891113281273,
    8.371636962890648,
    8.656549072265648,
    8.899987792968773,
    9.066003417968773,
    9.171868896484398,
    9.266809082031273,
    9.399987792968773,
    9.710534667968773,
    10.159387207031273,
    10.528527832031273,
    10.600000000000023,
    10.450006103515648,
    10.300012207031273,
    10.149987792968773,
    9.999993896484398,
    9.850000000000023,
    9.700006103515648,
    9.550012207031273,
    9.399987792968773,
    8.978875732421898,
    8.201959228515648,
    7.349084472656273,
    6.700006103515648,
    6.357904052734398,
    6.149987792968773,
    5.942102050781273,
    5.600000000000023,
    4.941003417968773,
    4.063317871093773,
    3.2539611816406477,
    2.8000122070312727,
    2.6291442871093977,
    2.4749084472656477,
    2.3332153320312727,
    2.2000061035156477,
    2.0766845703125227,
    1.9598327636718977,
    1.8380676269531477,
    1.7000061035156477,
    1.4921203613281477,
    1.2039733886718977,
    0.8888488769531477,
    0.6000000000000227,
    0.41335449218752274,
    0.31020507812502274,
    0.20195922851564774,
    -6.1035156022626325e-06,
    -0.7735656738281023,
    -2.1510986328124773,
    -3.5530761718749773,
    -4.399999999999977
  ],
  "rewards": [
    4.963678053930402,
    4.9635631695538756,
    4.962818720653653,
    4.962127915933729,
    4.967531055390835,
    4.966805893218874,
    4.9663105750833845,
    4.965892926529536,
    4.965517181194185,
    4.965164803341517,
    4.958357205626109,
    4.958284153007295,
    4.964675300131511,
    4.964118695385916,
    4.956995705549484,
    4.9637271643694,
    4.956349089589456,
    4.956243092082764,
    4.963009927321873,
    4.955424235050445,
    4.955310849212434,
    4.955090289286297,
    4.962053465892278,
    4.954430279862621,
    4.955016850494172,
    4.962849752913188,
    4.955958924528698,
    4.9632832873876644,
    -1.0690776859624787,
    4.961889765477375,
    4.955061532442336,
    4.970647608686886,
    4.9723724246775,
    4.968644281860927,
    4.970198357366349,
    4.971371054858618,
    4.97254172291639,
    4.97865310321408,
    4.9776536234066535,
    4.989330522891458,
    4.989227115055627,
    4.991681247141698,
    4.996986196291025,
    4.998359771181708,
    4.998108810175534,
    4.9957028426702905,
    4.986192049559529,
    4.9857824217500575,
    -0.19955302170570083,
    4.984285430811507,
    4.977183794531971,
    4.983690783284766,
    4.983108967467818,
    4.9752712060548365,
    4.974978764734677,
    4.982337077759368,
    4.982030882168561,
    4.981870491433889,
    4.974031644616276,
    4.974262977958859,
    4.9745229752204665,
    4.982384025364305,
    4.975191297683865,
    4.983232665554823,
    4.976849591288715,
    4.984539391256383,
    4.978556931761134,
    4.985595558487041,
    4.985904497128952,
    4.98624250196293,
    4.986572594273835,
    4.988286870938767,
    4.996813356440191,
    4.99692579866476,
    4.997161469907055,
    4.994691833374779,
    4.995654239207992,
    4.990468372383844,
    4.989314815067078,
    4.988243564926411,
    4.987254060469891,
    4.988947536696396,
    4.991566408672249,
    4.984173592628992,
    4.990291897143196,
    4.981963879762785,
    4.988884121951039,
    4.979733537116776,
    4.978827054074925,
    4.98163664222784,
    4.980687240385329,
    4.985384069798312,
    4.977960320850915,
    4.976457151806711,
    4.9702056868847295
  ],