{
  "episode": 1679,
  "steps": 95,
  "actions": [
    23,
    23,
    23,
    23,
    15,
    21,
    22,
    13,
    14,
    20,
    15,
    14,
    21,
    22,
    13,
    12,
    14,
    23,
    14,
    14,
    21,
    14,
    13,
    22,
    6,
    14,
    15,
    15,
    14,
    12,
    13,
    15,
    15,
    13,
    22,
    15,
    22,
    15,
    21,
    5,
    22,
    22,
    13,
    20,
    15,
    11,
    9,
    3,
    3,
    3,
    2,
    3,
    8,
    11,
    10,
    3,
    9,
    3,
    8,
    3,
    0,
    8,
    0,
    2,
    10,
    3,
    3,
    3,
    1,
    8,
    3,
    15,
    15,
    13,
    15,
    13,
    12,
    22,
    5,
    6,
    15,
    14,
    13,
    12,
    21,
    23,
    13,
    15,
    15,
    12,
    13,
    7,
    13,
    20,
    13
  ],
  "temperatures": [
    21.111627197265648,
    21.104028320312523,
    21.062646484375023,
    21.024285888671898,
    20.531274414062523,
    20.948846435546898,
    20.932794189453148,
    20.438806152343773,
    20.391168212890648,
    20.849664306640648,
    20.354486083984398,
    20.311944580078148,
    20.784204101562523,
    20.778497314453148,
    20.265954589843773,
    20.221978759765648,
    20.190911865234398,
    20.682946777343773,
    20.165460205078148,
    20.126031494140648,
    20.627130126953148,
    20.101434326171898,
    20.062799072265648,
    20.583917236328148,
    19.271539306640648,
    20.081201171875023,
    20.130487060546898,
    20.136346435546898,
    20.118768310546898,
    20.097131347656273,
    20.107446289062523,
    20.726861572265648,
    20.873071289062523,
    20.989770507812523,
    21.426263427734398,
    21.167626953125023,
    21.552239990234398,
    21.357019042968773,
    21.838555908203148,
    21.544305419921898,
    22.359094238281273,
    22.606439208984398,
    22.786492919921898,
    23.066247558593773,
    23.365258789062523,
    19.570367431640648,
    19.735772705078148,
    21.163751220703148,
    21.487023925781273,
    21.760949707031273,
    22.008538818359398,
    22.247369384765648,
    21.006768798828148,
    21.120812988281273,
    21.220849609375023,
    22.796777343750023,
    21.386529541015648,
    22.920953369140648,
    21.445062255859398,
    22.932824707031273,
    22.958062744140648,
    21.346978759765648,
    22.681817626953148,
    22.510064697265648,
    20.811761474609398,
    21.876000976562523,
    21.675317382812523,
    21.474145507812523,
    21.296960449218773,
    19.928277587890648,
    20.913964843750023,
    22.984460449218773,
    22.909814453125023,
    22.798059082031273,
    22.699182128906273,
    22.618280029296898,
    22.534967041015648,
    22.545770263671898,
    22.205682373046898,
    22.094628906250023,
    22.213494873046898,
    22.152581787109398,
    22.089349365234398,
    22.022790527343773,
    22.143609619140648,
    22.089440917968773,
    21.815637207031273,
    21.736505126953148,
    21.660943603515648,
    21.590051269531273,
    21.523400878906273,
    21.013269042968773,
    21.314508056640648,
    21.531427001953148,
    21.104516601562523
  ],
  "outdoor_temps": [
    -6.1035156022626325e-06,
    -6.1035156022626325e-06,
    -6.1035156022626325e-06,
    -6.1035156022626325e-06,
    -6.1035156022626325e-06,
    -6.1035156022626325e-06,
    -6.1035156022626325e-06,
    -6.1035156022626325e-06,
    -6.1035156022626325e-06,
    -6.1035156022626325e-06,
    -6.1035156022626325e-06,
    -6.1035156022626325e-06,
    -6.1035156022626325e-06,
    -6.1035156022626325e-06,
    -6.1035156022626325e-06,
    -6.1035156022626325e-06,
    -6.1035156022626325e-06,
    -6.1035156022626325e-06,
    -6.1035156022626325e-06,
    -6.1035156022626325e-06,
    -6.1035156022626325e-06,
    -6.1035156022626325e-06,
    -6.1035156022626325e-06,
    0.48467407226564774,
    1.5674987792968977,
    2.6915527343750227,
    3.3000122070312727,
    3.2094665527343977,
    2.8019348144531477,
    2.3684326171875227,
    2.2000061035156477,
    2.3021789550781477,
    2.5030456542968977,
    2.8273864746093977,
    3.3000122070312727,
    4.170007324218773,
    5.390008544921898,
    6.540002441406273,
    7.200006103515648,
    7.400476074218773,
    7.509606933593773,
    7.613946533203148,
    7.800012207031273,
    8.075891113281273,
    8.371636962890648,
    8.656549072265648,
    8.899987792968773,
    9.066003417968773,
    9.171868896484398,
    9.266809082031273,
    9.399987792968773,
    9.710534667968773,
    10.159387207031273,
    10.528527832031273,
    10.600000000000023,
    10.450006103515648,
    10.300012207031273,
    10.149987792968773,
    9.999993896484398,
    9.850000000000023,
    9.700006103515648,
    9.550012207031273,
    9.399987792968773,
    8.978875732421898,
    8.201959228515648,
    7.349084472656273,
    6.700006103515648,
    6.357904052734398,
    6.149987792968773,
    5.942102050781273,
    5.600000000000023,
    4.941003417968773,
    4.063317871093773,
    3.2539611816406477,
    2.8000122070312727,
    2.6291442871093977,
    2.4749084472656477,
    2.3332153320312727,
    2.2000061035156477,
    2.0766845703125227,
    1.9598327636718977,
    1.8380676269531477,
    1.7000061035156477,
    1.4921203613281477,
    1.2039733886718977,
    0.8888488769531477,
    0.6000000000000227,
    0.41335449218752274,
    0.31020507812502274,
    0.20195922851564774,
    -6.1035156022626325e-06,
    -0.7735656738281023,
    -2.1510986328124773,
    -3.5530761718749773,
    -4.399999999999977
  ],
  "rewards": [
    4.963678053930402,
    4.9635631695538756,
    4.962818720653653,
    4.962127915933729,
    4.967531055390835,
    4.960763955312578,
    4.9604812004274645,
    4.966370005734588,
    4.965762921646723,
    4.9589764131948995,
    4.965304825316142,
    4.96476127389705,
    4.95779054064012,
    4.957691434831075,
    4.964183468919571,
    4.963618810251841,
    4.9632207025365656,
    4.9559448267862845,
    4.962898308191448,
    4.96239076616696,
    4.954922940914398,
    4.962077502061329,
    4.961580263399397,
    4.9541337169525415,
    -1.3404521768908606,
    4.961827538231469,
    4.96246637585095,
    4.962542858159899,
    4.962315986192583,
    4.962036070846831,
    4.9621700955705474,
    4.9701866174494125,
    4.972073388731836,
    4.973578867948412,
    4.969699005123714,
    4.975872964959915,
    4.97202004929146,
    4.978317167263802,
    4.9773090614851405,
    4.989153551582895,
    4.986935013511907,
    4.991509187035586,
    4.996819727447208,
    4.998421216227601,
    4.998165863799822,
    -0.4705135108057083,
    -0.1839146749785113,
    4.9862428559950835,
    4.985525239032734,
    4.984917228740681,
    4.984367631596554,
    4.983837589542665,
    4.976254636195529,
    4.975812010885419,
    4.9754238952474426,
    4.982619299746564,
    4.974781177190174,
    4.982344135558354,
    4.9745543714361675,
    4.982317937509359,
    4.9822617810192,
    4.974935000095517,
    4.982874560252966,
    4.983255666423589,
    4.977013484980263,
    4.984663169838002,
    4.985108747405041,
    4.985555412990082,
    4.985948832255829,
    -0.022607600082027793,
    4.986799038869531,
    4.999373686809133,
    4.998409406727909,
    4.996964978388308,
    4.995686801448951,
    4.994641399717687,
    4.9935648683463425,
    4.990391402829601,
    4.994048259880717,
    4.993227886600177,
    4.989409473976202,
    4.98862265232837,
    4.987805449389731,
    4.986945734397063,
    4.982967919994308,
    4.9819682820743845,
    4.9842702551223335,
    4.983248133138308,
    4.982272472417711,
    4.981356601751207,
    4.980495432146055,
    4.985246793479214,
    4.977795593826506,
    4.971666596767047,
    4.975079109678935
  ],