{
  "episode": 1901,
  "steps": 95,
  "actions": [
    23,
    23,
    23,
    23,
    15,
    14,
    15,
    15,
    13,
    14,
    22,
    22,
    15,
    20,
    13,
    21,
    23,
    12,
    22,
    13,
    13,
    21,
    13,
    22,
    14,
    21,
    15,
    15,
    22,
    22,
    21,
    14,
    22,
    22,
    21,
    12,
    22,
    12,
    7,
    21,
    22,
    21,
    12,
    21,
    22,
    2,
    22,
    3,
    3,
    1,
    8,
    11,
    0,
    0,
    14,
    3,
    3,
    3,
    8,
    3,
    8,
    11,
    9,
    2,
    9,
    0,
    0,
    9,
    1,
    21,
    7,
    21,
    22,
    20,
    21,
    6,
    6,
    5,
    15,
    20,
    13,
    15,
    15,
    20,
    20,
    21,
    14,
    21,
    20,
    22,
    21,
    14,
    22,
    14,
    15
  ],
  "temperatures": [
    21.111627197265648,
    21.104028320312523,
    21.062646484375023,
    21.024285888671898,
    20.531274414062523,
    20.474237060546898,
    20.435083007812523,
    20.402001953125023,
    20.372216796875023,
    20.344323730468773,
    20.815698242187523,
    20.811303710937523,
    20.304803466796898,
    20.766625976562523,
    20.257897949218773,
    20.727227783203148,
    20.720239257812523,
    20.197900390625023,
    20.674310302734398,
    20.151330566406273,
    20.109552001953148,
    20.611810302734398,
    20.083184814453148,
    20.590783691406273,
    20.102685546875023,
    20.646661376953148,
    20.180963134765648,
    20.165948486328148,
    20.654138183593773,
    20.651879882812523,
    20.670434570312523,
    20.788507080078148,
    21.290216064453148,
    21.393212890625023,
    21.469140625000023,
    21.206658935546898,
    21.579980468750023,
    21.386254882812523,
    21.179162597656273,
    22.111169433593773,
    22.380914306640648,
    22.622613525390648,
    22.804986572265648,
    23.081597900390648,
    23.324029541015648,
    20.817437744140648,
    23.716271972656273,
    21.474877929687523,
    21.655023193359398,
    21.898797607421898,
    20.719934082031273,
    20.853540039062523,
    22.449365234375023,
    22.707849121093773,
    25.215447998046898,
    23.146630859375023,
    23.161981201171898,
    23.208489990234398,
    21.629296875000023,
    23.132684326171898,
    21.550347900390648,
    21.433740234375023,
    21.286859130859398,
    22.545129394531273,
    20.877282714843773,
    21.960595703125023,
    21.763116455078148,
    20.276605224609398,
    21.310144042968773,
    23.696099853515648,
    24.072167968750023,
    23.145288085937523,
    23.035668945312523,
    22.936975097656273,
    22.850732421875023,
    22.669976806640648,
    22.552667236328148,
    22.434350585937523,
    22.462976074218773,
    22.495660400390648,
    22.320794677734398,
    22.250543212890648,
    22.183282470703148,
    22.273004150390648,
    22.217370605468773,
    22.158166503906273,
    21.899591064453148,
    22.034906005859398,
    21.978784179687523,
    21.923760986328148,
    21.871301269531273,
    21.539849853515648,
    21.710504150390648,
    21.301263427734398,
    21.178216552734398
  ],
  "outdoor_temps": [
    -6.1035156022626325e-06,
    -6.1035156022626325e-06,
    -6.1035156022626325e-06,
    -6.1035156022626325e-06,
    -6.1035156022626325e-06,
    -6.1035156022626325e-06,
    -6.1035156022626325e-06,
    -6.1035156022626325e-06,
    -6.1035156022626325e-06,
    -6.1035156022626325e-06,
    -6.1035156022626325e-06,
    -6.1035156022626325e-06,
    -6.1035156022626325e-06,
    -6.1035156022626325e-06,
    -6.1035156022626325e-06,
    -6.1035156022626325e-06,
    -6.1035156022626325e-06,
    -6.1035156022626325e-06,
    -6.1035156022626325e-06,
    -6.1035156022626325e-06,
    -6.1035156022626325e-06,
    -6.1035156022626325e-06,
    -6.1035156022626325e-06,
    0.48467407226564774,
    1.5674987792968977,
    2.6915527343750227,
    3.3000122070312727,
    3.2094665527343977,
    2.8019348144531477,
    2.3684326171875227,
    2.2000061035156477,
    2.3021789550781477,
    2.5030456542968977,
    2.8273864746093977,
    3.3000122070312727,
    4.170007324218773,
    5.390008544921898,
    6.540002441406273,
    7.200006103515648,
    7.400476074218773,
    7.509606933593773,
    7.613946533203148,
    7.800012207031273,
    8.075891113281273,
    8.371636962890648,
    8.656549072265648,
    8.899987792968773,
    9.066003417968773,
    9.171868896484398,
    9.266809082031273,
    9.399987792968773,
    9.710534667968773,
    10.159387207031273,
    10.528527832031273,
    10.600000000000023,
    10.450006103515648,
    10.300012207031273,
    10.149987792968773,
    9.999993896484398,
    9.850000000000023,
    9.700006103515648,
    9.550012207031273,
    9.399987792968773,
    8.978875732421898,
    8.201959228515648,
    7.349084472656273,
    6.700006103515648,
    6.357904052734398,
    6.149987792968773,
    5.942102050781273,
    5.600000000000023,
    4.941003417968773,
    4.063317871093773,
    3.2539611816406477,
    2.8000122070312727,
    2.6291442871093977,
    2.4749084472656477,
    2.3332153320312727,
    2.2000061035156477,
    2.0766845703125227,
    1.9598327636718977,
    1.8380676269531477,
    1.7000061035156477,
    1.4921203613281477,
    1.2039733886718977,
    0.8888488769531477,
    0.6000000000000227,
    0.41335449218752274,
    0.31020507812502274,
    0.20195922851564774,
    -6.1035156022626325e-06,
    -0.7735656738281023,
    -2.1510986328124773,
    -3.5530761718749773,
    -4.399999999999977
  ],
  "rewards": [
    4.963678053930402,
    4.9635631695538756,
    4.962818720653653,
    4.962127915933729,
    4.967531055390835,
    4.966805889642595,
    4.966310575031554,
    4.965892926490663,
    4.965517181194185,
    4.965164803341517,
    4.958357044641738,
    4.958284153007295,
    4.964675371747788,
    4.957471904950945,
    4.964079349051189,
    4.956754650112727,
    4.956630038232259,
    4.9633148230649535,
    4.9557887294778356,
    4.962718206744965,
    4.962179883793483,
    4.954642338987926,
    4.961843895961247,
    4.954260889422635,
    4.962102764945801,
    4.955299501602417,
    4.963119393636189,
    4.962925630843996,
    4.955440836149065,
    4.955398879312303,
    4.955742066167619,
    4.970984086443386,
    4.967193803970581,
    4.969092403911378,
    4.9704921772706765,
    4.976377869297467,
    4.972532851983024,
    4.978695782523926,
    4.986453163527114,
    4.982350126753035,
    4.987338281781129,
    4.99180850323322,
    4.997059160818062,
    4.998336125377727,
    4.996990821682565,
    4.987011884626325,
    4.994814376241811,
    4.98555238830703,
    4.985152431649197,
    4.984611281675328,
    4.977368557601843,
    4.976849537612142,
    4.983389429949386,
    4.982816063094885,
    -3.6977647298426817,
    4.981842862763321,
    4.98180906705283,
    4.981706034463871,
    4.973838849213947,
    4.981874359146895,
    4.974145443585742,
    4.974598091365041,
    4.975168325431807,
    4.983177823334123,
    4.976759039904274,
    4.9844753973773965,
    4.984913913536817,
    4.979092753086239,
    4.985919557719614,
    4.994927034388904,
    -0.014243268366263396,
    4.997985759774628,
    4.998593361074753,
    4.997617115751233,
    4.996023949108046,
    4.997477935899697,
    4.996611587172455,
    4.995737720793194,
    4.9926349568047925,
    4.989467286961882,
    4.990797218392562,
    4.989889348820338,
    4.989020186102747,
    4.985356926816313,
    4.984329937568825,
    4.983237501553219,
    4.9853559828295335,
    4.98096268076158,
    4.979927618116788,
    4.978912046126049,
    4.977943606041696,
    4.980708589006864,
    4.974974282567268,
    4.977623762589271,
    4.976032062792098
  ],