{
  "episode": 516,
  "steps": 95,
  "actions": [
    23,
    23,
    23,
    23,
    7,
    12,
    12,
    23,
    12,
    22,
    23,
    15,
    14,
    14,
    23,
    15,
    12,
    12,
    14,
    4,
    15,
    20,
    14,
    14,
    4,
    12,
    12,
    12,
    12,
    21,
    14,
    15,
    1,
    21,
    12,
    12,
    21,
    20,
    22,
    12,
    14,
    12,
    15,
    20,
    6,
    21,
    20,
    12,
    23,
    1,
    8,
    2,
    3,
    2,
    1,
    11,
    3,
    11,
    2,
    3,
    8,
    11,
    0,
    1,
    11,
    1,
    18,
    1,
    3,
    2,
    12,
    14,
    7,
    13,
    15,
    21,
    14,
    13,
    13,
    15,
    12,
    20,
    21,
    14,
    21,
    14,
    21,
    23,
    22,
    21,
    12,
    23,
    6,
    21,
    21
  ],
  "temperatures": [
    21.111627197265648,
    21.104028320312523,
    21.062646484375023,
    21.024285888671898,
    19.778192138671898,
    20.436608886718773,
    20.419793701171898,
    20.879754638671898,
    20.391625976562523,
    20.843652343750023,
    20.836053466796898,
    20.331750488281273,
    20.287194824218773,
    20.255578613281273,
    20.737878417968773,
    20.228295898437523,
    20.187982177734398,
    20.159112548828148,
    20.132836914062523,
    19.260369873046898,
    20.041711425781273,
    20.580224609375023,
    20.055230712890648,
    20.033319091796898,
    19.203393554687523,
    20.051904296875023,
    20.106958007812523,
    20.115991210937523,
    20.100457763671898,
    20.604180908203148,
    20.119531250000023,
    20.725183105468773,
    16.928887939453148,
    21.240380859375023,
    21.022210693359398,
    21.102777099609398,
    21.511865234375023,
    21.621636962890648,
    21.818353271484398,
    21.867852783203148,
    22.172937011718773,
    22.472741699218773,
    22.761163330078148,
    23.047631835937523,
    23.416070556640648,
    23.524835205078148,
    23.744866943359398,
    24.148858642578148,
    24.148156738281273,
    22.094293212890648,
    20.796868896484398,
    22.339318847656273,
    22.595025634765648,
    22.800500488281273,
    22.963616943359398,
    21.498132324218773,
    23.058923339843773,
    21.570123291015648,
    23.104730224609398,
    23.156060791015648,
    21.541772460937523,
    21.424188232421898,
    22.791925048828148,
    22.622918701171898,
    20.905572509765648,
    21.986901855468773,
    19.573754882812523,
    21.448480224609398,
    21.332299804687523,
    21.183587646484398,
    23.731988525390648,
    23.141992187500023,
    23.026788330078148,
    22.893365478515648,
    22.788720703125023,
    22.754418945312523,
    22.618768310546898,
    22.528466796875023,
    22.443322753906273,
    22.366082763671898,
    22.294946289062523,
    22.365594482421898,
    22.315728759765648,
    22.101007080078148,
    22.200250244140648,
    21.953851318359398,
    22.078973388671898,
    22.023950195312523,
    21.966027832031273,
    21.910882568359398,
    21.600732421875023,
    21.788262939453148,
    20.980401611328148,
    21.581353759765648,
    21.503320312500023
  ],
  "outdoor_temps": [
    -6.1035156022626325e-06,
    -6.1035156022626325e-06,
    -6.1035156022626325e-06,
    -6.1035156022626325e-06,
    -6.1035156022626325e-06,
    -6.1035156022626325e-06,
    -6.1035156022626325e-06,
    -6.1035156022626325e-06,
    -6.1035156022626325e-06,
    -6.1035156022626325e-06,
    -6.1035156022626325e-06,
    -6.1035156022626325e-06,
    -6.1035156022626325e-06,
    -6.1035156022626325e-06,
    -6.1035156022626325e-06,
    -6.1035156022626325e-06,
    -6.1035156022626325e-06,
    -6.1035156022626325e-06,
    -6.1035156022626325e-06,
    -6.1035156022626325e-06,
    -6.1035156022626325e-06,
    -6.1035156022626325e-06,
    -6.1035156022626325e-06,
    0.48467407226564774,
    1.5674987792968977,
    2.6915527343750227,
    3.3000122070312727,
    3.2094665527343977,
    2.8019348144531477,
    2.3684326171875227,
    2.2000061035156477,
    2.3021789550781477,
    2.5030456542968977,
    2.8273864746093977,
    3.3000122070312727,
    4.170007324218773,
    5.390008544921898,
    6.540002441406273,
    7.200006103515648,
    7.400476074218773,
    7.509606933593773,
    7.613946533203148,
    7.800012207031273,
    8.075891113281273,
    8.371636962890648,
    8.656549072265648,
    8.899987792968773,
    9.066003417968773,
    9.171868896484398,
    9.266809082031273,
    9.399987792968773,
    9.710534667968773,
    10.159387207031273,
    10.528527832031273,
    10.600000000000023,
    10.450006103515648,
    10.300012207031273,
    10.149987792968773,
    9.999993896484398,
    9.850000000000023,
    9.700006103515648,
    9.550012207031273,
    9.399987792968773,
    8.978875732421898,
    8.201959228515648,
    7.349084472656273,
    6.700006103515648,
    6.357904052734398,
    6.149987792968773,
    5.942102050781273,
    5.600000000000023,
    4.941003417968773,
    4.063317871093773,
    3.2539611816406477,
    2.8000122070312727,
    2.6291442871093977,
    2.4749084472656477,
    2.3332153320312727,
    2.2000061035156477,
    2.0766845703125227,
    1.9598327636718977,
    1.8380676269531477,
    1.7000061035156477,
    1.4921203613281477,
    1.2039733886718977,
    0.8888488769531477,
    0.6000000000000227,
    0.41335449218752274,
    0.31020507812502274,
    0.20195922851564774,
    -6.1035156022626325e-06,
    -0.7735656738281023,
    -2.1510986328124773,
    -3.5530761718749773,
    -4.399999999999977
  ],
  "rewards": [
    4.963678053930402,
    4.9635631695538756,
    4.962818720653653,
    4.962127915933729,
    -0.13498468732551944,
    4.9663177205011575,
    4.966112474329932,
    4.959511442471458,
    4.965768819008023,
    4.958864797640754,
    4.9587339773404855,
    4.965017746839672,
    4.964447140729783,
    4.964043793701445,
    4.95694615978456,
    4.963700496111065,
    4.963183065688966,
    4.962813028223974,
    4.962476307280523,
    -1.3814931260478125,
    4.961302104132817,
    4.9540586080130025,
    4.961482387791347,
    4.961202193521773,
    -1.6005211269352895,
    4.961448567128376,
    4.962162113342596,
    4.962279769335104,
    4.962079014904959,
    4.954517612744285,
    4.962326257277928,
    4.970165107869422,
    -23.58149701344673,
    4.966267279695396,
    4.973994737316571,
    4.97503353906439,
    4.971273079205466,
    4.973299409360341,
    4.976935651472729,
    4.98492756436425,
    4.988876654036505,
    4.992757670902526,
    4.996491955273015,
    4.998524512192963,
    4.998999066716951,
    4.995876642095006,
    4.99465578651493,
    -0.05780639333376815,
    -0.05858053032666833,
    4.984177377153188,
    4.977069648652945,
    4.983633527056517,
    4.983066129009523,
    4.9826104073943975,
    4.982248707930841,
    4.974347376376066,
    4.982037795089347,
    4.974068489220966,
    4.981936400436027,
    4.9818224780962845,
    4.974178713706363,
    4.974635223866643,
    4.982630218170745,
    4.983005244661123,
    4.976649117618475,
    4.984417025350196,
    -0.4674189077506734,
    4.985612413475533,
    4.985870379432712,
    4.986200579029549,
    4.996742166499891,
    4.999036103390319,
    4.999865501507762,
    4.998198190866444,
    4.996845432594904,
    4.994245228471963,
    4.9946487668647395,
    4.993481535189663,
    4.99238073431004,
    4.991382599846014,
    4.990463033950685,
    4.987065300036384,
    4.9861451010619815,
    4.987957143534623,
    4.984013774876361,
    4.986056272734604,
    4.9817761071369695,
    4.980760655016355,
    4.9796917483359575,
    4.978674155734803,
    4.981495161105595,
    4.976410480428648,
    4.9850041332133115,
    4.972588700952089,
    4.971146396607809
  ],