{
  "episode": 673,
  "steps": 95,
  "actions": [
    23,
    23,
    23,
    23,
    23,
    23,
    22,
    13,
    23,
    14,
    23,
    21,
    7,
    21,
    23,
    21,
    12,
    21,
    22,
    15,
    14,
    22,
    15,
    21,
    23,
    15,
    14,
    13,
    15,
    21,
    12,
    12,
    20,
    21,
    23,
    12,
    12,
    4,
    15,
    21,
    12,
    12,
    15,
    4,
    3,
    3,
    12,
    10,
    12,
    0,
    3,
    18,
    2,
    9,
    0,
    2,
    2,
    3,
    3,
    2,
    14,
    2,
    0,
    8,
    9,
    2,
    3,
    0,
    11,
    13,
    0,
    21,
    23,
    12,
    12,
    14,
    21,
    21,
    7,
    21,
    21,
    21,
    13,
    13,
    21,
    14,
    15,
    21,
    13,
    20,
    20,
    21,
    23,
    23,
    14
  ],
  "temperatures": [
    21.111627197265648,
    21.104028320312523,
    21.062646484375023,
    21.024285888671898,
    20.991937255859398,
    20.964624023437523,
    20.940820312500023,
    20.445367431640648,
    20.882165527343773,
    20.387994384765648,
    20.836694335937523,
    20.827142333984398,
    19.529779052734398,
    20.752832031250023,
    20.756341552734398,
    20.745782470703148,
    20.226953125000023,
    20.698876953125023,
    20.691461181640648,
    20.164422607421898,
    20.120477294921898,
    20.620080566406273,
    20.092095947265648,
    20.598046875000023,
    20.631707763671898,
    20.161828613281273,
    20.174066162109398,
    20.169000244140648,
    20.145349121093773,
    20.637841796875023,
    20.155572509765648,
    20.760034179687523,
    21.279626464843773,
    21.386926269531273,
    21.465234375000023,
    21.203576660156273,
    21.263299560546898,
    20.904077148437523,
    21.567132568359398,
    22.110559082031273,
    22.213281250000023,
    22.508325195312523,
    22.795343017578148,
    23.080316162109398,
    20.405755615234398,
    20.629693603515648,
    23.782556152343773,
    20.090753173828148,
    24.206689453125023,
    21.979272460937523,
    22.131494140625023,
    19.949884033203148,
    22.413995361328148,
    21.184197998046898,
    22.776452636718773,
    22.946160888671898,
    23.042901611328148,
    23.108819580078148,
    23.146386718750023,
    23.150109863281273,
    25.370782470703148,
    23.183038330078148,
    22.974481201171898,
    21.222619628906273,
    20.925439453125023,
    22.022637939453148,
    21.820458984375023,
    21.616387939453148,
    20.173760986328148,
    23.850244140625023,
    21.224694824218773,
    23.110589599609398,
    23.029565429687523,
    22.923272705078148,
    22.819573974609398,
    22.734399414062523,
    22.707818603515648,
    22.635614013671898,
    22.340692138671898,
    22.499291992187523,
    22.445001220703148,
    22.391778564453148,
    22.196130371093773,
    22.122949218750023,
    22.219476318359398,
    21.977807617187523,
    21.896661376953148,
    22.035913085937523,
    21.752679443359398,
    21.919274902343773,
    21.870324707031273,
    21.808557128906273,
    21.719049072265648,
    21.617974853515648,
    21.197167968750023
  ],
  "outdoor_temps": [
    -6.1035156022626325e-06,
    -6.1035156022626325e-06,
    -6.1035156022626325e-06,
    -6.1035156022626325e-06,
    -6.1035156022626325e-06,
    -6.1035156022626325e-06,
    -6.1035156022626325e-06,
    -6.1035156022626325e-06,
    -6.1035156022626325e-06,
    -6.1035156022626325e-06,
    -6.1035156022626325e-06,
    -6.1035156022626325e-06,
    -6.1035156022626325e-06,
    -6.1035156022626325e-06,
    -6.1035156022626325e-06,
    -6.1035156022626325e-06,
    -6.1035156022626325e-06,
    -6.1035156022626325e-06,
    -6.1035156022626325e-06,
    -6.1035156022626325e-06,
    -6.1035156022626325e-06,
    -6.1035156022626325e-06,
    -6.1035156022626325e-06,
    0.48467407226564774,
    1.5674987792968977,
    2.6915527343750227,
    3.3000122070312727,
    3.2094665527343977,
    2.8019348144531477,
    2.3684326171875227,
    2.2000061035156477,
    2.3021789550781477,
    2.5030456542968977,
    2.8273864746093977,
    3.3000122070312727,
    4.170007324218773,
    5.390008544921898,
    6.540002441406273,
    7.200006103515648,
    7.400476074218773,
    7.509606933593773,
    7.613946533203148,
    7.800012207031273,
    8.075891113281273,
    8.371636962890648,
    8.656549072265648,
    8.899987792968773,
    9.066003417968773,
    9.171868896484398,
    9.266809082031273,
    9.399987792968773,
    9.710534667968773,
    10.159387207031273,
    10.528527832031273,
    10.600000000000023,
    10.450006103515648,
    10.300012207031273,
    10.149987792968773,
    9.999993896484398,
    9.850000000000023,
    9.700006103515648,
    9.550012207031273,
    9.399987792968773,
    8.978875732421898,
    8.201959228515648,
    7.349084472656273,
    6.700006103515648,
    6.357904052734398,
    6.149987792968773,
    5.942102050781273,
    5.600000000000023,
    4.941003417968773,
    4.063317871093773,
    3.2539611816406477,
    2.8000122070312727,
    2.6291442871093977,
    2.4749084472656477,
    2.3332153320312727,
    2.2000061035156477,
    2.0766845703125227,
    1.9598327636718977,
    1.8380676269531477,
    1.7000061035156477,
    1.4921203613281477,
    1.2039733886718977,
    0.8888488769531477,
    0.6000000000000227,
    0.41335449218752274,
    0.31020507812502274,
    0.20195922851564774,
    -6.1035156022626325e-06,
    -0.7735656738281023,
    -2.1510986328124773,
    -3.5530761718749773,
    -4.399999999999977
  ],
  "rewards": [
    4.963678053930402,
    4.9635631695538756,
    4.962818720653653,
    4.962127915933729,
    4.961546352222562,
    4.961056741788983,
    4.960629737690091,
    4.966455257065918,
    4.959567364689449,
    4.96573046341911,
    4.958745621626144,
    4.958577554538846,
    -0.5656459072374245,
    4.9572170128919515,
    4.957287583560399,
    4.95709761531651,
    4.963687242318593,
    4.956239183236075,
    4.956106281489782,
    4.9628876436765745,
    4.962321232593416,
    4.9547954859182886,
    4.96195938835698,
    4.9543948891784835,
    4.955020930976324,
    4.962870323810726,
    4.963030215537905,
    4.962965102218901,
    4.962659577206264,
    4.955139527517169,
    4.962792607621006,
    4.9706159586982555,
    4.966997920561743,
    4.968976160458248,
    4.970419475049428,
    4.976338036809117,
    4.97710727465914,
    4.984419888161285,
    4.981035146253751,
    4.9823391385849405,
    4.989398884524308,
    4.9932183377222845,
    4.99693439101444,
    4.999744283620997,
    4.987925707014845,
    4.9874284889521485,
    4.996544969153631,
    4.97981271339224,
    -0.10932279270193258,
    4.9844326447473595,
    4.984094757962972,
    -0.020530455524986984,
    4.983467947134991,
    4.975565791274704,
    4.982664142756844,
    4.982287769842893,
    4.982073375503816,
    4.9819272666380785,
    4.981844003719319,
    4.981835687083233,
    -4.70239317133358,
    4.9817623571538086,
    4.982225038330355,
    4.975417744074017,
    4.976571961165608,
    4.984337757139588,
    4.98478664807538,
    4.985239761692513,
    4.979492346797138,
    4.996282883785827,
    4.986109514385948,
    4.998178248066455,
    4.998627170738481,
    4.998584820408374,
    4.997244557641609,
    4.996143507041199,
    4.993384982679849,
    4.992051471532039,
    4.995046042923533,
    4.989534284124556,
    4.98853144726222,
    4.9875488566464705,
    4.989186528672181,
    4.988240947202335,
    4.98436896466885,
    4.986366041053734,
    4.985317957126414,
    4.98098173697552,
    4.983458198358021,
    4.9788293876615555,
    4.977925892642658,
    4.9767852707421,
    4.975132325500898,
    4.97326486082375,
    4.976276919968426
  ],