{
  "episode": 1782,
  "steps": 95,
  "actions": [
    23,
    23,
    23,
    23,
    22,
    14,
    22,
    15,
    22,
    22,
    15,
    20,
    15,
    13,
    22,
    13,
    22,
    14,
    21,
    22,
    13,
    14,
    14,
    12,
    22,
    21,
    15,
    12,
    13,
    13,
    13,
    21,
    13,
    15,
    13,
    13,
    22,
    12,
    14,
    22,
    12,
    15,
    22,
    21,
    22,
    20,
    14,
    20,
    10,
    0,
    0,
    0,
    8,
    0,
    3,
    11,
    2,
    8,
    8,
    10,
    3,
    0,
    10,
    2,
    0,
    3,
    1,
    3,
    8,
    0,
    2,
    22,
    14,
    20,
    6,
    6,
    5,
    4,
    5,
    5,
    15,
    15,
    5,
    5,
    21,
    5,
    15,
    14,
    15,
    7,
    20,
    14,
    22,
    21,
    20
  ],
  "temperatures": [
    21.111627197265648,
    21.104028320312523,
    21.062646484375023,
    21.024285888671898,
    20.991937255859398,
    20.498864746093773,
    20.924737548828148,
    20.435327148437523,
    20.876489257812523,
    20.866143798828148,
    20.364801025390648,
    20.816033935546898,
    20.313562011718773,
    20.269921875000023,
    20.747613525390648,
    20.238183593750023,
    20.711511230468773,
    20.195367431640648,
    20.674554443359398,
    20.668878173828148,
    20.139276123046898,
    20.096124267578148,
    20.066369628906273,
    20.052026367187523,
    20.604547119140648,
    20.655725097656273,
    20.186303710937523,
    20.170129394531273,
    20.144067382812523,
    20.117578125000023,
    20.124932861328148,
    21.151818847656273,
    20.909814453125023,
    21.014733886718773,
    21.100061035156273,
    21.168908691406273,
    21.559411621093773,
    21.366754150390648,
    21.579705810546898,
    22.110986328125023,
    22.210961914062523,
    22.505517578125023,
    22.844995117187523,
    23.074914550781273,
    23.316613769531273,
    23.551660156250023,
    23.932397460937523,
    23.982751464843773,
    20.442987060546898,
    21.904138183593773,
    22.162164306640648,
    22.389703369140648,
    21.117944335937523,
    22.720819091796898,
    22.930047607421898,
    21.479394531250023,
    23.041101074218773,
    21.558557128906273,
    21.531396484375023,
    21.495507812500023,
    22.983911132812523,
    22.979669189453148,
    21.308862304687523,
    22.547601318359398,
    22.305505371093773,
    22.038232421875023,
    21.798425292968773,
    21.589257812500023,
    20.150048828125023,
    21.170037841796898,
    21.050805664062523,
    23.058282470703148,
    22.981835937500023,
    22.888055419921898,
    22.711328125000023,
    22.600946044921898,
    22.490411376953148,
    22.375726318359398,
    22.265191650390648,
    22.163659667968773,
    22.267205810546898,
    22.205224609375023,
    21.910424804687523,
    21.808282470703148,
    22.171411132812523,
    21.638482666015648,
    21.835626220703148,
    21.767907714843773,
    21.694421386718773,
    21.247460937500023,
    21.814385986328148,
    21.484399414062523,
    21.669488525390648,
    21.575036621093773,
    21.488977050781273
  ],
  "outdoor_temps": [
    -6.1035156022626325e-06,
    -6.1035156022626325e-06,
    -6.1035156022626325e-06,
    -6.1035156022626325e-06,
    -6.1035156022626325e-06,
    -6.1035156022626325e-06,
    -6.1035156022626325e-06,
    -6.1035156022626325e-06,
    -6.1035156022626325e-06,
    -6.1035156022626325e-06,
    -6.1035156022626325e-06,
    -6.1035156022626325e-06,
    -6.1035156022626325e-06,
    -6.1035156022626325e-06,
    -6.1035156022626325e-06,
    -6.1035156022626325e-06,
    -6.1035156022626325e-06,
    -6.1035156022626325e-06,
    -6.1035156022626325e-06,
    -6.1035156022626325e-06,
    -6.1035156022626325e-06,
    -6.1035156022626325e-06,
    -6.1035156022626325e-06,
    0.48467407226564774,
    1.5674987792968977,
    2.6915527343750227,
    3.3000122070312727,
    3.2094665527343977,
    2.8019348144531477,
    2.3684326171875227,
    2.2000061035156477,
    2.3021789550781477,
    2.5030456542968977,
    2.8273864746093977,
    3.3000122070312727,
    4.170007324218773,
    5.390008544921898,
    6.540002441406273,
    7.200006103515648,
    7.400476074218773,
    7.509606933593773,
    7.613946533203148,
    7.800012207031273,
    8.075891113281273,
    8.371636962890648,
    8.656549072265648,
    8.899987792968773,
    9.066003417968773,
    9.171868896484398,
    9.266809082031273,
    9.399987792968773,
    9.710534667968773,
    10.159387207031273,
    10.528527832031273,
    10.600000000000023,
    10.450006103515648,
    10.300012207031273,
    10.149987792968773,
    9.999993896484398,
    9.850000000000023,
    9.700006103515648,
    9.550012207031273,
    9.399987792968773,
    8.978875732421898,
    8.201959228515648,
    7.349084472656273,
    6.700006103515648,
    6.357904052734398,
    6.149987792968773,
    5.942102050781273,
    5.600000000000023,
    4.941003417968773,
    4.063317871093773,
    3.2539611816406477,
    2.8000122070312727,
    2.6291442871093977,
    2.4749084472656477,
    2.3332153320312727,
    2.2000061035156477,
    2.0766845703125227,
    1.9598327636718977,
    1.8380676269531477,
    1.7000061035156477,
    1.4921203613281477,
    1.2039733886718977,
    0.8888488769531477,
    0.6000000000000227,
    0.41335449218752274,
    0.31020507812502274,
    0.20195922851564774,
    -6.1035156022626325e-06,
    -0.7735656738281023,
    -2.1510986328124773,
    -3.5530761718749773,
    -4.399999999999977
  ],
  "rewards": [
    4.963678053930402,
    4.9635631695538756,
    4.962818720653653,
    4.962127915933729,
    4.961546352222562,
    4.967124972444351,
    4.960331812088256,
    4.966324994664963,
    4.9594624545153065,
    4.959281087182786,
    4.9654382563646395,
    4.958372022109835,
    4.964788789785426,
    4.964229706561921,
    4.957126468655209,
    4.963828519683655,
    4.956468769547084,
    4.963282257419403,
    4.955793757622009,
    4.955691454619817,
    4.962564548354919,
    4.962008583620677,
    4.961626672767912,
    4.961444400572097,
    4.954518978882743,
    4.9554671719301,
    4.96318857674738,
    4.962979875839113,
    4.962643187172873,
    4.96230056531776,
    4.9623959911619515,
    4.9646415212122,
    4.972548613597356,
    4.973901814893375,
    4.97500243786609,
    4.975889317468295,
    4.9721523287263905,
    4.978443186384018,
    4.981198183424933,
    4.982346582596069,
    4.989369066458519,
    4.993182014353735,
    4.995921525182931,
    4.998373067863609,
    4.997032058969788,
    4.995727776773597,
    4.995963017503691,
    4.99333579409576,
    4.978444423685741,
    4.9845994083653,
    4.984026706743985,
    4.983521693278104,
    4.975822779092938,
    4.982787265078367,
    4.982323241163045,
    4.974420232323039,
    4.982077341579062,
    4.97411343052546,
    4.974219123841466,
    4.974358532549084,
    4.98220444426637,
    4.982213687223423,
    4.975082830939442,
    4.9831723944912465,
    4.983709764401712,
    4.984303122688085,
    4.984835609120358,
    4.985300005897556,
    4.979584516433109,
    4.98623065014297,
    4.986495374370366,
    4.998468343966924,
    4.999341269851055,
    4.996712953631644,
    4.9977825749022475,
    4.996967696240253,
    4.996151425605721,
    4.995304338378589,
    4.994487958463476,
    4.993738012803476,
    4.990104341352116,
    4.989303143954634,
    4.991868204585074,
    4.991114292932432,
    4.983481266179811,
    4.989861116532884,
    4.984528877256196,
    4.983654348290323,
    4.982705050133978,
    4.986975715867041,
    4.976892518053236,
    4.979991827591282,
    4.9742171148405125,
    4.972471871041085,
    4.970881335348539
  ],