{
  "episode": 1987,
  "steps": 95,
  "actions": [
    23,
    23,
    23,
    23,
    15,
    13,
    14,
    14,
    12,
    21,
    14,
    20,
    21,
    21,
    15,
    22,
    13,
    21,
    21,
    21,
    21,
    13,
    15,
    20,
    20,
    15,
    22,
    20,
    15,
    14,
    15,
    14,
    20,
    13,
    15,
    12,
    14,
    20,
    13,
    13,
    14,
    21,
    20,
    22,
    21,
    21,
    3,
    3,
    11,
    3,
    11,
    11,
    8,
    3,
    10,
    3,
    3,
    2,
    3,
    3,
    2,
    0,
    8,
    9,
    11,
    0,
    3,
    0,
    0,
    23,
    1,
    6,
    22,
    15,
    6,
    15,
    14,
    7,
    4,
    4,
    7,
    15,
    21,
    15,
    4,
    15,
    5,
    21,
    4,
    13,
    20,
    14,
    15,
    15,
    15
  ],
  "temperatures": [
    21.111627197265648,
    21.104028320312523,
    21.062646484375023,
    21.024285888671898,
    20.531274414062523,
    20.474237060546898,
    20.435083007812523,
    20.402001953125023,
    20.372216796875023,
    20.838677978515648,
    20.344537353515648,
    20.803308105468773,
    20.796258544921898,
    20.782647705078148,
    20.268090820312523,
    20.733117675781273,
    20.218194580078148,
    20.692712402343773,
    20.685968017578148,
    20.673272705078148,
    20.659112548828148,
    20.124841308593773,
    20.079888916015648,
    20.595178222656273,
    20.629510498046898,
    20.159478759765648,
    20.682489013671898,
    20.695764160156273,
    20.183312988281273,
    20.140252685546898,
    20.141839599609398,
    20.756799316406273,
    21.278680419921898,
    21.033624267578148,
    21.111657714843773,
    21.178765869140648,
    21.249353027343773,
    21.660089111328148,
    21.594293212890648,
    21.899926757812523,
    22.208581542968773,
    22.616479492187523,
    22.850274658203148,
    23.079339599609398,
    23.321252441406273,
    23.556390380859398,
    21.187860107421898,
    21.372552490234398,
    20.307366943359398,
    21.797052001953148,
    20.676385498046898,
    20.818750000000023,
    20.973291015625023,
    22.585290527343773,
    21.280236816406273,
    22.848138427734398,
    22.987878417968773,
    23.062402343750023,
    23.104791259765648,
    23.111749267578148,
    23.084466552734398,
    23.021997070312523,
    21.329888916015648,
    21.096704101562523,
    20.827996826171898,
    21.918450927734398,
    21.724053955078148,
    21.525628662109398,
    21.349572753906273,
    23.696221923828148,
    21.172570800781273,
    23.081628417968773,
    22.998193359375023,
    22.885125732421898,
    22.728662109375023,
    22.695245361328148,
    22.609765625000023,
    22.396691894531273,
    22.280541992187523,
    22.177270507812523,
    22.081781005859398,
    22.206201171875023,
    22.299371337890648,
    22.084954833984398,
    21.742181396484398,
    21.921777343750023,
    21.540856933593773,
    21.994439697265648,
    21.360162353515648,
    21.618341064453148,
    21.826409912109398,
    21.493920898437523,
    21.375848388671898,
    21.247827148437523,
    21.133996582031273
  ],
  "outdoor_temps": [
    -6.1035156022626325e-06,
    -6.1035156022626325e-06,
    -6.1035156022626325e-06,
    -6.1035156022626325e-06,
    -6.1035156022626325e-06,
    -6.1035156022626325e-06,
    -6.1035156022626325e-06,
    -6.1035156022626325e-06,
    -6.1035156022626325e-06,
    -6.1035156022626325e-06,
    -6.1035156022626325e-06,
    -6.1035156022626325e-06,
    -6.1035156022626325e-06,
    -6.1035156022626325e-06,
    -6.1035156022626325e-06,
    -6.1035156022626325e-06,
    -6.1035156022626325e-06,
    -6.1035156022626325e-06,
    -6.1035156022626325e-06,
    -6.1035156022626325e-06,
    -6.1035156022626325e-06,
    -6.1035156022626325e-06,
    -6.1035156022626325e-06,
    0.48467407226564774,
    1.5674987792968977,
    2.6915527343750227,
    3.3000122070312727,
    3.2094665527343977,
    2.8019348144531477,
    2.3684326171875227,
    2.2000061035156477,
    2.3021789550781477,
    2.5030456542968977,
    2.8273864746093977,
    3.3000122070312727,
    4.170007324218773,
    5.390008544921898,
    6.540002441406273,
    7.200006103515648,
    7.400476074218773,
    7.509606933593773,
    7.613946533203148,
    7.800012207031273,
    8.075891113281273,
    8.371636962890648,
    8.656549072265648,
    8.899987792968773,
    9.066003417968773,
    9.171868896484398,
    9.266809082031273,
    9.399987792968773,
    9.710534667968773,
    10.159387207031273,
    10.528527832031273,
    10.600000000000023,
    10.450006103515648,
    10.300012207031273,
    10.149987792968773,
    9.999993896484398,
    9.850000000000023,
    9.700006103515648,
    9.550012207031273,
    9.399987792968773,
    8.978875732421898,
    8.201959228515648,
    7.349084472656273,
    6.700006103515648,
    6.357904052734398,
    6.149987792968773,
    5.942102050781273,
    5.600000000000023,
    4.941003417968773,
    4.063317871093773,
    3.2539611816406477,
    2.8000122070312727,
    2.6291442871093977,
    2.4749084472656477,
    2.3332153320312727,
    2.2000061035156477,
    2.0766845703125227,
    1.9598327636718977,
    1.8380676269531477,
    1.7000061035156477,
    1.4921203613281477,
    1.2039733886718977,
    0.8888488769531477,
    0.6000000000000227,
    0.41335449218752274,
    0.31020507812502274,
    0.20195922851564774,
    -6.1035156022626325e-06,
    -0.7735656738281023,
    -2.1510986328124773,
    -3.5530761718749773,
    -4.399999999999977
  ],
  "rewards": [
    4.963678053930402,
    4.9635631695538756,
    4.962818720653653,
    4.962127915933729,
    4.967531055390835,
    4.966805893218874,
    4.9663105750833845,
    4.965892926477705,
    4.9655171811812275,
    4.958773066092444,
    4.965175910793893,
    4.958136656467681,
    4.958013746908825,
    4.957768342704229,
    4.9642110991968735,
    4.956863751607744,
    4.963573967319306,
    4.956125446793178,
    4.956004640073232,
    4.955773126096181,
    4.955513824433736,
    4.9623801839842425,
    4.961801477745661,
    4.954341895776598,
    4.954980236462276,
    4.962839889536571,
    4.955963305431216,
    4.956209360622193,
    4.963150675306987,
    4.962593909538149,
    4.962614630483901,
    4.970573958790658,
    4.966980493252044,
    4.974146215925884,
    4.975152235702167,
    4.97601720873153,
    4.976926846034987,
    4.97401050228334,
    4.981387007246685,
    4.985342721120009,
    4.989338208511958,
    4.991694838737016,
    4.996018969402365,
    4.9983486503669585,
    4.997006220743383,
    4.995701601938062,
    4.986189535383783,
    4.985779490095604,
    4.978971234706272,
    4.984837100422172,
    4.977537690651644,
    4.976984712064428,
    4.976384669669134,
    4.983088035480322,
    4.9751933003934505,
    4.982505304075292,
    4.9821954267444495,
    4.982030268830288,
    4.981936284224786,
    4.981920874041546,
    4.981981322092045,
    4.982119790236749,
    4.975001170191914,
    4.975906773329915,
    4.976950404777313,
    4.984568981431586,
    4.985000617731362,
    4.985441203636158,
    4.985832060504705,
    4.994926387086511,
    4.986225190985948,
    4.999744248431783,
    4.998746999948832,
    4.998091311890955,
    4.997910904100894,
    4.995637137284583,
    4.994532175696253,
    4.995459311404144,
    4.994601420326564,
    4.99383861130719,
    4.993133500578449,
    4.989316048114034,
    4.9858430360730575,
    4.987749871362649,
    4.990626502743719,
    4.985641949313329,
    4.98914060991144,
    4.980215446034204,
    4.987807366971574,
    4.981722465890096,
    4.97711474620972,
    4.980114781866741,
    4.978588458322799,
    4.976932886278986,
    4.975460049546121
  ],