{
  "episode": 62,
  "steps": 95,
  "actions": [
    23,
    23,
    23,
    23,
    22,
    11,
    11,
    4,
    6,
    4,
    6,
    15,
    15,
    7,
    6,
    22,
    20,
    10,
    22,
    8,
    22,
    3,
    17,
    6,
    2,
    22,
    22,
    22,
    11,
    4,
    22,
    20,
    11,
    11,
    22,
    20,
    21,
    22,
    10,
    20,
    21,
    3,
    11,
    3,
    20,
    10,
    22,
    17,
    4,
    4,
    20,
    12,
    21,
    22,
    12,
    6,
    6,
    4,
    22,
    22,
    21,
    6,
    6,
    4,
    8,
    14,
    20,
    8,
    19,
    17,
    10,
    12,
    13,
    8,
    6,
    13,
    22,
    6,
    6,
    20,
    8,
    22,
    22,
    6,
    18,
    3,
    22,
    20,
    4,
    22,
    22,
    7,
    22,
    8,
    20
  ],
  "temperatures": [
    20.975762939453148,
    20.971978759765648,
    20.926324462890648,
    20.884027099609398,
    20.848413085937523,
    16.282647705078148,
    16.074670410156273,
    18.671472167968773,
    18.792779541015648,
    18.778100585937523,
    18.748071289062523,
    19.836602783203148,
    19.875665283203148,
    18.826043701171898,
    18.684899902343773,
    20.398400878906273,
    20.433526611328148,
    15.799615478515648,
    20.273095703125023,
    15.697045898437523,
    20.193292236328148,
    15.933557128906273,
    15.351495361328148,
    17.974359130859398,
    15.644250488281273,
    20.078546142578148,
    20.229119873046898,
    20.283380126953148,
    15.601892089843773,
    18.139916992187523,
    20.161004638671898,
    20.772607421875023,
    16.314782714843773,
    16.217645263671898,
    20.925683593750023,
    21.091424560546898,
    21.196862792968773,
    21.322442626953148,
    16.943933105468773,
    21.715570068359398,
    22.092431640625023,
    19.098596191406273,
    18.304437255859398,
    19.670281982421898,
    22.952416992187523,
    19.468041992187523,
    23.404321289062523,
    19.159692382812523,
    24.040185546875023,
    24.629296875000023,
    24.259118652343773,
    24.763330078125023,
    24.627465820312523,
    24.783532714843773,
    25.344903564453148,
    26.192071533203148,
    26.374932861328148,
    26.499169921875023,
    25.244409179687523,
    25.234674072265648,
    25.211633300781273,
    26.437890625000023,
    26.388238525390648,
    26.199243164062523,
    21.698602294921898,
    24.822473144531273,
    24.372369384765648,
    21.033105468750023,
    19.788720703125023,
    19.596520996093773,
    20.342370605468773,
    23.173028564453148,
    23.116754150390648,
    19.463708496093773,
    22.578424072265648,
    22.709924316406273,
    22.699914550781273,
    22.419915771484398,
    22.289910888671898,
    22.481713867187523,
    18.724359130859398,
    22.263299560546898,
    22.256188964843773,
    21.743432617187523,
    17.737695312500023,
    18.913293457031273,
    21.858605957031273,
    21.859460449218773,
    21.103173828125023,
    21.746026611328148,
    21.708825683593773,
    20.829248046875023,
    21.531732177734398,
    17.429223632812523,
    21.227838134765648
  ],
  "outdoor_temps": [
    -6.1035156022626325e-06,
    -6.1035156022626325e-06,
    -6.1035156022626325e-06,
    -6.1035156022626325e-06,
    -6.1035156022626325e-06,
    -6.1035156022626325e-06,
    -6.1035156022626325e-06,
    -6.1035156022626325e-06,
    -6.1035156022626325e-06,
    -6.1035156022626325e-06,
    -6.1035156022626325e-06,
    -6.1035156022626325e-06,
    -6.1035156022626325e-06,
    -6.1035156022626325e-06,
    -6.1035156022626325e-06,
    -6.1035156022626325e-06,
    -6.1035156022626325e-06,
    -6.1035156022626325e-06,
    -6.1035156022626325e-06,
    -6.1035156022626325e-06,
    -6.1035156022626325e-06,
    -6.1035156022626325e-06,
    -6.1035156022626325e-06,
    0.48467407226564774,
    1.5674987792968977,
    2.6915527343750227,
    3.3000122070312727,
    3.2094665527343977,
    2.8019348144531477,
    2.3684326171875227,
    2.2000061035156477,
    2.3021789550781477,
    2.5030456542968977,
    2.8273864746093977,
    3.3000122070312727,
    4.170007324218773,
    5.390008544921898,
    6.540002441406273,
    7.200006103515648,
    7.400476074218773,
    7.509606933593773,
    7.613946533203148,
    7.800012207031273,
    8.075891113281273,
    8.371636962890648,
    8.656549072265648,
    8.899987792968773,
    9.066003417968773,
    9.171868896484398,
    9.266809082031273,
    9.399987792968773,
    9.710534667968773,
    10.159387207031273,
    10.528527832031273,
    10.600000000000023,
    10.450006103515648,
    10.300012207031273,
    10.149987792968773,
    9.999993896484398,
    9.850000000000023,
    9.700006103515648,
    9.550012207031273,
    9.399987792968773,
    8.978875732421898,
    8.201959228515648,
    7.349084472656273,
    6.700006103515648,
    6.357904052734398,
    6.149987792968773,
    5.942102050781273,
    5.600000000000023,
    4.941003417968773,
    4.063317871093773,
    3.2539611816406477,
    2.8000122070312727,
    2.6291442871093977,
    2.4749084472656477,
    2.3332153320312727,
    2.2000061035156477,
    2.0766845703125227,
    1.9598327636718977,
    1.8380676269531477,
    1.7000061035156477,
    1.4921203613281477,
    1.2039733886718977,
    0.8888488769531477,
    0.6000000000000227,
    0.41335449218752274,
    0.31020507812502274,
    0.20195922851564774,
    -6.1035156022626325e-06,
    -0.7735656738281023,
    -2.1510986328124773,
    -3.5530761718749773,
    -4.399999999999977
  ],
  "rewards": [
    4.9077753899246455,
    4.9076752827316525,
    4.905702330842614,
    4.90387322165072,
    4.902335326448083,
    -13.82174275537531,
    -15.410784347045826,
    -1.7810506985385541,
    -1.4729915365132804,
    -1.5086983504042526,
    -1.5830926718491412,
    -0.05030343846781651,
    -0.038770428565527607,
    -1.393642385658026,
    -1.7454767964449722,
    4.882631375553167,
    4.884203107081677,
    -17.64519012837935,
    4.877106311026474,
    -18.517146341368036,
    4.87358132098356,
    -16.537015403910033,
    -21.610394596426495,
    -4.1218223586201805,
    -18.97329095511576,
    4.8685387680598575,
    4.875220696650769,
    4.877629401408459,
    -19.344874675586297,
    -3.4778935720797026,
    4.872203795670167,
    4.8993370220291865,
    -13.583931433067532,
    -14.309097066994424,
    4.906081797827197,
    4.913424346171643,
    4.918090464702766,
    4.923654071957521,
    -9.344046103968752,
    4.9410960504445045,
    4.957821867099923,
    -0.8171000327228201,
    -2.8824531583552004,
    -0.11391954001068137,
    4.995995927074033,
    -0.29308206851875174,
    4.992723123136422,
    -0.7205953497957541,
    -0.002792652537035762,
    -0.3978460483927485,
    -0.07196502649914842,
    -0.5867732625949017,
    -0.39976207504780653,
    -0.6204916081124382,
    -1.8141564579826945,
    -4.808742859627058,
    -5.644074211371159,
    -6.249756268774192,
    -1.5566561687900238,
    -1.5324895687547628,
    -1.4760481205356413,
    -5.947148869341634,
    -5.707466376078343,
    -4.840243886326459,
    4.9399757956923995,
    -0.680693317646927,
    -0.14385793128902896,
    4.9458858678927236,
    -0.06120982300003273,
    -0.1787262466711659,
    4.9520190810655125,
    4.997911398451289,
    4.998409798454655,
    -0.2976951206135118,
    4.993681541644239,
    4.990849021026945,
    4.984787760671714,
    4.991344345751542,
    4.9894239711585335,
    4.975116200210607,
    -1.6357026344472367,
    4.96543594573179,
    4.965121772013928,
    4.981352856102723,
    -5.127754864780049,
    -1.1852907747930719,
    4.947508814104873,
    4.947548520289685,
    4.971902322922327,
    4.942525627373353,
    4.940878274165417,
    4.967860119286317,
    4.933030082891169,
    -6.614462581142343,
    4.919554402572306
  ],