{
  "episode": 453,
  "steps": 95,
  "actions": [
    23,
    23,
    23,
    23,
    15,
    23,
    23,
    23,
    21,
    23,
    12,
    22,
    15,
    23,
    12,
    15,
    13,
    22,
    12,
    20,
    14,
    14,
    15,
    13,
    13,
    21,
    21,
    22,
    15,
    15,
    14,
    14,
    21,
    2,
    20,
    14,
    12,
    15,
    21,
    23,
    20,
    21,
    21,
    9,
    6,
    12,
    12,
    8,
    10,
    3,
    11,
    1,
    8,
    8,
    3,
    0,
    21,
    19,
    20,
    17,
    2,
    2,
    1,
    2,
    19,
    3,
    0,
    1,
    1,
    2,
    15,
    23,
    13,
    13,
    13,
    13,
    21,
    20,
    14,
    13,
    13,
    12,
    12,
    15,
    23,
    15,
    13,
    15,
    13,
    12,
    23,
    23,
    7,
    12,
    12
  ],
  "temperatures": [
    21.111627197265648,
    21.104028320312523,
    21.062646484375023,
    21.024285888671898,
    20.531274414062523,
    20.948815917968773,
    20.932794189453148,
    20.913690185546898,
    20.894586181640648,
    20.875543212890648,
    20.372491455078148,
    20.820825195312523,
    20.318048095703148,
    20.777185058593773,
    20.269342041015648,
    20.226220703125023,
    20.195428466796898,
    20.686944580078148,
    20.170037841796898,
    20.654626464843773,
    20.130914306640648,
    20.090753173828148,
    20.062677001953148,
    20.049310302734398,
    20.070855712890648,
    20.634484863281273,
    20.678552246093773,
    20.689202880859398,
    20.175897216796898,
    20.133233642578148,
    20.135186767578148,
    20.750299072265648,
    21.273492431640648,
    17.107904052734398,
    21.346765136718773,
    21.126428222656273,
    21.206414794921898,
    21.324212646484398,
    21.822473144531273,
    22.099511718750023,
    22.364648437500023,
    22.606622314453148,
    22.839074707031273,
    18.857781982421898,
    23.152856445312523,
    23.575799560546898,
    23.864892578125023,
    20.116357421875023,
    20.243524169921898,
    21.736627197265648,
    20.628472900390648,
    22.171258544921898,
    20.982537841796898,
    21.103845214843773,
    22.700769042968773,
    22.876245117187523,
    24.889581298828148,
    20.485742187500023,
    24.905847167968773,
    20.487207031250023,
    22.914666748046898,
    22.925103759765648,
    22.796807861328148,
    22.582513427734398,
    19.914971923828148,
    21.874566650390648,
    21.697717285156273,
    21.499993896484398,
    21.324060058593773,
    21.164941406250023,
    23.715753173828148,
    23.091760253906273,
    22.992425537109398,
    22.871972656250023,
    22.767297363281273,
    22.682092285156273,
    22.665582275390648,
    22.594323730468773,
    22.426110839843773,
    22.347253417968773,
    22.275964355468773,
    22.208489990234398,
    22.142358398437523,
    22.073632812500023,
    22.182305908203148,
    21.932489013671898,
    21.852349853515648,
    21.776879882812523,
    21.701104736328148,
    21.629388427734398,
    21.828759765625023,
    21.771691894531273,
    20.950982666015648,
    21.233850097656273,
    21.128717041015648
  ],
  "outdoor_temps": [
    -6.1035156022626325e-06,
    -6.1035156022626325e-06,
    -6.1035156022626325e-06,
    -6.1035156022626325e-06,
    -6.1035156022626325e-06,
    -6.1035156022626325e-06,
    -6.1035156022626325e-06,
    -6.1035156022626325e-06,
    -6.1035156022626325e-06,
    -6.1035156022626325e-06,
    -6.1035156022626325e-06,
    -6.1035156022626325e-06,
    -6.1035156022626325e-06,
    -6.1035156022626325e-06,
    -6.1035156022626325e-06,
    -6.1035156022626325e-06,
    -6.1035156022626325e-06,
    -6.1035156022626325e-06,
    -6.1035156022626325e-06,
    -6.1035156022626325e-06,
    -6.1035156022626325e-06,
    -6.1035156022626325e-06,
    -6.1035156022626325e-06,
    0.48467407226564774,
    1.5674987792968977,
    2.6915527343750227,
    3.3000122070312727,
    3.2094665527343977,
    2.8019348144531477,
    2.3684326171875227,
    2.2000061035156477,
    2.3021789550781477,
    2.5030456542968977,
    2.8273864746093977,
    3.3000122070312727,
    4.170007324218773,
    5.390008544921898,
    6.540002441406273,
    7.200006103515648,
    7.400476074218773,
    7.509606933593773,
    7.613946533203148,
    7.800012207031273,
    8.075891113281273,
    8.371636962890648,
    8.656549072265648,
    8.899987792968773,
    9.066003417968773,
    9.171868896484398,
    9.266809082031273,
    9.399987792968773,
    9.710534667968773,
    10.159387207031273,
    10.528527832031273,
    10.600000000000023,
    10.450006103515648,
    10.300012207031273,
    10.149987792968773,
    9.999993896484398,
    9.850000000000023,
    9.700006103515648,
    9.550012207031273,
    9.399987792968773,
    8.978875732421898,
    8.201959228515648,
    7.349084472656273,
    6.700006103515648,
    6.357904052734398,
    6.149987792968773,
    5.942102050781273,
    5.600000000000023,
    4.941003417968773,
    4.063317871093773,
    3.2539611816406477,
    2.8000122070312727,
    2.6291442871093977,
    2.4749084472656477,
    2.3332153320312727,
    2.2000061035156477,
    2.0766845703125227,
    1.9598327636718977,
    1.8380676269531477,
    1.7000061035156477,
    1.4921203613281477,
    1.2039733886718977,
    0.8888488769531477,
    0.6000000000000227,
    0.41335449218752274,
    0.31020507812502274,
    0.20195922851564774,
    -6.1035156022626325e-06,
    -0.7735656738281023,
    -2.1510986328124773,
    -3.5530761718749773,
    -4.399999999999977
  ],
  "rewards": [
    4.963678053930402,
    4.9635631695538756,
    4.962818720653653,
    4.962127915933729,
    4.967531055390835,
    4.960763901668399,
    4.960481196954847,
    4.960139758899808,
    4.959797423198819,
    4.959455541581564,
    4.9655381418801845,
    4.958460495758963,
    4.964846904378708,
    4.95766722341141,
    4.964227224741131,
    4.963673777707083,
    4.9632795036200275,
    4.956018802058438,
    4.962957745891388,
    4.955428458739234,
    4.962456530342769,
    4.96193922522,
    4.961578779243743,
    4.9614093244436965,
    4.961691099480281,
    4.955074979302029,
    4.955890581817083,
    4.956088056773595,
    4.9630548347051695,
    4.962503211534379,
    4.962528935706972,
    4.970489955567634,
    4.96688428062654,
    -20.912919950424648,
    4.968229050941117,
    4.9753394484622,
    4.976370836519514,
    4.977892496712667,
    4.977011842327921,
    4.982134434194021,
    4.98703744263947,
    4.991512456557673,
    4.995811875150255,
    -3.269324213355002,
    4.999583174095611,
    4.997348115509457,
    4.996225242443544,
    4.979713321454985,
    4.9792191673528565,
    4.98497119919162,
    4.977723767903674,
    4.984006525777442,
    4.97634872987834,
    4.975877880574407,
    4.9828321187656535,
    4.982442982119549,
    -1.9841480968483804,
    4.96835344097083,
    -2.0572036522938886,
    4.968345594576519,
    4.9823581027147235,
    4.982334783594408,
    4.982619324843682,
    4.983094918056999,
    -0.03222803812910363,
    4.984666361647294,
    4.985059089881409,
    4.985498080778867,
    4.985888669415984,
    4.986241927966152,
    4.9968051619784015,
    4.998282594877093,
    4.99947838764079,
    4.997921135426054,
    4.996568044350037,
    4.99546717189301,
    4.992604551550487,
    4.991288386196546,
    4.992158443490934,
    4.99113876196078,
    4.990217656568179,
    4.989345471039901,
    4.988491175003512,
    4.987603279777033,
    4.983682236867755,
    4.985780409429222,
    4.984745007789491,
    4.983770132139811,
    4.982791497743486,
    4.9818651361023285,
    4.977157838631583,
    4.976104651406407,
    4.984786864448338,
    4.97675230213854,
    4.975391839273436
  ],