{
  "episode": 1356,
  "steps": 95,
  "actions": [
    23,
    23,
    23,
    23,
    14,
    13,
    23,
    22,
    21,
    15,
    12,
    15,
    22,
    22,
    15,
    15,
    14,
    21,
    20,
    20,
    15,
    21,
    22,
    15,
    15,
    22,
    12,
    13,
    12,
    22,
    12,
    14,
    21,
    15,
    20,
    22,
    15,
    20,
    20,
    15,
    22,
    23,
    20,
    13,
    20,
    15,
    1,
    3,
    0,
    0,
    10,
    0,
    8,
    1,
    9,
    8,
    11,
    8,
    10,
    1,
    11,
    1,
    11,
    1,
    11,
    0,
    3,
    1,
    8,
    22,
    6,
    13,
    7,
    6,
    6,
    12,
    5,
    13,
    6,
    1,
    23,
    22,
    4,
    15,
    20,
    23,
    6,
    15,
    22,
    22,
    21,
    22,
    7,
    13,
    20
  ],
  "temperatures": [
    21.111627197265648,
    21.104028320312523,
    21.062646484375023,
    21.024285888671898,
    20.531274414062523,
    20.474237060546898,
    20.916040039062523,
    20.905114746093773,
    20.888757324218773,
    20.389367675781273,
    20.342645263671898,
    20.309625244140648,
    20.783349609375023,
    20.778009033203148,
    20.265649414062523,
    20.221795654296898,
    20.190789794921898,
    20.682885742187523,
    20.679803466796898,
    20.669091796875023,
    20.138391113281273,
    20.623498535156273,
    20.617578125000023,
    20.091607666015648,
    20.093743896484398,
    20.647729492187523,
    20.183557128906273,
    20.169213867187523,
    20.144006347656273,
    20.636041259765648,
    20.153161621093773,
    20.757318115234398,
    21.277246093750023,
    21.031030273437523,
    21.450769042968773,
    21.517572021484398,
    21.270227050781273,
    21.668634033203148,
    21.862634277343773,
    21.915887451171898,
    22.382379150390648,
    22.625299072265648,
    22.856317138671898,
    23.091394042968773,
    23.325830078125023,
    23.673944091796898,
    21.203851318359398,
    21.381799316406273,
    21.637933349609398,
    21.889947509765648,
    20.715692138671898,
    22.265161132812523,
    21.055657958984398,
    22.656488037109398,
    21.330926513671898,
    21.374383544921898,
    21.409417724609398,
    21.429254150390648,
    21.430444335937523,
    22.942224121093773,
    21.411035156250023,
    22.837640380859398,
    21.225793457031273,
    22.455560302734398,
    20.800958251953148,
    21.869775390625023,
    21.673150634765648,
    21.474542236328148,
    20.060601806640648,
    23.640496826171898,
    23.997125244140648,
    23.136224365234398,
    23.007562255859398,
    22.850183105468773,
    22.711724853515648,
    22.681268310546898,
    22.490747070312523,
    22.501947021484398,
    22.266900634765648,
    19.359948730468773,
    22.327813720703148,
    22.310266113281273,
    21.869409179687523,
    22.030969238281273,
    22.154779052734398,
    22.101861572265648,
    21.517846679687523,
    21.740319824218773,
    21.917932128906273,
    21.869409179687523,
    21.819970703125023,
    21.758996582031273,
    20.928643798828148,
    21.216363525390648,
    21.461541748046898
  ],
  "outdoor_temps": [
    -6.1035156022626325e-06,
    -6.1035156022626325e-06,
    -6.1035156022626325e-06,
    -6.1035156022626325e-06,
    -6.1035156022626325e-06,
    -6.1035156022626325e-06,
    -6.1035156022626325e-06,
    -6.1035156022626325e-06,
    -6.1035156022626325e-06,
    -6.1035156022626325e-06,
    -6.1035156022626325e-06,
    -6.1035156022626325e-06,
    -6.1035156022626325e-06,
    -6.1035156022626325e-06,
    -6.1035156022626325e-06,
    -6.1035156022626325e-06,
    -6.1035156022626325e-06,
    -6.1035156022626325e-06,
    -6.1035156022626325e-06,
    -6.1035156022626325e-06,
    -6.1035156022626325e-06,
    -6.1035156022626325e-06,
    -6.1035156022626325e-06,
    0.48467407226564774,
    1.5674987792968977,
    2.6915527343750227,
    3.3000122070312727,
    3.2094665527343977,
    2.8019348144531477,
    2.3684326171875227,
    2.2000061035156477,
    2.3021789550781477,
    2.5030456542968977,
    2.8273864746093977,
    3.3000122070312727,
    4.170007324218773,
    5.390008544921898,
    6.540002441406273,
    7.200006103515648,
    7.400476074218773,
    7.509606933593773,
    7.613946533203148,
    7.800012207031273,
    8.075891113281273,
    8.371636962890648,
    8.656549072265648,
    8.899987792968773,
    9.066003417968773,
    9.171868896484398,
    9.266809082031273,
    9.399987792968773,
    9.710534667968773,
    10.159387207031273,
    10.528527832031273,
    10.600000000000023,
    10.450006103515648,
    10.300012207031273,
    10.149987792968773,
    9.999993896484398,
    9.850000000000023,
    9.700006103515648,
    9.550012207031273,
    9.399987792968773,
    8.978875732421898,
    8.201959228515648,
    7.349084472656273,
    6.700006103515648,
    6.357904052734398,
    6.149987792968773,
    5.942102050781273,
    5.600000000000023,
    4.941003417968773,
    4.063317871093773,
    3.2539611816406477,
    2.8000122070312727,
    2.6291442871093977,
    2.4749084472656477,
    2.3332153320312727,
    2.2000061035156477,
    2.0766845703125227,
    1.9598327636718977,
    1.8380676269531477,
    1.7000061035156477,
    1.4921203613281477,
    1.2039733886718977,
    0.8888488769531477,
    0.6000000000000227,
    0.41335449218752274,
    0.31020507812502274,
    0.20195922851564774,
    -6.1035156022626325e-06,
    -0.7735656738281023,
    -2.1510986328124773,
    -3.5530761718749773,
    -4.399999999999977
  ],
  "rewards": [
    4.963678053930402,
    4.9635631695538756,
    4.962818720653653,
    4.962127915933729,
    4.967531259212643,
    4.966805893205916,
    4.960170729395489,
    4.959981036499142,
    4.959689666293885,
    4.965748326827488,
    4.96515136364734,
    4.964730990059835,
    4.957774483161776,
    4.957682912610795,
    4.964179513555344,
    4.963616374767183,
    4.963219207561372,
    4.955943671648269,
    4.955890603274755,
    4.955695628098171,
    4.962553093443584,
    4.954858732419817,
    4.954752298802785,
    4.96195639143544,
    4.961986990011095,
    4.955319410758822,
    4.96315301786023,
    4.962967984803183,
    4.962642178610453,
    4.955106468487693,
    4.962761168580826,
    4.97058074308203,
    4.966953696195846,
    4.974112945844136,
    4.970152051645129,
    4.971382776073139,
    4.977196976643379,
    4.974168434339373,
    4.977754397562665,
    4.985549441586208,
    4.987365707355349,
    4.9918578272688645,
    4.996130429595709,
    4.999229638065171,
    4.996980877530316,
    4.996966901729774,
    4.986154100707529,
    4.985758923813377,
    4.985190346461762,
    4.984630931545049,
    4.977384972725064,
    4.983798091269543,
    4.976064676795155,
    4.98293001224214,
    4.974996342289869,
    4.974828046097542,
    4.974692283393087,
    4.974615629442198,
    4.9746110750448125,
    4.982297075248769,
    4.974686412959967,
    4.982528870009047,
    4.9754054917391874,
    4.983376610778434,
    4.9770554311570265,
    4.98467695822583,
    4.985113595951349,
    4.985554528755177,
    4.979931891113195,
    4.995235501808317,
    4.997710002463634,
    4.99905851979748,
    4.999908177968077,
    4.998808037354085,
    4.997785692876286,
    4.995456154337234,
    4.996153788618905,
    4.993138617990296,
    4.9945005553965665,
    -1.029030024910192,
    4.986366889487628,
    4.986043431177736,
    4.991565208014424,
    4.9870515869433145,
    4.983174231844751,
    4.982197534016293,
    4.988970794010908,
    4.983297371408051,
    4.978803348737566,
    4.977907989882256,
    4.9769956275451435,
    4.9758699007934855,
    4.984621819135125,
    4.97652601489279,
    4.970374678608517
  ],