{
  "episode": 1586,
  "steps": 95,
  "actions": [
    23,
    23,
    23,
    23,
    23,
    23,
    21,
    23,
    22,
    20,
    23,
    22,
    22,
    22,
    12,
    22,
    21,
    7,
    12,
    21,
    22,
    23,
    21,
    23,
    23,
    22,
    23,
    22,
    23,
    23,
    23,
    21,
    23,
    21,
    6,
    20,
    23,
    15,
    9,
    23,
    23,
    20,
    13,
    23,
    23,
    20,
    23,
    17,
    20,
    23,
    22,
    23,
    23,
    23,
    12,
    20,
    23,
    20,
    13,
    23,
    23,
    23,
    23,
    23,
    22,
    23,
    21,
    23,
    15,
    23,
    21,
    22,
    21,
    23,
    21,
    23,
    23,
    23,
    23,
    23,
    4,
    20,
    23,
    5,
    14,
    22,
    23,
    15,
    22,
    23,
    22,
    22,
    14,
    21,
    22
  ],
  "temperatures": [
    20.975762939453148,
    20.971978759765648,
    20.926324462890648,
    20.884027099609398,
    20.848413085937523,
    20.818383789062523,
    20.792230224609398,
    20.768457031250023,
    20.746057128906273,
    20.724359130859398,
    20.703149414062523,
    20.682244873046898,
    20.661584472656273,
    20.641198730468773,
    20.042260742187523,
    20.578454589843773,
    20.569970703125023,
    18.976525878906273,
    19.848657226562523,
    20.464868164062523,
    20.468988037109398,
    20.460626220703148,
    20.448480224609398,
    20.445214843750023,
    20.469781494140648,
    20.508538818359398,
    20.538720703125023,
    20.542382812500023,
    20.527459716796898,
    20.510247802734398,
    20.522393798828148,
    21.065759277343773,
    21.190698242187523,
    21.292016601562523,
    20.368554687500023,
    21.396691894531273,
    21.476983642578148,
    21.241143798828148,
    17.225488281250023,
    21.937554931640648,
    22.288903808593773,
    22.553735351562523,
    22.738885498046898,
    23.053033447265648,
    23.313684082031273,
    23.566094970703148,
    23.803338623046898,
    19.550347900390648,
    24.099328613281273,
    24.348779296875023,
    24.540887451171898,
    24.721215820312523,
    24.892388916015648,
    25.045709228515648,
    25.665521240234398,
    25.270043945312523,
    25.330773925781273,
    25.378625488281273,
    25.970452880859398,
    25.428887939453148,
    25.398675537109398,
    25.344018554687523,
    25.237512207031273,
    25.081170654296898,
    24.882318115234398,
    24.700769042968773,
    24.545800781250023,
    24.417504882812523,
    24.629144287109398,
    24.226312255859398,
    24.134759521484398,
    23.564904785156273,
    23.427697753906273,
    23.305902099609398,
    23.203668212890648,
    23.122033691406273,
    23.038964843750023,
    22.951043701171898,
    22.866967773437523,
    22.790307617187523,
    22.567254638671898,
    22.648278808593773,
    22.584649658203148,
    22.247125244140648,
    22.310968017578148,
    22.366296386718773,
    22.296777343750023,
    22.051232910156273,
    22.150292968750023,
    22.085260009765648,
    22.021722412109398,
    21.947778320312523,
    21.581445312500023,
    21.724389648437523,
    21.627832031250023
  ],
  "outdoor_temps": [
    -6.1035156022626325e-06,
    -6.1035156022626325e-06,
    -6.1035156022626325e-06,
    -6.1035156022626325e-06,
    -6.1035156022626325e-06,
    -6.1035156022626325e-06,
    -6.1035156022626325e-06,
    -6.1035156022626325e-06,
    -6.1035156022626325e-06,
    -6.1035156022626325e-06,
    -6.1035156022626325e-06,
    -6.1035156022626325e-06,
    -6.1035156022626325e-06,
    -6.1035156022626325e-06,
    -6.1035156022626325e-06,
    -6.1035156022626325e-06,
    -6.1035156022626325e-06,
    -6.1035156022626325e-06,
    -6.1035156022626325e-06,
    -6.1035156022626325e-06,
    -6.1035156022626325e-06,
    -6.1035156022626325e-06,
    -6.1035156022626325e-06,
    0.48467407226564774,
    1.5674987792968977,
    2.6915527343750227,
    3.3000122070312727,
    3.2094665527343977,
    2.8019348144531477,
    2.3684326171875227,
    2.2000061035156477,
    2.3021789550781477,
    2.5030456542968977,
    2.8273864746093977,
    3.3000122070312727,
    4.170007324218773,
    5.390008544921898,
    6.540002441406273,
    7.200006103515648,
    7.400476074218773,
    7.509606933593773,
    7.613946533203148,
    7.800012207031273,
    8.075891113281273,
    8.371636962890648,
    8.656549072265648,
    8.899987792968773,
    9.066003417968773,
    9.171868896484398,
    9.266809082031273,
    9.399987792968773,
    9.710534667968773,
    10.159387207031273,
    10.528527832031273,
    10.600000000000023,
    10.450006103515648,
    10.300012207031273,
    10.149987792968773,
    9.999993896484398,
    9.850000000000023,
    9.700006103515648,
    9.550012207031273,
    9.399987792968773,
    8.978875732421898,
    8.201959228515648,
    7.349084472656273,
    6.700006103515648,
    6.357904052734398,
    6.149987792968773,
    5.942102050781273,
    5.600000000000023,
    4.941003417968773,
    4.063317871093773,
    3.2539611816406477,
    2.8000122070312727,
    2.6291442871093977,
    2.4749084472656477,
    2.3332153320312727,
    2.2000061035156477,
    2.0766845703125227,
    1.9598327636718977,
    1.8380676269531477,
    1.7000061035156477,
    1.4921203613281477,
    1.2039733886718977,
    0.8888488769531477,
    0.6000000000000227,
    0.41335449218752274,
    0.31020507812502274,
    0.20195922851564774,
    -6.1035156022626325e-06,
    -0.7735656738281023,
    -2.1510986328124773,
    -3.5530761718749773,
    -4.399999999999977
  ],
  "rewards": [
    4.9077753899246455,
    4.9076752827316525,
    4.905702330842614,
    4.90387322165072,
    4.902335326448083,
    4.901042344346642,
    4.899916627183557,
    4.89889272418683,
    4.897925641313195,
    4.896989104472424,
    4.896070201030891,
    4.895163533464074,
    4.894266431056287,
    4.893377902232434,
    4.911900529772367,
    4.890622622717333,
    4.890258290492322,
    -1.062403509473665,
    -0.046398005382677375,
    4.885622546423388,
    4.88581239429181,
    4.88544883462074,
    4.884919030442834,
    4.884782883793764,
    4.885881964936853,
    4.887607753053308,
    4.88895089837196,
    4.889115788713098,
    4.88845493050697,
    4.887691590562463,
    4.88823113180697,
    4.9123392174392935,
    4.917867066533021,
    4.922349388375879,
    4.961027576815053,
    4.926971151592291,
    4.930523073307198,
    4.947400188408792,
    -7.70304139428314,
    4.950948636288876,
    4.966543795838952,
    4.978297027125954,
    4.991710672198754,
    4.997401823845247,
    4.993930914178491,
    4.990569467321039,
    4.987410008541268,
    -0.21796593140808684,
    -0.014156771240679447,
    -0.12676808289537253,
    -0.298319862298692,
    -0.5265131629777023,
    -0.8032885695621776,
    -1.1009486622736333,
    -2.7800634197891516,
    -1.621199037533149,
    -1.7793487570370627,
    -1.9091570111364755,
    -3.8894634336169243,
    -2.050436789284971,
    -1.9649087501690428,
    -1.814819539859952,
    -1.5395157136768665,
    -1.176488765291919,
    -0.7853819460794731,
    -0.4973695209395946,
    -0.3036748129874716,
    -0.17965943324503,
    -0.3996245919168282,
    -0.0559298005003747,
    -0.022567895762628486,
    4.990595301658563,
    4.992421599351193,
    4.994042179853372,
    4.995401927903295,
    4.996487763643913,
    4.997592666260898,
    4.995926262512803,
    4.992198343649506,
    4.988800851479173,
    4.993524550790898,
    4.982504684685365,
    4.979683873287361,
    4.988796313996427,
    4.97906866543157,
    4.9700111600205945,
    4.966930572711255,
    4.971398699246347,
    4.9604428454812455,
    4.957562215052868,
    4.9547474548965695,
    4.951471674166943,
    4.9575252579751865,
    4.941568877343898,
    4.937285558850221
  ],