{
  "episode": 4,
  "steps": 95,
  "actions": [
    23,
    23,
    23,
    23,
    23,
    23,
    23,
    23,
    23,
    23,
    23,
    23,
    23,
    23,
    23,
    23,
    23,
    23,
    23,
    23,
    23,
    23,
    23,
    23,
    23,
    23,
    23,
    23,
    23,
    23,
    23,
    23,
    9,
    6,
    23,
    23,
    23,
    23,
    11,
    23,
    5,
    23,
    23,
    23,
    23,
    23,
    23,
    23,
    15,
    10,
    1,
    23,
    2,
    22,
    23,
    10,
    16,
    23,
    0,
    8,
    23,
    0,
    23,
    23,
    9,
    23,
    8,
    23,
    9,
    16,
    23,
    1,
    1,
    22,
    20,
    11,
    14,
    8,
    22,
    1,
    22,
    20,
    23,
    23,
    2,
    1,
    23,
    12,
    23,
    23,
    6,
    5,
    23,
    23,
    23
  ],
  "temperatures": [
    20.975762939453148,
    20.971978759765648,
    20.926324462890648,
    20.884027099609398,
    20.848413085937523,
    20.818383789062523,
    20.792230224609398,
    20.768457031250023,
    20.746057128906273,
    20.724359130859398,
    20.703149414062523,
    20.682244873046898,
    20.661584472656273,
    20.641198730468773,
    20.621026611328148,
    20.601068115234398,
    20.581353759765648,
    20.561944580078148,
    20.542871093750023,
    20.524133300781273,
    20.505761718750023,
    20.487725830078148,
    20.470056152343773,
    20.463403320312523,
    20.485864257812523,
    20.523187255859398,
    20.552392578125023,
    20.555322265625023,
    20.539788818359398,
    20.522058105468773,
    20.533807373046898,
    21.077111816406273,
    16.622644042968773,
    19.787988281250023,
    21.253778076171898,
    21.361230468750023,
    21.444512939453148,
    21.555413818359398,
    17.215844726562523,
    21.924859619140648,
    21.718591308593773,
    22.528558349609398,
    22.790673828125023,
    23.040032958984398,
    23.299493408203148,
    23.552026367187523,
    23.789514160156273,
    24.010858154296898,
    24.489739990234398,
    21.071984863281273,
    22.827539062500023,
    24.657800292968773,
    23.521417236328148,
    24.980554199218773,
    25.123712158203148,
    22.148034667968773,
    20.916955566406273,
    25.159875488281273,
    24.181359863281273,
    22.212396240234398,
    25.172753906250023,
    24.096765136718773,
    25.054071044921898,
    24.922937011718773,
    21.658258056640648,
    24.476220703125023,
    21.196099853515648,
    24.166375732421898,
    20.855584716796898,
    19.667474365234398,
    23.796990966796898,
    21.207574462890648,
    20.886682128906273,
    22.984216308593773,
    22.922479248046898,
    19.294458007812523,
    22.576776123046898,
    19.022058105468773,
    22.477960205078148,
    19.853509521484398,
    22.342767333984398,
    22.325708007812523,
    22.281335449218773,
    22.229180908203148,
    19.365075683593773,
    19.080987548828148,
    21.916436767578148,
    21.645867919921898,
    21.850183105468773,
    21.803948974609398,
    21.003472900390648,
    20.838952636718773,
    21.557672119140648,
    21.468988037109398,
    21.380303955078148
  ],
  "outdoor_temps": [
    -6.1035156022626325e-06,
    -6.1035156022626325e-06,
    -6.1035156022626325e-06,
    -6.1035156022626325e-06,
    -6.1035156022626325e-06,
    -6.1035156022626325e-06,
    -6.1035156022626325e-06,
    -6.1035156022626325e-06,
    -6.1035156022626325e-06,
    -6.1035156022626325e-06,
    -6.1035156022626325e-06,
    -6.1035156022626325e-06,
    -6.1035156022626325e-06,
    -6.1035156022626325e-06,
    -6.1035156022626325e-06,
    -6.1035156022626325e-06,
    -6.1035156022626325e-06,
    -6.1035156022626325e-06,
    -6.1035156022626325e-06,
    -6.1035156022626325e-06,
    -6.1035156022626325e-06,
    -6.1035156022626325e-06,
    -6.1035156022626325e-06,
    0.48467407226564774,
    1.5674987792968977,
    2.6915527343750227,
    3.3000122070312727,
    3.2094665527343977,
    2.8019348144531477,
    2.3684326171875227,
    2.2000061035156477,
    2.3021789550781477,
    2.5030456542968977,
    2.8273864746093977,
    3.3000122070312727,
    4.170007324218773,
    5.390008544921898,
    6.540002441406273,
    7.200006103515648,
    7.400476074218773,
    7.509606933593773,
    7.613946533203148,
    7.800012207031273,
    8.075891113281273,
    8.371636962890648,
    8.656549072265648,
    8.899987792968773,
    9.066003417968773,
    9.171868896484398,
    9.266809082031273,
    9.399987792968773,
    9.710534667968773,
    10.159387207031273,
    10.528527832031273,
    10.600000000000023,
    10.450006103515648,
    10.300012207031273,
    10.149987792968773,
    9.999993896484398,
    9.850000000000023,
    9.700006103515648,
    9.550012207031273,
    9.399987792968773,
    8.978875732421898,
    8.201959228515648,
    7.349084472656273,
    6.700006103515648,
    6.357904052734398,
    6.149987792968773,
    5.942102050781273,
    5.600000000000023,
    4.941003417968773,
    4.063317871093773,
    3.2539611816406477,
    2.8000122070312727,
    2.6291442871093977,
    2.4749084472656477,
    2.3332153320312727,
    2.2000061035156477,
    2.0766845703125227,
    1.9598327636718977,
    1.8380676269531477,
    1.7000061035156477,
    1.4921203613281477,
    1.2039733886718977,
    0.8888488769531477,
    0.6000000000000227,
    0.41335449218752274,
    0.31020507812502274,
    0.20195922851564774,
    -6.1035156022626325e-06,
    -0.7735656738281023,
    -2.1510986328124773,
    -3.5530761718749773,
    -4.399999999999977
  ],
  "rewards": [
    4.120979222776403,
    4.115054529951921,
    4.041117961602322,
    3.9698265858460595,
    3.9077210109681286,
    3.853879691883962,
    3.805885754423257,
    3.7613691613823597,
    3.718646088801367,
    3.6765443842579115,
    3.634704109951898,
    3.592804602505684,
    3.5507493382320265,
    3.5086222347245086,
    3.466321936817887,
    3.423867874192122,
    3.381345204161528,
    3.338909506471877,
    3.296656541600873,
    3.254615599177828,
    3.2128832242638383,
    3.1714217349608016,
    3.1303298621997757,
    3.114743142649584,
    3.1671395712346357,
    3.2525262384582816,
    3.3178817418963207,
    3.324368238821675,
    3.289838607208853,
    3.249981652163019,
    3.2764469183702523,
    4.274051666222544,
    -38.520121019668494,
    -0.12426625810176478,
    4.50300577338423,
    4.61937760807576,
    4.697657584669087,
    4.785752861397356,
    -29.38390615683017,
    4.946151115169913,
    4.921575914802971,
    4.767649499933905,
    4.519940373077962,
    4.186323392065207,
    3.7276073525566167,
    3.1841671966760825,
    2.5858234125002606,
    -0.004290784318001313,
    -0.603106454517748,
    4.299625764223576,
    4.451569061203345,
    -1.0879027919512505,
    3.2260725190164004,
    -2.410940343000754,
    -3.164522988568795,
    4.919549538940187,
    4.039581451307533,
    -3.371098433648895,
    -0.09243950483856922,
    4.90158216142095,
    -3.446242818343384,
    -0.03352603552398441,
    -2.785132958907754,
    -2.1365638349951364,
    4.852743338430312,
    -0.5725102035151122,
    4.459746611053151,
    -0.07371535693742606,
    3.965197584042365,
    -0.2926004024230214,
    2.5656144658293285,
    4.501438372549628,
    4.044211057602142,
    4.270878166515023,
    4.356428506145546,
    -1.2541834660926436,
    4.737410911603042,
    -2.4000304308710727,
    4.803613251089304,
    -0.059051684486339136,
    4.880839295727796,
    4.888638313286319,
    4.906874445795031,
    4.92453439277596,
    -1.0126826533441642,
    -2.116005190167188,
    4.944834264782868,
    4.865363271096733,
    4.930306330558079,
    4.916266821222386,
    4.225632958230596,
    3.956980247964272,
    4.787439614992361,
    4.718766081528756,
    4.638295319946504
  ],