{
  "episode": 10,
  "steps": 95,
  "actions": [
    23,
    23,
    23,
    23,
    23,
    23,
    7,
    6,
    10,
    2,
    13,
    17,
    2,
    20,
    13,
    4,
    1,
    10,
    22,
    1,
    14,
    14,
    3,
    11,
    5,
    0,
    2,
    15,
    8,
    3,
    2,
    22,
    17,
    8,
    19,
    15,
    16,
    3,
    1,
    16,
    20,
    20,
    21,
    15,
    11,
    19,
    13,
    6,
    0,
    21,
    5,
    5,
    0,
    6,
    13,
    10,
    10,
    20,
    3,
    14,
    18,
    10,
    12,
    15,
    0,
    18,
    4,
    12,
    17,
    19,
    14,
    18,
    22,
    5,
    18,
    12,
    17,
    3,
    11,
    7,
    20,
    21,
    1,
    15,
    15,
    15,
    0,
    3,
    4,
    3,
    13,
    2,
    12,
    4,
    13
  ],
  "temperatures": [
    20.975762939453148,
    20.971978759765648,
    20.926324462890648,
    20.884027099609398,
    20.848413085937523,
    20.818383789062523,
    19.300317382812523,
    19.079553222656273,
    16.105798339843773,
    16.220697021484398,
    19.747644042968773,
    15.716455078125023,
    15.967279052734398,
    20.296838378906273,
    19.771997070312523,
    18.701470947265648,
    16.007012939453148,
    15.571954345703148,
    20.156457519531273,
    15.917901611328148,
    19.396356201171898,
    19.513208007812523,
    15.786187744140648,
    15.360986328125023,
    17.939843750000023,
    15.621392822265648,
    15.471154785156273,
    19.268243408203148,
    15.408929443359398,
    15.322961425781273,
    15.259912109375023,
    20.456903076171898,
    15.834039306640648,
    16.016656494140648,
    15.850701904296898,
    20.231958007812523,
    16.019433593750023,
    16.675134277343773,
    16.948571777343773,
    16.414544677734398,
    21.755029296875023,
    22.125054931640648,
    22.406304931640648,
    22.586206054687523,
    18.968103027343773,
    18.428369140625023,
    23.204431152343773,
    23.768945312500023,
    21.764489746093773,
    23.900781250000023,
    24.733728027343773,
    25.078668212890648,
    23.036828613281273,
    25.493371582031273,
    25.202020263671898,
    21.705163574218773,
    21.661920166015648,
    24.872216796875023,
    23.698388671875023,
    25.398522949218773,
    20.648797607421898,
    21.617700195312523,
    25.053430175781273,
    24.993798828125023,
    22.966333007812523,
    19.934930419921898,
    24.471856689453148,
    24.194512939453148,
    19.522546386718773,
    19.315789794921898,
    23.632196044921898,
    18.691918945312523,
    22.801324462890648,
    22.612756347656273,
    18.305780029296898,
    22.315728759765648,
    18.075891113281273,
    19.421868896484398,
    18.391107177734398,
    21.391320800781273,
    22.065606689453148,
    22.050500488281273,
    19.062646484375023,
    21.586450195312523,
    21.590295410156273,
    21.529992675781273,
    18.640527343750023,
    18.356195068359398,
    20.490899658203148,
    18.184564208984398,
    20.940545654296898,
    17.981469726562523,
    20.721459960937523,
    19.979150390625023,
    20.554803466796898
  ],
  "outdoor_temps": [
    -6.1035156022626325e-06,
    -6.1035156022626325e-06,
    -6.1035156022626325e-06,
    -6.1035156022626325e-06,
    -6.1035156022626325e-06,
    -6.1035156022626325e-06,
    -6.1035156022626325e-06,
    -6.1035156022626325e-06,
    -6.1035156022626325e-06,
    -6.1035156022626325e-06,
    -6.1035156022626325e-06,
    -6.1035156022626325e-06,
    -6.1035156022626325e-06,
    -6.1035156022626325e-06,
    -6.1035156022626325e-06,
    -6.1035156022626325e-06,
    -6.1035156022626325e-06,
    -6.1035156022626325e-06,
    -6.1035156022626325e-06,
    -6.1035156022626325e-06,
    -6.1035156022626325e-06,
    -6.1035156022626325e-06,
    -6.1035156022626325e-06,
    0.48467407226564774,
    1.5674987792968977,
    2.6915527343750227,
    3.3000122070312727,
    3.2094665527343977,
    2.8019348144531477,
    2.3684326171875227,
    2.2000061035156477,
    2.3021789550781477,
    2.5030456542968977,
    2.8273864746093977,
    3.3000122070312727,
    4.170007324218773,
    5.390008544921898,
    6.540002441406273,
    7.200006103515648,
    7.400476074218773,
    7.509606933593773,
    7.613946533203148,
    7.800012207031273,
    8.075891113281273,
    8.371636962890648,
    8.656549072265648,
    8.899987792968773,
    9.066003417968773,
    9.171868896484398,
    9.266809082031273,
    9.399987792968773,
    9.710534667968773,
    10.159387207031273,
    10.528527832031273,
    10.600000000000023,
    10.450006103515648,
    10.300012207031273,
    10.149987792968773,
    9.999993896484398,
    9.850000000000023,
    9.700006103515648,
    9.550012207031273,
    9.399987792968773,
    8.978875732421898,
    8.201959228515648,
    7.349084472656273,
    6.700006103515648,
    6.357904052734398,
    6.149987792968773,
    5.942102050781273,
    5.600000000000023,
    4.941003417968773,
    4.063317871093773,
    3.2539611816406477,
    2.8000122070312727,
    2.6291442871093977,
    2.4749084472656477,
    2.3332153320312727,
    2.2000061035156477,
    2.0766845703125227,
    1.9598327636718977,
    1.8380676269531477,
    1.7000061035156477,
    1.4921203613281477,
    1.2039733886718977,
    0.8888488769531477,
    0.6000000000000227,
    0.41335449218752274,
    0.31020507812502274,
    0.20195922851564774,
    -6.1035156022626325e-06,
    -0.7735656738281023,
    -2.1510986328124773,
    -3.5530761718749773,
    -4.399999999999977
  ],
  "rewards": [
    4.120979222776403,
    4.115054529951921,
    4.041117961602322,
    3.9698265858460595,
    3.9077210109681286,
    3.853879691883962,
    -1.237630084655168,
    -2.1326088065322986,
    -47.914657044460476,
    -45.70920390538039,
    -0.18347704608800344,
    -50.0,
    -50.0,
    2.702521845057017,
    -0.15403409089242634,
    -4.231369276417716,
    -49.861003638964064,
    -50.0,
    2.322943719218993,
    -50.0,
    -0.9377992770674397,
    -0.6183850535182944,
    -50.0,
    -50.0,
    -20.629336620199094,
    -50.0,
    -50.0,
    -1.3664393348140702,
    -50.0,
    -50.0,
    -50.0,
    3.0994725149510067,
    -50.0,
    -49.67000756032154,
    -50.0,
    2.5730812412711543,
    -49.61629737485641,
    -37.63871279035151,
    -33.280221255404484,
    -42.14406440751991,
    4.897837729761791,
    4.947541339152448,
    4.847942073100191,
    4.729466288693877,
    -2.6710215082812048,
    -6.187102458577263,
    3.9096330582188115,
    2.6496405406961747,
    4.928304885794497,
    2.276385344043309,
    -1.3478394176870527,
    -2.911142858446941,
    4.157996044602899,
    -5.578186793602241,
    -3.6172055450771565,
    4.874720470082511,
    4.854578037721561,
    -1.908768302348096,
    2.797929904909706,
    -4.895175761773369,
    3.5535814572786157,
    4.831079438401642,
    -2.7790319034053486,
    -2.473701982933979,
    4.264221847681093,
    -0.027643470782779213,
    -0.55827819946855,
    -0.09742578066644729,
    -0.5855897800882979,
    -1.1853554809408537,
    2.99578029549918,
    -4.290605870987261,
    4.507681021847046,
    4.712582712899264,
    -7.187580627555077,
    4.904429134324425,
    -9.266348696227737,
    -0.8405139756285049,
    -6.479045360597557,
    4.698275131440904,
    4.9534394759502565,
    4.9540872622718615,
    -2.2011046254692506,
    4.829386742818791,
    4.831877383622152,
    4.790311276051029,
    -4.624472063798506,
    -6.758978851134702,
    3.254818318521696,
    -8.243069961380373,
    4.096752085688601,
    -20.189488611499062,
    3.706112627490751,
    -0.012267665500122628,
    3.360737170570215
  ],