{
  "episode": 234,
  "steps": 95,
  "actions": [
    23,
    23,
    23,
    23,
    22,
    22,
    13,
    14,
    21,
    20,
    20,
    20,
    20,
    20,
    20,
    20,
    23,
    23,
    23,
    23,
    22,
    23,
    23,
    22,
    23,
    23,
    20,
    23,
    20,
    20,
    22,
    23,
    20,
    20,
    23,
    7,
    23,
    23,
    13,
    4,
    5,
    22,
    4,
    22,
    7,
    0,
    20,
    1,
    2,
    3,
    3,
    3,
    3,
    18,
    0,
    18,
    3,
    18,
    18,
    3,
    18,
    3,
    18,
    3,
    3,
    3,
    2,
    3,
    23,
    9,
    21,
    14,
    6,
    6,
    6,
    22,
    22,
    21,
    22,
    22,
    5,
    5,
    22,
    22,
    21,
    22,
    22,
    5,
    22,
    4,
    12,
    7,
    7,
    15,
    12
  ],
  "temperatures": [
    20.975762939453148,
    20.971978759765648,
    20.926324462890648,
    20.884027099609398,
    20.848413085937523,
    20.818383789062523,
    20.242700195312523,
    20.179467773437523,
    20.713250732421898,
    20.706353759765648,
    20.690515136718773,
    20.672570800781273,
    20.653710937500023,
    20.634423828125023,
    20.614984130859398,
    20.595513916015648,
    20.576165771484398,
    20.557000732421898,
    20.538110351562523,
    20.519555664062523,
    20.501336669921898,
    20.483392333984398,
    20.465814208984398,
    20.459252929687523,
    20.481744384765648,
    20.519158935546898,
    20.548394775390648,
    20.551385498046898,
    20.535913085937523,
    20.518243408203148,
    20.530053710937523,
    21.073358154296898,
    21.198052978515648,
    21.299127197265648,
    21.376397705078148,
    20.477807617187523,
    21.469018554687523,
    21.584069824218773,
    21.484613037109398,
    21.371484375000023,
    21.753594970703148,
    22.572534179687523,
    22.657830810546898,
    23.072320556640648,
    23.497918701171898,
    21.437432861328148,
    23.769647216796898,
    22.144677734375023,
    22.347039794921898,
    22.625238037109398,
    22.890283203125023,
    23.151177978515648,
    23.407464599609398,
    20.628381347656273,
    23.591058349609398,
    20.777062988281273,
    23.737512207031273,
    20.843591308593773,
    20.793908691406273,
    23.715905761718773,
    20.764306640625023,
    23.585870361328148,
    20.579888916015648,
    23.155175781250023,
    22.978967285156273,
    22.713159179687523,
    22.469232177734398,
    22.255639648437523,
    23.908532714843773,
    20.502832031250023,
    23.707482910156273,
    23.235894775390648,
    23.136712646484398,
    22.966485595703148,
    22.811578369140648,
    22.795648193359398,
    22.718743896484398,
    22.639520263671898,
    22.564569091796898,
    22.496850585937523,
    22.110192871093773,
    21.988671875000023,
    22.301599121093773,
    22.248315429687523,
    22.186608886718773,
    22.121972656250023,
    22.057183837890648,
    21.399957275390648,
    21.910363769531273,
    21.180108642578148,
    21.484063720703148,
    20.938043212890648,
    20.744836425781273,
    21.109674072265648,
    21.001977539062523
  ],
  "outdoor_temps": [
    -6.1035156022626325e-06,
    -6.1035156022626325e-06,
    -6.1035156022626325e-06,
    -6.1035156022626325e-06,
    -6.1035156022626325e-06,
    -6.1035156022626325e-06,
    -6.1035156022626325e-06,
    -6.1035156022626325e-06,
    -6.1035156022626325e-06,
    -6.1035156022626325e-06,
    -6.1035156022626325e-06,
    -6.1035156022626325e-06,
    -6.1035156022626325e-06,
    -6.1035156022626325e-06,
    -6.1035156022626325e-06,
    -6.1035156022626325e-06,
    -6.1035156022626325e-06,
    -6.1035156022626325e-06,
    -6.1035156022626325e-06,
    -6.1035156022626325e-06,
    -6.1035156022626325e-06,
    -6.1035156022626325e-06,
    -6.1035156022626325e-06,
    0.48467407226564774,
    1.5674987792968977,
    2.6915527343750227,
    3.3000122070312727,
    3.2094665527343977,
    2.8019348144531477,
    2.3684326171875227,
    2.2000061035156477,
    2.3021789550781477,
    2.5030456542968977,
    2.8273864746093977,
    3.3000122070312727,
    4.170007324218773,
    5.390008544921898,
    6.540002441406273,
    7.200006103515648,
    7.400476074218773,
    7.509606933593773,
    7.613946533203148,
    7.800012207031273,
    8.075891113281273,
    8.371636962890648,
    8.656549072265648,
    8.899987792968773,
    9.066003417968773,
    9.171868896484398,
    9.266809082031273,
    9.399987792968773,
    9.710534667968773,
    10.159387207031273,
    10.528527832031273,
    10.600000000000023,
    10.450006103515648,
    10.300012207031273,
    10.149987792968773,
    9.999993896484398,
    9.850000000000023,
    9.700006103515648,
    9.550012207031273,
    9.399987792968773,
    8.978875732421898,
    8.201959228515648,
    7.349084472656273,
    6.700006103515648,
    6.357904052734398,
    6.149987792968773,
    5.942102050781273,
    5.600000000000023,
    4.941003417968773,
    4.063317871093773,
    3.2539611816406477,
    2.8000122070312727,
    2.6291442871093977,
    2.4749084472656477,
    2.3332153320312727,
    2.2000061035156477,
    2.0766845703125227,
    1.9598327636718977,
    1.8380676269531477,
    1.7000061035156477,
    1.4921203613281477,
    1.2039733886718977,
    0.8888488769531477,
    0.6000000000000227,
    0.41335449218752274,
    0.31020507812502274,
    0.20195922851564774,
    -6.1035156022626325e-06,
    -0.7735656738281023,
    -2.1510986328124773,
    -3.5530761718749773,
    -4.399999999999977
  ],
  "rewards": [
    4.9077753899246455,
    4.9076752827316525,
    4.905702330842614,
    4.90387322165072,
    4.902335326448083,
    4.901042344294812,
    4.917676257998075,
    4.9158308504861985,
    4.896468550805812,
    4.896188923985414,
    4.89550912582032,
    4.894734980693977,
    4.89391678535096,
    4.89307751380555,
    4.892229420772713,
    4.891379420391243,
    4.8905324431573565,
    4.889693028703332,
    4.88886493422091,
    4.888049494996667,
    4.887247082963586,
    4.886459319316174,
    4.885687930360437,
    4.885405661836266,
    4.886413104258801,
    4.888078696504235,
    4.889380032792688,
    4.88951402389161,
    4.888829400315881,
    4.888046958080452,
    4.888571555248421,
    4.912676236354138,
    4.918192689195275,
    4.922665092579049,
    4.926081578365486,
    4.962635989184491,
    4.930170089910212,
    4.935266740098595,
    4.954599018059671,
    4.975835025228115,
    4.981487381437429,
    4.979132412412892,
    4.994865614119309,
    4.997145007460014,
    4.99771966526224,
    4.971356675555404,
    4.987858625426888,
    4.968216609807644,
    4.967318046084281,
    4.966082868563295,
    4.964906234730076,
    4.963748226154636,
    4.962611098278355,
    4.923159329661209,
    4.961797678427082,
    4.921182067170739,
    4.961148800806385,
    4.920298063525039,
    4.920960170960297,
    4.961245155290944,
    4.9213542721355745,
    4.961821658567768,
    4.9238088057125395,
    4.963732979254108,
    4.964515309322667,
    4.965695736397099,
    4.966778991211247,
    4.967727503763795,
    4.986011174687225,
    4.950594143886119,
    4.988688538427587,
    4.997353561230652,
    4.999329850427685,
    4.999416260589927,
    4.997128776890307,
    4.9890310267229445,
    4.985622069560315,
    4.982111066304471,
    4.978788727194718,
    4.975788237773205,
    4.986769170704621,
    4.98497404571319,
    4.967135123947393,
    4.964776079379345,
    4.96204313489082,
    4.959180800587586,
    4.956310312472607,
    4.976285171452302,
    4.949807841518651,
    4.973041038456697,
    4.9546453284682785,
    4.9694676994971685,
    4.966613852908309,
    4.9435821484499005,
    4.940396900023131
  ],