{
  "episode": 4,
  "steps": 95,
  "actions": [
    23,
    23,
    23,
    23,
    23,
    23,
    23,
    23,
    23,
    23,
    23,
    23,
    23,
    23,
    23,
    23,
    23,
    23,
    23,
    23,
    23,
    23,
    23,
    23,
    23,
    23,
    23,
    23,
    23,
    23,
    23,
    23,
    23,
    23,
    8,
    13,
    4,
    7,
    6,
    22,
    0,
    17,
    19,
    9,
    3,
    16,
    23,
    21,
    20,
    12,
    8,
    5,
    13,
    10,
    8,
    7,
    0,
    16,
    10,
    2,
    6,
    12,
    19,
    5,
    2,
    5,
    9,
    22,
    0,
    12,
    5,
    22,
    22,
    13,
    18,
    11,
    19,
    1,
    4,
    23,
    19,
    23,
    16,
    4,
    2,
    12,
    23,
    2,
    8,
    11,
    17,
    22,
    8,
    9,
    20
  ],
  "temperatures": [
    20.975762939453148,
    20.971978759765648,
    20.926324462890648,
    20.884027099609398,
    20.848413085937523,
    20.818383789062523,
    20.792230224609398,
    20.768457031250023,
    20.746057128906273,
    20.724359130859398,
    20.703149414062523,
    20.682244873046898,
    20.661584472656273,
    20.641198730468773,
    20.621026611328148,
    20.601068115234398,
    20.581353759765648,
    20.561944580078148,
    20.542871093750023,
    20.524133300781273,
    20.505761718750023,
    20.487725830078148,
    20.470056152343773,
    20.463403320312523,
    20.485864257812523,
    20.523187255859398,
    20.552392578125023,
    20.555322265625023,
    20.539788818359398,
    20.522058105468773,
    20.533807373046898,
    21.077111816406273,
    21.201745605468773,
    21.302789306640648,
    16.803338623046898,
    20.847100830078148,
    20.424157714843773,
    20.538079833984398,
    20.821069335937523,
    21.986596679687523,
    18.912805175781273,
    17.597467041015648,
    17.854943847656273,
    18.815454101562523,
    20.348870849609398,
    18.739739990234398,
    23.488397216796898,
    23.790551757812523,
    24.027062988281273,
    24.515771484375023,
    21.098809814453148,
    25.264398193359398,
    25.147180175781273,
    21.741113281250023,
    21.774285888671898,
    26.030847167968773,
    24.021875000000023,
    20.864282226562523,
    21.963098144531273,
    23.792047119140648,
    26.244226074218773,
    25.592736816406273,
    20.731561279296898,
    25.649804687500023,
    23.281793212890648,
    25.251367187500023,
    21.100701904296898,
    24.088433837890648,
    22.317559814453148,
    24.126428222656273,
    24.457971191406273,
    23.308190917968773,
    23.175714111328148,
    23.086083984375023,
    18.673364257812523,
    19.172174072265648,
    18.314477539062523,
    19.797814941406273,
    21.965203857421898,
    22.373498535156273,
    17.968072509765648,
    22.166894531250023,
    17.782800292968773,
    21.282159423828148,
    19.056542968750023,
    21.578607177734398,
    21.861108398437523,
    18.784417724609398,
    17.739709472656273,
    17.576013183593773,
    17.007104492187523,
    21.334588623046898,
    17.281854248046898,
    17.031915283203148,
    20.995751953125023
  ],
  "outdoor_temps": [
    -6.1035156022626325e-06,
    -6.1035156022626325e-06,
    -6.1035156022626325e-06,
    -6.1035156022626325e-06,
    -6.1035156022626325e-06,
    -6.1035156022626325e-06,
    -6.1035156022626325e-06,
    -6.1035156022626325e-06,
    -6.1035156022626325e-06,
    -6.1035156022626325e-06,
    -6.1035156022626325e-06,
    -6.1035156022626325e-06,
    -6.1035156022626325e-06,
    -6.1035156022626325e-06,
    -6.1035156022626325e-06,
    -6.1035156022626325e-06,
    -6.1035156022626325e-06,
    -6.1035156022626325e-06,
    -6.1035156022626325e-06,
    -6.1035156022626325e-06,
    -6.1035156022626325e-06,
    -6.1035156022626325e-06,
    -6.1035156022626325e-06,
    0.48467407226564774,
    1.5674987792968977,
    2.6915527343750227,
    3.3000122070312727,
    3.2094665527343977,
    2.8019348144531477,
    2.3684326171875227,
    2.2000061035156477,
    2.3021789550781477,
    2.5030456542968977,
    2.8273864746093977,
    3.3000122070312727,
    4.170007324218773,
    5.390008544921898,
    6.540002441406273,
    7.200006103515648,
    7.400476074218773,
    7.509606933593773,
    7.613946533203148,
    7.800012207031273,
    8.075891113281273,
    8.371636962890648,
    8.656549072265648,
    8.899987792968773,
    9.066003417968773,
    9.171868896484398,
    9.266809082031273,
    9.399987792968773,
    9.710534667968773,
    10.159387207031273,
    10.528527832031273,
    10.600000000000023,
    10.450006103515648,
    10.300012207031273,
    10.149987792968773,
    9.999993896484398,
    9.850000000000023,
    9.700006103515648,
    9.550012207031273,
    9.399987792968773,
    8.978875732421898,
    8.201959228515648,
    7.349084472656273,
    6.700006103515648,
    6.357904052734398,
    6.149987792968773,
    5.942102050781273,
    5.600000000000023,
    4.941003417968773,
    4.063317871093773,
    3.2539611816406477,
    2.8000122070312727,
    2.6291442871093977,
    2.4749084472656477,
    2.3332153320312727,
    2.2000061035156477,
    2.0766845703125227,
    1.9598327636718977,
    1.8380676269531477,
    1.7000061035156477,
    1.4921203613281477,
    1.2039733886718977,
    0.8888488769531477,
    0.6000000000000227,
    0.41335449218752274,
    0.31020507812502274,
    0.20195922851564774,
    -6.1035156022626325e-06,
    -0.7735656738281023,
    -2.1510986328124773,
    -3.5530761718749773,
    -4.399999999999977
  ],
  "rewards": [
    4.9077753899246455,
    4.9076752827316525,
    4.905702330842614,
    4.90387322165072,
    4.902335326448083,
    4.901042344346642,
    4.899916627183557,
    4.89889272429049,
    4.897925631776452,
    4.896989104524255,
    4.896070191636682,
    4.895163533464074,
    4.894266431108117,
    4.893377902284264,
    4.892497641816735,
    4.8916256878525015,
    4.890763070359826,
    4.889912049546838,
    4.889075028672814,
    4.888252484574914,
    4.887444255128503,
    4.886651608720422,
    4.885875994935632,
    4.885590159669518,
    4.886594855561852,
    4.888258149400354,
    4.88955717779696,
    4.889688555970788,
    4.889001128450036,
    4.888215834870935,
    4.888737532868982,
    4.912843615785241,
    4.918357345834375,
    4.922826630845666,
    -10.222833402901742,
    4.935760097434016,
    4.9618336366783105,
    4.963511490800985,
    4.967693366934951,
    4.953125965358771,
    -1.186357723577506,
    -5.7814419848843315,
    -4.611400361297473,
    -1.411803282403698,
    4.976188864683854,
    -1.6013353193988047,
    4.991603737185184,
    4.9875800440460445,
    -0.004782409995147651,
    -0.26957130338351115,
    4.945296301778567,
    -1.6012389918880952,
    -1.3209746167048038,
    4.939595670585075,
    4.939302043806276,
    -4.127726563000941,
    -0.010512691405197871,
    4.920022804513573,
    4.937629060643199,
    4.960907292290105,
    -5.040173892736253,
    -2.5427514070030215,
    4.921789114225818,
    -2.7248192161251525,
    4.9631712627008,
    -1.5684412512776968,
    4.945285024570059,
    -0.012074258160659936,
    4.967452993336457,
    -0.018670511506503607,
    -0.21137849904862088,
    4.994012800270449,
    4.995775450043704,
    4.998680848315682,
    -1.7728126545282206,
    -0.6947342990727151,
    -2.852640765409678,
    -0.046220666014013284,
    4.984624377480384,
    4.97031811690201,
    -4.139229580871668,
    4.961160554571644,
    -4.925857685431738,
    4.974536623885329,
    -0.8946296750682827,
    4.957427849724241,
    4.947618796575976,
    -1.4818570175161032,
    -5.115171840757676,
    -5.881607960457601,
    -8.964726668026,
    4.924291698696172,
    -7.393560912809819,
    -8.814217709782195,
    4.909265534634824
  ],