{
  "episode": 278,
  "steps": 95,
  "actions": [
    23,
    23,
    23,
    23,
    23,
    20,
    14,
    23,
    6,
    23,
    23,
    23,
    23,
    14,
    6,
    6,
    15,
    5,
    22,
    15,
    21,
    20,
    15,
    6,
    14,
    23,
    21,
    20,
    21,
    15,
    20,
    23,
    8,
    20,
    20,
    21,
    20,
    21,
    15,
    12,
    21,
    15,
    15,
    20,
    21,
    1,
    12,
    0,
    23,
    8,
    1,
    3,
    19,
    2,
    16,
    1,
    1,
    0,
    0,
    20,
    0,
    3,
    1,
    1,
    19,
    1,
    3,
    0,
    1,
    16,
    22,
    15,
    2,
    6,
    23,
    20,
    21,
    13,
    4,
    21,
    12,
    21,
    14,
    14,
    15,
    23,
    23,
    23,
    20,
    14,
    15,
    14,
    23,
    23,
    6
  ],
  "temperatures": [
    21.111627197265648,
    21.104028320312523,
    21.062646484375023,
    21.024285888671898,
    20.991937255859398,
    20.964624023437523,
    20.470788574218773,
    20.902825927734398,
    19.634576416015648,
    20.831964111328148,
    20.834466552734398,
    20.822869873046898,
    20.808099365234398,
    20.296899414062523,
    19.430261230468773,
    19.306787109375023,
    20.126855468750023,
    19.282647705078148,
    20.614862060546898,
    20.107690429687523,
    20.610131835937523,
    20.610803222656273,
    20.076104736328148,
    19.192132568359398,
    20.022332763671898,
    20.611535644531273,
    20.659967041015648,
    20.673028564453148,
    20.664971923828148,
    20.143640136718773,
    20.649713134765648,
    21.171380615234398,
    16.458917236328148,
    21.256036376953148,
    21.393884277343773,
    21.473229980468773,
    21.545190429687523,
    21.647027587890648,
    21.573785400390648,
    21.878503417968773,
    22.359765625000023,
    22.494622802734398,
    22.778375244140648,
    23.061395263671898,
    23.302453613281273,
    20.781762695312523,
    23.813897705078148,
    21.447808837890648,
    24.069757080078148,
    20.588311767578148,
    22.072015380859398,
    22.332177734375023,
    20.097253417968773,
    22.604211425781273,
    20.298455810546898,
    22.813256835937523,
    22.981805419921898,
    23.061700439453148,
    23.106591796875023,
    24.962915039062523,
    23.191796875000023,
    23.078546142578148,
    22.925500488281273,
    22.697320556640648,
    19.990197753906273,
    21.972314453125023,
    21.791284179687523,
    21.590081787109398,
    21.411187744140648,
    19.205072021484398,
    23.591149902343773,
    23.139672851562523,
    20.238275146484398,
    22.700067138671898,
    22.785882568359398,
    22.726159667968773,
    22.660241699218773,
    22.504968261718773,
    22.268884277343773,
    22.457299804687523,
    22.277368164062523,
    22.350701904296898,
    22.149133300781273,
    22.077600097656273,
    22.003900146484398,
    22.123559570312523,
    22.068322753906273,
    22.011895751953148,
    21.954003906250023,
    21.650933837890648,
    21.575250244140648,
    21.493676757812523,
    21.679833984375023,
    21.584741210937523,
    20.661035156250023
  ],
  "outdoor_temps": [
    -6.1035156022626325e-06,
    -6.1035156022626325e-06,
    -6.1035156022626325e-06,
    -6.1035156022626325e-06,
    -6.1035156022626325e-06,
    -6.1035156022626325e-06,
    -6.1035156022626325e-06,
    -6.1035156022626325e-06,
    -6.1035156022626325e-06,
    -6.1035156022626325e-06,
    -6.1035156022626325e-06,
    -6.1035156022626325e-06,
    -6.1035156022626325e-06,
    -6.1035156022626325e-06,
    -6.1035156022626325e-06,
    -6.1035156022626325e-06,
    -6.1035156022626325e-06,
    -6.1035156022626325e-06,
    -6.1035156022626325e-06,
    -6.1035156022626325e-06,
    -6.1035156022626325e-06,
    -6.1035156022626325e-06,
    -6.1035156022626325e-06,
    0.48467407226564774,
    1.5674987792968977,
    2.6915527343750227,
    3.3000122070312727,
    3.2094665527343977,
    2.8019348144531477,
    2.3684326171875227,
    2.2000061035156477,
    2.3021789550781477,
    2.5030456542968977,
    2.8273864746093977,
    3.3000122070312727,
    4.170007324218773,
    5.390008544921898,
    6.540002441406273,
    7.200006103515648,
    7.400476074218773,
    7.509606933593773,
    7.613946533203148,
    7.800012207031273,
    8.075891113281273,
    8.371636962890648,
    8.656549072265648,
    8.899987792968773,
    9.066003417968773,
    9.171868896484398,
    9.266809082031273,
    9.399987792968773,
    9.710534667968773,
    10.159387207031273,
    10.528527832031273,
    10.600000000000023,
    10.450006103515648,
    10.300012207031273,
    10.149987792968773,
    9.999993896484398,
    9.850000000000023,
    9.700006103515648,
    9.550012207031273,
    9.399987792968773,
    8.978875732421898,
    8.201959228515648,
    7.349084472656273,
    6.700006103515648,
    6.357904052734398,
    6.149987792968773,
    5.942102050781273,
    5.600000000000023,
    4.941003417968773,
    4.063317871093773,
    3.2539611816406477,
    2.8000122070312727,
    2.6291442871093977,
    2.4749084472656477,
    2.3332153320312727,
    2.2000061035156477,
    2.0766845703125227,
    1.9598327636718977,
    1.8380676269531477,
    1.7000061035156477,
    1.4921203613281477,
    1.2039733886718977,
    0.8888488769531477,
    0.6000000000000227,
    0.41335449218752274,
    0.31020507812502274,
    0.20195922851564774,
    -6.1035156022626325e-06,
    -0.7735656738281023,
    -2.1510986328124773,
    -3.5530761718749773,
    -4.399999999999977
  ],
  "rewards": [
    4.963678053930402,
    4.9635631695538756,
    4.962818720653653,
    4.962127915933729,
    4.961546352222562,
    4.961056741788983,
    4.966773620854092,
    4.959939036552672,
    -0.34633700600262307,
    4.958648625912225,
    4.958704430177808,
    4.958498236253858,
    4.958232332780957,
    4.964578937444836,
    -0.8247459769491674,
    -1.2150554181428892,
    4.962391774794168,
    -1.3002670656415913,
    4.954690218249094,
    4.962153430085952,
    4.954608686270921,
    4.954623824567251,
    4.9617523431879995,
    -1.6457339749011386,
    4.961063426951028,
    4.954650775377517,
    4.955547402217984,
    4.955789412469319,
    4.955640649965924,
    4.962637658168278,
    4.955359200435488,
    4.965002653769177,
    -31.351178736373384,
    4.966556675714643,
    4.969100527337711,
    4.970563123396557,
    4.971889254064016,
    4.973769280484837,
    4.981121518660984,
    4.985065538919328,
    4.986947396386577,
    4.993041063745223,
    4.996714546567558,
    4.998448161492853,
    4.997110513432842,
    4.987091044609151,
    4.996423219665561,
    4.985612443886859,
    -0.015652109120049062,
    4.977879825983196,
    4.984226760165037,
    4.98364934854177,
    4.970506564685184,
    4.983046023068585,
    4.969391100115426,
    4.982582737667891,
    4.982208959385429,
    4.982031783386741,
    4.981932269860059,
    -2.3239776852877045,
    4.98174308278687,
    4.98199426286295,
    4.982333766144741,
    4.982840079590354,
    -0.014602482561344866,
    4.984449429946587,
    4.984851412698303,
    4.985298147124279,
    4.98569530718401,
    -1.5919596996533225,
    4.995509429524127,
    4.99904508988219,
    4.988304390123843,
    4.997698138649859,
    4.994825618716038,
    4.993722956344485,
    4.992505547127646,
    4.993177393750004,
    4.994515325881095,
    4.988758432863847,
    4.990235494126282,
    4.9867902359256275,
    4.988578639079534,
    4.98765444728068,
    4.986702676140582,
    4.982598388391344,
    4.981579107955098,
    4.980537908390164,
    4.979469985082746,
    4.982143683443737,
    4.981165971779143,
    4.980111790335535,
    4.974407817904716,
    4.9726511356383565,
    4.982643605995923
  ],