{
  "episode": 132,
  "steps": 95,
  "actions": [
    23,
    23,
    23,
    23,
    23,
    23,
    23,
    23,
    23,
    23,
    23,
    23,
    23,
    23,
    23,
    23,
    23,
    23,
    23,
    23,
    23,
    23,
    23,
    23,
    23,
    23,
    23,
    23,
    23,
    23,
    23,
    23,
    12,
    23,
    20,
    23,
    22,
    14,
    23,
    23,
    23,
    23,
    3,
    23,
    23,
    23,
    23,
    16,
    23,
    23,
    23,
    23,
    23,
    3,
    23,
    23,
    23,
    12,
    23,
    23,
    23,
    3,
    23,
    23,
    23,
    23,
    12,
    23,
    23,
    23,
    23,
    5,
    23,
    23,
    3,
    23,
    23,
    13,
    12,
    23,
    23,
    23,
    23,
    23,
    22,
    23,
    23,
    23,
    12,
    23,
    23,
    23,
    23,
    23,
    21
  ],
  "temperatures": [
    20.975762939453148,
    20.971978759765648,
    20.926324462890648,
    20.884027099609398,
    20.848413085937523,
    20.818383789062523,
    20.792230224609398,
    20.768457031250023,
    20.746057128906273,
    20.724359130859398,
    20.703149414062523,
    20.682244873046898,
    20.661584472656273,
    20.641198730468773,
    20.621026611328148,
    20.601068115234398,
    20.581353759765648,
    20.561944580078148,
    20.542871093750023,
    20.524133300781273,
    20.505761718750023,
    20.487725830078148,
    20.470056152343773,
    20.463403320312523,
    20.485864257812523,
    20.523187255859398,
    20.552392578125023,
    20.555322265625023,
    20.539788818359398,
    20.522058105468773,
    20.533807373046898,
    21.077111816406273,
    20.777612304687523,
    21.286553955078148,
    21.371270751953148,
    21.435388183593773,
    21.500421142578148,
    21.264154052734398,
    21.786889648437523,
    22.071343994140648,
    22.345239257812523,
    22.602777099609398,
    20.008233642578148,
    23.021508789062523,
    23.318627929687523,
    23.576470947265648,
    23.816644287109398,
    19.567987060546898,
    24.115136718750023,
    24.365075683593773,
    24.557397460937523,
    24.737695312500023,
    24.908715820312523,
    23.860894775390648,
    25.150140380859398,
    25.253106689453148,
    25.323541259765648,
    25.928613281250023,
    25.421319580078148,
    25.420831298828148,
    25.396813964843773,
    24.389794921875023,
    25.211602783203148,
    25.067437744140648,
    24.871942138671898,
    24.692346191406273,
    24.911492919921898,
    24.420922851562523,
    24.310174560546898,
    24.217095947265648,
    24.129479980468773,
    23.934381103515648,
    23.433435058593773,
    23.307305908203148,
    21.089624023437523,
    23.070153808593773,
    23.010186767578148,
    22.914300537109398,
    22.813562011718773,
    22.769769287109398,
    22.700830078125023,
    22.634912109375023,
    22.570336914062523,
    22.503747558593773,
    22.433496093750023,
    22.361352539062523,
    22.289483642578148,
    22.218865966796898,
    21.953271484375023,
    22.073968505859398,
    22.012719726562523,
    21.939324951171898,
    21.838006591796898,
    21.724938964843773,
    21.624505615234398
  ],
  "outdoor_temps": [
    -6.1035156022626325e-06,
    -6.1035156022626325e-06,
    -6.1035156022626325e-06,
    -6.1035156022626325e-06,
    -6.1035156022626325e-06,
    -6.1035156022626325e-06,
    -6.1035156022626325e-06,
    -6.1035156022626325e-06,
    -6.1035156022626325e-06,
    -6.1035156022626325e-06,
    -6.1035156022626325e-06,
    -6.1035156022626325e-06,
    -6.1035156022626325e-06,
    -6.1035156022626325e-06,
    -6.1035156022626325e-06,
    -6.1035156022626325e-06,
    -6.1035156022626325e-06,
    -6.1035156022626325e-06,
    -6.1035156022626325e-06,
    -6.1035156022626325e-06,
    -6.1035156022626325e-06,
    -6.1035156022626325e-06,
    -6.1035156022626325e-06,
    0.48467407226564774,
    1.5674987792968977,
    2.6915527343750227,
    3.3000122070312727,
    3.2094665527343977,
    2.8019348144531477,
    2.3684326171875227,
    2.2000061035156477,
    2.3021789550781477,
    2.5030456542968977,
    2.8273864746093977,
    3.3000122070312727,
    4.170007324218773,
    5.390008544921898,
    6.540002441406273,
    7.200006103515648,
    7.400476074218773,
    7.509606933593773,
    7.613946533203148,
    7.800012207031273,
    8.075891113281273,
    8.371636962890648,
    8.656549072265648,
    8.899987792968773,
    9.066003417968773,
    9.171868896484398,
    9.266809082031273,
    9.399987792968773,
    9.710534667968773,
    10.159387207031273,
    10.528527832031273,
    10.600000000000023,
    10.450006103515648,
    10.300012207031273,
    10.149987792968773,
    9.999993896484398,
    9.850000000000023,
    9.700006103515648,
    9.550012207031273,
    9.399987792968773,
    8.978875732421898,
    8.201959228515648,
    7.349084472656273,
    6.700006103515648,
    6.357904052734398,
    6.149987792968773,
    5.942102050781273,
    5.600000000000023,
    4.941003417968773,
    4.063317871093773,
    3.2539611816406477,
    2.8000122070312727,
    2.6291442871093977,
    2.4749084472656477,
    2.3332153320312727,
    2.2000061035156477,
    2.0766845703125227,
    1.9598327636718977,
    1.8380676269531477,
    1.7000061035156477,
    1.4921203613281477,
    1.2039733886718977,
    0.8888488769531477,
    0.6000000000000227,
    0.41335449218752274,
    0.31020507812502274,
    0.20195922851564774,
    -6.1035156022626325e-06,
    -0.7735656738281023,
    -2.1510986328124773,
    -3.5530761718749773,
    -4.399999999999977
  ],
  "rewards": [
    4.120979222776403,
    4.115054529951921,
    4.041117961602322,
    3.9698265858460595,
    3.9077210109681286,
    3.853879691883962,
    3.805885754423257,
    3.7613691613823597,
    3.718646088801367,
    3.6765443842579115,
    3.634704109951898,
    3.592804602505684,
    3.5507493382320265,
    3.5086222347245086,
    3.466321936817887,
    3.423867874192122,
    3.381345204161528,
    3.338909506471877,
    3.296656541600873,
    3.254615599177828,
    3.2128832242638383,
    3.1714217349608016,
    3.1303298621997757,
    3.114743142649584,
    3.1671395712346357,
    3.2525262384582816,
    3.3178817418963207,
    3.324368238821675,
    3.289838607208853,
    3.249981652163019,
    3.2764469183702523,
    4.274051666222544,
    3.813062446825248,
    4.54035353983026,
    4.6293795682210686,
    4.6895985744586,
    4.744378907950612,
    4.541978834452456,
    4.910201992188465,
    4.95307054092176,
    4.879651606604445,
    4.707969703273827,
    2.0023513488891282,
    4.215211485114886,
    3.6897803848236346,
    3.126485568927547,
    2.512085538105977,
    -0.4824255773610875,
    -0.03748437478167868,
    -0.3383759780228553,
    -0.7825453273207582,
    -1.366901680305684,
    -2.0713960639388405,
    2.363402098235611,
    -3.3148456840469476,
    -3.9338219449111755,
    -4.387769135404529,
    -9.305559025220791,
    -5.059064211219549,
    -5.055593202654434,
    -4.886332453340452,
    -0.39029267271519413,
    -3.6779462281121913,
    -2.856071354020508,
    -1.90756987215961,
    -1.2046222858131719,
    -2.0814770997130414,
    -0.44830058286700164,
    -0.2455124527402575,
    -0.12250860171395028,
    -0.04630287334324401,
    2.189418747094394,
    3.451293245481035,
    3.7122366313356463,
    4.3513339061988825,
    4.1382563671032,
    4.232617746908184,
    4.369936437690599,
    4.497505980503273,
    4.543480822241069,
    4.61646179951725,
    4.679577041044809,
    4.735087326094488,
    4.7857782959565345,
    4.832048842683419,
    4.87185943054439,
    4.903756473334496,
    4.927553042592473,
    4.966868627630176,
    4.952957706919099,
    4.954226826950907,
    4.948335488410669,
    4.92692503017374,
    4.884849271141002,
    4.831391234444467
  ],