{
  "episode": 1278,
  "steps": 95,
  "actions": [
    23,
    23,
    23,
    23,
    20,
    21,
    22,
    23,
    22,
    4,
    23,
    21,
    22,
    22,
    23,
    22,
    21,
    22,
    22,
    22,
    15,
    22,
    20,
    23,
    23,
    23,
    23,
    20,
    21,
    23,
    12,
    23,
    23,
    22,
    23,
    22,
    13,
    20,
    23,
    22,
    13,
    23,
    20,
    23,
    23,
    23,
    22,
    21,
    22,
    22,
    23,
    22,
    21,
    23,
    23,
    13,
    22,
    23,
    23,
    22,
    21,
    23,
    20,
    8,
    23,
    20,
    20,
    23,
    23,
    20,
    20,
    22,
    21,
    23,
    23,
    15,
    21,
    15,
    22,
    22,
    12,
    23,
    21,
    23,
    22,
    22,
    23,
    21,
    21,
    21,
    13,
    22,
    12,
    22,
    21
  ],
  "temperatures": [
    20.975762939453148,
    20.971978759765648,
    20.926324462890648,
    20.884027099609398,
    20.848413085937523,
    20.818383789062523,
    20.792230224609398,
    20.768457031250023,
    20.746057128906273,
    19.209497070312523,
    20.648370361328148,
    20.656243896484398,
    20.644158935546898,
    20.628350830078148,
    20.610833740234398,
    20.592523193359398,
    20.573876953125023,
    20.555139160156273,
    20.536553955078148,
    20.518182373046898,
    19.900384521484398,
    20.458703613281273,
    20.452661132812523,
    20.449914550781273,
    20.474511718750023,
    20.513146972656273,
    20.543176269531273,
    20.546685791015648,
    20.531610107421898,
    20.514215087890648,
    19.941186523437523,
    21.046899414062523,
    21.182427978515648,
    21.287286376953148,
    21.366632080078148,
    21.429528808593773,
    21.136834716796898,
    21.581262207031273,
    21.785333251953148,
    22.066217041015648,
    22.149377441406273,
    22.592370605468773,
    22.841821289062523,
    23.086755371093773,
    23.344873046875023,
    23.595513916015648,
    23.831353759765648,
    24.051324462890648,
    24.256646728515648,
    24.448999023437523,
    24.624871826171898,
    24.795465087890648,
    24.960198974609398,
    25.108819580078148,
    25.227685546875023,
    25.852532958984398,
    25.393212890625023,
    25.434075927734398,
    25.460412597656273,
    25.462915039062523,
    25.438714599609398,
    25.384576416015648,
    25.278649902343773,
    22.151727294921898,
    24.837548828125023,
    24.690972900390648,
    24.544519042968773,
    24.420587158203148,
    24.316369628906273,
    24.225244140625023,
    24.138604736328148,
    23.570550537109398,
    23.434136962890648,
    23.312799072265648,
    23.210839843750023,
    23.165246582031273,
    23.047509765625023,
    22.954644775390648,
    22.875238037109398,
    22.798608398437523,
    22.668817138671898,
    22.658898925781273,
    22.594018554687523,
    22.526696777343773,
    22.455773925781273,
    22.382958984375023,
    22.310449218750023,
    22.239282226562523,
    22.167443847656273,
    22.099237060546898,
    21.812860107421898,
    21.952874755859398,
    21.591760253906273,
    21.733026123046898,
    21.636590576171898
  ],
  "outdoor_temps": [
    -6.1035156022626325e-06,
    -6.1035156022626325e-06,
    -6.1035156022626325e-06,
    -6.1035156022626325e-06,
    -6.1035156022626325e-06,
    -6.1035156022626325e-06,
    -6.1035156022626325e-06,
    -6.1035156022626325e-06,
    -6.1035156022626325e-06,
    -6.1035156022626325e-06,
    -6.1035156022626325e-06,
    -6.1035156022626325e-06,
    -6.1035156022626325e-06,
    -6.1035156022626325e-06,
    -6.1035156022626325e-06,
    -6.1035156022626325e-06,
    -6.1035156022626325e-06,
    -6.1035156022626325e-06,
    -6.1035156022626325e-06,
    -6.1035156022626325e-06,
    -6.1035156022626325e-06,
    -6.1035156022626325e-06,
    -6.1035156022626325e-06,
    0.48467407226564774,
    1.5674987792968977,
    2.6915527343750227,
    3.3000122070312727,
    3.2094665527343977,
    2.8019348144531477,
    2.3684326171875227,
    2.2000061035156477,
    2.3021789550781477,
    2.5030456542968977,
    2.8273864746093977,
    3.3000122070312727,
    4.170007324218773,
    5.390008544921898,
    6.540002441406273,
    7.200006103515648,
    7.400476074218773,
    7.509606933593773,
    7.613946533203148,
    7.800012207031273,
    8.075891113281273,
    8.371636962890648,
    8.656549072265648,
    8.899987792968773,
    9.066003417968773,
    9.171868896484398,
    9.266809082031273,
    9.399987792968773,
    9.710534667968773,
    10.159387207031273,
    10.528527832031273,
    10.600000000000023,
    10.450006103515648,
    10.300012207031273,
    10.149987792968773,
    9.999993896484398,
    9.850000000000023,
    9.700006103515648,
    9.550012207031273,
    9.399987792968773,
    8.978875732421898,
    8.201959228515648,
    7.349084472656273,
    6.700006103515648,
    6.357904052734398,
    6.149987792968773,
    5.942102050781273,
    5.600000000000023,
    4.941003417968773,
    4.063317871093773,
    3.2539611816406477,
    2.8000122070312727,
    2.6291442871093977,
    2.4749084472656477,
    2.3332153320312727,
    2.2000061035156477,
    2.0766845703125227,
    1.9598327636718977,
    1.8380676269531477,
    1.7000061035156477,
    1.4921203613281477,
    1.2039733886718977,
    0.8888488769531477,
    0.6000000000000227,
    0.41335449218752274,
    0.31020507812502274,
    0.20195922851564774,
    -6.1035156022626325e-06,
    -0.7735656738281023,
    -2.1510986328124773,
    -3.5530761718749773,
    -4.399999999999977
  ],
  "rewards": [
    4.9077753899246455,
    4.9076752827316525,
    4.905702330842614,
    4.90387322165072,
    4.902335326448083,
    4.901042344204109,
    4.899916627079897,
    4.898892724238659,
    4.897925631776452,
    -0.6389581778185568,
    4.893637311218874,
    4.894009482637048,
    4.8934927245683,
    4.89280759545448,
    4.892045895777966,
    4.891246545091271,
    4.8904304096329465,
    4.8896104976243295,
    4.88879522057655,
    4.887988526545788,
    -0.0330312006693774,
    4.88536431040129,
    4.885104348384168,
    4.8849920531427085,
    4.886092288270593,
    4.887812936082482,
    4.889148928895593,
    4.889306132569909,
    4.888637873760384,
    4.8878674670762345,
    -0.0262544868513915,
    4.911503712881518,
    4.917500855699181,
    4.9221398708969355,
    4.925648228846814,
    4.928428914323449,
    4.944322552591886,
    4.935142175850014,
    4.944195534816902,
    4.956659652963281,
    4.974267027288999,
    4.980012243684867,
    4.9910847691446545,
    4.996952944925946,
    4.993515397682786,
    4.990177723541856,
    4.9870370958000425,
    -0.006764943763292096,
    -0.07068190387572802,
    -0.20705482018708635,
    -0.39650497482687486,
    -0.6393727506325011,
    -0.9291384251561938,
    -1.2371319179901465,
    -1.5152584094554744,
    -3.4383957068622957,
    -1.9496395064923413,
    -2.0653070338216817,
    -2.1416258987039996,
    -2.1489496911317776,
    -2.0786484904733693,
    -1.9256205650338643,
    -1.6431617345661507,
    4.9359532163729485,
    -0.7082357711669276,
    -0.4837032211944775,
    -0.30227302766690967,
    -0.1822529178420678,
    -0.10510215543211945,
    -0.055443958416591395,
    -0.02363191898264945,
    4.990520093671005,
    4.992335730515744,
    4.99395011988347,
    4.995306412354112,
    4.997977343313396,
    4.997479213210552,
    4.99808832363104,
    4.9925649973329,
    4.9891683826077236,
    4.989640722781743,
    4.982975688923312,
    4.980099655166268,
    4.977116501004152,
    4.973974501863122,
    4.970749044142987,
    4.967537734233167,
    4.964384135976434,
    4.9612024971551225,
    4.958182131916932,
    4.964361443378679,
    4.951697523292641,
    4.957830080896939,
    4.9419505808243285,
    4.937673332415844
  ],