{
  "episode": 136,
  "steps": 95,
  "actions": [
    23,
    23,
    23,
    23,
    14,
    20,
    13,
    22,
    6,
    5,
    6,
    22,
    7,
    14,
    4,
    9,
    20,
    7,
    20,
    12,
    14,
    20,
    20,
    14,
    20,
    5,
    15,
    22,
    4,
    20,
    5,
    14,
    20,
    5,
    20,
    5,
    13,
    20,
    14,
    5,
    20,
    22,
    13,
    12,
    20,
    21,
    22,
    19,
    20,
    21,
    10,
    9,
    11,
    18,
    3,
    11,
    16,
    8,
    16,
    10,
    22,
    1,
    22,
    1,
    2,
    1,
    21,
    11,
    11,
    1,
    20,
    11,
    1,
    22,
    4,
    12,
    3,
    14,
    15,
    3,
    22,
    20,
    13,
    7,
    22,
    20,
    12,
    7,
    15,
    5,
    20,
    21,
    21,
    6,
    13
  ],
  "temperatures": [
    21.111627197265648,
    21.104028320312523,
    21.062646484375023,
    21.024285888671898,
    20.531274414062523,
    20.948815917968773,
    20.460931396484398,
    20.897271728515648,
    19.628503417968773,
    19.475946044921898,
    19.407983398437523,
    20.748834228515648,
    19.457391357421898,
    20.193109130859398,
    19.355126953125023,
    15.830316162109398,
    20.533135986328148,
    19.222314453125023,
    20.567315673828148,
    20.059167480468773,
    20.034051513671898,
    20.556451416015648,
    20.559899902343773,
    20.030633544921898,
    20.572930908203148,
    19.286309814453148,
    20.077050781250023,
    20.616815185546898,
    19.305322265625023,
    20.571160888671898,
    19.278283691406273,
    20.659753417968773,
    21.215447998046898,
    20.404779052734398,
    21.382348632812523,
    20.605645751953148,
    21.167779541015648,
    21.603204345703148,
    21.531793212890648,
    21.474237060546898,
    22.326135253906273,
    22.574822998046898,
    22.749993896484398,
    23.031396484375023,
    23.275445556640648,
    23.509942626953148,
    23.731164550781273,
    19.267327880859398,
    24.008020019531273,
    24.237817382812523,
    20.776147460937523,
    20.869165039062523,
    21.005944824218773,
    20.158410644531273,
    22.675653076171898,
    21.336236572265648,
    20.349359130859398,
    21.339868164062523,
    20.345697021484398,
    21.296502685546898,
    24.767053222656273,
    22.900170898437523,
    24.679284667968773,
    22.617974853515648,
    22.278833007812523,
    21.993066406250023,
    24.022912597656273,
    20.325189208984398,
    20.097100830078148,
    21.117669677734398,
    23.591241455078148,
    19.284173583984398,
    19.990655517578148,
    22.761743164062523,
    22.570031738281273,
    22.584466552734398,
    19.574975585937523,
    22.319421386718773,
    22.295983886718773,
    19.217095947265648,
    22.247796630859398,
    22.237908935546898,
    22.021661376953148,
    21.673364257812523,
    22.087457275390648,
    22.039819335937523,
    21.758416748046898,
    21.317468261718773,
    21.592523193359398,
    21.123986816406273,
    21.741021728515648,
    21.692529296875023,
    21.609063720703148,
    20.679833984375023,
    21.036065673828148
  ],
  "outdoor_temps": [
    -6.1035156022626325e-06,
    -6.1035156022626325e-06,
    -6.1035156022626325e-06,
    -6.1035156022626325e-06,
    -6.1035156022626325e-06,
    -6.1035156022626325e-06,
    -6.1035156022626325e-06,
    -6.1035156022626325e-06,
    -6.1035156022626325e-06,
    -6.1035156022626325e-06,
    -6.1035156022626325e-06,
    -6.1035156022626325e-06,
    -6.1035156022626325e-06,
    -6.1035156022626325e-06,
    -6.1035156022626325e-06,
    -6.1035156022626325e-06,
    -6.1035156022626325e-06,
    -6.1035156022626325e-06,
    -6.1035156022626325e-06,
    -6.1035156022626325e-06,
    -6.1035156022626325e-06,
    -6.1035156022626325e-06,
    -6.1035156022626325e-06,
    0.48467407226564774,
    1.5674987792968977,
    2.6915527343750227,
    3.3000122070312727,
    3.2094665527343977,
    2.8019348144531477,
    2.3684326171875227,
    2.2000061035156477,
    2.3021789550781477,
    2.5030456542968977,
    2.8273864746093977,
    3.3000122070312727,
    4.170007324218773,
    5.390008544921898,
    6.540002441406273,
    7.200006103515648,
    7.400476074218773,
    7.509606933593773,
    7.613946533203148,
    7.800012207031273,
    8.075891113281273,
    8.371636962890648,
    8.656549072265648,
    8.899987792968773,
    9.066003417968773,
    9.171868896484398,
    9.266809082031273,
    9.399987792968773,
    9.710534667968773,
    10.159387207031273,
    10.528527832031273,
    10.600000000000023,
    10.450006103515648,
    10.300012207031273,
    10.149987792968773,
    9.999993896484398,
    9.850000000000023,
    9.700006103515648,
    9.550012207031273,
    9.399987792968773,
    8.978875732421898,
    8.201959228515648,
    7.349084472656273,
    6.700006103515648,
    6.357904052734398,
    6.149987792968773,
    5.942102050781273,
    5.600000000000023,
    4.941003417968773,
    4.063317871093773,
    3.2539611816406477,
    2.8000122070312727,
    2.6291442871093977,
    2.4749084472656477,
    2.3332153320312727,
    2.2000061035156477,
    2.0766845703125227,
    1.9598327636718977,
    1.8380676269531477,
    1.7000061035156477,
    1.4921203613281477,
    1.2039733886718977,
    0.8888488769531477,
    0.6000000000000227,
    0.41335449218752274,
    0.31020507812502274,
    0.20195922851564774,
    -6.1035156022626325e-06,
    -0.7735656738281023,
    -2.1510986328124773,
    -3.5530761718749773,
    -4.399999999999977
  ],
  "rewards": [
    4.963678053930402,
    4.9635631695538756,
    4.962818720653653,
    4.962127915933729,
    4.967531259212643,
    4.960763894502883,
    4.966645747433375,
    4.959836079117397,
    -0.3575477805171226,
    -0.6996660760770077,
    -0.8895420111736175,
    4.957128467859781,
    -0.7492047313969451,
    4.963235168544981,
    -1.0531713780258332,
    -43.46744759611868,
    4.953170471484895,
    -1.5259913774923872,
    4.9538109901048575,
    4.961525818119716,
    4.961202865965826,
    4.953619136338,
    4.9536863066469845,
    4.961167643080425,
    4.953934385959869,
    -1.2871432637208666,
    4.961775084851067,
    4.9547504140909595,
    -1.2201306091431225,
    4.95390753179659,
    -1.3159734991536993,
    4.969318497298043,
    4.965811633054977,
    4.980739670182538,
    4.96888742057396,
    4.982218903089833,
    4.975870865700524,
    4.972958468433956,
    4.980577723990153,
    4.9886352674149625,
    4.98632540641142,
    4.990924624971074,
    4.99634720559078,
    4.999462663461941,
    4.997260479655279,
    4.995959178454202,
    4.994731689900807,
    -1.354378589104454,
    -0.003476493091687824,
    -0.14534600258718477,
    4.977150209595166,
    4.976788862429073,
    4.976257842316414,
    4.97016776590438,
    4.9828878640032,
    4.9749761988195065,
    4.96910967378707,
    4.974962755529615,
    4.96913058785835,
    4.975131391374799,
    -1.4763476218400666,
    4.982390133615906,
    -1.15874678278382,
    4.983016198750909,
    4.983768951818023,
    4.984403401534356,
    -0.0046690593849407725,
    4.978903993417226,
    4.979790080912573,
    4.986346839867694,
    4.995508831675772,
    -1.289512462445494,
    -0.00578590357194184,
    4.994377964298848,
    4.996738075640376,
    4.994204165326998,
    -0.4567195102495833,
    4.990777572241653,
    4.990475389086519,
    -1.537054469010906,
    4.984888457664329,
    4.984706602953698,
    4.986930531571579,
    4.990117206722984,
    4.981930314550581,
    4.98105175700071,
    4.9835306984288215,
    4.987491275869472,
    4.981387949673865,
    4.9860634840641005,
    4.975537607351075,
    4.974642645291012,
    4.973100700587682,
    4.982783273880087,
    4.97419405235917
  ],