{
  "episode": 1527,
  "steps": 95,
  "actions": [
    23,
    23,
    23,
    23,
    5,
    20,
    23,
    23,
    23,
    23,
    22,
    22,
    23,
    20,
    12,
    23,
    20,
    23,
    22,
    21,
    23,
    21,
    20,
    22,
    23,
    20,
    22,
    23,
    23,
    23,
    20,
    22,
    23,
    22,
    21,
    23,
    21,
    13,
    22,
    23,
    20,
    21,
    23,
    23,
    12,
    23,
    23,
    22,
    20,
    22,
    13,
    20,
    21,
    23,
    22,
    20,
    22,
    22,
    23,
    23,
    22,
    23,
    23,
    23,
    23,
    22,
    23,
    22,
    21,
    20,
    22,
    21,
    23,
    23,
    12,
    21,
    23,
    21,
    23,
    6,
    23,
    22,
    20,
    1,
    12,
    20,
    21,
    20,
    23,
    20,
    21,
    22,
    21,
    23,
    22
  ],
  "temperatures": [
    20.975762939453148,
    20.971978759765648,
    20.926324462890648,
    20.884027099609398,
    19.381799316406273,
    20.766168212890648,
    20.768212890625023,
    20.752496337890648,
    20.734338378906273,
    20.715142822265648,
    20.695428466796898,
    20.675469970703148,
    20.655480957031273,
    20.635522460937523,
    20.035974121093773,
    20.573327636718773,
    20.565026855468773,
    20.549371337890648,
    20.532373046875023,
    20.514916992187523,
    20.497369384765648,
    20.479882812500023,
    20.462579345703148,
    20.456201171875023,
    20.478875732421898,
    20.516381835937523,
    20.545709228515648,
    20.548760986328148,
    20.533380126953148,
    20.515771484375023,
    20.527642822265648,
    21.070886230468773,
    21.195642089843773,
    21.296807861328148,
    21.374108886718773,
    21.435784912109398,
    21.499536132812523,
    21.262200927734398,
    21.784783935546898,
    22.069085693359398,
    22.342980957031273,
    22.600457763671898,
    22.847009277343773,
    23.091729736328148,
    23.420312500000023,
    23.602044677734398,
    23.836968994140648,
    24.056665039062523,
    24.261834716796898,
    24.454003906250023,
    24.997796630859398,
    24.810266113281273,
    24.970483398437523,
    25.117761230468773,
    25.235894775390648,
    25.321435546875023,
    25.385644531250023,
    25.432733154296898,
    25.460473632812523,
    25.463647460937523,
    25.439935302734398,
    25.386102294921898,
    25.280389404296898,
    25.123986816406273,
    24.924645996093773,
    24.742456054687523,
    24.586633300781273,
    24.457391357421898,
    24.349725341796898,
    24.256127929687523,
    24.167626953125023,
    23.599114990234398,
    23.461328125000023,
    23.338800048828148,
    23.297021484375023,
    23.154595947265648,
    23.070977783203148,
    22.982873535156273,
    22.898248291015648,
    22.728845214843773,
    22.747216796875023,
    22.680505371093773,
    22.614526367187523,
    20.004174804687523,
    22.250360107421898,
    22.358697509765648,
    22.295800781250023,
    22.229089355468773,
    22.159936523437523,
    22.093469238281273,
    22.029931640625023,
    21.956048583984398,
    21.854455566406273,
    21.741204833984398,
    21.640557861328148
  ],
  "outdoor_temps": [
    -6.1035156022626325e-06,
    -6.1035156022626325e-06,
    -6.1035156022626325e-06,
    -6.1035156022626325e-06,
    -6.1035156022626325e-06,
    -6.1035156022626325e-06,
    -6.1035156022626325e-06,
    -6.1035156022626325e-06,
    -6.1035156022626325e-06,
    -6.1035156022626325e-06,
    -6.1035156022626325e-06,
    -6.1035156022626325e-06,
    -6.1035156022626325e-06,
    -6.1035156022626325e-06,
    -6.1035156022626325e-06,
    -6.1035156022626325e-06,
    -6.1035156022626325e-06,
    -6.1035156022626325e-06,
    -6.1035156022626325e-06,
    -6.1035156022626325e-06,
    -6.1035156022626325e-06,
    -6.1035156022626325e-06,
    -6.1035156022626325e-06,
    0.48467407226564774,
    1.5674987792968977,
    2.6915527343750227,
    3.3000122070312727,
    3.2094665527343977,
    2.8019348144531477,
    2.3684326171875227,
    2.2000061035156477,
    2.3021789550781477,
    2.5030456542968977,
    2.8273864746093977,
    3.3000122070312727,
    4.170007324218773,
    5.390008544921898,
    6.540002441406273,
    7.200006103515648,
    7.400476074218773,
    7.509606933593773,
    7.613946533203148,
    7.800012207031273,
    8.075891113281273,
    8.371636962890648,
    8.656549072265648,
    8.899987792968773,
    9.066003417968773,
    9.171868896484398,
    9.266809082031273,
    9.399987792968773,
    9.710534667968773,
    10.159387207031273,
    10.528527832031273,
    10.600000000000023,
    10.450006103515648,
    10.300012207031273,
    10.149987792968773,
    9.999993896484398,
    9.850000000000023,
    9.700006103515648,
    9.550012207031273,
    9.399987792968773,
    8.978875732421898,
    8.201959228515648,
    7.349084472656273,
    6.700006103515648,
    6.357904052734398,
    6.149987792968773,
    5.942102050781273,
    5.600000000000023,
    4.941003417968773,
    4.063317871093773,
    3.2539611816406477,
    2.8000122070312727,
    2.6291442871093977,
    2.4749084472656477,
    2.3332153320312727,
    2.2000061035156477,
    2.0766845703125227,
    1.9598327636718977,
    1.8380676269531477,
    1.7000061035156477,
    1.4921203613281477,
    1.2039733886718977,
    0.8888488769531477,
    0.6000000000000227,
    0.41335449218752274,
    0.31020507812502274,
    0.20195922851564774,
    -6.1035156022626325e-06,
    -0.7735656738281023,
    -2.1510986328124773,
    -3.5530761718749773,
    -4.399999999999977
  ],
  "rewards": [
    4.9077753899246455,
    4.9076752827316525,
    4.905702330842614,
    4.90387322165072,
    -0.39562337254636903,
    4.8987199661524405,
    4.898849322429817,
    4.898183038011194,
    4.897406012788415,
    4.896579692140222,
    4.895727822557092,
    4.8948637363541385,
    4.893994891368176,
    4.8931259415298705,
    4.911715211688501,
    4.89039411281438,
    4.8900380203872915,
    4.889354092708748,
    4.888609778657556,
    4.887843367778088,
    4.887071101338319,
    4.88630275465548,
    4.885544459492616,
    4.885271355739754,
    4.886285206996228,
    4.8879555294662715,
    4.889260651699226,
    4.889398019038464,
    4.888716456666589,
    4.887936789765954,
    4.8884639046341185,
    4.91256744109742,
    4.918086812220837,
    4.9225615332275625,
    4.9259801265824095,
    4.928706886441163,
    4.931524326577783,
    4.948022942402116,
    4.944171068367103,
    4.956786892138745,
    4.968943061605096,
    4.98037156306855,
    4.991314810187273,
    4.996886693611741,
    4.995708143077791,
    4.990090837229205,
    4.986962340846658,
    -0.007359485998752311,
    -0.07338896767763883,
    -0.21159093222866363,
    -1.0002189975005582,
    -0.6631885483148673,
    -0.9490286018635062,
    -1.2570709654980887,
    -1.5355097634718382,
    -1.7545504595113142,
    -1.9285829075361707,
    -2.0614531050768883,
    -2.1418043513369964,
    -2.151095672324366,
    -2.0821665979549944,
    -1.9298533664790167,
    -1.647618930153607,
    -1.2710476388782774,
    -0.8620078935474578,
    -0.5576719678193669,
    -0.3500508746278294,
    -0.2146887580678075,
    -0.12743122713237,
    -0.07041335123713766,
    -0.03261605493077232,
    4.990139898978497,
    4.991973734766892,
    4.993604122772813,
    4.996808924935758,
    4.9960547449180615,
    4.997166689307146,
    4.997337393239141,
    4.993585874409131,
    4.99591293125879,
    4.9868904993553524,
    4.983932546153665,
    4.981008848868634,
    4.977747657151852,
    4.977277789074604,
    4.96967363310249,
    4.966887719265144,
    4.9639323183602615,
    4.960869540802163,
    4.957925674691796,
    4.955111109844368,
    4.9518375941819475,
    4.947335445605542,
    4.94231425014203,
    4.937850167527795
  ],