{
  "episode": 753,
  "steps": 95,
  "actions": [
    23,
    23,
    23,
    23,
    12,
    5,
    7,
    21,
    23,
    20,
    22,
    20,
    13,
    12,
    22,
    15,
    15,
    23,
    15,
    13,
    15,
    22,
    22,
    20,
    15,
    23,
    13,
    23,
    22,
    20,
    21,
    13,
    13,
    15,
    20,
    20,
    21,
    21,
    21,
    12,
    20,
    22,
    20,
    20,
    3,
    12,
    21,
    15,
    21,
    11,
    11,
    10,
    0,
    9,
    0,
    3,
    2,
    1,
    0,
    9,
    10,
    9,
    9,
    9,
    3,
    13,
    3,
    2,
    8,
    15,
    2,
    10,
    20,
    1,
    12,
    12,
    12,
    13,
    12,
    21,
    13,
    21,
    7,
    12,
    21,
    14,
    13,
    23,
    22,
    23,
    12,
    13,
    12,
    22,
    12
  ],
  "temperatures": [
    21.111627197265648,
    21.104028320312523,
    21.062646484375023,
    21.024285888671898,
    20.531274414062523,
    19.688439941406273,
    19.555444335937523,
    20.847558593750023,
    20.858026123046898,
    20.850152587890648,
    20.837335205078148,
    20.822137451171898,
    20.313043212890648,
    20.266992187500023,
    20.743951416015648,
    20.233392333984398,
    20.191918945312523,
    20.682092285156273,
    20.163720703125023,
    20.123803710937523,
    20.095605468750023,
    20.603326416015648,
    20.602563476562523,
    20.604028320312523,
    20.109216308593773,
    20.649255371093773,
    20.182397460937523,
    20.676141357421898,
    20.672937011718773,
    20.661828613281273,
    20.677026367187523,
    20.794305419921898,
    20.918389892578148,
    21.025842285156273,
    21.451776123046898,
    21.519128417968773,
    21.583428955078148,
    21.680413818359398,
    21.869714355468773,
    21.922113037109398,
    22.386254882812523,
    22.628869628906273,
    22.859521484375023,
    23.087548828125023,
    20.415155029296898,
    23.571252441406273,
    23.747186279296898,
    24.160302734375023,
    24.162042236328148,
    20.673852539062523,
    20.762872314453148,
    20.900781250000023,
    22.501855468750023,
    21.238000488281273,
    22.837243652343773,
    23.004998779296898,
    23.100152587890648,
    23.164697265625023,
    23.201074218750023,
    21.602075195312523,
    21.510522460937523,
    21.410974121093773,
    21.268243408203148,
    21.065728759765648,
    22.206506347656273,
    24.431146240234398,
    21.889398193359398,
    21.618310546875023,
    20.167077636718773,
    23.839959716796898,
    21.210961914062523,
    19.313134765625023,
    22.928918457031273,
    20.016961669921898,
    22.650567626953148,
    22.624658203125023,
    22.551660156250023,
    22.470422363281273,
    22.390954589843773,
    22.439080810546898,
    22.254876708984398,
    22.333184814453148,
    21.896600341796898,
    22.048303222656273,
    22.166070556640648,
    21.914300537109398,
    21.835198974609398,
    21.989160156250023,
    21.935510253906273,
    21.882318115234398,
    21.567071533203148,
    21.480004882812523,
    21.365899658203148,
    21.563836669921898,
    21.139245605468773
  ],
  "outdoor_temps": [
    -6.1035156022626325e-06,
    -6.1035156022626325e-06,
    -6.1035156022626325e-06,
    -6.1035156022626325e-06,
    -6.1035156022626325e-06,
    -6.1035156022626325e-06,
    -6.1035156022626325e-06,
    -6.1035156022626325e-06,
    -6.1035156022626325e-06,
    -6.1035156022626325e-06,
    -6.1035156022626325e-06,
    -6.1035156022626325e-06,
    -6.1035156022626325e-06,
    -6.1035156022626325e-06,
    -6.1035156022626325e-06,
    -6.1035156022626325e-06,
    -6.1035156022626325e-06,
    -6.1035156022626325e-06,
    -6.1035156022626325e-06,
    -6.1035156022626325e-06,
    -6.1035156022626325e-06,
    -6.1035156022626325e-06,
    -6.1035156022626325e-06,
    0.48467407226564774,
    1.5674987792968977,
    2.6915527343750227,
    3.3000122070312727,
    3.2094665527343977,
    2.8019348144531477,
    2.3684326171875227,
    2.2000061035156477,
    2.3021789550781477,
    2.5030456542968977,
    2.8273864746093977,
    3.3000122070312727,
    4.170007324218773,
    5.390008544921898,
    6.540002441406273,
    7.200006103515648,
    7.400476074218773,
    7.509606933593773,
    7.613946533203148,
    7.800012207031273,
    8.075891113281273,
    8.371636962890648,
    8.656549072265648,
    8.899987792968773,
    9.066003417968773,
    9.171868896484398,
    9.266809082031273,
    9.399987792968773,
    9.710534667968773,
    10.159387207031273,
    10.528527832031273,
    10.600000000000023,
    10.450006103515648,
    10.300012207031273,
    10.149987792968773,
    9.999993896484398,
    9.850000000000023,
    9.700006103515648,
    9.550012207031273,
    9.399987792968773,
    8.978875732421898,
    8.201959228515648,
    7.349084472656273,
    6.700006103515648,
    6.357904052734398,
    6.149987792968773,
    5.942102050781273,
    5.600000000000023,
    4.941003417968773,
    4.063317871093773,
    3.2539611816406477,
    2.8000122070312727,
    2.6291442871093977,
    2.4749084472656477,
    2.3332153320312727,
    2.2000061035156477,
    2.0766845703125227,
    1.9598327636718977,
    1.8380676269531477,
    1.7000061035156477,
    1.4921203613281477,
    1.2039733886718977,
    0.8888488769531477,
    0.6000000000000227,
    0.41335449218752274,
    0.31020507812502274,
    0.20195922851564774,
    -6.1035156022626325e-06,
    -0.7735656738281023,
    -2.1510986328124773,
    -3.5530761718749773,
    -4.399999999999977
  ],
  "rewards": [
    4.963678053930402,
    4.9635631695538756,
    4.962818720653653,
    4.962127915933729,
    4.967531105432659,
    -0.25498894653449583,
    -0.5068767796477365,
    4.958915219555083,
    4.959120472878865,
    4.958985071495175,
    4.95875750916354,
    4.958484621309068,
    4.964782234466594,
    4.964191569164882,
    4.957058519411994,
    4.963766771655854,
    4.963233730829119,
    4.95592898746094,
    4.962875802669674,
    4.962362098729967,
    4.9619993925844526,
    4.954485519128649,
    4.954474954866196,
    4.95450576808336,
    4.96218724728651,
    4.955347699123232,
    4.9631380118466915,
    4.9558467831579245,
    4.955788121536374,
    4.955582907460953,
    4.955863963535946,
    4.9710589952028315,
    4.972659483626971,
    4.974045679644236,
    4.970170775252192,
    4.971411872676533,
    4.972596810034435,
    4.97438647469943,
    4.9778854092068,
    4.985630063463651,
    4.987437259841872,
    4.9919240647768195,
    4.996189711951043,
    4.99830295460574,
    4.987904861654115,
    4.997365694490302,
    4.994642900366498,
    -0.06667379580002643,
    -0.06938716523464507,
    4.977547607470952,
    4.977201740272505,
    4.976666063793165,
    4.983272943354657,
    4.975356861505658,
    4.982529179331037,
    4.9821571838147936,
    4.981946299594868,
    4.981803203742303,
    4.981722631975685,
    4.973944569382817,
    4.974300089015747,
    4.974686500511577,
    4.975240535869385,
    4.976027061476494,
    4.983929449825669,
    -0.4676746988957833,
    4.984633695930729,
    4.985235481780995,
    4.979518351699509,
    4.996322804660739,
    4.986140004805087,
    -1.1880096291495597,
    4.997466743271312,
    4.98879627593882,
    4.995058002769623,
    4.994723974742157,
    4.993780509509308,
    4.992730768896801,
    4.991703661159167,
    4.988421742309047,
    4.989944933131985,
    4.986466549780706,
    4.991765974883638,
    4.9872757221147745,
    4.9833824428805835,
    4.985545194794141,
    4.984523391150748,
    4.98011832856808,
    4.979128285959363,
    4.978146645687844,
    4.981060286242515,
    4.979934959538443,
    4.9784600592409465,
    4.972264688301993,
    4.975527991753395
  ],