{
  "episode": 98,
  "steps": 95,
  "actions": [
    23,
    23,
    23,
    23,
    20,
    20,
    17,
    16,
    20,
    20,
    20,
    22,
    20,
    22,
    22,
    5,
    22,
    22,
    23,
    9,
    1,
    20,
    20,
    20,
    3,
    20,
    20,
    22,
    22,
    20,
    22,
    21,
    21,
    23,
    21,
    10,
    21,
    15,
    21,
    3,
    14,
    14,
    21,
    1,
    21,
    0,
    1,
    23,
    2,
    2,
    2,
    1,
    0,
    8,
    6,
    8,
    8,
    9,
    9,
    9,
    20,
    8,
    8,
    9,
    18,
    7,
    0,
    16,
    14,
    16,
    2,
    20,
    12,
    20,
    22,
    22,
    22,
    22,
    1,
    1,
    8,
    15,
    22,
    22,
    15,
    23,
    10,
    16,
    16,
    23,
    0,
    22,
    20,
    17,
    23
  ],
  "temperatures": [
    20.975762939453148,
    20.971978759765648,
    20.926324462890648,
    20.884027099609398,
    20.848413085937523,
    20.818383789062523,
    15.982293701171898,
    15.838037109375023,
    20.502313232421898,
    20.588708496093773,
    20.603784179687523,
    20.602960205078148,
    20.594415283203148,
    20.581719970703148,
    20.566735839843773,
    18.970056152343773,
    20.475518798828148,
    20.487451171875023,
    20.479119873046898,
    15.829034423828148,
    15.812738037109398,
    20.202813720703148,
    20.288751220703148,
    20.319635009765648,
    16.046044921875023,
    20.265985107421898,
    20.376977539062523,
    20.408624267578148,
    20.409906005859398,
    20.403009033203148,
    20.422235107421898,
    20.968255615234398,
    21.097375488281273,
    21.202081298828148,
    21.282312011718773,
    16.751031494140648,
    21.277642822265648,
    21.076684570312523,
    21.653253173828148,
    18.342584228515648,
    21.861749267578148,
    22.298974609375023,
    22.720788574218773,
    20.299707031250023,
    23.158044433593773,
    21.182122802734398,
    21.413049316406273,
    23.820458984375023,
    22.237756347656273,
    22.431481933593773,
    22.690911865234398,
    22.951898193359398,
    23.209588623046898,
    21.624353027343773,
    25.874841308593773,
    21.935418701171898,
    21.905114746093773,
    21.914361572265648,
    21.912072753906273,
    21.886315917968773,
    24.977075195312523,
    21.879876708984398,
    21.692987060546898,
    21.473626708984398,
    20.140374755859398,
    24.775567626953148,
    22.465570068359398,
    19.672601318359398,
    23.953485107421898,
    19.436273193359398,
    21.475488281250023,
    23.038629150390648,
    22.950860595703148,
    22.855676269531273,
    22.768365478515648,
    22.697137451171898,
    22.623681640625023,
    22.547998046875023,
    19.860162353515648,
    19.586450195312523,
    18.470788574218773,
    21.870477294921898,
    22.114556884765648,
    22.082574462890648,
    21.802453613281273,
    21.971673583984398,
    18.030786132812523,
    17.312646484375023,
    17.168328857421898,
    21.488488769531273,
    18.286004638671898,
    21.390344238281273,
    21.364831542968773,
    16.785852050781273,
    21.061456298828148
  ],
  "outdoor_temps": [
    -6.1035156022626325e-06,
    -6.1035156022626325e-06,
    -6.1035156022626325e-06,
    -6.1035156022626325e-06,
    -6.1035156022626325e-06,
    -6.1035156022626325e-06,
    -6.1035156022626325e-06,
    -6.1035156022626325e-06,
    -6.1035156022626325e-06,
    -6.1035156022626325e-06,
    -6.1035156022626325e-06,
    -6.1035156022626325e-06,
    -6.1035156022626325e-06,
    -6.1035156022626325e-06,
    -6.1035156022626325e-06,
    -6.1035156022626325e-06,
    -6.1035156022626325e-06,
    -6.1035156022626325e-06,
    -6.1035156022626325e-06,
    -6.1035156022626325e-06,
    -6.1035156022626325e-06,
    -6.1035156022626325e-06,
    -6.1035156022626325e-06,
    0.48467407226564774,
    1.5674987792968977,
    2.6915527343750227,
    3.3000122070312727,
    3.2094665527343977,
    2.8019348144531477,
    2.3684326171875227,
    2.2000061035156477,
    2.3021789550781477,
    2.5030456542968977,
    2.8273864746093977,
    3.3000122070312727,
    4.170007324218773,
    5.390008544921898,
    6.540002441406273,
    7.200006103515648,
    7.400476074218773,
    7.509606933593773,
    7.613946533203148,
    7.800012207031273,
    8.075891113281273,
    8.371636962890648,
    8.656549072265648,
    8.899987792968773,
    9.066003417968773,
    9.171868896484398,
    9.266809082031273,
    9.399987792968773,
    9.710534667968773,
    10.159387207031273,
    10.528527832031273,
    10.600000000000023,
    10.450006103515648,
    10.300012207031273,
    10.149987792968773,
    9.999993896484398,
    9.850000000000023,
    9.700006103515648,
    9.550012207031273,
    9.399987792968773,
    8.978875732421898,
    8.201959228515648,
    7.349084472656273,
    6.700006103515648,
    6.357904052734398,
    6.149987792968773,
    5.942102050781273,
    5.600000000000023,
    4.941003417968773,
    4.063317871093773,
    3.2539611816406477,
    2.8000122070312727,
    2.6291442871093977,
    2.4749084472656477,
    2.3332153320312727,
    2.2000061035156477,
    2.0766845703125227,
    1.9598327636718977,
    1.8380676269531477,
    1.7000061035156477,
    1.4921203613281477,
    1.2039733886718977,
    0.8888488769531477,
    0.6000000000000227,
    0.41335449218752274,
    0.31020507812502274,
    0.20195922851564774,
    -6.1035156022626325e-06,
    -0.7735656738281023,
    -2.1510986328124773,
    -3.5530761718749773,
    -4.399999999999977
  ],
  "rewards": [
    4.120979222776403,
    4.115054529951921,
    4.041117961602322,
    3.9698265858460595,
    3.9077210109681286,
    3.8538796917414295,
    -50.0,
    -50.0,
    3.2047970666554657,
    3.397155493318111,
    3.4295937208151517,
    3.427852636107251,
    3.4095323840476564,
    3.3820995172644115,
    3.3494030540291226,
    -2.666892530350505,
    3.1430341678222593,
    3.1707532742846785,
    3.1514394176699256,
    -50.0,
    -50.0,
    2.451604176578781,
    2.6815545901442124,
    2.76149379839843,
    -49.085584537505696,
    2.621745600964042,
    2.9061269871210835,
    2.9838258875692403,
    2.9869422392495037,
    2.9701512209273933,
    3.0167830897653607,
    4.109641575808064,
    4.302679081120276,
    4.440853834616695,
    4.535599851869072,
    -36.393564482043416,
    4.5303255504122975,
    4.303149989255452,
    4.848157066558296,
    -6.871300105551352,
    4.9514204756943965,
    4.911653669309671,
    4.596060575377981,
    2.8081602476944756,
    3.9902030761126523,
    4.470797544283537,
    4.713081081095171,
    2.5016285518515717,
    4.925406933608456,
    4.827310395414278,
    4.607771866578869,
    4.285050226558251,
    3.8661609068891107,
    4.8347990091145165,
    -8.79078811527231,
    4.934744671132498,
    4.93139023434857,
    4.9325607725002065,
    4.932283665071366,
    4.928617808650373,
    -2.393901921902773,
    4.92754485765189,
    4.86933294979411,
    4.7341710202910345,
    2.336006577489151,
    -1.5057563010201174,
    4.804228570512886,
    -0.2841592972166464,
    2.1288983372788532,
    -0.8098673003903234,
    4.76485665552826,
    4.188538480402219,
    4.319861811564231,
    4.442550211783631,
    4.545028888785214,
    4.620161507645921,
    4.689672309480909,
    4.752825827919251,
    -0.054297139393757195,
    -0.43266559353032835,
    -5.854099824022652,
    4.953461133069565,
    4.949000728060286,
    4.952313716555334,
    4.934772293962869,
    4.951915297736212,
    -9.701411910168604,
    -28.062990945872098,
    -30.053742545926216,
    4.734878009157678,
    -7.348114967788375,
    4.648002796433886,
    4.623053080648529,
    -35.83343597709449,
    4.251530647833014
  ],