{
  "episode": 443,
  "steps": 96,
  "actions": [
    23,
    23,
    23,
    23,
    15,
    4,
    5,
    5,
    4,
    4,
    4,
    4,
    4,
    4,
    7,
    15,
    7,
    7,
    20,
    7,
    20,
    15,
    15,
    15,
    4,
    4,
    4,
    4,
    4,
    4,
    20,
    20,
    20,
    15,
    23,
    21,
    21,
    3,
    0,
    0,
    0,
    0,
    0,
    0,
    0,
    10,
    0,
    0,
    9,
    9,
    9,
    10,
    8,
    9,
    9,
    9,
    19,
    11,
    3,
    3,
    9,
    3,
    3,
    11,
    3,
    3,
    9,
    3,
    0,
    0,
    0,
    1,
    0,
    0,
    3,
    23,
    0,
    23,
    20,
    0,
    23,
    23,
    20,
    20,
    3,
    15,
    4,
    5,
    6,
    5,
    6,
    6,
    0,
    4,
    6,
    4
  ],
  "temperatures": [
    22.011193847656273,
    22.042718505859398,
    22.048059082031273,
    22.047235107421898,
    21.826409912109398,
    21.461114501953148,
    21.415185546875023,
    21.387597656250023,
    21.362969970703148,
    21.339318847656273,
    21.315850830078148,
    21.291894531250023,
    21.266564941406273,
    21.240014648437523,
    21.212731933593773,
    21.604394531250023,
    21.188531494140648,
    21.135247802734398,
    21.822595214843773,
    21.166436767578148,
    21.842279052734398,
    21.624230957031273,
    21.662194824218773,
    21.717126464843773,
    21.420312500000023,
    21.484124755859398,
    21.574700927734398,
    21.674615478515648,
    21.781915283203148,
    21.895349121093773,
    22.423547363281273,
    23.000604248046898,
    23.114007568359398,
    23.292687988281273,
    23.377130126953148,
    23.515924072265648,
    23.663171386718773,
    20.896936035156273,
    20.971063232421898,
    21.187615966796898,
    21.430780029296898,
    21.673730468750023,
    21.906304931640648,
    22.121179199218773,
    22.316156005859398,
    20.977288818359398,
    22.554681396484398,
    22.761376953125023,
    21.329217529296898,
    21.374505615234398,
    21.435388183593773,
    21.493432617187523,
    21.550012207031273,
    21.594598388671898,
    21.613275146484398,
    21.599359130859398,
    20.513818359375023,
    21.468682861328148,
    22.977838134765648,
    22.997521972656273,
    21.383203125000023,
    22.782708740234398,
    22.749749755859398,
    21.162194824218773,
    22.497430419921898,
    22.456201171875023,
    20.920312500000023,
    22.209313964843773,
    22.181970214843773,
    22.124627685546898,
    22.060571289062523,
    21.364099121093773,
    21.209680175781273,
    21.085473632812523,
    20.975244140625023,
    23.510400390625023,
    20.924310302734398,
    23.444970703125023,
    23.449090576171898,
    20.785638427734398,
    23.358209228515648,
    23.361840820312523,
    23.344415283203148,
    23.324151611328148,
    20.568505859375023,
    23.251702880859398,
    23.366357421875023,
    23.346826171875023,
    23.315301513671898,
    23.280603027343773,
    23.245355224609398,
    23.211206054687523,
    20.242883300781273,
    22.944268798828148,
    23.052239990234398,
    23.036706542968773
  ],
  "outdoor_temps": [
    19.191674804687523,
    18.937493896484398,
    18.700006103515648,
    18.475000000000023,
    18.249993896484398,
    18.024987792968773,
    17.800012207031273,
    17.575006103515648,
    17.350000000000023,
    17.124993896484398,
    16.899987792968773,
    16.663903808593773,
    16.412042236328148,
    16.154168701171898,
    15.899987792968773,
    15.600518798828148,
    15.275476074218773,
    15.037683105468773,
    14.999993896484398,
    15.246697998046898,
    15.699548339843773,
    16.227593994140648,
    16.700006103515648,
    17.099359130859398,
    17.497338867187523,
    17.896661376953148,
    18.300012207031273,
    18.707421875000023,
    19.121881103515648,
    19.550378417968773,
    19.999993896484398,
    20.475396728515648,
    20.971887207031273,
    21.482415771484398,
    21.999993896484398,
    22.521783447265648,
    23.047723388671898,
    23.574761962890648,
    24.100000000000023,
    24.645928955078148,
    25.199151611328148,
    25.702813720703148,
    26.100000000000023,
    26.352807617187523,
    26.499169921875023,
    26.595941162109398,
    26.700006103515648,
    26.825799560546898,
    26.950433349609398,
    27.074853515625023,
    27.200006103515648,
    27.477014160156273,
    27.862908935546898,
    28.067346191406273,
    27.800012207031273,
    27.200006103515648,
    26.600000000000023,
    25.999993896484398,
    25.399987792968773,
    24.800012207031273,
    24.200006103515648,
    23.600000000000023,
    22.999993896484398,
    22.399987792968773,
    21.800012207031273,
    21.200006103515648,
    20.600000000000023,
    20.192437744140648,
    20.063165283203148,
    20.052301025390648,
    19.999993896484398,
    19.876611328125023,
    19.755578613281273,
    19.631799316406273,
    19.499993896484398,
    19.359368896484398,
    19.212487792968773,
    19.059381103515648,
    18.899987792968773,
    18.734368896484398,
    18.562493896484398,
    18.384362792968773,
    18.200006103515648,
    18.005853271484398,
    17.803125000000023,
    17.598840332031273,
    17.399987792968773,
    17.207421875000023,
    17.021875000000023,
    16.850396728515648,
    16.700006103515648,
    16.575402832031273,
    16.471887207031273,
    16.382409667968773,
    16.300012207031273,
    16.223046875000023
  ],
  "rewards": [
    4.98039476506412,
    4.9809833561629056,
    4.981085036918521,
    4.98107177786529,
    4.984308855745941,
    4.988476915636829,
    4.988136368175605,
    4.987931695938799,
    4.98774874961445,
    4.987573241969206,
    4.987399517973521,
    4.987222126504042,
    4.987034620424368,
    4.986837997516253,
    4.986635850151637,
    4.981430654077265,
    4.986457568982414,
    4.986062595875408,
    4.976914480785314,
    4.986296863509302,
    4.977283913949909,
    4.981696863244247,
    4.982191171145796,
    4.982905906534551,
    4.988187070766261,
    4.988661181708434,
    4.9893343947135,
    4.990076709469416,
    4.990874144514659,
    4.99171710648165,
    4.988083492426768,
    4.998781725794037,
    4.998149942035746,
    4.998439336749684,
    4.996683069276421,
    4.995908755660057,
    4.99508719024127,
    4.986761668912783,
    4.986594824880402,
    4.9861102275019515,
    4.985566154814325,
    4.985022627509199,
    4.9845023826723915,
    4.984021959698759,
    4.983586174047552,
    4.976227771256119,
    4.983053657139165,
    4.982592544353567,
    4.974853898860514,
    4.974677953316952,
    4.974441464736248,
    4.974216076924588,
    4.973996380708626,
    4.973823812783898,
    4.973753181292797,
    4.973810239031101,
    4.968026695157523,
    4.974322789433048,
    4.9821191862925645,
    4.982074600845616,
    4.974654305187095,
    4.982551878469186,
    4.982624126464169,
    4.975512147155631,
    4.983183955322182,
    4.983274143725675,
    4.9764497258337625,
    4.9838224945237215,
    4.983882252365391,
    4.984008924162946,
    4.9841508309012275,
    4.985710562265478,
    4.98605637589344,
    4.986334536171518,
    4.986581318176351,
    4.995940496915061,
    4.986695914662443,
    4.996305507570505,
    4.996282372400165,
    4.987006163848523,
    4.9967899261415,
    4.996769637912512,
    4.996866932585835,
    4.9969801376452265,
    4.987492468906526,
    4.998601621483494,
    4.999105008708111,
    4.999148581014582,
    4.999219000157658,
    4.999296440304338,
    4.999375136964712,
    4.999451353968202,
    4.988220925712108,
    4.999506703962572,
    4.99980624683258,
    4.999840991430997
  ],