{
  "episode": 1474,
  "steps": 95,
  "actions": [
    23,
    23,
    23,
    23,
    13,
    21,
    23,
    21,
    22,
    22,
    21,
    20,
    23,
    23,
    21,
    23,
    22,
    22,
    21,
    20,
    21,
    13,
    21,
    20,
    15,
    22,
    22,
    21,
    23,
    22,
    23,
    22,
    23,
    20,
    20,
    20,
    23,
    23,
    22,
    23,
    12,
    21,
    22,
    7,
    14,
    23,
    23,
    20,
    23,
    12,
    13,
    23,
    21,
    21,
    21,
    13,
    20,
    12,
    23,
    21,
    21,
    23,
    23,
    23,
    20,
    1,
    22,
    22,
    21,
    21,
    23,
    13,
    21,
    23,
    13,
    6,
    23,
    21,
    23,
    13,
    21,
    21,
    22,
    22,
    20,
    5,
    22,
    23,
    23,
    23,
    23,
    13,
    23,
    23,
    21
  ],
  "temperatures": [
    20.975762939453148,
    20.971978759765648,
    20.926324462890648,
    20.884027099609398,
    20.309716796875023,
    20.797784423828148,
    20.782312011718773,
    20.761773681640648,
    20.741082763671898,
    20.720422363281273,
    20.699822998046898,
    20.679315185546898,
    20.658929443359398,
    20.638726806640648,
    20.618676757812523,
    20.598840332031273,
    20.579217529296898,
    20.559838867187523,
    20.540826416015648,
    20.522149658203148,
    20.503839111328148,
    19.883630371093773,
    20.444512939453148,
    20.449365234375023,
    19.873315429687523,
    20.491082763671898,
    20.532952880859398,
    20.540551757812523,
    20.527673339843773,
    20.511590576171898,
    20.524438476562523,
    21.068261718750023,
    21.193444824218773,
    21.294915771484398,
    21.372430419921898,
    21.434289550781273,
    21.498132324218773,
    21.597650146484398,
    21.795281982421898,
    22.073632812500023,
    22.156579589843773,
    22.597711181640648,
    22.846643066406273,
    23.102014160156273,
    23.419946289062523,
    23.601647949218773,
    23.836663818359398,
    24.056420898437523,
    24.261590576171898,
    24.780816650390648,
    25.011651611328148,
    24.815423583984398,
    24.974450683593773,
    25.121087646484398,
    25.238824462890648,
    25.865441894531273,
    25.403009033203148,
    26.014062500000023,
    25.485192871093773,
    25.480004882812523,
    25.453881835937523,
    25.398614501953148,
    25.291986083984398,
    25.134912109375023,
    24.935052490234398,
    23.514825439453148,
    24.563500976562523,
    24.448419189453148,
    24.343804931640648,
    24.251794433593773,
    24.164239501953148,
    23.746118164062523,
    23.462976074218773,
    23.338861083984398,
    23.296899414062523,
    23.266900634765648,
    23.073724365234398,
    22.984216308593773,
    22.899377441406273,
    22.785089111328148,
    22.749536132812523,
    22.682122802734398,
    22.615960693359398,
    22.547937011718773,
    22.476403808593773,
    22.067102050781273,
    22.320275878906273,
    22.253167724609398,
    22.182031250000023,
    22.113977050781273,
    22.049218750000023,
    21.739404296875023,
    21.864556884765648,
    21.754266357421898,
    21.654016113281273
  ],
  "outdoor_temps": [
    -6.1035156022626325e-06,
    -6.1035156022626325e-06,
    -6.1035156022626325e-06,
    -6.1035156022626325e-06,
    -6.1035156022626325e-06,
    -6.1035156022626325e-06,
    -6.1035156022626325e-06,
    -6.1035156022626325e-06,
    -6.1035156022626325e-06,
    -6.1035156022626325e-06,
    -6.1035156022626325e-06,
    -6.1035156022626325e-06,
    -6.1035156022626325e-06,
    -6.1035156022626325e-06,
    -6.1035156022626325e-06,
    -6.1035156022626325e-06,
    -6.1035156022626325e-06,
    -6.1035156022626325e-06,
    -6.1035156022626325e-06,
    -6.1035156022626325e-06,
    -6.1035156022626325e-06,
    -6.1035156022626325e-06,
    -6.1035156022626325e-06,
    0.48467407226564774,
    1.5674987792968977,
    2.6915527343750227,
    3.3000122070312727,
    3.2094665527343977,
    2.8019348144531477,
    2.3684326171875227,
    2.2000061035156477,
    2.3021789550781477,
    2.5030456542968977,
    2.8273864746093977,
    3.3000122070312727,
    4.170007324218773,
    5.390008544921898,
    6.540002441406273,
    7.200006103515648,
    7.400476074218773,
    7.509606933593773,
    7.613946533203148,
    7.800012207031273,
    8.075891113281273,
    8.371636962890648,
    8.656549072265648,
    8.899987792968773,
    9.066003417968773,
    9.171868896484398,
    9.266809082031273,
    9.399987792968773,
    9.710534667968773,
    10.159387207031273,
    10.528527832031273,
    10.600000000000023,
    10.450006103515648,
    10.300012207031273,
    10.149987792968773,
    9.999993896484398,
    9.850000000000023,
    9.700006103515648,
    9.550012207031273,
    9.399987792968773,
    8.978875732421898,
    8.201959228515648,
    7.349084472656273,
    6.700006103515648,
    6.357904052734398,
    6.149987792968773,
    5.942102050781273,
    5.600000000000023,
    4.941003417968773,
    4.063317871093773,
    3.2539611816406477,
    2.8000122070312727,
    2.6291442871093977,
    2.4749084472656477,
    2.3332153320312727,
    2.2000061035156477,
    2.0766845703125227,
    1.9598327636718977,
    1.8380676269531477,
    1.7000061035156477,
    1.4921203613281477,
    1.2039733886718977,
    0.8888488769531477,
    0.6000000000000227,
    0.41335449218752274,
    0.31020507812502274,
    0.20195922851564774,
    -6.1035156022626325e-06,
    -0.7735656738281023,
    -2.1510986328124773,
    -3.5530761718749773,
    -4.399999999999977
  ],
  "rewards": [
    4.9077753899246455,
    4.9076752827316525,
    4.905702330842614,
    4.90387322165072,
    4.919595231972635,
    4.9001261493531265,
    4.899475476414613,
    4.898595177903771,
    4.8977053233689585,
    4.89681394311073,
    4.895922715388562,
    4.895033785969667,
    4.894148547283333,
    4.89326829649508,
    4.892394072785973,
    4.8915266963547985,
    4.89066765524447,
    4.889819533549573,
    4.888984915934826,
    4.888164422184877,
    4.8873579856073075,
    -0.036772154039981464,
    4.884742972549537,
    4.884967467457704,
    -0.039349842027795776,
    4.886834275382369,
    4.88869478913429,
    4.8890335151779905,
    4.88846436229413,
    4.8877519581466915,
    4.888321501933362,
    4.912451045289636,
    4.917989175044323,
    4.9224773810058835,
    4.925905634990853,
    4.928639638057869,
    4.931462280384224,
    4.935869343057274,
    4.944635946527123,
    4.956988684855725,
    4.974479896984994,
    4.980249628771258,
    4.99129908648198,
    4.999477305504817,
    4.995711182849887,
    4.99009579623199,
    4.986966398730874,
    -0.007331014946105661,
    -0.07326041902700091,
    -0.6138139806688186,
    -1.028090594883892,
    -0.6715900881993752,
    -0.9567580028623786,
    -1.2645294036635748,
    -1.5427697070607587,
    -3.4864194268653126,
    -1.977064337621952,
    -4.063323432759514,
    -2.214701312433834,
    -2.199300691559978,
    -2.122571730195894,
    -1.9647379898199557,
    -1.6774885989353647,
    -1.295763160064868,
    -0.8813954068348236,
    4.962137551160488,
    -0.3233685476373651,
    -0.20653180973201438,
    -0.12330559687285587,
    -0.06819783511694208,
    -0.03148052117909526,
    4.992825368009508,
    4.991951995786765,
    4.9936032506532,
    4.996809911690653,
    4.9987499912213735,
    4.9971302956958175,
    4.997397307008505,
    4.993636559814862,
    4.993077264335007,
    4.986993560489753,
    4.984004231364183,
    4.981072343260697,
    4.978058440409924,
    4.974889557086255,
    4.98613942012373,
    4.967972845772039,
    4.964999999724652,
    4.961848716512322,
    4.958835370317101,
    4.955965792909264,
    4.962191488705575,
    4.947783348259071,
    4.942892901673913,
    4.938446585908532
  ],