{
  "episode": 897,
  "steps": 95,
  "actions": [
    23,
    23,
    23,
    23,
    20,
    20,
    21,
    13,
    15,
    13,
    21,
    21,
    22,
    22,
    21,
    20,
    22,
    4,
    20,
    20,
    21,
    11,
    15,
    7,
    22,
    22,
    20,
    21,
    14,
    15,
    21,
    12,
    21,
    7,
    12,
    4,
    10,
    22,
    21,
    22,
    21,
    20,
    14,
    22,
    21,
    22,
    21,
    22,
    12,
    21,
    21,
    22,
    21,
    22,
    21,
    22,
    21,
    20,
    20,
    22,
    12,
    21,
    21,
    22,
    21,
    21,
    22,
    22,
    12,
    7,
    22,
    20,
    7,
    20,
    21,
    21,
    21,
    7,
    21,
    21,
    20,
    12,
    12,
    12,
    15,
    21,
    21,
    22,
    5,
    21,
    12,
    21,
    21,
    22,
    22
  ],
  "temperatures": [
    20.975762939453148,
    20.971978759765648,
    20.926324462890648,
    20.884027099609398,
    20.848413085937523,
    20.818383789062523,
    20.792230224609398,
    20.214715576171898,
    20.153009033203148,
    20.112878417968773,
    20.661798095703148,
    20.657952880859398,
    20.644036865234398,
    20.627404785156273,
    20.609521484375023,
    20.591027832031273,
    20.572290039062523,
    18.976525878906273,
    20.477258300781273,
    20.488153076171898,
    20.479180908203148,
    15.833612060546898,
    19.582635498046898,
    18.607293701171898,
    20.332849121093773,
    20.421502685546898,
    20.472436523437523,
    20.488092041015648,
    19.890283203125023,
    19.838616943359398,
    20.446984863281273,
    20.536279296875023,
    21.121087646484398,
    20.158746337890648,
    20.864617919921898,
    20.321191406250023,
    16.807580566406273,
    21.383843994140648,
    21.661523437500023,
    21.969445800781273,
    22.264154052734398,
    22.525720214843773,
    22.703149414062523,
    23.021569824218773,
    23.277215576171898,
    23.527673339843773,
    23.763970947265648,
    23.984674072265648,
    24.457116699218773,
    24.391381835937523,
    24.565179443359398,
    24.736138916015648,
    24.901696777343773,
    25.051538085937523,
    25.171380615234398,
    25.258416748046898,
    25.324243164062523,
    25.373010253906273,
    25.402673339843773,
    25.408441162109398,
    25.949578857421898,
    25.348565673828148,
    25.235314941406273,
    25.077508544921898,
    24.877893066406273,
    24.695947265625023,
    24.540765380859398,
    24.412316894531273,
    24.623406982421898,
    25.024682617187523,
    24.148950195312523,
    23.568780517578148,
    23.710168457031273,
    23.314080810546898,
    23.207879638671898,
    23.125207519531273,
    23.041802978515648,
    22.940637207031273,
    22.868951416015648,
    22.792138671875023,
    22.721093750000023,
    22.577416992187523,
    22.493005371093773,
    22.407586669921898,
    22.317895507812523,
    22.368981933593773,
    22.298883056640648,
    22.228570556640648,
    21.675195312500023,
    22.075097656250023,
    21.791528320312523,
    21.937951660156273,
    21.840447998046898,
    21.728417968750023,
    21.628472900390648
  ],
  "outdoor_temps": [
    -6.1035156022626325e-06,
    -6.1035156022626325e-06,
    -6.1035156022626325e-06,
    -6.1035156022626325e-06,
    -6.1035156022626325e-06,
    -6.1035156022626325e-06,
    -6.1035156022626325e-06,
    -6.1035156022626325e-06,
    -6.1035156022626325e-06,
    -6.1035156022626325e-06,
    -6.1035156022626325e-06,
    -6.1035156022626325e-06,
    -6.1035156022626325e-06,
    -6.1035156022626325e-06,
    -6.1035156022626325e-06,
    -6.1035156022626325e-06,
    -6.1035156022626325e-06,
    -6.1035156022626325e-06,
    -6.1035156022626325e-06,
    -6.1035156022626325e-06,
    -6.1035156022626325e-06,
    -6.1035156022626325e-06,
    -6.1035156022626325e-06,
    0.48467407226564774,
    1.5674987792968977,
    2.6915527343750227,
    3.3000122070312727,
    3.2094665527343977,
    2.8019348144531477,
    2.3684326171875227,
    2.2000061035156477,
    2.3021789550781477,
    2.5030456542968977,
    2.8273864746093977,
    3.3000122070312727,
    4.170007324218773,
    5.390008544921898,
    6.540002441406273,
    7.200006103515648,
    7.400476074218773,
    7.509606933593773,
    7.613946533203148,
    7.800012207031273,
    8.075891113281273,
    8.371636962890648,
    8.656549072265648,
    8.899987792968773,
    9.066003417968773,
    9.171868896484398,
    9.266809082031273,
    9.399987792968773,
    9.710534667968773,
    10.159387207031273,
    10.528527832031273,
    10.600000000000023,
    10.450006103515648,
    10.300012207031273,
    10.149987792968773,
    9.999993896484398,
    9.850000000000023,
    9.700006103515648,
    9.550012207031273,
    9.399987792968773,
    8.978875732421898,
    8.201959228515648,
    7.349084472656273,
    6.700006103515648,
    6.357904052734398,
    6.149987792968773,
    5.942102050781273,
    5.600000000000023,
    4.941003417968773,
    4.063317871093773,
    3.2539611816406477,
    2.8000122070312727,
    2.6291442871093977,
    2.4749084472656477,
    2.3332153320312727,
    2.2000061035156477,
    2.0766845703125227,
    1.9598327636718977,
    1.8380676269531477,
    1.7000061035156477,
    1.4921203613281477,
    1.2039733886718977,
    0.8888488769531477,
    0.6000000000000227,
    0.41335449218752274,
    0.31020507812502274,
    0.20195922851564774,
    -6.1035156022626325e-06,
    -0.7735656738281023,
    -2.1510986328124773,
    -3.5530761718749773,
    -4.399999999999977
  ],
  "rewards": [
    4.9077753899246455,
    4.9076752827316525,
    4.905702330842614,
    4.90387322165072,
    4.902335326448083,
    4.901042344204109,
    4.899916627041024,
    4.916875629284136,
    4.915072755698601,
    4.913906812513976,
    4.89423462599192,
    4.894085614354066,
    4.893486506611756,
    4.892766349040295,
    4.891987902842786,
    4.891180541188173,
    4.890360810390633,
    -1.062403431938125,
    4.886163909195558,
    4.886656052700203,
    4.886265294185799,
    -17.36082342187977,
    -0.19964695649948502,
    -1.955892798365233,
    4.879809186170283,
    4.883748719416882,
    4.886010682307507,
    4.886708075634163,
    -0.0352098029025821,
    -0.0495984053417319,
    4.884887511390059,
    4.92661227212166,
    4.914778678167773,
    4.9579313110222065,
    4.936289343731883,
    4.960319180458015,
    -10.195740908661145,
    4.926380555334946,
    4.938699314318921,
    4.952364470631532,
    4.965445260726239,
    4.9770543810433665,
    4.990653804956895,
    4.997820813526277,
    4.994416217528607,
    4.9910810324258135,
    4.987934169493939,
    4.984995072752885,
    -0.2123765880015441,
    -0.15844255993873368,
    -0.32526927552310003,
    -0.54831107101528,
    -0.8200186601054819,
    -1.113192683636542,
    -1.379991714521972,
    -1.5917614083656721,
    -1.7619877303910598,
    -1.8936872324639664,
    -1.9761212108220085,
    -1.9923544594208824,
    -3.8075903584582242,
    -1.8270782099551446,
    -1.5340749386245056,
    -1.1685712384352058,
    -0.7775782122981688,
    -0.4906187613600291,
    -0.2981866671809282,
    -0.17533712802051782,
    -0.39242555787384753,
    -1.052244189011749,
    -0.026641253670279395,
    4.990543673955227,
    4.99678559318367,
    4.993933052132311,
    4.995346113077324,
    4.996445776343994,
    4.997554896519236,
    4.999041972126529,
    4.992286427924815,
    4.988880723983697,
    4.98573136654561,
    4.986939703046303,
    4.984445180829776,
    4.981922968562854,
    4.979273395475162,
    4.970129162925093,
    4.967024898201875,
    4.96391017642682,
    4.98035369390561,
    4.957111747005712,
    4.9637309430620595,
    4.951035578001452,
    4.946714408070497,
    4.94174730029767,
    4.937314035617138
  ],