{
  "episode": 42,
  "steps": 95,
  "actions": [
    23,
    23,
    23,
    23,
    20,
    20,
    21,
    14,
    1,
    11,
    0,
    21,
    10,
    21,
    19,
    16,
    1,
    20,
    17,
    19,
    0,
    21,
    0,
    21,
    13,
    18,
    6,
    10,
    6,
    21,
    0,
    3,
    21,
    12,
    21,
    21,
    21,
    10,
    16,
    18,
    21,
    12,
    6,
    9,
    7,
    19,
    2,
    0,
    18,
    0,
    20,
    7,
    7,
    18,
    20,
    22,
    8,
    10,
    22,
    8,
    10,
    9,
    3,
    0,
    7,
    0,
    0,
    4,
    0,
    18,
    19,
    16,
    5,
    7,
    14,
    22,
    22,
    19,
    22,
    5,
    20,
    6,
    0,
    9,
    8,
    21,
    19,
    15,
    11,
    21,
    4,
    9,
    5,
    12,
    0
  ],
  "temperatures": [
    20.975762939453148,
    20.971978759765648,
    20.926324462890648,
    20.884027099609398,
    20.848413085937523,
    20.818383789062523,
    20.792230224609398,
    20.214715576171898,
    16.616387939453148,
    15.997827148437523,
    16.145257568359398,
    20.400537109375023,
    15.907586669921898,
    20.352624511718773,
    15.633813476562523,
    15.514550781250023,
    15.714868164062523,
    20.147515869140648,
    15.452539062500023,
    15.341851806640648,
    15.456018066406273,
    19.990594482421898,
    15.693353271484398,
    20.003381347656273,
    19.468011474609398,
    15.356378173828148,
    18.057702636718773,
    15.409753417968773,
    17.954034423828148,
    20.029412841796898,
    15.689721679687523,
    16.170922851562523,
    20.640863037109398,
    20.365594482421898,
    20.969354248046898,
    21.071496582031273,
    21.159661865234398,
    16.659783935546898,
    16.347589111328148,
    16.541711425781273,
    21.874230957031273,
    22.005853271484398,
    22.087060546875023,
    18.668695068359398,
    22.582055664062523,
    18.558282470703148,
    20.787286376953148,
    21.247491455078148,
    19.214410400390648,
    21.706353759765648,
    24.028527832031273,
    24.959100341796898,
    25.321923828125023,
    20.274957275390648,
    24.655236816406273,
    24.806848144531273,
    21.707482910156273,
    21.666162109375023,
    24.863214111328148,
    21.759210205078148,
    21.651116943359398,
    21.556329345703148,
    23.141259765625023,
    23.000146484375023,
    25.093286132812523,
    22.598077392578148,
    22.246179199218773,
    24.396447753906273,
    21.983911132812523,
    19.358789062500023,
    19.173272705078148,
    18.581597900390648,
    22.433129882812523,
    22.488610839843773,
    22.518518066406273,
    22.550805664062523,
    22.487207031250023,
    18.025354003906273,
    22.221704101562523,
    21.752526855468773,
    22.166986083984398,
    21.601739501953148,
    19.147241210937523,
    18.047753906250023,
    17.878472900390648,
    21.696557617187523,
    17.240716552734398,
    21.145288085937523,
    17.533685302734398,
    21.400598144531273,
    20.457147216796898,
    17.274438476562523,
    19.915673828125023,
    20.626824951171898,
    17.473229980468773
  ],
  "outdoor_temps": [
    -6.1035156022626325e-06,
    -6.1035156022626325e-06,
    -6.1035156022626325e-06,
    -6.1035156022626325e-06,
    -6.1035156022626325e-06,
    -6.1035156022626325e-06,
    -6.1035156022626325e-06,
    -6.1035156022626325e-06,
    -6.1035156022626325e-06,
    -6.1035156022626325e-06,
    -6.1035156022626325e-06,
    -6.1035156022626325e-06,
    -6.1035156022626325e-06,
    -6.1035156022626325e-06,
    -6.1035156022626325e-06,
    -6.1035156022626325e-06,
    -6.1035156022626325e-06,
    -6.1035156022626325e-06,
    -6.1035156022626325e-06,
    -6.1035156022626325e-06,
    -6.1035156022626325e-06,
    -6.1035156022626325e-06,
    -6.1035156022626325e-06,
    0.48467407226564774,
    1.5674987792968977,
    2.6915527343750227,
    3.3000122070312727,
    3.2094665527343977,
    2.8019348144531477,
    2.3684326171875227,
    2.2000061035156477,
    2.3021789550781477,
    2.5030456542968977,
    2.8273864746093977,
    3.3000122070312727,
    4.170007324218773,
    5.390008544921898,
    6.540002441406273,
    7.200006103515648,
    7.400476074218773,
    7.509606933593773,
    7.613946533203148,
    7.800012207031273,
    8.075891113281273,
    8.371636962890648,
    8.656549072265648,
    8.899987792968773,
    9.066003417968773,
    9.171868896484398,
    9.266809082031273,
    9.399987792968773,
    9.710534667968773,
    10.159387207031273,
    10.528527832031273,
    10.600000000000023,
    10.450006103515648,
    10.300012207031273,
    10.149987792968773,
    9.999993896484398,
    9.850000000000023,
    9.700006103515648,
    9.550012207031273,
    9.399987792968773,
    8.978875732421898,
    8.201959228515648,
    7.349084472656273,
    6.700006103515648,
    6.357904052734398,
    6.149987792968773,
    5.942102050781273,
    5.600000000000023,
    4.941003417968773,
    4.063317871093773,
    3.2539611816406477,
    2.8000122070312727,
    2.6291442871093977,
    2.4749084472656477,
    2.3332153320312727,
    2.2000061035156477,
    2.0766845703125227,
    1.9598327636718977,
    1.8380676269531477,
    1.7000061035156477,
    1.4921203613281477,
    1.2039733886718977,
    0.8888488769531477,
    0.6000000000000227,
    0.41335449218752274,
    0.31020507812502274,
    0.20195922851564774,
    -6.1035156022626325e-06,
    -0.7735656738281023,
    -2.1510986328124773,
    -3.5530761718749773,
    -4.399999999999977
  ],
  "rewards": [
    4.120979222776403,
    4.115054529951921,
    4.041117961602322,
    3.9698265858460595,
    3.9077210109681286,
    3.8538796917414295,
    3.8058857542807245,
    2.5264449876535324,
    -38.62389237058695,
    -50.0,
    -47.14889066980905,
    2.9639436534792734,
    -50.0,
    2.8451839735019377,
    -50.0,
    -50.0,
    -50.0,
    2.2977506106027588,
    -50.0,
    -50.0,
    -50.0,
    -0.03422941209748281,
    -50.0,
    1.8753220706806264,
    -0.7338260856375466,
    -50.0,
    -9.449586856380572,
    -50.0,
    -20.48360965392671,
    1.9539579037913672,
    -50.0,
    -46.65590320726348,
    3.5080359961493808,
    2.9180769911955626,
    4.111347179508034,
    4.265951189555907,
    4.3868141006852746,
    -37.896479234854596,
    -43.35538021841652,
    -39.9051627831805,
    4.936273381335908,
    4.9699936400155496,
    4.980736173956814,
    -4.439260601619026,
    4.739655646806685,
    -5.208849629545015,
    3.87123609210146,
    4.547496975545149,
    -1.557538291085422,
    4.905490499961442,
    -0.0060894636809858335,
    -2.3018810620793704,
    -4.371306460764935,
    2.696036210787015,
    -1.0794790362211124,
    -1.6341552615101842,
    4.875722531773484,
    4.856678779651625,
    -1.869679519624102,
    4.895954130696465,
    4.849108785442292,
    4.793606595931103,
    3.986939390277572,
    4.2142012983448875,
    -2.990532505712596,
    4.697934058136691,
    4.92231584000866,
    -0.3944997381931622,
    4.968739646205315,
    -1.0430183268337712,
    -1.7232169938661517,
    -5.042209904154034,
    4.850823502024094,
    4.813294529464768,
    4.783540431345269,
    4.750630457793222,
    4.7973250553238485,
    -9.758759486577857,
    4.926720105840452,
    4.935549925397482,
    4.940249445747336,
    4.860297346312525,
    -1.8226132302627052,
    -9.53510398250051,
    -21.258759634122825,
    4.8712649088029085,
    -29.042192476662777,
    4.396728691479788,
    -25.21257245125707,
    4.6577535923683975,
    3.1770650761702584,
    -28.576941956409307,
    -0.029192411523181267,
    3.5151057349814003,
    -25.96418150574203
  ],