{
  "episode": 420,
  "steps": 95,
  "actions": [
    23,
    23,
    23,
    23,
    23,
    21,
    23,
    5,
    20,
    23,
    15,
    23,
    23,
    13,
    23,
    5,
    15,
    23,
    20,
    21,
    23,
    6,
    14,
    13,
    15,
    23,
    14,
    20,
    15,
    13,
    15,
    13,
    12,
    12,
    22,
    14,
    12,
    20,
    20,
    15,
    21,
    13,
    15,
    23,
    15,
    13,
    15,
    20,
    1,
    8,
    8,
    2,
    3,
    7,
    8,
    3,
    18,
    9,
    2,
    18,
    0,
    1,
    3,
    8,
    8,
    3,
    13,
    2,
    2,
    3,
    22,
    11,
    1,
    20,
    22,
    22,
    15,
    20,
    22,
    12,
    15,
    15,
    1,
    23,
    20,
    22,
    15,
    23,
    8,
    15,
    23,
    12,
    23,
    23,
    23
  ],
  "temperatures": [
    21.111627197265648,
    21.104028320312523,
    21.062646484375023,
    21.024285888671898,
    20.991937255859398,
    20.964624023437523,
    20.940820312500023,
    19.675775146484398,
    20.858117675781273,
    20.858544921875023,
    20.359216308593773,
    20.812982177734398,
    20.804345703125023,
    20.294335937500023,
    20.756127929687523,
    19.440972900390648,
    20.161950683593773,
    20.675531005859398,
    20.675866699218773,
    20.666864013671898,
    20.654840087890648,
    19.296563720703148,
    20.036553955078148,
    20.040429687500023,
    20.065118408203148,
    20.631005859375023,
    20.168420410156273,
    20.668267822265648,
    20.161065673828148,
    20.122277832031273,
    20.126458740234398,
    20.742730712890648,
    20.886712646484398,
    21.001977539062523,
    21.435632324218773,
    21.178063964843773,
    21.241998291015648,
    21.652917480468773,
    21.849725341796898,
    21.902825927734398,
    22.373315429687523,
    22.510491943359398,
    22.793206787109398,
    23.073602294921898,
    23.374780273437523,
    23.663629150390648,
    23.935571289062523,
    23.983422851562523,
    21.844079589843773,
    20.607293701171898,
    20.728479003906273,
    22.293542480468773,
    22.564141845703148,
    25.654443359375023,
    21.491357421875023,
    23.038781738281273,
    20.515313720703148,
    21.505059814453148,
    23.064355468750023,
    20.494470214843773,
    22.947656250000023,
    22.968438720703148,
    22.845727539062523,
    21.137017822265648,
    20.852563476562523,
    21.944696044921898,
    24.247705078125023,
    21.685113525390648,
    21.438684082031273,
    21.266656494140648,
    23.644952392578148,
    19.366876220703148,
    20.085443115234398,
    22.814508056640648,
    22.767175292968773,
    22.709710693359398,
    22.571710205078148,
    22.576318359375023,
    22.512231445312523,
    22.336389160156273,
    22.264855957031273,
    22.198358154296898,
    19.083398437500023,
    22.158685302734398,
    22.140283203125023,
    22.091729736328148,
    21.823205566406273,
    21.978021240234398,
    17.751550292968773,
    21.450555419921898,
    21.750878906250023,
    21.418634033203148,
    21.620446777343773,
    21.530206298828148,
    21.447015380859398
  ],
  "outdoor_temps": [
    -6.1035156022626325e-06,
    -6.1035156022626325e-06,
    -6.1035156022626325e-06,
    -6.1035156022626325e-06,
    -6.1035156022626325e-06,
    -6.1035156022626325e-06,
    -6.1035156022626325e-06,
    -6.1035156022626325e-06,
    -6.1035156022626325e-06,
    -6.1035156022626325e-06,
    -6.1035156022626325e-06,
    -6.1035156022626325e-06,
    -6.1035156022626325e-06,
    -6.1035156022626325e-06,
    -6.1035156022626325e-06,
    -6.1035156022626325e-06,
    -6.1035156022626325e-06,
    -6.1035156022626325e-06,
    -6.1035156022626325e-06,
    -6.1035156022626325e-06,
    -6.1035156022626325e-06,
    -6.1035156022626325e-06,
    -6.1035156022626325e-06,
    0.48467407226564774,
    1.5674987792968977,
    2.6915527343750227,
    3.3000122070312727,
    3.2094665527343977,
    2.8019348144531477,
    2.3684326171875227,
    2.2000061035156477,
    2.3021789550781477,
    2.5030456542968977,
    2.8273864746093977,
    3.3000122070312727,
    4.170007324218773,
    5.390008544921898,
    6.540002441406273,
    7.200006103515648,
    7.400476074218773,
    7.509606933593773,
    7.613946533203148,
    7.800012207031273,
    8.075891113281273,
    8.371636962890648,
    8.656549072265648,
    8.899987792968773,
    9.066003417968773,
    9.171868896484398,
    9.266809082031273,
    9.399987792968773,
    9.710534667968773,
    10.159387207031273,
    10.528527832031273,
    10.600000000000023,
    10.450006103515648,
    10.300012207031273,
    10.149987792968773,
    9.999993896484398,
    9.850000000000023,
    9.700006103515648,
    9.550012207031273,
    9.399987792968773,
    8.978875732421898,
    8.201959228515648,
    7.349084472656273,
    6.700006103515648,
    6.357904052734398,
    6.149987792968773,
    5.942102050781273,
    5.600000000000023,
    4.941003417968773,
    4.063317871093773,
    3.2539611816406477,
    2.8000122070312727,
    2.6291442871093977,
    2.4749084472656477,
    2.3332153320312727,
    2.2000061035156477,
    2.0766845703125227,
    1.9598327636718977,
    1.8380676269531477,
    1.7000061035156477,
    1.4921203613281477,
    1.2039733886718977,
    0.8888488769531477,
    0.6000000000000227,
    0.41335449218752274,
    0.31020507812502274,
    0.20195922851564774,
    -6.1035156022626325e-06,
    -0.7735656738281023,
    -2.1510986328124773,
    -3.5530761718749773,
    -4.399999999999977
  ],
  "rewards": [
    4.963678053930402,
    4.9635631695538756,
    4.962818720653653,
    4.962127915933729,
    4.961546352222562,
    4.96105675251782,
    4.960629744738989,
    -0.27515669515725266,
    4.959122561493646,
    4.9591409076964075,
    4.965365836773068,
    4.9583156349237845,
    4.958163367822766,
    4.9645455314256255,
    4.9572839214769395,
    -0.794477132469352,
    4.962846026537697,
    4.955807819562762,
    4.955817836835981,
    4.955654694012326,
    4.955434656352453,
    -1.250782367348591,
    4.961240921160287,
    4.961294411443983,
    4.961617002562175,
    4.955010223584979,
    4.962957216653973,
    4.955701246444946,
    4.962862824211788,
    4.962361487186311,
    4.962415882424006,
    4.970391783154367,
    4.972249894217143,
    4.973736726768476,
    4.969872549463226,
    4.9760077870901185,
    4.976831488036429,
    4.973877911854697,
    4.9775160582577405,
    4.985380412350368,
    4.987198231118529,
    4.993246724803648,
    4.996906615123639,
    4.998380430965482,
    4.998128931935876,
    4.9970069285843355,
    4.995950678065905,
    4.993332088636963,
    4.984732828522992,
    4.977806070595656,
    4.97733536434287,
    4.983735105888189,
    4.98313469521264,
    -6.845935811150035,
    4.974373273937437,
    4.982082233921828,
    4.9681889394009895,
    4.9743212176507905,
    4.982026038086164,
    4.968305229253419,
    4.982284917721768,
    4.982238599587232,
    4.982510768696342,
    4.975750173476565,
    4.976855020047368,
    4.984510725633444,
    -0.1559952346710365,
    4.985087243170033,
    4.985634321789541,
    4.986016223649778,
    4.99521095403381,
    -1.0107686593007061,
    4.988643410698672,
    4.995353335525516,
    4.994479909113568,
    4.993419192545439,
    4.994039867025192,
    4.99095579584202,
    4.989772284499328,
    4.9909982616718365,
    4.990073699779971,
    4.989214374459146,
    -2.104954688930051,
    4.983244986842994,
    4.982906184509397,
    4.9820106126581845,
    4.984368270140465,
    4.979912440377085,
    -12.644328978027893,
    4.97955324185008,
    4.975719493227809,
    4.979141658697277,
    4.973311191488219,
    4.971644014433027,
    4.970106234267354
  ],