{
  "episode": 1952,
  "steps": 95,
  "actions": [
    23,
    23,
    23,
    23,
    15,
    21,
    21,
    15,
    22,
    14,
    6,
    15,
    15,
    21,
    20,
    22,
    13,
    12,
    13,
    4,
    22,
    22,
    21,
    22,
    20,
    14,
    13,
    15,
    20,
    22,
    12,
    22,
    21,
    22,
    21,
    22,
    14,
    20,
    22,
    13,
    21,
    14,
    12,
    22,
    22,
    19,
    7,
    0,
    0,
    2,
    8,
    8,
    11,
    11,
    0,
    11,
    3,
    0,
    8,
    11,
    3,
    3,
    0,
    11,
    1,
    3,
    3,
    9,
    2,
    3,
    11,
    2,
    13,
    14,
    7,
    15,
    15,
    4,
    21,
    15,
    20,
    5,
    7,
    4,
    22,
    21,
    21,
    22,
    22,
    6,
    22,
    5,
    15,
    14,
    22
  ],
  "temperatures": [
    21.111627197265648,
    21.104028320312523,
    21.062646484375023,
    21.024285888671898,
    20.531274414062523,
    20.948846435546898,
    20.932794189453148,
    20.438806152343773,
    20.878045654296898,
    20.384088134765648,
    19.531945800781273,
    20.266992187500023,
    20.261499023437523,
    20.749627685546898,
    20.748315429687523,
    20.737969970703148,
    20.218286132812523,
    20.174218750000023,
    20.143457031250023,
    19.270410156250023,
    20.593469238281273,
    20.605981445312523,
    20.601586914062523,
    20.602746582031273,
    20.628656005859398,
    20.155541992187523,
    20.166284179687523,
    20.160394287109398,
    20.650781250000023,
    20.649072265625023,
    20.159173583984398,
    21.165460205078148,
    21.292687988281273,
    21.392297363281273,
    21.467553710937523,
    21.527276611328148,
    21.278436279296898,
    21.673730468750023,
    21.866571044921898,
    21.919580078125023,
    22.384729003906273,
    22.523828125000023,
    22.805566406250023,
    23.083612060546898,
    23.325952148437523,
    18.817193603515648,
    23.857781982421898,
    21.428521728515648,
    21.609765625000023,
    21.859979248046898,
    20.691339111328148,
    20.827478027343773,
    20.978845214843773,
    21.118371582031273,
    22.722497558593773,
    21.353692626953148,
    22.905633544921898,
    23.021783447265648,
    21.494226074218773,
    21.440332031250023,
    22.913629150390648,
    22.907769775390648,
    22.781030273437523,
    21.081994628906273,
    22.194512939453148,
    21.961511230468773,
    21.726525878906273,
    20.240808105468773,
    21.264520263671898,
    21.139703369140648,
    19.810418701171898,
    20.154626464843773,
    22.810784912109398,
    22.755426025390648,
    22.581750488281273,
    22.588525390625023,
    22.510583496093773,
    22.276635742187523,
    22.459100341796898,
    22.276116943359398,
    22.349176025390648,
    21.920709228515648,
    21.816918945312523,
    21.723016357421898,
    22.121789550781273,
    22.073083496093773,
    22.018457031250023,
    21.963494873046898,
    21.907159423828148,
    21.210321044921898,
    21.784082031250023,
    21.018945312500023,
    21.309960937500023,
    21.193231201171898,
    21.437127685546898
  ],
  "outdoor_temps": [
    -6.1035156022626325e-06,
    -6.1035156022626325e-06,
    -6.1035156022626325e-06,
    -6.1035156022626325e-06,
    -6.1035156022626325e-06,
    -6.1035156022626325e-06,
    -6.1035156022626325e-06,
    -6.1035156022626325e-06,
    -6.1035156022626325e-06,
    -6.1035156022626325e-06,
    -6.1035156022626325e-06,
    -6.1035156022626325e-06,
    -6.1035156022626325e-06,
    -6.1035156022626325e-06,
    -6.1035156022626325e-06,
    -6.1035156022626325e-06,
    -6.1035156022626325e-06,
    -6.1035156022626325e-06,
    -6.1035156022626325e-06,
    -6.1035156022626325e-06,
    -6.1035156022626325e-06,
    -6.1035156022626325e-06,
    -6.1035156022626325e-06,
    0.48467407226564774,
    1.5674987792968977,
    2.6915527343750227,
    3.3000122070312727,
    3.2094665527343977,
    2.8019348144531477,
    2.3684326171875227,
    2.2000061035156477,
    2.3021789550781477,
    2.5030456542968977,
    2.8273864746093977,
    3.3000122070312727,
    4.170007324218773,
    5.390008544921898,
    6.540002441406273,
    7.200006103515648,
    7.400476074218773,
    7.509606933593773,
    7.613946533203148,
    7.800012207031273,
    8.075891113281273,
    8.371636962890648,
    8.656549072265648,
    8.899987792968773,
    9.066003417968773,
    9.171868896484398,
    9.266809082031273,
    9.399987792968773,
    9.710534667968773,
    10.159387207031273,
    10.528527832031273,
    10.600000000000023,
    10.450006103515648,
    10.300012207031273,
    10.149987792968773,
    9.999993896484398,
    9.850000000000023,
    9.700006103515648,
    9.550012207031273,
    9.399987792968773,
    8.978875732421898,
    8.201959228515648,
    7.349084472656273,
    6.700006103515648,
    6.357904052734398,
    6.149987792968773,
    5.942102050781273,
    5.600000000000023,
    4.941003417968773,
    4.063317871093773,
    3.2539611816406477,
    2.8000122070312727,
    2.6291442871093977,
    2.4749084472656477,
    2.3332153320312727,
    2.2000061035156477,
    2.0766845703125227,
    1.9598327636718977,
    1.8380676269531477,
    1.7000061035156477,
    1.4921203613281477,
    1.2039733886718977,
    0.8888488769531477,
    0.6000000000000227,
    0.41335449218752274,
    0.31020507812502274,
    0.20195922851564774,
    -6.1035156022626325e-06,
    -0.7735656738281023,
    -2.1510986328124773,
    -3.5530761718749773,
    -4.399999999999977
  ],
  "rewards": [
    4.963678053930402,
    4.9635631695538756,
    4.962818720653653,
    4.962127915933729,
    4.967531055390835,
    4.960763955312578,
    4.960481196851187,
    4.9663700342669115,
    4.9594913187648935,
    4.965680166583832,
    -0.5605609509563757,
    4.96417895927102,
    4.964114682710527,
    4.957157525020449,
    4.957139203757696,
    4.956953283718747,
    4.963575265508469,
    4.963008364514002,
    4.962613657839758,
    -1.3445775588298117,
    4.954300593434469,
    4.954534864686753,
    4.954456823133255,
    4.954481985778265,
    4.954964068197038,
    4.962789049158763,
    4.962929418110167,
    4.962854040936122,
    4.955378565984575,
    4.955347423723858,
    4.962838856082733,
    4.964893337775184,
    4.967239512466218,
    4.969075448722295,
    4.970462581776406,
    4.971562695116453,
    4.977303354841049,
    4.974263032262092,
    4.977827240995091,
    4.985597093802269,
    4.9874091520277055,
    4.99341931869527,
    4.997066757478629,
    4.99832481114955,
    4.996980241537417,
    -3.5086858654129394,
    4.998018546315477,
    4.98565529303107,
    4.985252884853631,
    4.984697402048856,
    4.977479563500085,
    4.9769507963668715,
    4.976363024235906,
    4.975821547039015,
    4.9827838801370685,
    4.974908380065114,
    4.982377965353591,
    4.982120416087139,
    4.974363385591656,
    4.974572724820318,
    4.98236043443547,
    4.982373285812367,
    4.982654392045964,
    4.97596389547363,
    4.983956089519126,
    4.984473410769973,
    4.984995151382912,
    4.97923168795653,
    4.986020768194581,
    4.986297963778772,
    -0.09937106235971056,
    4.988488771520717,
    4.997127926270761,
    4.996413222551832,
    4.996824690343691,
    4.994256412027809,
    4.993249377942441,
    4.994571986607073,
    4.988791013656751,
    4.990218830455743,
    4.986761042672007,
    4.991943629170727,
    4.991177233649175,
    4.990484116835925,
    4.9825646087514315,
    4.981665922068383,
    4.980658359140806,
    4.979643953055791,
    4.978604790233399,
    4.986701180216248,
    4.976332998575724,
    4.985288600202973,
    4.977736760494988,
    4.976226848399995,
    4.9699232323811104
  ],