{
  "episode": 478,
  "steps": 96,
  "actions": [
    23,
    23,
    23,
    23,
    21,
    20,
    21,
    20,
    20,
    20,
    20,
    20,
    20,
    20,
    20,
    20,
    20,
    20,
    23,
    20,
    20,
    20,
    20,
    23,
    20,
    20,
    20,
    20,
    20,
    20,
    20,
    23,
    21,
    21,
    23,
    23,
    14,
    14,
    14,
    23,
    4,
    4,
    4,
    4,
    7,
    6,
    4,
    20,
    7,
    15,
    4,
    4,
    4,
    5,
    5,
    15,
    15,
    15,
    0,
    3,
    3,
    3,
    23,
    13,
    5,
    5,
    5,
    5,
    7,
    7,
    7,
    6,
    7,
    4,
    6,
    20,
    21,
    4,
    23,
    15,
    14,
    22,
    7,
    21,
    20,
    13,
    14,
    20,
    22,
    23,
    13,
    15,
    14,
    15,
    23,
    22
  ],
  "temperatures": [
    20.912438964843773,
    20.903009033203148,
    20.854821777343773,
    20.806115722656273,
    20.763391113281273,
    20.727685546875023,
    20.698999023437523,
    20.674554443359398,
    20.652429199218773,
    20.632226562500023,
    20.614434814453148,
    20.599511718750023,
    20.586938476562523,
    20.575891113281273,
    20.565484619140648,
    20.555047607421898,
    20.544915771484398,
    20.535211181640648,
    20.526025390625023,
    20.517999267578148,
    20.511743164062523,
    20.505181884765648,
    20.495721435546898,
    20.481561279296898,
    20.466149902343773,
    20.450219726562523,
    20.434075927734398,
    20.418359375000023,
    20.405114746093773,
    20.399011230468773,
    20.410455322265648,
    20.901574707031273,
    20.992730712890648,
    21.069421386718773,
    21.143243408203148,
    21.225671386718773,
    20.954888916015648,
    21.056970214843773,
    21.164086914062523,
    21.588616943359398,
    20.903894042968773,
    20.965570068359398,
    21.058282470703148,
    21.154504394531273,
    21.256585693359398,
    21.371850585937523,
    21.523645019531273,
    22.231927490234398,
    21.927911376953148,
    22.344201660156273,
    22.344201660156273,
    22.573968505859398,
    22.815881347656273,
    23.055596923828148,
    23.292413330078148,
    23.405999755859398,
    23.556329345703148,
    23.686883544921898,
    20.958673095703148,
    20.857324218750023,
    20.800073242187523,
    20.698236083984398,
    23.367974853515648,
    23.351281738281273,
    23.286035156250023,
    23.139337158203148,
    23.009149169921898,
    22.881158447265648,
    22.755029296875023,
    22.639062500000023,
    22.536431884765648,
    21.731622314453148,
    21.553979492187523,
    21.421929931640648,
    21.304071044921898,
    21.850152587890648,
    21.803857421875023,
    21.063989257812523,
    21.681146240234398,
    21.344140625000023,
    21.272698974609398,
    21.528070068359398,
    20.651330566406273,
    21.414910888671898,
    21.379876708984398,
    20.977380371093773,
    20.905725097656273,
    21.226800537109398,
    21.187280273437523,
    21.142968750000023,
    20.686853027343773,
    20.609735107421898,
    20.538568115234398,
    20.469201660156273,
    20.869226074218773,
    20.844812011718773
  ],
  "outdoor_temps": [
    -4.294989013671852,
    -4.060614013671852,
    -3.8999999999999773,
    -3.8249877929687273,
    -3.7500061035156023,
    -3.6749938964843523,
    -3.6000122070312273,
    -3.5412353515624773,
    -3.4932617187499773,
    -3.4236816406249773,
    -3.2999938964843523,
    -3.1216491699218523,
    -2.9192260742187273,
    -2.7072204589843523,
    -2.5000061035156023,
    -2.2999938964843523,
    -2.1000122070312273,
    -1.8999999999999773,
    -1.6999877929687273,
    -1.4796813964843523,
    -1.2624877929687273,
    -1.1140502929687273,
    -1.1000122070312273,
    -1.1749938964843523,
    -1.2500061035156023,
    -1.3249877929687273,
    -1.3999999999999773,
    -1.4750122070312273,
    -1.5499938964843523,
    -1.6250061035156023,
    -1.6999877929687273,
    -1.8400024414062273,
    -2.0400146484374773,
    -2.1950134277343523,
    -2.1999877929687273,
    -1.9311279296874773,
    -1.4379943847656023,
    -0.8758605957031023,
    -0.39999999999997726,
    -0.026312255859352263,
    0.34050903320314774,
    0.7120605468750227,
    1.1000000000000227,
    1.5015502929687727,
    1.9125000000000227,
    2.3421875000000227,
    2.8000122070312727,
    3.2824340820312727,
    3.7781311035156477,
    4.284753417968773,
    4.800012207031273,
    5.321588134765648,
    5.847161865234398,
    6.374169921875023,
    6.899987792968773,
    7.512170410156273,
    8.174707031250023,
    8.699884033203148,
    8.899987792968773,
    8.649896240234398,
    8.074700927734398,
    7.362176513671898,
    6.700006103515648,
    6.124932861328148,
    5.549249267578148,
    4.973931884765648,
    4.399987792968773,
    3.7855468750000227,
    3.1510559082031477,
    2.5910278320312727,
    2.2000061035156477,
    1.9250122070312727,
    1.6499877929687727,
    1.3749938964843977,
    1.1000000000000227,
    0.8250061035156477,
    0.5500122070312727,
    0.27498779296877274,
    -6.1035156022626325e-06,
    -0.27499999999997726,
    -0.5499938964843523,
    -0.8249877929687273,
    -1.1000122070312273,
    -1.3835815429687273,
    -1.6812499999999773,
    -1.9882873535156023,
    -2.2999938964843523,
    -2.6178344726562273,
    -2.9433654785156023,
    -3.2722229003906023,
    -3.6000122070312273,
    -3.9863647460937273,
    -4.421209716796852,
    -4.795446777343727,
    -5.000006103515602,
    -4.840612792968727
  ],
  "rewards": [
    4.9599781767278905,
    4.959832808151841,
    4.958964319601655,
    4.958084758892656,
    4.957313888445497,
    4.956671241790704,
    4.956156397095841,
    4.955719325811319,
    4.9553231277381595,
    4.954961322776001,
    4.954642765751999,
    4.954376211396378,
    4.954152164689225,
    4.9539558269893345,
    4.953769949904602,
    4.953583107224625,
    4.9534010567580875,
    4.953226677409332,
    4.953060866824311,
    4.952916635647416,
    4.95280432962529,
    4.95268602632634,
    4.952513971558731,
    4.952254487506073,
    4.951972283497453,
    4.951680187216919,
    4.951383477679413,
    4.951094349852722,
    4.95085058712117,
    4.950738964310807,
    4.950950747958344,
    4.960026753178757,
    4.961705454960465,
    4.963117480546884,
    4.9644772353476805,
    4.965997014418244,
    4.973125398159027,
    4.974444100727205,
    4.975828279723292,
    4.972695917134051,
    4.984422252192162,
    4.984877301452317,
    4.9855620568968435,
    4.98627295046822,
    4.987027177808442,
    4.987879126915182,
    4.989001449049531,
    4.984583195804254,
    4.991991491487209,
    4.99109399371821,
    4.995070872204176,
    4.996770872247972,
    4.998560716358581,
    4.999798899141707,
    4.9992731892845965,
    4.9980072419734105,
    4.997423285650818,
    4.9969162026371645,
    4.986694660680166,
    4.986919492497109,
    4.9870464298204,
    4.9872724282816465,
    4.996746254184324,
    4.998219656981528,
    4.999287381927969,
    4.9996130390248625,
    4.999902101982608,
    4.999043176841679,
    4.998109888859782,
    4.99725184703752,
    4.9964923227815286,
    4.990528949150289,
    4.9892172247181525,
    4.98824259484693,
    4.987372876999536,
    4.977523058416403,
    4.976669436327141,
    4.985602059274629,
    4.97440504586567,
    4.978155323266983,
    4.977232242706029,
    4.971579976920848,
    4.982556275091458,
    4.969490294764224,
    4.968843680293016,
    4.973416262126487,
    4.972489843290785,
    4.966016826872592,
    4.96528719448201,
    4.964468988500859,
    4.969660804867744,
    4.968663706105689,
    4.967743497374265,
    4.966846623887187,
    4.959413589495032,
    4.958962785378098
  ],