{
  "episode": 145,
  "steps": 95,
  "actions": [
    23,
    23,
    23,
    23,
    23,
    23,
    23,
    23,
    23,
    23,
    23,
    23,
    23,
    23,
    23,
    23,
    23,
    23,
    23,
    23,
    23,
    23,
    23,
    23,
    23,
    23,
    23,
    23,
    23,
    23,
    23,
    23,
    23,
    23,
    23,
    23,
    23,
    12,
    3,
    23,
    23,
    23,
    23,
    3,
    23,
    11,
    23,
    23,
    23,
    23,
    23,
    23,
    23,
    1,
    23,
    23,
    23,
    20,
    23,
    10,
    23,
    23,
    0,
    16,
    23,
    23,
    23,
    23,
    17,
    23,
    23,
    23,
    23,
    23,
    23,
    23,
    23,
    22,
    23,
    12,
    18,
    15,
    15,
    23,
    23,
    15,
    15,
    23,
    23,
    23,
    13,
    23,
    23,
    17,
    15
  ],
  "temperatures": [
    20.975762939453148,
    20.971978759765648,
    20.926324462890648,
    20.884027099609398,
    20.848413085937523,
    20.818383789062523,
    20.792230224609398,
    20.768457031250023,
    20.746057128906273,
    20.724359130859398,
    20.703149414062523,
    20.682244873046898,
    20.661584472656273,
    20.641198730468773,
    20.621026611328148,
    20.601068115234398,
    20.581353759765648,
    20.561944580078148,
    20.542871093750023,
    20.524133300781273,
    20.505761718750023,
    20.487725830078148,
    20.470056152343773,
    20.463403320312523,
    20.485864257812523,
    20.523187255859398,
    20.552392578125023,
    20.555322265625023,
    20.539788818359398,
    20.522058105468773,
    20.533807373046898,
    21.077111816406273,
    21.201745605468773,
    21.302789306640648,
    21.379968261718773,
    21.441552734375023,
    21.505181884765648,
    21.268914794921898,
    18.103631591796898,
    21.979241943359398,
    22.312799072265648,
    22.575738525390648,
    22.826776123046898,
    20.481805419921898,
    23.268365478515648,
    19.879113769531273,
    23.696282958984398,
    23.966851806640648,
    24.186975097656273,
    24.388330078125023,
    24.570123291015648,
    24.744836425781273,
    24.912622070312523,
    23.864556884765648,
    25.151025390625023,
    25.253167724609398,
    25.323175048828148,
    25.374230957031273,
    25.405145263671898,
    22.424218750000023,
    25.301049804687523,
    25.286309814453148,
    24.164727783203148,
    20.803338623046898,
    24.706811523437523,
    24.582666015625023,
    24.445123291015648,
    24.327416992187523,
    19.985314941406273,
    24.023156738281273,
    23.992700195312523,
    23.433160400390648,
    23.306695556640648,
    23.192864990234398,
    23.097406005859398,
    23.019769287109398,
    22.937158203125023,
    22.852044677734398,
    22.771081542968773,
    22.631555175781273,
    18.304864501953148,
    22.274407958984398,
    22.290399169921898,
    22.371118164062523,
    22.313256835937523,
    22.077294921875023,
    21.987237548828148,
    22.108209228515648,
    22.044732666015648,
    21.981988525390648,
    21.670373535156273,
    21.843103027343773,
    21.748162841796898,
    17.228784179687523,
    20.996087646484398
  ],
  "outdoor_temps": [
    -6.1035156022626325e-06,
    -6.1035156022626325e-06,
    -6.1035156022626325e-06,
    -6.1035156022626325e-06,
    -6.1035156022626325e-06,
    -6.1035156022626325e-06,
    -6.1035156022626325e-06,
    -6.1035156022626325e-06,
    -6.1035156022626325e-06,
    -6.1035156022626325e-06,
    -6.1035156022626325e-06,
    -6.1035156022626325e-06,
    -6.1035156022626325e-06,
    -6.1035156022626325e-06,
    -6.1035156022626325e-06,
    -6.1035156022626325e-06,
    -6.1035156022626325e-06,
    -6.1035156022626325e-06,
    -6.1035156022626325e-06,
    -6.1035156022626325e-06,
    -6.1035156022626325e-06,
    -6.1035156022626325e-06,
    -6.1035156022626325e-06,
    0.48467407226564774,
    1.5674987792968977,
    2.6915527343750227,
    3.3000122070312727,
    3.2094665527343977,
    2.8019348144531477,
    2.3684326171875227,
    2.2000061035156477,
    2.3021789550781477,
    2.5030456542968977,
    2.8273864746093977,
    3.3000122070312727,
    4.170007324218773,
    5.390008544921898,
    6.540002441406273,
    7.200006103515648,
    7.400476074218773,
    7.509606933593773,
    7.613946533203148,
    7.800012207031273,
    8.075891113281273,
    8.371636962890648,
    8.656549072265648,
    8.899987792968773,
    9.066003417968773,
    9.171868896484398,
    9.266809082031273,
    9.399987792968773,
    9.710534667968773,
    10.159387207031273,
    10.528527832031273,
    10.600000000000023,
    10.450006103515648,
    10.300012207031273,
    10.149987792968773,
    9.999993896484398,
    9.850000000000023,
    9.700006103515648,
    9.550012207031273,
    9.399987792968773,
    8.978875732421898,
    8.201959228515648,
    7.349084472656273,
    6.700006103515648,
    6.357904052734398,
    6.149987792968773,
    5.942102050781273,
    5.600000000000023,
    4.941003417968773,
    4.063317871093773,
    3.2539611816406477,
    2.8000122070312727,
    2.6291442871093977,
    2.4749084472656477,
    2.3332153320312727,
    2.2000061035156477,
    2.0766845703125227,
    1.9598327636718977,
    1.8380676269531477,
    1.7000061035156477,
    1.4921203613281477,
    1.2039733886718977,
    0.8888488769531477,
    0.6000000000000227,
    0.41335449218752274,
    0.31020507812502274,
    0.20195922851564774,
    -6.1035156022626325e-06,
    -0.7735656738281023,
    -2.1510986328124773,
    -3.5530761718749773,
    -4.399999999999977
  ],
  "rewards": [
    4.120979222776403,
    4.115054529951921,
    4.041117961602322,
    3.9698265858460595,
    3.9077210109681286,
    3.853879691883962,
    3.805885754423257,
    3.7613691613823597,
    3.718646088801367,
    3.6765443842579115,
    3.634704109951898,
    3.592804602505684,
    3.5507493382320265,
    3.5086222347245086,
    3.466321936817887,
    3.423867874192122,
    3.381345204161528,
    3.338909506471877,
    3.296656541600873,
    3.254615599177828,
    3.2128832242638383,
    3.1714217349608016,
    3.1303298621997757,
    3.114743142649584,
    3.1671395712346357,
    3.2525262384582816,
    3.3178817418963207,
    3.324368238821675,
    3.289838607208853,
    3.249981652163019,
    3.2764469183702523,
    4.274051666222544,
    4.440449787043063,
    4.558249567644695,
    4.6379106810316655,
    4.695064974203725,
    4.748141799019666,
    4.547357739070455,
    -8.994000322392765,
    4.9524767171247355,
    4.894221229003732,
    4.730667649107034,
    4.47774761450474,
    3.246913068187475,
    3.7879707959694757,
    -0.047548784799860085,
    2.8308036723938876,
    2.083853073017605,
    -0.09198159083726147,
    -0.3822533193976129,
    -0.8184593416937345,
    -1.393392758220519,
    -2.089195571914419,
    2.353153538969282,
    -3.3199400175404628,
    -3.934204673636847,
    -4.385344750899972,
    -4.729810894578852,
    -4.944720000785977,
    4.7985647630318855,
    -4.240117090192326,
    -4.144723967630562,
    -0.07803091033829386,
    3.846834231736179,
    -1.2552687851988258,
    -0.854648290947146,
    -0.5007780431397766,
    -0.27305393226448443,
    -0.01776450738310647,
    -0.00537698165878269,
    2.006750628277591,
    3.451887591080691,
    3.7134423037338555,
    3.9283510166871882,
    4.0935910599398975,
    4.217901491476188,
    4.336610335782138,
    4.447050315188215,
    4.542022194475233,
    4.689391496628501,
    -7.195331225141528,
    4.921508251920576,
    4.915208251219961,
    4.86692377488573,
    4.894059793278564,
    4.967683945260939,
    4.969384086769804,
    4.949792457450906,
    4.954262302266432,
    4.952741525964812,
    4.878660263568174,
    4.92836896229212,
    4.895057490291083,
    -29.20713375486402,
    4.184343440454568
  ],