{
  "episode": 67,
  "steps": 95,
  "actions": [
    23,
    23,
    23,
    23,
    23,
    23,
    23,
    23,
    23,
    23,
    23,
    23,
    23,
    23,
    23,
    23,
    23,
    23,
    23,
    23,
    23,
    23,
    23,
    23,
    23,
    23,
    23,
    23,
    23,
    23,
    23,
    23,
    23,
    23,
    23,
    23,
    23,
    16,
    2,
    7,
    1,
    1,
    20,
    23,
    9,
    23,
    7,
    23,
    13,
    23,
    2,
    23,
    6,
    22,
    23,
    0,
    23,
    23,
    23,
    22,
    3,
    22,
    7,
    4,
    0,
    8,
    23,
    23,
    23,
    17,
    23,
    23,
    23,
    13,
    10,
    23,
    0,
    23,
    15,
    23,
    0,
    23,
    20,
    23,
    22,
    23,
    12,
    20,
    4,
    15,
    23,
    23,
    23,
    23,
    2
  ],
  "temperatures": [
    20.975762939453148,
    20.971978759765648,
    20.926324462890648,
    20.884027099609398,
    20.848413085937523,
    20.818383789062523,
    20.792230224609398,
    20.768457031250023,
    20.746057128906273,
    20.724359130859398,
    20.703149414062523,
    20.682244873046898,
    20.661584472656273,
    20.641198730468773,
    20.621026611328148,
    20.601068115234398,
    20.581353759765648,
    20.561944580078148,
    20.542871093750023,
    20.524133300781273,
    20.505761718750023,
    20.487725830078148,
    20.470056152343773,
    20.463403320312523,
    20.485864257812523,
    20.523187255859398,
    20.552392578125023,
    20.555322265625023,
    20.539788818359398,
    20.522058105468773,
    20.533807373046898,
    21.077111816406273,
    21.201745605468773,
    21.302789306640648,
    21.379968261718773,
    21.441552734375023,
    21.505181884765648,
    16.614801025390648,
    17.658746337890648,
    20.886499023437523,
    18.759362792968773,
    19.064965820312523,
    22.657800292968773,
    22.967492675781273,
    19.433831787109398,
    23.399224853515648,
    24.062951660156273,
    23.936273193359398,
    24.404168701171898,
    24.354058837890648,
    23.002832031250023,
    24.664056396484398,
    25.902185058593773,
    25.034265136718773,
    25.146112060546898,
    24.145867919921898,
    25.269036865234398,
    25.331262207031273,
    25.365045166015648,
    25.373651123046898,
    24.378472900390648,
    25.274133300781273,
    26.503137207031273,
    26.382775878906273,
    23.765344238281273,
    21.583459472656273,
    24.428277587890648,
    24.338586425781273,
    24.241754150390648,
    19.902185058593773,
    23.954522705078148,
    23.435815429687523,
    23.313775634765648,
    23.256036376953148,
    19.650415039062523,
    22.935571289062523,
    20.557031250000023,
    22.756555175781273,
    22.644830322265648,
    22.642816162109398,
    20.053063964843773,
    22.453546142578148,
    22.425134277343773,
    22.369866943359398,
    22.307183837890648,
    22.240869140625023,
    21.984002685546898,
    22.101495361328148,
    21.477838134765648,
    21.708612060546898,
    21.896539306640648,
    21.832208251953148,
    21.735559082031273,
    21.625787353515648,
    18.362054443359398
  ],
  "outdoor_temps": [
    -6.1035156022626325e-06,
    -6.1035156022626325e-06,
    -6.1035156022626325e-06,
    -6.1035156022626325e-06,
    -6.1035156022626325e-06,
    -6.1035156022626325e-06,
    -6.1035156022626325e-06,
    -6.1035156022626325e-06,
    -6.1035156022626325e-06,
    -6.1035156022626325e-06,
    -6.1035156022626325e-06,
    -6.1035156022626325e-06,
    -6.1035156022626325e-06,
    -6.1035156022626325e-06,
    -6.1035156022626325e-06,
    -6.1035156022626325e-06,
    -6.1035156022626325e-06,
    -6.1035156022626325e-06,
    -6.1035156022626325e-06,
    -6.1035156022626325e-06,
    -6.1035156022626325e-06,
    -6.1035156022626325e-06,
    -6.1035156022626325e-06,
    0.48467407226564774,
    1.5674987792968977,
    2.6915527343750227,
    3.3000122070312727,
    3.2094665527343977,
    2.8019348144531477,
    2.3684326171875227,
    2.2000061035156477,
    2.3021789550781477,
    2.5030456542968977,
    2.8273864746093977,
    3.3000122070312727,
    4.170007324218773,
    5.390008544921898,
    6.540002441406273,
    7.200006103515648,
    7.400476074218773,
    7.509606933593773,
    7.613946533203148,
    7.800012207031273,
    8.075891113281273,
    8.371636962890648,
    8.656549072265648,
    8.899987792968773,
    9.066003417968773,
    9.171868896484398,
    9.266809082031273,
    9.399987792968773,
    9.710534667968773,
    10.159387207031273,
    10.528527832031273,
    10.600000000000023,
    10.450006103515648,
    10.300012207031273,
    10.149987792968773,
    9.999993896484398,
    9.850000000000023,
    9.700006103515648,
    9.550012207031273,
    9.399987792968773,
    8.978875732421898,
    8.201959228515648,
    7.349084472656273,
    6.700006103515648,
    6.357904052734398,
    6.149987792968773,
    5.942102050781273,
    5.600000000000023,
    4.941003417968773,
    4.063317871093773,
    3.2539611816406477,
    2.8000122070312727,
    2.6291442871093977,
    2.4749084472656477,
    2.3332153320312727,
    2.2000061035156477,
    2.0766845703125227,
    1.9598327636718977,
    1.8380676269531477,
    1.7000061035156477,
    1.4921203613281477,
    1.2039733886718977,
    0.8888488769531477,
    0.6000000000000227,
    0.41335449218752274,
    0.31020507812502274,
    0.20195922851564774,
    -6.1035156022626325e-06,
    -0.7735656738281023,
    -2.1510986328124773,
    -3.5530761718749773,
    -4.399999999999977
  ],
  "rewards": [
    4.120979222776403,
    4.115054529951921,
    4.041117961602322,
    3.9698265858460595,
    3.9077210109681286,
    3.853879691883962,
    3.805885754423257,
    3.7613691613823597,
    3.718646088801367,
    3.6765443842579115,
    3.634704109951898,
    3.592804602505684,
    3.5507493382320265,
    3.5086222347245086,
    3.466321936817887,
    3.423867874192122,
    3.381345204161528,
    3.338909506471877,
    3.296656541600873,
    3.254615599177828,
    3.2128832242638383,
    3.1714217349608016,
    3.1303298621997757,
    3.114743142649584,
    3.1671395712346357,
    3.2525262384582816,
    3.3178817418963207,
    3.324368238821675,
    3.289838607208853,
    3.249981652163019,
    3.2764469183702523,
    4.274051666222544,
    4.440449787043063,
    4.558249567644695,
    4.6379106810316655,
    4.695064974203725,
    4.748141799019666,
    -38.65493694411552,
    -23.706645595789215,
    4.038746053712764,
    -3.8521465591009836,
    -2.1902561672583536,
    4.658391267913978,
    4.294633064686247,
    -0.811392802800919,
    3.524418837753198,
    -0.011110300547450488,
    2.1737743054147476,
    -0.4116842529736919,
    -0.3185327493618443,
    4.210152623648721,
    -1.1085978170007251,
    -9.049013861692726,
    -2.6816637341808893,
    -3.2917071298470644,
    -0.06336554243696649,
    -4.034320373702939,
    -4.439038719386014,
    -4.66687421040625,
    -4.725825687963671,
    -0.368534153151045,
    -4.066740196800895,
    -25.668150285213212,
    -24.197829244178582,
    2.623694842325099,
    4.810869303494706,
    -0.46393928100805254,
    -0.2916883338988212,
    -0.15087674962359435,
    -0.040867879241693814,
    2.1202800246663536,
    3.44613941602404,
    3.6994328728783423,
    3.8139524896535595,
    -0.3160239668595005,
    4.3387674448671225,
    3.413668570513886,
    4.558019440434847,
    4.677074771756284,
    4.672351158936284,
    2.134607674661159,
    4.819592190058887,
    4.837057681642458,
    4.867563267701253,
    4.896617151694362,
    4.920936687313335,
    4.9692183789704,
    4.950551184361959,
    4.772948241356738,
    4.897598685913366,
    4.941170128364848,
    4.925232415320358,
    4.889617595337341,
    4.832171005951253,
    -6.710913807744905
  ],