{
  "episode": 307,
  "steps": 95,
  "actions": [
    23,
    23,
    23,
    23,
    23,
    23,
    23,
    23,
    23,
    23,
    21,
    21,
    23,
    20,
    21,
    21,
    21,
    22,
    22,
    22,
    21,
    22,
    22,
    22,
    22,
    22,
    22,
    22,
    22,
    21,
    21,
    23,
    23,
    21,
    23,
    23,
    23,
    23,
    20,
    14,
    22,
    13,
    7,
    23,
    21,
    0,
    1,
    0,
    0,
    0,
    8,
    8,
    11,
    10,
    8,
    8,
    8,
    8,
    8,
    10,
    9,
    9,
    11,
    10,
    8,
    3,
    1,
    1,
    1,
    3,
    0,
    23,
    20,
    7,
    7,
    7,
    7,
    7,
    7,
    7,
    7,
    7,
    4,
    7,
    12,
    7,
    23,
    23,
    20,
    20,
    22,
    20,
    23,
    23,
    12
  ],
  "temperatures": [
    20.975762939453148,
    20.971978759765648,
    20.926324462890648,
    20.884027099609398,
    20.848413085937523,
    20.818383789062523,
    20.792230224609398,
    20.768457031250023,
    20.746057128906273,
    20.724359130859398,
    20.703149414062523,
    20.682244873046898,
    20.661584472656273,
    20.641198730468773,
    20.621026611328148,
    20.601068115234398,
    20.581353759765648,
    20.561944580078148,
    20.542871093750023,
    20.524133300781273,
    20.505761718750023,
    20.487725830078148,
    20.470056152343773,
    20.463403320312523,
    20.485864257812523,
    20.523187255859398,
    20.552392578125023,
    20.555322265625023,
    20.539788818359398,
    20.522058105468773,
    20.533807373046898,
    21.077142333984398,
    21.201745605468773,
    21.302789306640648,
    21.379968261718773,
    21.441552734375023,
    21.505181884765648,
    21.604516601562523,
    21.801934814453148,
    21.834252929687523,
    22.344293212890648,
    22.484704589843773,
    22.682000732421898,
    23.090051269531273,
    23.351678466796898,
    21.440301513671898,
    21.666070556640648,
    21.986474609375023,
    22.298089599609398,
    22.594445800781273,
    21.163537597656273,
    21.304376220703148,
    21.469384765625023,
    21.622735595703148,
    21.743218994140648,
    21.823144531250023,
    21.876062011718773,
    21.908776855468773,
    21.919763183593773,
    21.902154541015648,
    21.854669189453148,
    21.776330566406273,
    21.644128417968773,
    21.440332031250023,
    21.177056884765648,
    22.494744873046898,
    22.323968505859398,
    22.126672363281273,
    21.950280761718773,
    21.790460205078148,
    21.636773681640648,
    23.072381591796898,
    22.986627197265648,
    22.831353759765648,
    22.682061767578148,
    22.558526611328148,
    22.434289550781273,
    22.305688476562523,
    22.181542968750023,
    22.067163085937523,
    21.960778808593773,
    21.858972167968773,
    21.758813476562523,
    21.655175781250023,
    21.878381347656273,
    21.458917236328148,
    21.962640380859398,
    21.913720703125023,
    21.855645751953148,
    21.798974609375023,
    21.744439697265648,
    21.678765869140648,
    21.583825683593773,
    21.476281738281273,
    20.989465332031273
  ],
  "outdoor_temps": [
    -6.1035156022626325e-06,
    -6.1035156022626325e-06,
    -6.1035156022626325e-06,
    -6.1035156022626325e-06,
    -6.1035156022626325e-06,
    -6.1035156022626325e-06,
    -6.1035156022626325e-06,
    -6.1035156022626325e-06,
    -6.1035156022626325e-06,
    -6.1035156022626325e-06,
    -6.1035156022626325e-06,
    -6.1035156022626325e-06,
    -6.1035156022626325e-06,
    -6.1035156022626325e-06,
    -6.1035156022626325e-06,
    -6.1035156022626325e-06,
    -6.1035156022626325e-06,
    -6.1035156022626325e-06,
    -6.1035156022626325e-06,
    -6.1035156022626325e-06,
    -6.1035156022626325e-06,
    -6.1035156022626325e-06,
    -6.1035156022626325e-06,
    0.48467407226564774,
    1.5674987792968977,
    2.6915527343750227,
    3.3000122070312727,
    3.2094665527343977,
    2.8019348144531477,
    2.3684326171875227,
    2.2000061035156477,
    2.3021789550781477,
    2.5030456542968977,
    2.8273864746093977,
    3.3000122070312727,
    4.170007324218773,
    5.390008544921898,
    6.540002441406273,
    7.200006103515648,
    7.400476074218773,
    7.509606933593773,
    7.613946533203148,
    7.800012207031273,
    8.075891113281273,
    8.371636962890648,
    8.656549072265648,
    8.899987792968773,
    9.066003417968773,
    9.171868896484398,
    9.266809082031273,
    9.399987792968773,
    9.710534667968773,
    10.159387207031273,
    10.528527832031273,
    10.600000000000023,
    10.450006103515648,
    10.300012207031273,
    10.149987792968773,
    9.999993896484398,
    9.850000000000023,
    9.700006103515648,
    9.550012207031273,
    9.399987792968773,
    8.978875732421898,
    8.201959228515648,
    7.349084472656273,
    6.700006103515648,
    6.357904052734398,
    6.149987792968773,
    5.942102050781273,
    5.600000000000023,
    4.941003417968773,
    4.063317871093773,
    3.2539611816406477,
    2.8000122070312727,
    2.6291442871093977,
    2.4749084472656477,
    2.3332153320312727,
    2.2000061035156477,
    2.0766845703125227,
    1.9598327636718977,
    1.8380676269531477,
    1.7000061035156477,
    1.4921203613281477,
    1.2039733886718977,
    0.8888488769531477,
    0.6000000000000227,
    0.41335449218752274,
    0.31020507812502274,
    0.20195922851564774,
    -6.1035156022626325e-06,
    -0.7735656738281023,
    -2.1510986328124773,
    -3.5530761718749773,
    -4.399999999999977
  ],
  "rewards": [
    4.120979222776403,
    4.115054529951921,
    4.041117961602322,
    3.9698265858460595,
    3.9077210109681286,
    3.853879691883962,
    3.805885754423257,
    3.7613691613823597,
    3.718646088801367,
    3.6765443842579115,
    3.634704109951898,
    3.592804602402024,
    3.5507493381283664,
    3.5086222347245086,
    3.4663219366753544,
    3.4238678740884616,
    3.381345204057868,
    3.338909506368217,
    3.296656541549043,
    3.254615599125998,
    3.2128832242120082,
    3.1714217348571414,
    3.1303298621479456,
    3.114743142597754,
    3.1671395711828056,
    3.252526247943195,
    3.317881751381234,
    3.324368248306588,
    3.2898386262305093,
    3.249981652111189,
    3.276446918266592,
    4.274094321968713,
    4.44044981088492,
    4.558249534266094,
    4.637910661854519,
    4.695064978972097,
    4.74814181332478,
    4.818869675919427,
    4.91550992322155,
    4.944339647858368,
    4.880098960465618,
    4.807985417343983,
    4.6463795326291555,
    4.105749917449797,
    3.623148861648469,
    4.736397161571045,
    4.886709729549486,
    4.9687815982016295,
    4.900892205056724,
    4.701195182087811,
    4.419969738274841,
    4.580552014089416,
    4.730842564632406,
    4.833900039179426,
    4.890125606668636,
    4.915411145617464,
    4.92688015264014,
    4.93186964851359,
    4.933185331938063,
    4.930989779732396,
    4.92275059664015,
    4.9017652775152944,
    4.84547592384661,
    4.7073471807802045,
    4.436679065389101,
    4.783085831711254,
    4.8887069995310455,
    4.956265454767875,
    4.967229109286008,
    4.936862515099961,
    4.871525271048823,
    4.134650386245885,
    4.2674171387497,
    4.479056294087251,
    4.646307390458333,
    4.759425640232316,
    4.850099840579014,
    4.919571858127997,
    4.963103707959343,
    4.982749372204237,
    4.98340711128473,
    4.968140904722214,
    4.937950276812021,
    4.89087119577231,
    4.955191176562048,
    4.757574782536546,
    4.951072994899412,
    4.944370932951572,
    4.931754169585188,
    4.914564099541831,
    4.893474014305477,
    4.862153057301751,
    4.805438718616005,
    4.7248602106794895,
    4.174142105430399
  ],