{
  "episode": 195,
  "steps": 95,
  "actions": [
    23,
    23,
    23,
    23,
    23,
    23,
    23,
    23,
    23,
    23,
    23,
    23,
    23,
    23,
    23,
    23,
    23,
    23,
    23,
    23,
    23,
    23,
    23,
    23,
    23,
    23,
    23,
    23,
    23,
    23,
    23,
    23,
    1,
    4,
    14,
    23,
    20,
    14,
    23,
    23,
    23,
    23,
    4,
    2,
    4,
    6,
    5,
    10,
    8,
    3,
    14,
    6,
    23,
    23,
    23,
    23,
    3,
    23,
    23,
    23,
    23,
    23,
    23,
    23,
    5,
    14,
    9,
    22,
    2,
    23,
    23,
    23,
    23,
    23,
    14,
    23,
    23,
    7,
    17,
    23,
    17,
    23,
    23,
    23,
    23,
    2,
    4,
    23,
    23,
    23,
    23,
    23,
    12,
    20,
    23
  ],
  "temperatures": [
    20.975762939453148,
    20.971978759765648,
    20.926324462890648,
    20.884027099609398,
    20.848413085937523,
    20.818383789062523,
    20.792230224609398,
    20.768457031250023,
    20.746057128906273,
    20.724359130859398,
    20.703149414062523,
    20.682244873046898,
    20.661584472656273,
    20.641198730468773,
    20.621026611328148,
    20.601068115234398,
    20.581353759765648,
    20.561944580078148,
    20.542871093750023,
    20.524133300781273,
    20.505761718750023,
    20.487725830078148,
    20.470056152343773,
    20.463403320312523,
    20.485864257812523,
    20.523187255859398,
    20.552392578125023,
    20.555322265625023,
    20.539788818359398,
    20.522058105468773,
    20.533807373046898,
    21.077111816406273,
    17.298303222656273,
    19.859979248046898,
    20.842431640625023,
    21.353753662109398,
    21.442834472656273,
    21.208825683593773,
    21.749017333984398,
    22.039819335937523,
    22.319360351562523,
    22.578302001953148,
    22.654046630859398,
    20.467980957031273,
    23.260400390625023,
    23.826745605468773,
    24.240502929687523,
    20.539727783203148,
    20.665734863281273,
    22.437280273437523,
    24.748071289062523,
    25.615594482421898,
    24.867181396484398,
    25.015893554687523,
    25.139245605468773,
    25.228875732421898,
    24.248712158203148,
    25.318353271484398,
    25.361993408203148,
    25.372277832031273,
    25.352471923828148,
    25.301599121093773,
    25.197534179687523,
    25.042901611328148,
    26.000939941406273,
    25.124383544921898,
    21.437890625000023,
    24.318048095703148,
    22.691278076171898,
    24.123101806640648,
    24.059197998046898,
    23.494256591796898,
    23.362420654296898,
    23.244622802734398,
    23.186181640625023,
    23.068231201171898,
    22.984277343750023,
    22.851464843750023,
    18.515100097656273,
    22.616632080078148,
    18.276269531250023,
    22.421441650390648,
    22.419549560546898,
    22.372583007812523,
    22.314324951171898,
    19.514733886718773,
    21.504846191406273,
    22.057153320312523,
    22.009271240234398,
    21.953363037109398,
    21.897515869140648,
    21.829614257812523,
    21.436456298828148,
    21.613000488281273,
    21.520501708984398
  ],
  "outdoor_temps": [
    -6.1035156022626325e-06,
    -6.1035156022626325e-06,
    -6.1035156022626325e-06,
    -6.1035156022626325e-06,
    -6.1035156022626325e-06,
    -6.1035156022626325e-06,
    -6.1035156022626325e-06,
    -6.1035156022626325e-06,
    -6.1035156022626325e-06,
    -6.1035156022626325e-06,
    -6.1035156022626325e-06,
    -6.1035156022626325e-06,
    -6.1035156022626325e-06,
    -6.1035156022626325e-06,
    -6.1035156022626325e-06,
    -6.1035156022626325e-06,
    -6.1035156022626325e-06,
    -6.1035156022626325e-06,
    -6.1035156022626325e-06,
    -6.1035156022626325e-06,
    -6.1035156022626325e-06,
    -6.1035156022626325e-06,
    -6.1035156022626325e-06,
    0.48467407226564774,
    1.5674987792968977,
    2.6915527343750227,
    3.3000122070312727,
    3.2094665527343977,
    2.8019348144531477,
    2.3684326171875227,
    2.2000061035156477,
    2.3021789550781477,
    2.5030456542968977,
    2.8273864746093977,
    3.3000122070312727,
    4.170007324218773,
    5.390008544921898,
    6.540002441406273,
    7.200006103515648,
    7.400476074218773,
    7.509606933593773,
    7.613946533203148,
    7.800012207031273,
    8.075891113281273,
    8.371636962890648,
    8.656549072265648,
    8.899987792968773,
    9.066003417968773,
    9.171868896484398,
    9.266809082031273,
    9.399987792968773,
    9.710534667968773,
    10.159387207031273,
    10.528527832031273,
    10.600000000000023,
    10.450006103515648,
    10.300012207031273,
    10.149987792968773,
    9.999993896484398,
    9.850000000000023,
    9.700006103515648,
    9.550012207031273,
    9.399987792968773,
    8.978875732421898,
    8.201959228515648,
    7.349084472656273,
    6.700006103515648,
    6.357904052734398,
    6.149987792968773,
    5.942102050781273,
    5.600000000000023,
    4.941003417968773,
    4.063317871093773,
    3.2539611816406477,
    2.8000122070312727,
    2.6291442871093977,
    2.4749084472656477,
    2.3332153320312727,
    2.2000061035156477,
    2.0766845703125227,
    1.9598327636718977,
    1.8380676269531477,
    1.7000061035156477,
    1.4921203613281477,
    1.2039733886718977,
    0.8888488769531477,
    0.6000000000000227,
    0.41335449218752274,
    0.31020507812502274,
    0.20195922851564774,
    -6.1035156022626325e-06,
    -0.7735656738281023,
    -2.1510986328124773,
    -3.5530761718749773,
    -4.399999999999977
  ],
  "rewards": [
    4.120979222776403,
    4.115054529951921,
    4.041117961602322,
    3.9698265858460595,
    3.9077210109681286,
    3.853879691883962,
    3.805885754423257,
    3.7613691613823597,
    3.718646088801367,
    3.6765443842579115,
    3.634704109951898,
    3.592804602505684,
    3.5507493382320265,
    3.5086222347245086,
    3.466321936817887,
    3.423867874192122,
    3.381345204161528,
    3.338909506471877,
    3.296656541600873,
    3.254615599177828,
    3.2128832242638383,
    3.1714217349608016,
    3.1303298621997757,
    3.114743142649584,
    3.1671395712346357,
    3.2525262384582816,
    3.3178817418963207,
    3.324368238821675,
    3.289838607208853,
    3.249981652163019,
    3.2764469183702523,
    4.274051666222544,
    -28.250487758195653,
    -0.06064227268037454,
    3.930659072941775,
    4.6118401683037105,
    4.696183207593877,
    4.476976501948187,
    4.895338499761073,
    4.954299375340341,
    4.891401802822936,
    4.728562573315555,
    4.673977013942763,
    3.215348772870065,
    3.8073170800379086,
    2.49351031349743,
    -0.1460041858897939,
    3.350964562270597,
    3.6139441160145465,
    4.823506664745698,
    -1.4030932353130054,
    -6.528289746320181,
    -1.8868556405920711,
    -2.5874408940227,
    -3.2524535660446987,
    -3.7833893472143916,
    -0.1649302218808144,
    -4.353486417706233,
    -4.646058429200357,
    -4.716393692344583,
    -4.581412449497883,
    -4.243693102449327,
    -3.593166379705208,
    -2.7265408420750195,
    -20.012754861689398,
    -3.1654971680961532,
    4.705316691231811,
    -0.25790449503893814,
    4.607395290871451,
    -0.04225419419697549,
    -0.012917303163564976,
    3.31693359655323,
    3.6011479319352193,
    3.8330429345834576,
    3.9425220746919103,
    4.141365433624788,
    4.270797043442692,
    4.453979293699347,
    -5.52464000693465,
    4.695922647375673,
    -7.439641994312209,
    4.839237246099926,
    4.840348734380663,
    4.866171660944807,
    4.893604922862713,
    -0.5937341582565017,
    4.793950045282322,
    4.953861465959443,
    4.954126776503399,
    4.950084755616264,
    4.941364316241819,
    4.924460099264985,
    4.715054553309475,
    4.82430423283222,
    4.760088719331636
  ],