{
  "episode": 763,
  "steps": 95,
  "actions": [
    23,
    23,
    23,
    23,
    15,
    23,
    21,
    22,
    15,
    13,
    13,
    12,
    15,
    6,
    12,
    21,
    13,
    15,
    22,
    15,
    14,
    7,
    15,
    14,
    14,
    21,
    23,
    21,
    21,
    12,
    20,
    20,
    15,
    13,
    21,
    21,
    22,
    21,
    15,
    21,
    12,
    5,
    14,
    12,
    21,
    21,
    3,
    9,
    11,
    18,
    11,
    0,
    1,
    3,
    9,
    11,
    3,
    9,
    3,
    3,
    1,
    0,
    2,
    1,
    2,
    0,
    10,
    8,
    23,
    23,
    13,
    7,
    15,
    15,
    22,
    12,
    12,
    15,
    21,
    15,
    12,
    22,
    13,
    13,
    13,
    13,
    13,
    12,
    21,
    22,
    22,
    12,
    21,
    15,
    21
  ],
  "temperatures": [
    21.111627197265648,
    21.104028320312523,
    21.062646484375023,
    21.024285888671898,
    20.531274414062523,
    20.948815917968773,
    20.932794189453148,
    20.913690185546898,
    20.416619873046898,
    20.368951416015648,
    20.335290527343773,
    20.305383300781273,
    20.277490234375023,
    19.426751708984398,
    20.183465576171898,
    20.699975585937523,
    20.191430664062523,
    20.155480957031273,
    20.654138183593773,
    20.133508300781273,
    20.095208740234398,
    19.214196777343773,
    20.000909423828148,
    20.012841796875023,
    20.041894531250023,
    20.613549804687523,
    20.659906005859398,
    20.672082519531273,
    20.663598632812523,
    20.141748046875023,
    20.648034667968773,
    21.169610595703148,
    20.917932128906273,
    21.017205810546898,
    21.443017578125023,
    21.509851074218773,
    21.573968505859398,
    21.670892333984398,
    21.598352050781273,
    22.117944335937523,
    22.215600585937523,
    22.330590820312523,
    22.787683105468773,
    23.076379394531273,
    23.315118408203148,
    23.550286865234398,
    21.178277587890648,
    20.085321044921898,
    20.249200439453148,
    19.551660156250023,
    20.557336425781273,
    22.127038574218773,
    22.417352294921898,
    22.644372558593773,
    21.287683105468773,
    21.328607177734398,
    22.889703369140648,
    21.441674804687523,
    22.960321044921898,
    23.018029785156273,
    23.003198242187523,
    22.948144531250023,
    22.810357666015648,
    22.591516113281273,
    22.302819824218773,
    22.025048828125023,
    20.451348876953148,
    20.229730224609398,
    23.754235839843773,
    23.733209228515648,
    23.844110107421898,
    23.269006347656273,
    23.055505371093773,
    22.931481933593773,
    22.852197265625023,
    22.736413574218773,
    22.646569824218773,
    22.555139160156273,
    22.561517333984398,
    22.393609619140648,
    22.319390869140648,
    22.384240722656273,
    22.188562011718773,
    22.115686035156273,
    22.040643310546898,
    21.963403320312523,
    21.886346435546898,
    21.810693359375023,
    21.967431640625023,
    21.916253662109398,
    21.865136718750023,
    21.533166503906273,
    21.705377197265648,
    21.295343017578148,
    21.511102294921898
  ],
  "outdoor_temps": [
    -6.1035156022626325e-06,
    -6.1035156022626325e-06,
    -6.1035156022626325e-06,
    -6.1035156022626325e-06,
    -6.1035156022626325e-06,
    -6.1035156022626325e-06,
    -6.1035156022626325e-06,
    -6.1035156022626325e-06,
    -6.1035156022626325e-06,
    -6.1035156022626325e-06,
    -6.1035156022626325e-06,
    -6.1035156022626325e-06,
    -6.1035156022626325e-06,
    -6.1035156022626325e-06,
    -6.1035156022626325e-06,
    -6.1035156022626325e-06,
    -6.1035156022626325e-06,
    -6.1035156022626325e-06,
    -6.1035156022626325e-06,
    -6.1035156022626325e-06,
    -6.1035156022626325e-06,
    -6.1035156022626325e-06,
    -6.1035156022626325e-06,
    0.48467407226564774,
    1.5674987792968977,
    2.6915527343750227,
    3.3000122070312727,
    3.2094665527343977,
    2.8019348144531477,
    2.3684326171875227,
    2.2000061035156477,
    2.3021789550781477,
    2.5030456542968977,
    2.8273864746093977,
    3.3000122070312727,
    4.170007324218773,
    5.390008544921898,
    6.540002441406273,
    7.200006103515648,
    7.400476074218773,
    7.509606933593773,
    7.613946533203148,
    7.800012207031273,
    8.075891113281273,
    8.371636962890648,
    8.656549072265648,
    8.899987792968773,
    9.066003417968773,
    9.171868896484398,
    9.266809082031273,
    9.399987792968773,
    9.710534667968773,
    10.159387207031273,
    10.528527832031273,
    10.600000000000023,
    10.450006103515648,
    10.300012207031273,
    10.149987792968773,
    9.999993896484398,
    9.850000000000023,
    9.700006103515648,
    9.550012207031273,
    9.399987792968773,
    8.978875732421898,
    8.201959228515648,
    7.349084472656273,
    6.700006103515648,
    6.357904052734398,
    6.149987792968773,
    5.942102050781273,
    5.600000000000023,
    4.941003417968773,
    4.063317871093773,
    3.2539611816406477,
    2.8000122070312727,
    2.6291442871093977,
    2.4749084472656477,
    2.3332153320312727,
    2.2000061035156477,
    2.0766845703125227,
    1.9598327636718977,
    1.8380676269531477,
    1.7000061035156477,
    1.4921203613281477,
    1.2039733886718977,
    0.8888488769531477,
    0.6000000000000227,
    0.41335449218752274,
    0.31020507812502274,
    0.20195922851564774,
    -6.1035156022626325e-06,
    -0.7735656738281023,
    -2.1510986328124773,
    -3.5530761718749773,
    -4.399999999999977
  ],
  "rewards": [
    4.963678053930402,
    4.9635631695538756,
    4.962818720653653,
    4.962127915933729,
    4.967531055390835,
    4.960763901668399,
    4.960481211259961,
    4.9601397587961475,
    4.966092529397781,
    4.965483979022859,
    4.965056231096873,
    4.964676179960856,
    4.964321824439032,
    -0.8347893744978565,
    4.963115574261255,
    4.956251070786429,
    4.963227407981358,
    4.9627659786497444,
    4.95541588445267,
    4.9624874831255035,
    4.961994324958681,
    -1.5577470830297417,
    4.9607794917509285,
    4.960937227046846,
    4.961316362642561,
    4.954687982980972,
    4.955546372146062,
    4.95577190668881,
    4.955615301341466,
    4.962613164235554,
    4.95532832651229,
    4.964970256260555,
    4.97265347362585,
    4.973933761752008,
    4.970008912917713,
    4.9712402327961245,
    4.972421422213964,
    4.974210598729874,
    4.981439322878323,
    4.982475398379176,
    4.989428899337255,
    4.994969668887717,
    4.996835218785088,
    4.99928793480142,
    4.997040358137501,
    4.995735341668777,
    4.986210801724993,
    4.9798338635238295,
    4.979197114243294,
    -0.5156680410017924,
    4.978000003213306,
    4.984104635618789,
    4.9834604673869904,
    4.982956954165969,
    4.975164396909107,
    4.9750058550975575,
    4.982413327597244,
    4.97456736232065,
    4.982256870775605,
    4.982128840011585,
    4.982161613029469,
    4.982283635660682,
    4.9825892698056995,
    4.983074878375329,
    4.983715708180938,
    4.984332415978708,
    4.9784137786962095,
    4.979274785600117,
    4.994604453576,
    4.994721173062921,
    4.996306718144566,
    4.99932855956305,
    4.999371444968912,
    4.998691066781788,
    4.996051157909243,
    4.996169835131939,
    4.995008464135392,
    4.993826580919487,
    4.9906830285962505,
    4.9917385128631215,
    4.990779027676939,
    4.987410031844092,
    4.98908845643359,
    4.98814696885694,
    4.987177891210208,
    4.986180113927016,
    4.985184494033942,
    4.984207557514796,
    4.979717953492118,
    4.978773488611631,
    4.9778296729553,
    4.980622211199577,
    4.974879727650595,
    4.9775472033514605,
    4.971289594369738
  ],