{
  "episode": 81,
  "steps": 95,
  "actions": [
    23,
    23,
    23,
    23,
    14,
    20,
    21,
    21,
    4,
    13,
    23,
    23,
    23,
    23,
    3,
    23,
    23,
    23,
    23,
    23,
    5,
    20,
    23,
    13,
    23,
    23,
    16,
    21,
    23,
    19,
    21,
    23,
    22,
    5,
    8,
    22,
    13,
    8,
    12,
    5,
    20,
    5,
    16,
    4,
    11,
    14,
    21,
    0,
    0,
    8,
    8,
    15,
    9,
    0,
    17,
    2,
    16,
    12,
    17,
    17,
    2,
    19,
    9,
    0,
    0,
    0,
    21,
    9,
    21,
    0,
    17,
    15,
    9,
    5,
    6,
    1,
    4,
    11,
    12,
    4,
    5,
    23,
    4,
    5,
    19,
    7,
    5,
    13,
    14,
    10,
    6,
    15,
    11,
    2,
    22
  ],
  "temperatures": [
    20.975762939453148,
    20.971978759765648,
    20.926324462890648,
    20.884027099609398,
    20.309686279296898,
    20.797753906250023,
    20.782312011718773,
    20.761773681640648,
    19.230310058593773,
    20.065179443359398,
    20.649377441406273,
    20.649743652343773,
    20.637933349609398,
    20.622521972656273,
    16.435083007812523,
    20.447320556640648,
    20.501947021484398,
    20.504174804687523,
    20.496850585937523,
    20.485131835937523,
    18.859277343750023,
    20.396813964843773,
    20.410821533203148,
    19.799401855468773,
    20.419152832031273,
    20.471948242187523,
    15.654138183593773,
    20.347314453125023,
    20.416406250000023,
    15.567712402343773,
    20.286950683593773,
    20.918908691406273,
    21.075830078125023,
    20.096185302734398,
    16.636315917968773,
    21.193933105468773,
    20.945886230468773,
    16.872735595703148,
    21.125970458984398,
    21.107263183593773,
    22.190484619140648,
    22.049615478515648,
    17.898217773437523,
    22.439691162109398,
    19.297662353515648,
    23.328302001953148,
    23.605218505859398,
    21.877587890625023,
    22.077355957031273,
    20.745843505859398,
    20.894219970703148,
    24.712060546875023,
    21.397882080078148,
    23.235864257812523,
    20.529382324218773,
    23.421319580078148,
    20.636407470703148,
    25.338403320312523,
    20.727868652343773,
    20.641259765625023,
    23.471093750000023,
    20.553063964843773,
    21.498956298828148,
    22.995355224609398,
    22.787561035156273,
    22.520501708984398,
    24.042138671875023,
    20.624383544921898,
    23.792657470703148,
    21.840783691406273,
    19.295251464843773,
    22.955529785156273,
    19.362390136718773,
    22.457482910156273,
    22.484765625000023,
    20.076470947265648,
    22.096887207031273,
    18.726586914062523,
    22.068994140625023,
    21.810876464843773,
    21.718988037109398,
    22.154321289062523,
    21.586541748046898,
    21.462365722656273,
    17.553369140625023,
    20.941064453125023,
    21.004846191406273,
    21.409631347656273,
    21.361596679687523,
    17.651147460937523,
    20.408929443359398,
    21.043817138671898,
    17.307855224609398,
    17.614373779296898,
    21.024682617187523
  ],
  "outdoor_temps": [
    -6.1035156022626325e-06,
    -6.1035156022626325e-06,
    -6.1035156022626325e-06,
    -6.1035156022626325e-06,
    -6.1035156022626325e-06,
    -6.1035156022626325e-06,
    -6.1035156022626325e-06,
    -6.1035156022626325e-06,
    -6.1035156022626325e-06,
    -6.1035156022626325e-06,
    -6.1035156022626325e-06,
    -6.1035156022626325e-06,
    -6.1035156022626325e-06,
    -6.1035156022626325e-06,
    -6.1035156022626325e-06,
    -6.1035156022626325e-06,
    -6.1035156022626325e-06,
    -6.1035156022626325e-06,
    -6.1035156022626325e-06,
    -6.1035156022626325e-06,
    -6.1035156022626325e-06,
    -6.1035156022626325e-06,
    -6.1035156022626325e-06,
    0.48467407226564774,
    1.5674987792968977,
    2.6915527343750227,
    3.3000122070312727,
    3.2094665527343977,
    2.8019348144531477,
    2.3684326171875227,
    2.2000061035156477,
    2.3021789550781477,
    2.5030456542968977,
    2.8273864746093977,
    3.3000122070312727,
    4.170007324218773,
    5.390008544921898,
    6.540002441406273,
    7.200006103515648,
    7.400476074218773,
    7.509606933593773,
    7.613946533203148,
    7.800012207031273,
    8.075891113281273,
    8.371636962890648,
    8.656549072265648,
    8.899987792968773,
    9.066003417968773,
    9.171868896484398,
    9.266809082031273,
    9.399987792968773,
    9.710534667968773,
    10.159387207031273,
    10.528527832031273,
    10.600000000000023,
    10.450006103515648,
    10.300012207031273,
    10.149987792968773,
    9.999993896484398,
    9.850000000000023,
    9.700006103515648,
    9.550012207031273,
    9.399987792968773,
    8.978875732421898,
    8.201959228515648,
    7.349084472656273,
    6.700006103515648,
    6.357904052734398,
    6.149987792968773,
    5.942102050781273,
    5.600000000000023,
    4.941003417968773,
    4.063317871093773,
    3.2539611816406477,
    2.8000122070312727,
    2.6291442871093977,
    2.4749084472656477,
    2.3332153320312727,
    2.2000061035156477,
    2.0766845703125227,
    1.9598327636718977,
    1.8380676269531477,
    1.7000061035156477,
    1.4921203613281477,
    1.2039733886718977,
    0.8888488769531477,
    0.6000000000000227,
    0.41335449218752274,
    0.31020507812502274,
    0.20195922851564774,
    -6.1035156022626325e-06,
    -0.7735656738281023,
    -2.1510986328124773,
    -3.5530761718749773,
    -4.399999999999977
  ],
  "rewards": [
    4.9077753899246455,
    4.9076752827316525,
    4.905702330842614,
    4.90387322165072,
    4.919594817124307,
    4.900125491266017,
    4.89947547637574,
    4.898595177800111,
    -0.6064128457068156,
    4.91249457353969,
    4.8936818096009285,
    4.893721291795373,
    4.893215529695153,
    4.892548558488488,
    -12.71024753888587,
    4.8848028919781035,
    4.887238795533777,
    4.887349354997277,
    4.887033469453454,
    4.886521899476647,
    -1.3165823956345621,
    4.882618415096532,
    4.883248459926766,
    -0.0640887254103927,
    4.883636672195533,
    4.8859858391433955,
    -18.889321264847915,
    4.880463721463862,
    4.883529393345765,
    -19.647692349627413,
    4.877790162249104,
    4.905825497776918,
    4.912771775498986,
    4.9570058941346105,
    -11.318189506230967,
    4.917972676498087,
    4.938672923952665,
    -9.784126132655262,
    4.9439864777822216,
    4.971925847499793,
    4.962174281814824,
    4.985866651387845,
    -4.427767045011891,
    4.991639625360663,
    -0.5030027000767711,
    4.9965243890249855,
    4.990048089866405,
    4.969402065168783,
    4.968515021796338,
    4.948430204354227,
    4.9471125840444286,
    -0.5110169227373017,
    4.94264166339746,
    4.96337348935579,
    4.924478761926293,
    4.962551655751734,
    4.923055999047406,
    -1.796699664471327,
    4.921839763868762,
    4.922992846729315,
    4.962331547719507,
    4.924166571862348,
    4.941747894159154,
    4.964442341303575,
    4.965364897246473,
    4.966550803179853,
    -0.005875302627684603,
    4.949513835766069,
    4.987554137463803,
    4.969569380175039,
    -0.5115984334796347,
    4.9980975919459825,
    -0.41640906878298733,
    4.991889681195962,
    4.9922964179112945,
    4.97741774318841,
    4.986566998949882,
    -1.6300302581277948,
    4.971906273301853,
    4.98234428998751,
    4.980987378337987,
    4.960603527763616,
    4.979032742972485,
    4.977199614027151,
    -5.995122121086475,
    4.96950089445115,
    4.970445065428908,
    4.95243916021822,
    4.951022934798638,
    -5.523170643392034,
    4.961648769302739,
    4.94163712973342,
    -7.2529457109841395,
    -5.694133487607083,
    4.910548321969159
  ],