{
  "episode": 556,
  "steps": 95,
  "actions": [
    23,
    23,
    23,
    23,
    22,
    22,
    13,
    15,
    6,
    20,
    12,
    20,
    20,
    20,
    14,
    21,
    20,
    21,
    20,
    6,
    20,
    12,
    21,
    8,
    21,
    20,
    20,
    21,
    13,
    5,
    15,
    14,
    22,
    20,
    15,
    20,
    12,
    22,
    14,
    20,
    10,
    21,
    13,
    21,
    12,
    7,
    21,
    14,
    20,
    21,
    20,
    21,
    13,
    14,
    21,
    21,
    21,
    14,
    14,
    21,
    15,
    14,
    10,
    22,
    14,
    21,
    13,
    20,
    22,
    7,
    21,
    6,
    6,
    13,
    20,
    14,
    20,
    20,
    14,
    13,
    20,
    13,
    20,
    22,
    20,
    22,
    21,
    1,
    21,
    22,
    1,
    22,
    20,
    22,
    15
  ],
  "temperatures": [
    20.975762939453148,
    20.971978759765648,
    20.926324462890648,
    20.884027099609398,
    20.848413085937523,
    20.818383789062523,
    20.242700195312523,
    20.179467773437523,
    19.144250488281273,
    20.648431396484398,
    20.088494873046898,
    20.631707763671898,
    20.629052734375023,
    20.616204833984398,
    20.017694091796898,
    20.560388183593773,
    20.553765869140648,
    20.539208984375023,
    20.523004150390648,
    18.909387207031273,
    20.430383300781273,
    19.830895996093773,
    20.410699462890648,
    15.778436279296898,
    20.292352294921898,
    20.413171386718773,
    20.468957519531273,
    20.486688232421898,
    19.889672851562523,
    18.838952636718773,
    19.781152343750023,
    20.474786376953148,
    21.093560791015648,
    21.216607666015648,
    20.905480957031273,
    21.358422851562523,
    21.063531494140648,
    21.525231933593773,
    21.420220947265648,
    22.008538818359398,
    17.882806396484398,
    22.442651367187523,
    22.672265625000023,
    23.006311035156273,
    23.317285156250023,
    23.801416015625023,
    23.766381835937523,
    24.204064941406273,
    24.197198486328148,
    24.388085937500023,
    24.564508056640648,
    24.736016845703148,
    25.331933593750023,
    25.536706542968773,
    25.191979980468773,
    25.271844482421898,
    25.335351562500023,
    25.937707519531273,
    25.998681640625023,
    25.441400146484398,
    25.979058837890648,
    25.939599609375023,
    22.312951660156273,
    25.018823242187523,
    25.305657958984398,
    24.690118408203148,
    24.906701660156273,
    24.415673828125023,
    24.305139160156273,
    24.994348144531273,
    24.143304443359398,
    23.941430664062523,
    23.735040283203148,
    23.400903320312523,
    23.211480712890648,
    23.162835693359398,
    23.044641113281273,
    22.955743408203148,
    22.845758056640648,
    22.749536132812523,
    22.721337890625023,
    22.578363037109398,
    22.586663818359398,
    22.520104980468773,
    22.449304199218773,
    22.376550292968773,
    22.304101562500023,
    19.497521972656273,
    22.085626220703148,
    22.053063964843773,
    19.115472412109398,
    21.845941162109398,
    21.785943603515648,
    21.683892822265648,
    21.262933349609398
  ],
  "outdoor_temps": [
    -6.1035156022626325e-06,
    -6.1035156022626325e-06,
    -6.1035156022626325e-06,
    -6.1035156022626325e-06,
    -6.1035156022626325e-06,
    -6.1035156022626325e-06,
    -6.1035156022626325e-06,
    -6.1035156022626325e-06,
    -6.1035156022626325e-06,
    -6.1035156022626325e-06,
    -6.1035156022626325e-06,
    -6.1035156022626325e-06,
    -6.1035156022626325e-06,
    -6.1035156022626325e-06,
    -6.1035156022626325e-06,
    -6.1035156022626325e-06,
    -6.1035156022626325e-06,
    -6.1035156022626325e-06,
    -6.1035156022626325e-06,
    -6.1035156022626325e-06,
    -6.1035156022626325e-06,
    -6.1035156022626325e-06,
    -6.1035156022626325e-06,
    0.48467407226564774,
    1.5674987792968977,
    2.6915527343750227,
    3.3000122070312727,
    3.2094665527343977,
    2.8019348144531477,
    2.3684326171875227,
    2.2000061035156477,
    2.3021789550781477,
    2.5030456542968977,
    2.8273864746093977,
    3.3000122070312727,
    4.170007324218773,
    5.390008544921898,
    6.540002441406273,
    7.200006103515648,
    7.400476074218773,
    7.509606933593773,
    7.613946533203148,
    7.800012207031273,
    8.075891113281273,
    8.371636962890648,
    8.656549072265648,
    8.899987792968773,
    9.066003417968773,
    9.171868896484398,
    9.266809082031273,
    9.399987792968773,
    9.710534667968773,
    10.159387207031273,
    10.528527832031273,
    10.600000000000023,
    10.450006103515648,
    10.300012207031273,
    10.149987792968773,
    9.999993896484398,
    9.850000000000023,
    9.700006103515648,
    9.550012207031273,
    9.399987792968773,
    8.978875732421898,
    8.201959228515648,
    7.349084472656273,
    6.700006103515648,
    6.357904052734398,
    6.149987792968773,
    5.942102050781273,
    5.600000000000023,
    4.941003417968773,
    4.063317871093773,
    3.2539611816406477,
    2.8000122070312727,
    2.6291442871093977,
    2.4749084472656477,
    2.3332153320312727,
    2.2000061035156477,
    2.0766845703125227,
    1.9598327636718977,
    1.8380676269531477,
    1.7000061035156477,
    1.4921203613281477,
    1.2039733886718977,
    0.8888488769531477,
    0.6000000000000227,
    0.41335449218752274,
    0.31020507812502274,
    0.20195922851564774,
    -6.1035156022626325e-06,
    -0.7735656738281023,
    -2.1510986328124773,
    -3.5530761718749773,
    -4.399999999999977
  ],
  "rewards": [
    4.9077753899246455,
    4.9076752827316525,
    4.905702330842614,
    4.90387322165072,
    4.902335326448083,
    4.901042344294812,
    4.917676257998075,
    4.9158308504861985,
    -0.7466161571630981,
    4.893616063358343,
    4.913205680667382,
    4.8929203197845945,
    4.89282191955201,
    4.8922681780969315,
    4.911173867999535,
    4.8898203154847675,
    4.889538228184633,
    4.888903529277962,
    4.888193471104555,
    -1.2045860766344614,
    4.884100434543646,
    -0.05221632312334629,
    4.883242289770556,
    -17.8235126624546,
    4.878013245803507,
    4.883378169209413,
    4.885856644741219,
    4.886644684902351,
    -0.035348684705140965,
    -1.363432341644933,
    -0.07187278434471243,
    4.924794311369567,
    4.913557727430826,
    4.919002892695691,
    4.937497582255822,
    4.925273682731001,
    4.9421536205401235,
    4.932656080473376,
    4.952693672091092,
    4.954099700097804,
    -4.489093385928255,
    4.97336713284578,
    4.989739541866533,
    4.998023745842764,
    4.996622587897531,
    4.996372249393886,
    4.987901950786296,
    -0.044501796133177646,
    -0.043503605070654365,
    -0.1558625831390381,
    -0.32450859150973327,
    -0.5481309061805526,
    -1.779409426964232,
    -2.3672836655783964,
    -1.428744014258672,
    -1.6257818405994833,
    -1.7915685184592096,
    -3.76141667432282,
    -4.001569828930523,
    -2.086392072159053,
    -3.9234719496512795,
    -3.7687572174568773,
    4.934522328209941,
    -1.0453520037201898,
    -1.7100463794690703,
    -0.4825201880365276,
    -0.8265259674855961,
    -0.17812780812708529,
    -0.09808490998396499,
    -0.9909642937320291,
    -0.02497239428532516,
    4.9957601105083675,
    4.996675206703215,
    4.9958876764272215,
    4.995298177298644,
    4.997998759864789,
    4.997517147940462,
    4.996134462735575,
    4.994869578598958,
    4.992025707197254,
    4.9857426831093825,
    4.9869673309912494,
    4.979773754772285,
    4.976825222603004,
    4.97368816109779,
    4.970464920631569,
    4.967255201064374,
    -0.25749112234104404,
    4.957576429616336,
    4.956134698063783,
    -0.7869729334028521,
    4.946957504521731,
    4.944297797404553,
    4.93977260314576,
    4.948108882814969
  ],