{
  "episode": 30,
  "steps": 95,
  "actions": [
    23,
    23,
    23,
    23,
    23,
    23,
    23,
    23,
    23,
    23,
    23,
    23,
    23,
    23,
    23,
    23,
    23,
    23,
    23,
    23,
    23,
    23,
    23,
    23,
    23,
    23,
    23,
    23,
    23,
    23,
    23,
    23,
    10,
    9,
    23,
    1,
    23,
    4,
    23,
    23,
    0,
    23,
    2,
    5,
    23,
    14,
    23,
    23,
    23,
    23,
    23,
    0,
    23,
    23,
    5,
    12,
    16,
    23,
    23,
    22,
    23,
    23,
    23,
    7,
    23,
    15,
    23,
    1,
    23,
    23,
    23,
    23,
    23,
    10,
    16,
    15,
    23,
    10,
    23,
    22,
    23,
    11,
    1,
    23,
    23,
    23,
    10,
    5,
    23,
    23,
    13,
    23,
    23,
    5,
    6
  ],
  "temperatures": [
    20.975762939453148,
    20.971978759765648,
    20.926324462890648,
    20.884027099609398,
    20.848413085937523,
    20.818383789062523,
    20.792230224609398,
    20.768457031250023,
    20.746057128906273,
    20.724359130859398,
    20.703149414062523,
    20.682244873046898,
    20.661584472656273,
    20.641198730468773,
    20.621026611328148,
    20.601068115234398,
    20.581353759765648,
    20.561944580078148,
    20.542871093750023,
    20.524133300781273,
    20.505761718750023,
    20.487725830078148,
    20.470056152343773,
    20.463403320312523,
    20.485864257812523,
    20.523187255859398,
    20.552392578125023,
    20.555322265625023,
    20.539788818359398,
    20.522058105468773,
    20.533807373046898,
    21.077111816406273,
    16.622674560546898,
    16.523492431640648,
    21.166375732421898,
    17.466516113281273,
    21.298638916015648,
    20.526239013671898,
    21.668359375000023,
    21.982720947265648,
    18.887353515625023,
    22.456628417968773,
    19.845544433593773,
    22.691003417968773,
    23.225091552734398,
    23.593041992187523,
    23.736596679687523,
    23.961175537109398,
    24.170556640625023,
    24.366143798828148,
    24.544763183593773,
    23.303369140625023,
    24.845849609375023,
    25.013726806640648,
    26.370690917968773,
    25.798974609375023,
    21.049157714843773,
    25.239739990234398,
    25.320916748046898,
    25.340966796875023,
    25.327142333984398,
    25.278955078125023,
    25.176782226562523,
    26.268304443359398,
    24.859307861328148,
    25.071832275390648,
    24.517938232421898,
    22.919671630859398,
    24.239068603515648,
    24.164331054687523,
    24.080957031250023,
    23.512139892578148,
    23.377526855468773,
    19.859338378906273,
    18.809655761718773,
    22.847436523437523,
    22.875665283203148,
    19.246301269531273,
    22.636132812500023,
    22.611901855468773,
    22.558557128906273,
    18.842462158203148,
    19.584863281250023,
    22.246636962890648,
    22.229913330078148,
    22.177911376953148,
    18.334191894531273,
    21.214379882812523,
    21.908319091796898,
    21.873773193359398,
    21.548577880859398,
    21.755517578125023,
    21.666986083984398,
    20.713098144531273,
    20.490289306640648
  ],
  "outdoor_temps": [
    -6.1035156022626325e-06,
    -6.1035156022626325e-06,
    -6.1035156022626325e-06,
    -6.1035156022626325e-06,
    -6.1035156022626325e-06,
    -6.1035156022626325e-06,
    -6.1035156022626325e-06,
    -6.1035156022626325e-06,
    -6.1035156022626325e-06,
    -6.1035156022626325e-06,
    -6.1035156022626325e-06,
    -6.1035156022626325e-06,
    -6.1035156022626325e-06,
    -6.1035156022626325e-06,
    -6.1035156022626325e-06,
    -6.1035156022626325e-06,
    -6.1035156022626325e-06,
    -6.1035156022626325e-06,
    -6.1035156022626325e-06,
    -6.1035156022626325e-06,
    -6.1035156022626325e-06,
    -6.1035156022626325e-06,
    -6.1035156022626325e-06,
    0.48467407226564774,
    1.5674987792968977,
    2.6915527343750227,
    3.3000122070312727,
    3.2094665527343977,
    2.8019348144531477,
    2.3684326171875227,
    2.2000061035156477,
    2.3021789550781477,
    2.5030456542968977,
    2.8273864746093977,
    3.3000122070312727,
    4.170007324218773,
    5.390008544921898,
    6.540002441406273,
    7.200006103515648,
    7.400476074218773,
    7.509606933593773,
    7.613946533203148,
    7.800012207031273,
    8.075891113281273,
    8.371636962890648,
    8.656549072265648,
    8.899987792968773,
    9.066003417968773,
    9.171868896484398,
    9.266809082031273,
    9.399987792968773,
    9.710534667968773,
    10.159387207031273,
    10.528527832031273,
    10.600000000000023,
    10.450006103515648,
    10.300012207031273,
    10.149987792968773,
    9.999993896484398,
    9.850000000000023,
    9.700006103515648,
    9.550012207031273,
    9.399987792968773,
    8.978875732421898,
    8.201959228515648,
    7.349084472656273,
    6.700006103515648,
    6.357904052734398,
    6.149987792968773,
    5.942102050781273,
    5.600000000000023,
    4.941003417968773,
    4.063317871093773,
    3.2539611816406477,
    2.8000122070312727,
    2.6291442871093977,
    2.4749084472656477,
    2.3332153320312727,
    2.2000061035156477,
    2.0766845703125227,
    1.9598327636718977,
    1.8380676269531477,
    1.7000061035156477,
    1.4921203613281477,
    1.2039733886718977,
    0.8888488769531477,
    0.6000000000000227,
    0.41335449218752274,
    0.31020507812502274,
    0.20195922851564774,
    -6.1035156022626325e-06,
    -0.7735656738281023,
    -2.1510986328124773,
    -3.5530761718749773,
    -4.399999999999977
  ],
  "rewards": [
    4.9077753899246455,
    4.9076752827316525,
    4.905702330842614,
    4.90387322165072,
    4.902335326448083,
    4.901042344346642,
    4.899916627183557,
    4.89889272429049,
    4.897925631776452,
    4.896989104524255,
    4.896070191636682,
    4.895163533464074,
    4.894266431108117,
    4.893377902284264,
    4.892497641816735,
    4.8916256878525015,
    4.890763070359826,
    4.889912049546838,
    4.889075028672814,
    4.888252484574914,
    4.887444255128503,
    4.886651608720422,
    4.885875994935632,
    4.885590159669518,
    4.886594855561852,
    4.888258149400354,
    4.88955717779696,
    4.889688555970788,
    4.889001128450036,
    4.888215834870935,
    4.888737532868982,
    4.912843615785241,
    -11.410115037411298,
    -12.089673133712589,
    4.916762778516049,
    -6.4213017669831185,
    4.922607986699465,
    4.963336026663892,
    4.939002482651368,
    4.952954308763147,
    -1.2423190896724776,
    4.9739872548729185,
    -0.029256501547053882,
    4.995357496427656,
    4.995110365191232,
    4.994174485169351,
    4.988298923616176,
    4.985308146253228,
    -0.033617330566056376,
    -0.13924017172308442,
    -0.3025404026359568,
    4.963072681422346,
    -0.722237311676183,
    -1.034976514093624,
    -5.623938939920734,
    -3.2427081249638916,
    4.9175599453339105,
    -1.5450415922977272,
    -1.7531776831672197,
    -1.806615290120305,
    -1.7696842189279542,
    -1.6439431596547947,
    -1.3926934850961505,
    -5.14885505551017,
    -0.7452301244713433,
    -1.1536091066897403,
    -0.27394350462150074,
    4.964780282969587,
    -0.06190889966148836,
    -0.03151099897921833,
    -0.010782754793766842,
    4.9912975863367315,
    4.993089206591248,
    -0.030749784074717325,
    -1.4302231350508179,
    4.99491519411135,
    4.992582152741758,
    -0.5776635604723945,
    4.981963120404145,
    4.980889544263482,
    4.978525434457089,
    -1.348598210997827,
    -0.1774429097052718,
    4.964701275597934,
    4.963961941972375,
    4.961660034433007,
    -2.7824928450211126,
    4.973543398304356,
    4.949717557171117,
    4.948188464418053,
    4.956551556549966,
    4.942949320968727,
    4.939024779573083,
    4.966144268508069,
    4.962850570638421
  ],