{
  "episode": 364,
  "steps": 96,
  "actions": [
    23,
    23,
    23,
    23,
    16,
    22,
    23,
    12,
    23,
    23,
    13,
    23,
    23,
    21,
    23,
    22,
    21,
    23,
    21,
    23,
    21,
    23,
    21,
    21,
    20,
    20,
    20,
    13,
    20,
    12,
    7,
    6,
    6,
    20,
    6,
    6,
    6,
    15,
    6,
    12,
    21,
    22,
    15,
    22,
    22,
    20,
    2,
    2,
    0,
    0,
    0,
    2,
    2,
    0,
    3,
    2,
    3,
    23,
    3,
    3,
    2,
    3,
    3,
    3,
    3,
    3,
    23,
    3,
    22,
    3,
    23,
    0,
    12,
    7,
    7,
    7,
    7,
    7,
    7,
    12,
    7,
    7,
    7,
    7,
    6,
    7,
    6,
    7,
    6,
    4,
    7,
    6,
    6,
    4,
    4,
    4
  ],
  "temperatures": [
    21.441918945312523,
    21.448999023437523,
    21.426599121093773,
    21.404260253906273,
    16.299371337890648,
    21.223657226562523,
    21.278527832031273,
    20.895684814453148,
    21.267449951171898,
    21.263940429687523,
    20.855859375000023,
    21.215966796875023,
    21.199182128906273,
    21.176873779296898,
    21.152795410156273,
    21.127648925781273,
    21.101831054687523,
    21.076196289062523,
    21.053796386718773,
    21.036004638671898,
    21.025018310546898,
    21.021630859375023,
    21.027612304687523,
    21.048944091796898,
    21.095605468750023,
    21.159936523437523,
    21.228356933593773,
    20.904321289062523,
    21.351464843750023,
    21.068444824218773,
    20.560998535156273,
    21.425164794921898,
    21.650384521484398,
    22.312707519531273,
    22.069482421875023,
    22.233636474609398,
    22.426812744140648,
    22.726556396484398,
    22.831750488281273,
    23.028131103515648,
    23.143487548828148,
    23.253137207031273,
    23.441705322265648,
    23.459497070312523,
    23.549005126953148,
    23.622186279296898,
    20.948114013671898,
    20.908410644531273,
    20.949060058593773,
    20.986291503906273,
    21.010675048828148,
    21.019372558593773,
    21.016809082031273,
    21.003717041015648,
    20.975061035156273,
    20.935266113281273,
    20.890710449218773,
    23.615594482421898,
    20.984643554687523,
    20.890466308593773,
    20.876245117187523,
    20.864862060546898,
    20.846887207031273,
    20.818994140625023,
    20.782556152343773,
    20.741723632812523,
    23.519128417968773,
    20.818933105468773,
    23.500848388671898,
    20.780603027343773,
    23.461785888671898,
    20.059381103515648,
    22.813073730468773,
    22.767633056640648,
    22.703637695312523,
    22.639947509765648,
    22.579217529296898,
    22.517572021484398,
    22.455041503906273,
    22.533502197265648,
    22.346276855468773,
    22.283258056640648,
    22.228173828125023,
    22.175042724609398,
    22.125177001953148,
    22.077935791015648,
    22.031823730468773,
    21.985711669921898,
    21.939935302734398,
    21.894342041015648,
    21.848596191406273,
    21.802056884765648,
    21.753289794921898,
    21.701623535156273,
    21.647332763671898,
    21.591882324218773
  ],
  "outdoor_temps": [
    6.979180908203148,
    6.885949707031273,
    6.800012207031273,
    6.720910644531273,
    6.647393798828148,
    6.575189208984398,
    6.499993896484398,
    6.445123291015648,
    6.398431396484398,
    6.302545166015648,
    6.100000000000023,
    5.825006103515648,
    5.550012207031273,
    5.274987792968773,
    4.999993896484398,
    4.725000000000023,
    4.450006103515648,
    4.175012207031273,
    3.8999877929687727,
    3.6249938964843977,
    3.3500000000000227,
    3.0750061035156477,
    2.8000122070312727,
    2.8357788085937727,
    3.3120666503906477,
    3.9573303222656477,
    4.499993896484398,
    4.899560546875023,
    5.297937011718773,
    5.697351074218773,
    6.100000000000023,
    6.532495117187523,
    6.990014648437523,
    7.427514648437523,
    7.800012207031273,
    8.124993896484398,
    8.450006103515648,
    8.774987792968773,
    9.100000000000023,
    9.425012207031273,
    9.749993896484398,
    10.075006103515648,
    10.399987792968773,
    10.729699707031273,
    11.062493896484398,
    11.389062500000023,
    11.700006103515648,
    11.989068603515648,
    12.262506103515648,
    12.529687500000023,
    12.800012207031273,
    13.075006103515648,
    13.350000000000023,
    13.624993896484398,
    13.899987792968773,
    14.200769042968773,
    14.518762207031273,
    14.802331542968773,
    14.999993896484398,
    15.077355957031273,
    15.068750000000023,
    15.025781250000023,
    14.999993896484398,
    14.999993896484398,
    14.999993896484398,
    14.999993896484398,
    14.999993896484398,
    15.025781250000023,
    15.068750000000023,
    15.077355957031273,
    14.999993896484398,
    14.802331542968773,
    14.518762207031273,
    14.200769042968773,
    13.899987792968773,
    13.624993896484398,
    13.350000000000023,
    13.075006103515648,
    12.800012207031273,
    12.524987792968773,
    12.249993896484398,
    11.975000000000023,
    11.700006103515648,
    11.454309082031273,
    11.253137207031273,
    11.075402832031273,
    10.899987792968773,
    10.723840332031273,
    10.553125000000023,
    10.380853271484398,
    10.200006103515648,
    10.011712646484398,
    9.818750000000023,
    9.616418457031273,
    9.399987792968773,
    9.175012207031273
  ],
  "rewards": [
    4.969810397073626,
    4.969955742403865,
    4.969552234455943,
    4.969148440405727,
    -34.24076529658171,
    4.965816133598271,
    4.966842829577948,
    4.972254005085677,
    4.966651083845807,
    4.96659216825664,
    4.971752398025244,
    4.965711591806749,
    4.965404561206698,
    4.964994966432452,
    4.96455189758604,
    4.964089341804385,
    4.963613975636984,
    4.963141799510173,
    4.962728896781802,
    4.962401896060161,
    4.962200666114688,
    4.96214002305334,
    4.96225239340961,
    4.96264986091917,
    4.963515838921718,
    4.964708849689883,
    4.965976758501451,
    4.972416146266234,
    4.96825774845157,
    4.974543998110067,
    4.981854771509928,
    4.988264180815253,
    4.98993054166258,
    4.986062141092575,
    4.9930326190767405,
    4.994248022882349,
    4.9956787238997284,
    4.996041361017234,
    4.998679710670172,
    4.9994735997292095,
    4.9979893619196245,
    4.997379342295877,
    4.997863349575873,
    4.996231217014401,
    4.995733238377,
    4.995326022051598,
    4.986682820039761,
    4.986770883354642,
    4.986679850074746,
    4.9865963466577234,
    4.986541479390114,
    4.986521563094109,
    4.986526771041848,
    4.986555505547025,
    4.9866187377385796,
    4.986706789289642,
    4.98680527463863,
    4.995360828676302,
    4.98659477488324,
    4.986804026518989,
    4.986835299287963,
    4.98686038688133,
    4.9869002623903045,
    4.986962233041454,
    4.98704329833858,
    4.987134193931747,
    4.995898030438501,
    4.986962258975953,
    4.995999974274118,
    4.987047831226464,
    4.996217592396814,
    4.98865876333043,
    4.997148937445134,
    4.9981915427969525,
    4.997717819383773,
    4.997246396338973,
    4.9967967608779995,
    4.996340304559502,
    4.9958770562172266,
    4.993526439315113,
    4.9950718090908355,
    4.99460486660007,
    4.994196690714392,
    4.99380293259624,
    4.993433297371897,
    4.993083256630308,
    4.992741557455096,
    4.992399752883322,
    4.992060204839739,
    4.991722158042795,
    4.9913827548870895,
    4.991037564373049,
    4.990675965992815,
    4.990292690841562,
    4.989889264250741,
    4.989477206314549
  ],