{
  "episode": 5,
  "steps": 95,
  "actions": [
    23,
    23,
    23,
    23,
    10,
    6,
    9,
    21,
    20,
    13,
    17,
    12,
    3,
    22,
    17,
    8,
    10,
    11,
    17,
    12,
    6,
    7,
    6,
    8,
    1,
    18,
    16,
    14,
    8,
    20,
    12,
    1,
    12,
    14,
    13,
    18,
    4,
    12,
    23,
    21,
    3,
    5,
    13,
    21,
    19,
    17,
    3,
    0,
    22,
    13,
    7,
    3,
    7,
    3,
    14,
    6,
    12,
    0,
    13,
    12,
    22,
    3,
    19,
    13,
    13,
    15,
    21,
    17,
    5,
    12,
    22,
    6,
    19,
    18,
    22,
    6,
    3,
    0,
    4,
    6,
    15,
    5,
    17,
    10,
    3,
    5,
    10,
    0,
    6,
    12,
    13,
    6,
    2,
    9,
    12
  ],
  "temperatures": [
    20.975762939453148,
    20.971978759765648,
    20.926324462890648,
    20.884027099609398,
    16.315332031250023,
    18.866510009765648,
    16.103601074218773,
    20.525018310546898,
    20.608087158203148,
    20.040093994140648,
    15.788232421875023,
    19.736566162109398,
    16.243920898437523,
    20.356744384765648,
    15.626947021484398,
    15.626153564453148,
    15.543908691406273,
    15.470635986328148,
    15.324121093750023,
    19.258599853515648,
    18.265374755859398,
    18.188012695312523,
    18.161889648437523,
    15.363824462890648,
    15.354699707031273,
    15.212243652343773,
    15.201898193359398,
    19.171838378906273,
    15.328393554687523,
    19.921777343750023,
    19.385278320312523,
    16.468255615234398,
    20.074151611328148,
    20.323571777343773,
    20.461541748046898,
    16.055566406250023,
    19.521081542968773,
    20.647485351562523,
    21.351647949218773,
    21.683923339843773,
    18.450921630859398,
    21.391717529296898,
    22.318231201171898,
    22.757409667968773,
    18.309350585937523,
    18.490930175781273,
    20.735925292968773,
    21.206750488281273,
    23.697930908203148,
    24.151116943359398,
    24.801629638671898,
    22.777703857421898,
    25.269860839843773,
    23.309259033203148,
    25.162469482421898,
    25.995751953125023,
    25.471185302734398,
    23.889886474609398,
    25.525781250000023,
    25.587487792968773,
    25.094354248046898,
    23.879266357421898,
    20.620385742187523,
    25.011102294921898,
    24.903100585937523,
    24.715997314453148,
    24.234857177734398,
    19.816003417968773,
    24.311151123046898,
    24.105493164062523,
    23.808709716796898,
    23.416711425781273,
    18.811822509765648,
    18.565637207031273,
    22.707482910156273,
    22.518182373046898,
    20.100976562500023,
    19.831567382812523,
    21.930322265625023,
    21.942620849609398,
    22.122613525390648,
    21.793267822265648,
    17.781854248046898,
    18.154565429687523,
    18.822503662109398,
    20.991845703125023,
    17.868280029296898,
    18.407159423828148,
    20.572595214843773,
    21.174279785156273,
    21.155450439453148,
    20.513116455078148,
    17.995782470703148,
    17.077081298828148,
    20.501000976562523
  ],
  "outdoor_temps": [
    -6.1035156022626325e-06,
    -6.1035156022626325e-06,
    -6.1035156022626325e-06,
    -6.1035156022626325e-06,
    -6.1035156022626325e-06,
    -6.1035156022626325e-06,
    -6.1035156022626325e-06,
    -6.1035156022626325e-06,
    -6.1035156022626325e-06,
    -6.1035156022626325e-06,
    -6.1035156022626325e-06,
    -6.1035156022626325e-06,
    -6.1035156022626325e-06,
    -6.1035156022626325e-06,
    -6.1035156022626325e-06,
    -6.1035156022626325e-06,
    -6.1035156022626325e-06,
    -6.1035156022626325e-06,
    -6.1035156022626325e-06,
    -6.1035156022626325e-06,
    -6.1035156022626325e-06,
    -6.1035156022626325e-06,
    -6.1035156022626325e-06,
    0.48467407226564774,
    1.5674987792968977,
    2.6915527343750227,
    3.3000122070312727,
    3.2094665527343977,
    2.8019348144531477,
    2.3684326171875227,
    2.2000061035156477,
    2.3021789550781477,
    2.5030456542968977,
    2.8273864746093977,
    3.3000122070312727,
    4.170007324218773,
    5.390008544921898,
    6.540002441406273,
    7.200006103515648,
    7.400476074218773,
    7.509606933593773,
    7.613946533203148,
    7.800012207031273,
    8.075891113281273,
    8.371636962890648,
    8.656549072265648,
    8.899987792968773,
    9.066003417968773,
    9.171868896484398,
    9.266809082031273,
    9.399987792968773,
    9.710534667968773,
    10.159387207031273,
    10.528527832031273,
    10.600000000000023,
    10.450006103515648,
    10.300012207031273,
    10.149987792968773,
    9.999993896484398,
    9.850000000000023,
    9.700006103515648,
    9.550012207031273,
    9.399987792968773,
    8.978875732421898,
    8.201959228515648,
    7.349084472656273,
    6.700006103515648,
    6.357904052734398,
    6.149987792968773,
    5.942102050781273,
    5.600000000000023,
    4.941003417968773,
    4.063317871093773,
    3.2539611816406477,
    2.8000122070312727,
    2.6291442871093977,
    2.4749084472656477,
    2.3332153320312727,
    2.2000061035156477,
    2.0766845703125227,
    1.9598327636718977,
    1.8380676269531477,
    1.7000061035156477,
    1.4921203613281477,
    1.2039733886718977,
    0.8888488769531477,
    0.6000000000000227,
    0.41335449218752274,
    0.31020507812502274,
    0.20195922851564774,
    -6.1035156022626325e-06,
    -0.7735656738281023,
    -2.1510986328124773,
    -3.5530761718749773,
    -4.399999999999977
  ],
  "rewards": [
    4.9077753899246455,
    4.9076752827316525,
    4.905702330842614,
    4.90387322165072,
    -13.579885835163127,
    -1.3001536569106078,
    -15.184560867821538,
    4.888072917218442,
    4.891796281010561,
    4.9117514036288075,
    -17.742240092012352,
    -0.09374240265591088,
    -14.109532445746142,
    4.880750510462601,
    -19.126308753355815,
    -19.132107736481075,
    -19.858142389948075,
    -20.51636844612314,
    -21.865552034701775,
    -0.5775290911028876,
    -3.026454512144198,
    -3.301112718795263,
    -3.396559553411301,
    -21.495116548625457,
    -21.57923090097453,
    -22.92394726179923,
    -23.023083049507353,
    -0.7143342834986046,
    -21.82482177065583,
    -0.0408777619477164,
    -0.4047870826283595,
    -12.474871800209074,
    4.912931909519855,
    4.920295457776797,
    4.924364709687298,
    -15.562701754424056,
    -0.24225031474299333,
    4.929833965248064,
    4.92494570945592,
    4.939691769853234,
    -2.403496392412324,
    4.976132550228428,
    4.979263789580893,
    4.987339042123893,
    -2.869942637264004,
    -2.2895435479444615,
    4.974469847661524,
    4.972379684437107,
    4.988813450708985,
    -0.025578086577038795,
    -0.6446327820592721,
    4.96540606968611,
    -1.6150887185912752,
    4.963047742774184,
    -1.356321270323371,
    -3.9863732645234355,
    -2.170057152373702,
    4.9604727863959726,
    -2.3338005058095552,
    -2.5260465062070225,
    -1.205213679436482,
    4.960519463959473,
    4.923269359835464,
    -1.026977936865241,
    -0.8200009830701374,
    -0.5166471164706286,
    -0.0598991327781499,
    -0.05051673445039929,
    -0.0982930509270432,
    -0.013768800793463383,
    4.987340933580113,
    4.998088630232353,
    -1.4250790346915416,
    -2.0698895052236703,
    4.985117764210571,
    4.9927933906943975,
    4.977310290318995,
    -0.03374881824659957,
    4.984108502860181,
    4.984291537979253,
    4.97349494929061,
    4.982086098072848,
    -4.930050614921518,
    -3.4128074811155193,
    -1.3907567557799294,
    4.970251049984287,
    -4.550773614233505,
    -2.5409397861468084,
    4.964063143725507,
    4.945489349147386,
    4.944934630330814,
    4.963189361013027,
    -4.020231437337412,
    -8.548244678237058,
    4.925591683331067
  ],