{
  "episode": 8,
  "steps": 95,
  "actions": [
    23,
    23,
    23,
    23,
    23,
    23,
    23,
    23,
    23,
    23,
    23,
    23,
    23,
    23,
    23,
    23,
    23,
    23,
    23,
    23,
    23,
    23,
    23,
    23,
    23,
    23,
    23,
    23,
    23,
    23,
    23,
    23,
    11,
    3,
    14,
    15,
    7,
    19,
    23,
    21,
    14,
    7,
    22,
    13,
    19,
    21,
    2,
    4,
    21,
    4,
    14,
    21,
    21,
    0,
    2,
    13,
    13,
    15,
    19,
    5,
    2,
    6,
    0,
    4,
    14,
    1,
    4,
    9,
    14,
    23,
    7,
    1,
    18,
    18,
    8,
    3,
    6,
    2,
    2,
    8,
    10,
    17,
    5,
    7,
    0,
    12,
    1,
    23,
    5,
    4,
    1,
    2,
    15,
    2,
    10
  ],
  "temperatures": [
    20.975762939453148,
    20.971978759765648,
    20.926324462890648,
    20.884027099609398,
    20.848413085937523,
    20.818383789062523,
    20.792230224609398,
    20.768457031250023,
    20.746057128906273,
    20.724359130859398,
    20.703149414062523,
    20.682244873046898,
    20.661584472656273,
    20.641198730468773,
    20.621026611328148,
    20.601068115234398,
    20.581353759765648,
    20.561944580078148,
    20.542871093750023,
    20.524133300781273,
    20.505761718750023,
    20.487725830078148,
    20.470056152343773,
    20.463403320312523,
    20.485864257812523,
    20.523187255859398,
    20.552392578125023,
    20.555322265625023,
    20.539788818359398,
    20.522058105468773,
    20.533807373046898,
    21.077111816406273,
    16.622583007812523,
    16.992181396484398,
    20.697351074218773,
    20.898339843750023,
    20.387994384765648,
    16.508508300781273,
    21.569543457031273,
    21.942407226562523,
    22.040856933593773,
    22.116265869140648,
    22.761193847656273,
    23.003228759765648,
    18.655664062500023,
    23.397210693359398,
    21.606164550781273,
    24.278924560546898,
    24.121820068359398,
    25.069238281250023,
    24.877374267578148,
    24.704736328125023,
    24.867669677734398,
    23.791925048828148,
    23.900506591796898,
    25.666223144531273,
    25.804711914062523,
    25.885278320312523,
    21.109460449218773,
    26.430993652343773,
    24.339715576171898,
    26.528985595703148,
    24.178216552734398,
    26.173242187500023,
    25.292962646484398,
    23.357812500000023,
    25.331719970703148,
    21.207788085937523,
    24.418878173828148,
    24.117639160156273,
    24.723352050781273,
    21.577966308593773,
    19.063745117187523,
    18.826257324218773,
    19.380242919921898,
    20.326318359375023,
    22.461907958984398,
    20.188897705078148,
    19.942132568359398,
    18.762658691406273,
    18.597406005859398,
    17.857171630859398,
    21.430200195312523,
    21.532342529296898,
    19.169793701171898,
    21.652307128906273,
    18.943200683593773,
    21.786950683593773,
    21.047967529296898,
    20.919122314453148,
    18.503656005859398,
    18.232080078125023,
    20.956964111328148,
    17.987878417968773,
    17.081658935546898
  ],
  "outdoor_temps": [
    -6.1035156022626325e-06,
    -6.1035156022626325e-06,
    -6.1035156022626325e-06,
    -6.1035156022626325e-06,
    -6.1035156022626325e-06,
    -6.1035156022626325e-06,
    -6.1035156022626325e-06,
    -6.1035156022626325e-06,
    -6.1035156022626325e-06,
    -6.1035156022626325e-06,
    -6.1035156022626325e-06,
    -6.1035156022626325e-06,
    -6.1035156022626325e-06,
    -6.1035156022626325e-06,
    -6.1035156022626325e-06,
    -6.1035156022626325e-06,
    -6.1035156022626325e-06,
    -6.1035156022626325e-06,
    -6.1035156022626325e-06,
    -6.1035156022626325e-06,
    -6.1035156022626325e-06,
    -6.1035156022626325e-06,
    -6.1035156022626325e-06,
    0.48467407226564774,
    1.5674987792968977,
    2.6915527343750227,
    3.3000122070312727,
    3.2094665527343977,
    2.8019348144531477,
    2.3684326171875227,
    2.2000061035156477,
    2.3021789550781477,
    2.5030456542968977,
    2.8273864746093977,
    3.3000122070312727,
    4.170007324218773,
    5.390008544921898,
    6.540002441406273,
    7.200006103515648,
    7.400476074218773,
    7.509606933593773,
    7.613946533203148,
    7.800012207031273,
    8.075891113281273,
    8.371636962890648,
    8.656549072265648,
    8.899987792968773,
    9.066003417968773,
    9.171868896484398,
    9.266809082031273,
    9.399987792968773,
    9.710534667968773,
    10.159387207031273,
    10.528527832031273,
    10.600000000000023,
    10.450006103515648,
    10.300012207031273,
    10.149987792968773,
    9.999993896484398,
    9.850000000000023,
    9.700006103515648,
    9.550012207031273,
    9.399987792968773,
    8.978875732421898,
    8.201959228515648,
    7.349084472656273,
    6.700006103515648,
    6.357904052734398,
    6.149987792968773,
    5.942102050781273,
    5.600000000000023,
    4.941003417968773,
    4.063317871093773,
    3.2539611816406477,
    2.8000122070312727,
    2.6291442871093977,
    2.4749084472656477,
    2.3332153320312727,
    2.2000061035156477,
    2.0766845703125227,
    1.9598327636718977,
    1.8380676269531477,
    1.7000061035156477,
    1.4921203613281477,
    1.2039733886718977,
    0.8888488769531477,
    0.6000000000000227,
    0.41335449218752274,
    0.31020507812502274,
    0.20195922851564774,
    -6.1035156022626325e-06,
    -0.7735656738281023,
    -2.1510986328124773,
    -3.5530761718749773,
    -4.399999999999977
  ],
  "rewards": [
    4.120979222776403,
    4.115054529951921,
    4.041117961602322,
    3.9698265858460595,
    3.9077210109681286,
    3.853879691883962,
    3.805885754423257,
    3.7613691613823597,
    3.718646088801367,
    3.6765443842579115,
    3.634704109951898,
    3.592804602505684,
    3.5507493382320265,
    3.5086222347245086,
    3.466321936817887,
    3.423867874192122,
    3.381345204161528,
    3.338909506471877,
    3.296656541600873,
    3.254615599177828,
    3.2128832242638383,
    3.1714217349608016,
    3.1303298621997757,
    3.114743142649584,
    3.1671395712346357,
    3.2525262384582816,
    3.3178817418963207,
    3.324368238821675,
    3.289838607208853,
    3.249981652163019,
    3.2764469183702523,
    4.274051666222544,
    -38.52115157287529,
    -32.619666605463685,
    3.6586700789566073,
    4.027035057377917,
    3.0123774291573477,
    -40.48193858674647,
    4.795647232106537,
    4.948676561638715,
    4.969804005668213,
    4.976714407788464,
    4.55294457127378,
    4.244559821814123,
    -4.530897760543333,
    3.528669975206775,
    4.854277438301323,
    -0.1959399853681491,
    -0.04146578062084146,
    -2.8604959538638917,
    -1.9288175914413281,
    -1.2479392506733689,
    -1.8889750370116998,
    2.5526587040104256,
    2.251480155629041,
    -6.946852790311816,
    -8.148873881887363,
    -8.892275764535842,
    4.321963130379855,
    -24.77815570808266,
    -0.29890348214032353,
    -25.993359590623538,
    -0.08961064726946391,
    -21.810998543999403,
    -4.184656550211412,
    3.5800933455078114,
    -4.436305701881191,
    4.473635506129487,
    -0.4419827515640489,
    -0.038948269839533416,
    -1.3100308201975082,
    4.837164042112837,
    -2.205584600348243,
    -3.457539742478724,
    -0.970147719179898,
    2.875401819311342,
    4.831944230755816,
    2.5168528853646976,
    -0.013873178366281642,
    -3.8360622038399286,
    -4.9263363411413605,
    -21.489414537489658,
    4.7332182128551485,
    4.814206227070426,
    -1.727750273257926,
    4.868937996774924,
    -2.7964547181154575,
    4.9102918242995255,
    4.291312402528742,
    4.092962716526146,
    -5.601519276511119,
    -7.817457286025521,
    4.123128069789468,
    -20.124918086025836,
    -31.296587667528854
  ],