{
  "episode": 1146,
  "steps": 95,
  "actions": [
    23,
    23,
    23,
    23,
    7,
    21,
    23,
    22,
    23,
    23,
    22,
    23,
    23,
    22,
    9,
    21,
    20,
    20,
    23,
    21,
    4,
    21,
    23,
    22,
    14,
    23,
    23,
    21,
    22,
    23,
    23,
    23,
    15,
    15,
    23,
    22,
    21,
    20,
    20,
    22,
    21,
    23,
    23,
    14,
    22,
    23,
    20,
    4,
    21,
    22,
    12,
    22,
    22,
    20,
    12,
    4,
    20,
    21,
    23,
    23,
    21,
    13,
    13,
    21,
    4,
    23,
    23,
    23,
    23,
    21,
    4,
    22,
    21,
    20,
    20,
    22,
    20,
    4,
    4,
    20,
    5,
    21,
    21,
    23,
    23,
    23,
    12,
    20,
    22,
    23,
    12,
    12,
    23,
    23,
    23
  ],
  "temperatures": [
    20.975762939453148,
    20.971978759765648,
    20.926324462890648,
    20.884027099609398,
    19.381799316406273,
    20.766168212890648,
    20.768212890625023,
    20.752496337890648,
    20.734338378906273,
    20.715142822265648,
    20.695428466796898,
    20.675469970703148,
    20.655480957031273,
    20.635522460937523,
    16.023767089843773,
    20.440179443359398,
    20.500878906250023,
    20.504541015625023,
    20.497888183593773,
    20.486505126953148,
    18.861444091796898,
    20.398492431640648,
    20.412561035156273,
    20.416802978515648,
    19.837609863281273,
    20.462274169921898,
    20.505517578125023,
    20.514184570312523,
    20.502221679687523,
    20.486932373046898,
    20.500421142578148,
    21.044183349609398,
    20.739434814453148,
    20.839349365234398,
    21.325158691406273,
    21.397363281250023,
    21.465509033203148,
    21.567681884765648,
    21.767449951171898,
    22.048059082031273,
    22.322778320312523,
    22.580468750000023,
    22.827905273437523,
    23.073602294921898,
    23.327416992187523,
    23.577355957031273,
    23.812890625000023,
    24.612939453125023,
    24.252954101562523,
    24.438653564453148,
    24.977105712890648,
    24.792840576171898,
    24.952905273437523,
    25.100335693359398,
    25.728906250000023,
    26.681573486328148,
    25.413934326171898,
    25.443322753906273,
    25.466302490234398,
    25.466882324218773,
    25.441430664062523,
    25.957696533203148,
    25.855493164062523,
    25.147241210937523,
    26.146569824218773,
    24.784692382812523,
    24.612145996093773,
    24.478479003906273,
    24.368188476562523,
    24.272851562500023,
    24.945642089843773,
    23.631463623046898,
    23.483911132812523,
    23.359002685546898,
    23.254388427734398,
    23.170404052734398,
    23.087030029296898,
    23.012506103515648,
    22.877893066406273,
    22.835321044921898,
    22.637506103515648,
    22.692102050781273,
    22.626977539062523,
    22.558862304687523,
    22.487115478515648,
    22.413507080078148,
    22.191735839843773,
    22.263665771484398,
    22.193139648437523,
    22.124688720703148,
    21.844232177734398,
    21.741479492187523,
    21.870538330078148,
    21.760888671875023,
    21.660882568359398
  ],
  "outdoor_temps": [
    -6.1035156022626325e-06,
    -6.1035156022626325e-06,
    -6.1035156022626325e-06,
    -6.1035156022626325e-06,
    -6.1035156022626325e-06,
    -6.1035156022626325e-06,
    -6.1035156022626325e-06,
    -6.1035156022626325e-06,
    -6.1035156022626325e-06,
    -6.1035156022626325e-06,
    -6.1035156022626325e-06,
    -6.1035156022626325e-06,
    -6.1035156022626325e-06,
    -6.1035156022626325e-06,
    -6.1035156022626325e-06,
    -6.1035156022626325e-06,
    -6.1035156022626325e-06,
    -6.1035156022626325e-06,
    -6.1035156022626325e-06,
    -6.1035156022626325e-06,
    -6.1035156022626325e-06,
    -6.1035156022626325e-06,
    -6.1035156022626325e-06,
    0.48467407226564774,
    1.5674987792968977,
    2.6915527343750227,
    3.3000122070312727,
    3.2094665527343977,
    2.8019348144531477,
    2.3684326171875227,
    2.2000061035156477,
    2.3021789550781477,
    2.5030456542968977,
    2.8273864746093977,
    3.3000122070312727,
    4.170007324218773,
    5.390008544921898,
    6.540002441406273,
    7.200006103515648,
    7.400476074218773,
    7.509606933593773,
    7.613946533203148,
    7.800012207031273,
    8.075891113281273,
    8.371636962890648,
    8.656549072265648,
    8.899987792968773,
    9.066003417968773,
    9.171868896484398,
    9.266809082031273,
    9.399987792968773,
    9.710534667968773,
    10.159387207031273,
    10.528527832031273,
    10.600000000000023,
    10.450006103515648,
    10.300012207031273,
    10.149987792968773,
    9.999993896484398,
    9.850000000000023,
    9.700006103515648,
    9.550012207031273,
    9.399987792968773,
    8.978875732421898,
    8.201959228515648,
    7.349084472656273,
    6.700006103515648,
    6.357904052734398,
    6.149987792968773,
    5.942102050781273,
    5.600000000000023,
    4.941003417968773,
    4.063317871093773,
    3.2539611816406477,
    2.8000122070312727,
    2.6291442871093977,
    2.4749084472656477,
    2.3332153320312727,
    2.2000061035156477,
    2.0766845703125227,
    1.9598327636718977,
    1.8380676269531477,
    1.7000061035156477,
    1.4921203613281477,
    1.2039733886718977,
    0.8888488769531477,
    0.6000000000000227,
    0.41335449218752274,
    0.31020507812502274,
    0.20195922851564774,
    -6.1035156022626325e-06,
    -0.7735656738281023,
    -2.1510986328124773,
    -3.5530761718749773,
    -4.399999999999977
  ],
  "rewards": [
    4.9077753899246455,
    4.9076752827316525,
    4.905702330842614,
    4.90387322165072,
    -0.39562344645612857,
    4.8987204238869575,
    4.898849303395204,
    4.898183038011194,
    4.897406012736584,
    4.896579692140222,
    4.895727822557092,
    4.8948637363541385,
    4.893994891420006,
    4.893125951066613,
    -15.812885649516673,
    4.8844859478428315,
    4.887192275196962,
    4.8873655196344075,
    4.887079197994392,
    4.886583115831018,
    -1.3116357577277802,
    4.8826932213293475,
    4.88332592693036,
    4.883523947969079,
    -0.04993528307941206,
    4.885556294564967,
    4.887477948442101,
    4.887864720597864,
    4.887335526616029,
    4.886657216273572,
    4.887256343141198,
    4.911382701173425,
    4.932607874833048,
    4.935551185454039,
    4.9238091298516675,
    4.927001621499658,
    4.930013668261792,
    4.93454014983838,
    4.943400766483467,
    4.955854003063362,
    4.968046815120007,
    4.979484376580171,
    4.990467201247811,
    4.998786116354167,
    4.99374786818481,
    4.9904195353615535,
    4.987282932773232,
    -0.3775081141740767,
    -0.06878784337770534,
    -0.1978372385272065,
    -0.9593105333072132,
    -0.6351955161875718,
    -0.9151605458331282,
    -1.2183614303317907,
    -2.995359885052897,
    -7.194944791759324,
    -2.0078766058175455,
    -2.0919446251477245,
    -2.158883507467225,
    -2.1605862905830815,
    -2.0864802379161773,
    -3.8393264540577308,
    -3.4493788592923145,
    -1.3239411510560049,
    -4.61127683714629,
    -0.6223137767030202,
    -0.3807198556512873,
    -0.2344942339509943,
    -0.14074770279230364,
    -0.07931550450624276,
    -0.8964209462761419,
    4.9897092620121395,
    4.991673305355336,
    4.993335491389684,
    4.994726873568219,
    4.99584410869233,
    4.996953112058665,
    4.999877620639238,
    4.99811550644935,
    4.990796484707491,
    4.994562859388028,
    4.984446590879689,
    4.981561230093889,
    4.978543284804277,
    4.97536484695971,
    4.972102715745568,
    4.975549132786691,
    4.965465821970416,
    4.962341508499306,
    4.959310421668317,
    4.965287756882608,
    4.962253463205112,
    4.948047988165332,
    4.943185994401574,
    4.938750169053674
  ],