{
  "episode": 274,
  "steps": 96,
  "actions": [
    23,
    23,
    23,
    23,
    15,
    13,
    5,
    5,
    5,
    23,
    15,
    5,
    15,
    5,
    23,
    15,
    7,
    15,
    15,
    15,
    15,
    5,
    15,
    20,
    5,
    20,
    20,
    20,
    15,
    20,
    15,
    15,
    20,
    20,
    3,
    3,
    3,
    3,
    3,
    3,
    2,
    3,
    3,
    3,
    3,
    11,
    0,
    9,
    11,
    10,
    10,
    10,
    19,
    11,
    11,
    11,
    9,
    11,
    8,
    11,
    9,
    9,
    3,
    9,
    0,
    0,
    0,
    3,
    1,
    11,
    0,
    3,
    0,
    0,
    0,
    0,
    0,
    20,
    0,
    20,
    3,
    14,
    20,
    20,
    3,
    14,
    20,
    20,
    15,
    20,
    20,
    20,
    15,
    15,
    3,
    21
  ],
  "temperatures": [
    22.138970947265648,
    22.192681884765648,
    22.217797851562523,
    22.226464843750023,
    22.045770263671898,
    22.024743652343773,
    21.717095947265648,
    21.680078125000023,
    21.662469482421898,
    22.159875488281273,
    21.978631591796898,
    21.669519042968773,
    21.954034423828148,
    21.648767089843773,
    22.140466308593773,
    21.954248046875023,
    21.647760009765648,
    21.955163574218773,
    21.981805419921898,
    22.007104492187523,
    22.038354492187523,
    21.801599121093773,
    22.121240234375023,
    22.353448486328148,
    22.066217041015648,
    22.487359619140648,
    22.563653564453148,
    22.635461425781273,
    22.623406982421898,
    22.764459228515648,
    22.789575195312523,
    23.489312744140648,
    23.529779052734398,
    23.653283691406273,
    20.796533203125023,
    20.802423095703148,
    20.952966308593773,
    21.125634765625023,
    21.307458496093773,
    21.492944335937523,
    21.675439453125023,
    21.855035400390648,
    22.030541992187523,
    22.208795166015648,
    22.392175292968773,
    21.030847167968773,
    22.647668457031273,
    21.267999267578148,
    21.333764648437523,
    21.417016601562523,
    21.502526855468773,
    21.585137939453148,
    20.576715087890648,
    21.638452148437523,
    21.683007812500023,
    21.711206054687523,
    21.718743896484398,
    21.689874267578148,
    21.605279541015648,
    21.482812500000023,
    21.344140625000023,
    21.212304687500023,
    22.592523193359398,
    21.064843750000023,
    22.408990478515648,
    22.388208007812523,
    22.345269775390648,
    22.320001220703148,
    22.300195312500023,
    20.835961914062523,
    22.168969726562523,
    21.556359863281273,
    21.451562500000023,
    21.369744873046898,
    21.294427490234398,
    21.214349365234398,
    21.115747070312523,
    23.603814697265648,
    21.048394775390648,
    23.536218261718773,
    20.936578369140648,
    23.560723876953148,
    23.481530761718773,
    23.468316650390648,
    20.786492919921898,
    23.451287841796898,
    23.396051025390648,
    23.386407470703148,
    23.467797851562523,
    23.369378662109398,
    23.356347656250023,
    23.340325927734398,
    23.397912597656273,
    23.371026611328148,
    20.474145507812523,
    23.181787109375023
  ],
  "outdoor_temps": [
    22.222894287109398,
    22.303033447265648,
    22.200006103515648,
    21.836450195312523,
    21.349084472656273,
    20.887139892578148,
    20.600000000000023,
    20.450006103515648,
    20.300012207031273,
    20.149987792968773,
    19.999993896484398,
    19.850000000000023,
    19.700006103515648,
    19.550012207031273,
    19.399987792968773,
    19.369012451171898,
    19.517388916015648,
    19.757073974609398,
    19.999993896484398,
    20.198388671875023,
    20.405511474609398,
    20.684869384765648,
    21.100000000000023,
    21.619927978515648,
    22.165612792968773,
    22.728509521484398,
    23.300012207031273,
    23.874505615234398,
    24.450738525390648,
    25.026605224609398,
    25.600000000000023,
    26.164605712890648,
    26.717523193359398,
    27.261682128906273,
    27.800012207031273,
    28.293237304687523,
    28.712304687500023,
    29.075189208984398,
    29.399987792968773,
    29.617547607421898,
    29.718377685546898,
    29.810021972656273,
    29.999993896484398,
    30.377008056640648,
    30.872064208984398,
    31.356072998046898,
    31.700006103515648,
    31.874627685546898,
    31.976464843750023,
    32.06508789062502,
    32.20000610351565,
    32.4362731933594,
    32.7437683105469,
    33.05440673828127,
    33.30001220703127,
    33.4128356933594,
    33.31881103515627,
    32.94039306640627,
    32.20000610351565,
    31.175897216796898,
    30.049615478515648,
    28.898522949218773,
    27.800012207031273,
    26.612939453125023,
    25.355950927734398,
    24.345971679687523,
    23.899987792968773,
    23.919000244140648,
    24.050683593750023,
    24.232019042968773,
    24.399987792968773,
    24.555474853515648,
    24.724298095703148,
    24.880975341796898,
    24.999993896484398,
    24.767175292968773,
    24.104180908203148,
    23.339074707031273,
    22.800012207031273,
    22.486383056640648,
    22.188714599609398,
    21.921685791015648,
    21.700006103515648,
    21.516381835937523,
    21.354516601562523,
    21.215356445312523,
    21.100000000000023,
    21.055444335937523,
    21.084313964843773,
    21.121026611328148,
    21.100000000000023,
    20.961816406250023,
    20.711572265625023,
    20.380548095703148,
    19.999993896484398,
    19.340386962890648
  ],
  "rewards": [
    4.982764985695481,
    4.983769887819887,
    4.984242705836892,
    4.984409810140729,
    4.987170926269144,
    4.986901818333923,
    4.9903895446663,
    4.990117364866417,
    4.9899890792795825,
    4.983196422556173,
    4.986316420968622,
    4.990046371183156,
    4.98600003560422,
    4.989894141516446,
    4.982843694189321,
    4.986004716962576,
    4.9898877757403834,
    4.9860178472310634,
    4.986365001021682,
    4.986694607852756,
    4.987100893675147,
    4.991032930574177,
    4.988178983529787,
    4.986801218407957,
    4.9929976066303965,
    4.9892849976809135,
    4.990700123003643,
    4.9920311026190936,
    4.994697982015979,
    4.994422933476774,
    4.99685468168832,
    4.997676150469839,
    4.995838348808496,
    4.995150882742327,
    4.987016394968104,
    4.987002292943228,
    4.986666644883383,
    4.986282042038668,
    4.985876982879866,
    4.9854636830809005,
    4.985057090592612,
    4.984657058785953,
    4.984266130399931,
    4.98386885590576,
    4.983460042548407,
    4.976080135037232,
    4.982889967613084,
    4.975154928501696,
    4.974899414098943,
    4.974576549440784,
    4.974245073064676,
    4.973924475773683,
    4.967745707693955,
    4.973717398489462,
    4.97354319086687,
    4.973432488948268,
    4.973402008325023,
    4.973513132250989,
    4.97384147217886,
    4.974316847228648,
    4.9748548965753745,
    4.9753657966024525,
    4.98300555831113,
    4.975934171010781,
    4.983409407793666,
    4.9834530741758645,
    4.983546010930091,
    4.9835995603390035,
    4.983641485047568,
    4.976805899671886,
    4.9839309526012965,
    4.985301733989268,
    4.985537072789896,
    4.985721267241985,
    4.9858903724737464,
    4.986069620031864,
    4.986290230829269,
    4.995424869641662,
    4.986441864903044,
    4.995801352098584,
    4.986691182489466,
    4.997397384350229,
    4.996105170254474,
    4.996178876227659,
    4.987025352652144,
    4.997824931484688,
    4.996582678113943,
    4.99663628182463,
    4.9977601576773045,
    4.996730364131539,
    4.996802781960886,
    4.996892092368525,
    4.998032588976395,
    4.998137745118497,
    4.987722994348763,
    4.997776307628531
  ],