{
  "episode": 380,
  "steps": 95,
  "actions": [
    23,
    23,
    23,
    23,
    22,
    15,
    15,
    22,
    20,
    20,
    22,
    15,
    20,
    21,
    20,
    22,
    22,
    20,
    22,
    22,
    20,
    14,
    5,
    12,
    15,
    22,
    20,
    6,
    20,
    10,
    21,
    21,
    20,
    20,
    20,
    22,
    20,
    7,
    22,
    14,
    20,
    14,
    20,
    22,
    12,
    22,
    15,
    20,
    21,
    20,
    1,
    22,
    22,
    20,
    22,
    12,
    14,
    20,
    20,
    22,
    13,
    22,
    12,
    20,
    21,
    22,
    20,
    22,
    12,
    17,
    20,
    14,
    5,
    20,
    22,
    20,
    13,
    11,
    20,
    18,
    22,
    4,
    3,
    22,
    20,
    20,
    22,
    20,
    12,
    22,
    12,
    20,
    22,
    22,
    15
  ],
  "temperatures": [
    20.975762939453148,
    20.971978759765648,
    20.926324462890648,
    20.884027099609398,
    20.848413085937523,
    20.273736572265648,
    20.207696533203148,
    20.736077880859398,
    20.728326416015648,
    20.711968994140648,
    20.693658447265648,
    20.104669189453148,
    20.632775878906273,
    20.624200439453148,
    20.608056640625023,
    20.590356445312523,
    20.572015380859398,
    20.553491210937523,
    20.535028076171898,
    20.516748046875023,
    20.498681640625023,
    19.877862548828148,
    18.776483154296898,
    19.734063720703148,
    19.786767578125023,
    20.448999023437523,
    20.501580810546898,
    18.977441406250023,
    20.448449707031273,
    15.804956054687523,
    20.329278564453148,
    20.956079101562523,
    21.109643554687523,
    21.226678466796898,
    21.313562011718773,
    21.381463623046898,
    21.449456787109398,
    20.652490234375023,
    21.722741699218773,
    21.761102294921898,
    22.294335937500023,
    22.424676513671898,
    22.803155517578148,
    23.049584960937523,
    23.365472412109398,
    23.557366943359398,
    23.967340087890648,
    24.017327880859398,
    24.220971679687523,
    24.413293457031273,
    23.093286132812523,
    24.719537353515648,
    24.902764892578148,
    25.057092285156273,
    25.179315185546898,
    25.794915771484398,
    25.901788330078148,
    25.406976318359398,
    25.428186035156273,
    25.430932617187523,
    25.976464843750023,
    25.368493652343773,
    25.799066162109398,
    25.111596679687523,
    24.904565429687523,
    24.720544433593773,
    24.564050292968773,
    24.434594726562523,
    24.648736572265648,
    20.006585693359398,
    24.032464599609398,
    23.642419433593773,
    23.651940917968773,
    23.279016113281273,
    23.177270507812523,
    23.098107910156273,
    23.023065185546898,
    19.413446044921898,
    22.749078369140648,
    18.406488037109398,
    22.530847167968773,
    22.252404785156273,
    19.871606445312523,
    22.344781494140648,
    22.315332031250023,
    22.256829833984398,
    22.193719482421898,
    22.129479980468773,
    21.847375488281273,
    21.992883300781273,
    21.687982177734398,
    21.857415771484398,
    21.762567138671898,
    21.652612304687523,
    21.217980957031273
  ],
  "outdoor_temps": [
    -6.1035156022626325e-06,
    -6.1035156022626325e-06,
    -6.1035156022626325e-06,
    -6.1035156022626325e-06,
    -6.1035156022626325e-06,
    -6.1035156022626325e-06,
    -6.1035156022626325e-06,
    -6.1035156022626325e-06,
    -6.1035156022626325e-06,
    -6.1035156022626325e-06,
    -6.1035156022626325e-06,
    -6.1035156022626325e-06,
    -6.1035156022626325e-06,
    -6.1035156022626325e-06,
    -6.1035156022626325e-06,
    -6.1035156022626325e-06,
    -6.1035156022626325e-06,
    -6.1035156022626325e-06,
    -6.1035156022626325e-06,
    -6.1035156022626325e-06,
    -6.1035156022626325e-06,
    -6.1035156022626325e-06,
    -6.1035156022626325e-06,
    0.48467407226564774,
    1.5674987792968977,
    2.6915527343750227,
    3.3000122070312727,
    3.2094665527343977,
    2.8019348144531477,
    2.3684326171875227,
    2.2000061035156477,
    2.3021789550781477,
    2.5030456542968977,
    2.8273864746093977,
    3.3000122070312727,
    4.170007324218773,
    5.390008544921898,
    6.540002441406273,
    7.200006103515648,
    7.400476074218773,
    7.509606933593773,
    7.613946533203148,
    7.800012207031273,
    8.075891113281273,
    8.371636962890648,
    8.656549072265648,
    8.899987792968773,
    9.066003417968773,
    9.171868896484398,
    9.266809082031273,
    9.399987792968773,
    9.710534667968773,
    10.159387207031273,
    10.528527832031273,
    10.600000000000023,
    10.450006103515648,
    10.300012207031273,
    10.149987792968773,
    9.999993896484398,
    9.850000000000023,
    9.700006103515648,
    9.550012207031273,
    9.399987792968773,
    8.978875732421898,
    8.201959228515648,
    7.349084472656273,
    6.700006103515648,
    6.357904052734398,
    6.149987792968773,
    5.942102050781273,
    5.600000000000023,
    4.941003417968773,
    4.063317871093773,
    3.2539611816406477,
    2.8000122070312727,
    2.6291442871093977,
    2.4749084472656477,
    2.3332153320312727,
    2.2000061035156477,
    2.0766845703125227,
    1.9598327636718977,
    1.8380676269531477,
    1.7000061035156477,
    1.4921203613281477,
    1.2039733886718977,
    0.8888488769531477,
    0.6000000000000227,
    0.41335449218752274,
    0.31020507812502274,
    0.20195922851564774,
    -6.1035156022626325e-06,
    -0.7735656738281023,
    -2.1510986328124773,
    -3.5530761718749773,
    -4.399999999999977
  ],
  "rewards": [
    4.9077753899246455,
    4.9076752827316525,
    4.905702330842614,
    4.90387322165072,
    4.902335326448083,
    4.918564500719633,
    4.91663911804071,
    4.897452790397017,
    4.897138154231335,
    4.896437651745003,
    4.895649411312264,
    4.913703365236844,
    4.892986971991865,
    4.892623984447639,
    4.891922089726381,
    4.891150405040902,
    4.890349089823987,
    4.889537656031872,
    4.8887275096093825,
    4.887924115382458,
    4.887130152903821,
    -0.03819051414079733,
    -1.5126315999720903,
    -0.09505427915439744,
    -0.06940864248929142,
    4.8849678489144726,
    4.887303282939222,
    -1.060515849339304,
    4.8849505398292905,
    -17.600365463600344,
    4.8796672508152925,
    4.907475106388978,
    4.914271828801088,
    4.919450022808236,
    4.923293850055855,
    4.9262954970514,
    4.929301507197644,
    4.965203978868161,
    4.941417019078913,
    4.962778768450345,
    4.96678429806686,
    4.982412694512826,
    4.989368671421771,
    4.997447820759338,
    4.9961949824396035,
    4.99068554614873,
    4.99085138729247,
    -0.0043178226847371435,
    -0.05352399877556997,
    -0.17614725354250943,
    4.964005184026394,
    -0.5240893275704075,
    -0.821949670776442,
    -1.1249229046476108,
    -1.3986698519746783,
    -3.228112106840815,
    -3.6234254147372384,
    -1.9882255020171395,
    -2.0484290400828353,
    -2.056291018941545,
    -3.9132056252805034,
    -1.8812900325688953,
    -3.2430378453952633,
    -1.2433072472623368,
    -0.8252093531872031,
    -0.5255423835211802,
    -0.32398973969340306,
    -0.19427863023529268,
    -0.42470467319310073,
    4.931447121847583,
    -0.005121243720794683,
    4.993745711266023,
    4.997043917342899,
    4.994399982133638,
    4.9957532031153855,
    4.9968063187825935,
    4.999238210718107,
    -0.3540179070117414,
    4.986971494902087,
    -2.5512392517486266,
    4.977295851445068,
    4.988872021380204,
    -0.021907121755541336,
    4.96905251003154,
    4.967748830043103,
    4.965158567062538,
    4.962362768284004,
    4.959517774306561,
    4.965377745448571,
    4.9534680721649655,
    4.960670659453,
    4.947466141928149,
    4.9432622977410965,
    4.938386189662244,
    4.946781163126554
  ],