{
  "episode": 816,
  "steps": 95,
  "actions": [
    23,
    23,
    23,
    23,
    15,
    20,
    21,
    20,
    13,
    20,
    23,
    13,
    23,
    23,
    13,
    12,
    13,
    12,
    20,
    12,
    12,
    22,
    21,
    12,
    12,
    12,
    15,
    12,
    21,
    20,
    12,
    22,
    13,
    12,
    12,
    13,
    20,
    22,
    22,
    21,
    12,
    20,
    15,
    15,
    21,
    12,
    21,
    3,
    3,
    22,
    3,
    0,
    9,
    11,
    9,
    3,
    0,
    1,
    8,
    1,
    2,
    10,
    11,
    0,
    2,
    8,
    0,
    9,
    22,
    2,
    23,
    13,
    12,
    5,
    12,
    20,
    22,
    21,
    12,
    20,
    14,
    12,
    12,
    21,
    12,
    22,
    13,
    20,
    12,
    21,
    22,
    12,
    5,
    22,
    22
  ],
  "temperatures": [
    21.111627197265648,
    21.104028320312523,
    21.062646484375023,
    21.024285888671898,
    20.531274414062523,
    20.948846435546898,
    20.932794189453148,
    20.913690185546898,
    20.416619873046898,
    20.858880615234398,
    20.848016357421898,
    20.343530273437523,
    20.797540283203148,
    20.788079833984398,
    20.274926757812523,
    20.229547119140648,
    20.197564697265648,
    20.169183349609398,
    20.665704345703148,
    20.146325683593773,
    20.107537841796898,
    20.611749267578148,
    20.610101318359398,
    20.085443115234398,
    20.089166259765648,
    20.123559570312523,
    20.152429199218773,
    20.152825927734398,
    20.647515869140648,
    20.647515869140648,
    20.158471679687523,
    21.165612792968773,
    20.920739746093773,
    21.022698974609398,
    21.106286621093773,
    21.174035644531273,
    21.563073730468773,
    21.667016601562523,
    21.859429931640648,
    22.126245117187523,
    22.221826171875023,
    22.621911621093773,
    22.805291748046898,
    23.086755371093773,
    23.322991943359398,
    23.670617675781273,
    23.781243896484398,
    21.535119628906273,
    21.702386474609398,
    24.262384033203148,
    22.307031250000023,
    22.457788085937523,
    21.160974121093773,
    21.262231445312523,
    21.353540039062523,
    22.948388671875023,
    23.087854003906273,
    23.160729980468773,
    21.601647949218773,
    23.107324218750023,
    23.125115966796898,
    21.480462646484398,
    21.313256835937523,
    22.570550537109398,
    22.331658935546898,
    20.682580566406273,
    21.743951416015648,
    20.286126708984398,
    23.783776855468773,
    21.336572265625023,
    23.652337646484398,
    23.186120605468773,
    23.057336425781273,
    22.927697753906273,
    22.830316162109398,
    22.787164306640648,
    22.715570068359398,
    22.642205810546898,
    22.483087158203148,
    22.508142089843773,
    22.334680175781273,
    22.263665771484398,
    22.195825195312523,
    22.282617187500023,
    22.057733154296898,
    22.162072753906273,
    21.907312011718773,
    22.041253662109398,
    21.758660888671898,
    21.923669433593773,
    21.874475097656273,
    21.544885253906273,
    20.995416259765648,
    21.596673583984398,
    21.519281005859398
  ],
  "outdoor_temps": [
    -6.1035156022626325e-06,
    -6.1035156022626325e-06,
    -6.1035156022626325e-06,
    -6.1035156022626325e-06,
    -6.1035156022626325e-06,
    -6.1035156022626325e-06,
    -6.1035156022626325e-06,
    -6.1035156022626325e-06,
    -6.1035156022626325e-06,
    -6.1035156022626325e-06,
    -6.1035156022626325e-06,
    -6.1035156022626325e-06,
    -6.1035156022626325e-06,
    -6.1035156022626325e-06,
    -6.1035156022626325e-06,
    -6.1035156022626325e-06,
    -6.1035156022626325e-06,
    -6.1035156022626325e-06,
    -6.1035156022626325e-06,
    -6.1035156022626325e-06,
    -6.1035156022626325e-06,
    -6.1035156022626325e-06,
    -6.1035156022626325e-06,
    0.48467407226564774,
    1.5674987792968977,
    2.6915527343750227,
    3.3000122070312727,
    3.2094665527343977,
    2.8019348144531477,
    2.3684326171875227,
    2.2000061035156477,
    2.3021789550781477,
    2.5030456542968977,
    2.8273864746093977,
    3.3000122070312727,
    4.170007324218773,
    5.390008544921898,
    6.540002441406273,
    7.200006103515648,
    7.400476074218773,
    7.509606933593773,
    7.613946533203148,
    7.800012207031273,
    8.075891113281273,
    8.371636962890648,
    8.656549072265648,
    8.899987792968773,
    9.066003417968773,
    9.171868896484398,
    9.266809082031273,
    9.399987792968773,
    9.710534667968773,
    10.159387207031273,
    10.528527832031273,
    10.600000000000023,
    10.450006103515648,
    10.300012207031273,
    10.149987792968773,
    9.999993896484398,
    9.850000000000023,
    9.700006103515648,
    9.550012207031273,
    9.399987792968773,
    8.978875732421898,
    8.201959228515648,
    7.349084472656273,
    6.700006103515648,
    6.357904052734398,
    6.149987792968773,
    5.942102050781273,
    5.600000000000023,
    4.941003417968773,
    4.063317871093773,
    3.2539611816406477,
    2.8000122070312727,
    2.6291442871093977,
    2.4749084472656477,
    2.3332153320312727,
    2.2000061035156477,
    2.0766845703125227,
    1.9598327636718977,
    1.8380676269531477,
    1.7000061035156477,
    1.4921203613281477,
    1.2039733886718977,
    0.8888488769531477,
    0.6000000000000227,
    0.41335449218752274,
    0.31020507812502274,
    0.20195922851564774,
    -6.1035156022626325e-06,
    -0.7735656738281023,
    -2.1510986328124773,
    -3.5530761718749773,
    -4.399999999999977
  ],
  "rewards": [
    4.963678053930402,
    4.9635631695538756,
    4.962818720653653,
    4.962127915933729,
    4.967531055390835,
    4.960764080482333,
    4.960481200388592,
    4.9601397587961475,
    4.966092557865154,
    4.95914694094334,
    4.958955105713528,
    4.965170232210308,
    4.958037135836223,
    4.95786908300221,
    4.96429975874722,
    4.963716785982737,
    4.963306915886862,
    4.9629432333265635,
    4.955629638720466,
    4.962653579722118,
    4.962153912909491,
    4.95464110164733,
    4.954614111446167,
    4.961876511622868,
    4.961927909977896,
    4.962375284560187,
    4.962750350363715,
    4.962756218946336,
    4.955318066168738,
    4.955318577498845,
    4.962829883108806,
    4.964896019984199,
    4.972690114479835,
    4.974004915431628,
    4.975082857735617,
    4.975955612786276,
    4.972220227953533,
    4.974138921073597,
    4.977695131562974,
    4.9826289960372705,
    4.98950945143839,
    4.991795359987927,
    4.997063203538727,
    4.999247615345551,
    4.996996605741589,
    4.996979787324272,
    4.994453837711526,
    4.985418660466276,
    4.9850472899498826,
    -0.17613480109999752,
    4.983705149170335,
    4.983370575827587,
    4.975655741974712,
    4.975262785687233,
    4.974908585675222,
    4.982282843499566,
    4.981973554414738,
    4.9818120300062,
    4.973946187723104,
    4.981930637256445,
    4.98189110331205,
    4.974416573788323,
    4.975065721950939,
    4.983121430777175,
    4.983651732135564,
    4.977515417482056,
    4.984956467644514,
    4.979055760059506,
    4.994440584029193,
    4.985861055132325,
    4.995169967196234,
    4.998864805087448,
    4.99936433151413,
    4.999381130520416,
    4.997383338479082,
    4.994850387562228,
    4.993528471461456,
    4.992173124514844,
    4.992895122070514,
    4.989697474230242,
    4.990976979146671,
    4.990059157633101,
    4.989182278342707,
    4.985534476626826,
    4.987398838177971,
    4.9833098336944115,
    4.985455803972061,
    4.981080038186649,
    4.9835355657701905,
    4.978910111475898,
    4.978002205104284,
    4.980773673754509,
    4.985115042530162,
    4.972871650734674,
    4.971441166065957
  ],