{
  "episode": 1284,
  "steps": 95,
  "actions": [
    23,
    23,
    23,
    23,
    23,
    23,
    22,
    15,
    21,
    14,
    15,
    15,
    20,
    21,
    21,
    15,
    14,
    20,
    22,
    20,
    21,
    22,
    14,
    22,
    23,
    20,
    14,
    14,
    23,
    23,
    21,
    22,
    23,
    15,
    22,
    13,
    21,
    20,
    15,
    21,
    23,
    7,
    21,
    22,
    22,
    22,
    15,
    12,
    0,
    0,
    11,
    1,
    0,
    2,
    9,
    1,
    0,
    3,
    8,
    2,
    8,
    2,
    2,
    2,
    3,
    1,
    2,
    21,
    11,
    2,
    12,
    8,
    13,
    12,
    12,
    15,
    7,
    6,
    15,
    14,
    12,
    6,
    15,
    22,
    21,
    22,
    7,
    22,
    22,
    21,
    6,
    13,
    14,
    21,
    21
  ],
  "temperatures": [
    21.111627197265648,
    21.104028320312523,
    21.062646484375023,
    21.024285888671898,
    20.991937255859398,
    20.964624023437523,
    20.940820312500023,
    20.445367431640648,
    20.882165527343773,
    20.387994384765648,
    20.342950439453148,
    20.310723876953148,
    20.784661865234398,
    20.779504394531273,
    20.766839599609398,
    20.250238037109398,
    20.205010986328148,
    20.691461181640648,
    20.686547851562523,
    20.674768066406273,
    20.661096191406273,
    20.646600341796898,
    20.110223388671898,
    20.608422851562523,
    20.639459228515648,
    20.678521728515648,
    20.207391357421898,
    20.187738037109398,
    20.670220947265648,
    20.666314697265648,
    20.683801269531273,
    21.198785400390648,
    21.317071533203148,
    21.065454101562523,
    21.474511718750023,
    21.217218017578148,
    21.589776611328148,
    21.690026855468773,
    21.621759033203148,
    22.137078857421898,
    22.397454833984398,
    22.371179199218773,
    22.861810302734398,
    23.093743896484398,
    23.336541748046898,
    23.571801757812523,
    23.956933593750023,
    24.213281250000023,
    21.891320800781273,
    22.035516357421898,
    20.814263916015648,
    22.370141601562523,
    22.632043457031273,
    22.841058349609398,
    21.441369628906273,
    23.022760009765648,
    23.151422119140648,
    23.218011474609398,
    21.646081542968773,
    23.157312011718773,
    21.573693847656273,
    23.019464111328148,
    22.924890136718773,
    22.712426757812523,
    22.425836181640648,
    22.148339843750023,
    21.902246093750023,
    23.981347656250023,
    20.306207275390648,
    21.319024658203148,
    23.831445312500023,
    19.438348388671898,
    22.971765136718773,
    22.919427490234398,
    22.824365234375023,
    22.743310546875023,
    22.571954345703148,
    22.454492187500023,
    22.479974365234398,
    22.405358886718773,
    22.334588623046898,
    22.072259521484398,
    22.192437744140648,
    22.283593750000023,
    22.228479003906273,
    22.169427490234398,
    21.625512695312523,
    22.038140869140648,
    21.985803222656273,
    21.931970214843773,
    21.257287597656273,
    21.524072265625023,
    21.417810058593773,
    21.606530761718773,
    21.524438476562523
  ],
  "outdoor_temps": [
    -6.1035156022626325e-06,
    -6.1035156022626325e-06,
    -6.1035156022626325e-06,
    -6.1035156022626325e-06,
    -6.1035156022626325e-06,
    -6.1035156022626325e-06,
    -6.1035156022626325e-06,
    -6.1035156022626325e-06,
    -6.1035156022626325e-06,
    -6.1035156022626325e-06,
    -6.1035156022626325e-06,
    -6.1035156022626325e-06,
    -6.1035156022626325e-06,
    -6.1035156022626325e-06,
    -6.1035156022626325e-06,
    -6.1035156022626325e-06,
    -6.1035156022626325e-06,
    -6.1035156022626325e-06,
    -6.1035156022626325e-06,
    -6.1035156022626325e-06,
    -6.1035156022626325e-06,
    -6.1035156022626325e-06,
    -6.1035156022626325e-06,
    0.48467407226564774,
    1.5674987792968977,
    2.6915527343750227,
    3.3000122070312727,
    3.2094665527343977,
    2.8019348144531477,
    2.3684326171875227,
    2.2000061035156477,
    2.3021789550781477,
    2.5030456542968977,
    2.8273864746093977,
    3.3000122070312727,
    4.170007324218773,
    5.390008544921898,
    6.540002441406273,
    7.200006103515648,
    7.400476074218773,
    7.509606933593773,
    7.613946533203148,
    7.800012207031273,
    8.075891113281273,
    8.371636962890648,
    8.656549072265648,
    8.899987792968773,
    9.066003417968773,
    9.171868896484398,
    9.266809082031273,
    9.399987792968773,
    9.710534667968773,
    10.159387207031273,
    10.528527832031273,
    10.600000000000023,
    10.450006103515648,
    10.300012207031273,
    10.149987792968773,
    9.999993896484398,
    9.850000000000023,
    9.700006103515648,
    9.550012207031273,
    9.399987792968773,
    8.978875732421898,
    8.201959228515648,
    7.349084472656273,
    6.700006103515648,
    6.357904052734398,
    6.149987792968773,
    5.942102050781273,
    5.600000000000023,
    4.941003417968773,
    4.063317871093773,
    3.2539611816406477,
    2.8000122070312727,
    2.6291442871093977,
    2.4749084472656477,
    2.3332153320312727,
    2.2000061035156477,
    2.0766845703125227,
    1.9598327636718977,
    1.8380676269531477,
    1.7000061035156477,
    1.4921203613281477,
    1.2039733886718977,
    0.8888488769531477,
    0.6000000000000227,
    0.41335449218752274,
    0.31020507812502274,
    0.20195922851564774,
    -6.1035156022626325e-06,
    -0.7735656738281023,
    -2.1510986328124773,
    -3.5530761718749773,
    -4.399999999999977
  ],
  "rewards": [
    4.963678053930402,
    4.9635631695538756,
    4.962818720653653,
    4.962127915933729,
    4.961546352222562,
    4.961056741788983,
    4.960629737690091,
    4.9664552641923985,
    4.959567364650576,
    4.965730502654515,
    4.965155390524184,
    4.964745241439699,
    4.957799152436464,
    4.957710403374356,
    4.957481750459126,
    4.963984613467656,
    4.963403368032335,
    4.956102283184295,
    4.956015440395992,
    4.955800813697602,
    4.955550738743465,
    4.955285364598684,
    4.9621937633569795,
    4.954587035362487,
    4.955163914226319,
    4.955888407543301,
    4.9634610176188465,
    4.963207541727339,
    4.955737971250778,
    4.955666163280606,
    4.955989390924573,
    4.965509430379323,
    4.967690130733277,
    4.974558335721492,
    4.970591073828547,
    4.976514672737892,
    4.972713890310863,
    4.9745645000643055,
    4.98174225689001,
    4.982829312282412,
    4.987644546241216,
    4.995269733000547,
    4.996232433716241,
    4.998268656679146,
    4.996921462044443,
    4.995616015829469,
    4.995867818173345,
    -0.11625650332238845,
    4.984627995394332,
    4.984307811189443,
    4.977002103481442,
    4.983565145044749,
    4.982984006926094,
    4.982520376373082,
    4.974567428375877,
    4.9821177803567895,
    4.98183247916368,
    4.9816849254854025,
    4.973773641136516,
    4.981819702879728,
    4.974054761699684,
    4.982125401393713,
    4.982335110823907,
    4.982806544821061,
    4.983442696850099,
    4.984058768075932,
    4.98460520021585,
    4.993344478315957,
    4.978977999140225,
    4.985900009773833,
    4.996355924378433,
    -0.7974244423320122,
    4.999211064688133,
    4.998535092175493,
    4.997306513987644,
    4.9962590038554495,
    4.996754223367928,
    4.995886497063967,
    4.992854769220656,
    4.991890527940153,
    4.99097553166083,
    4.993063387178046,
    4.9891385306325615,
    4.985552422302573,
    4.984535365365769,
    4.98344536206191,
    4.989766139563496,
    4.981022778401557,
    4.9800572600591435,
    4.979063387178208,
    4.987048828427397,
    4.980504850288934,
    4.979131178334842,
    4.973053760115867,
    4.971536382646017
  ],