{
  "episode": 186,
  "steps": 95,
  "actions": [
    23,
    23,
    23,
    23,
    23,
    23,
    23,
    23,
    22,
    21,
    21,
    21,
    21,
    22,
    22,
    22,
    22,
    22,
    22,
    22,
    22,
    22,
    22,
    22,
    22,
    22,
    22,
    22,
    22,
    22,
    21,
    23,
    21,
    21,
    21,
    21,
    21,
    23,
    21,
    20,
    6,
    6,
    13,
    22,
    2,
    1,
    1,
    1,
    3,
    2,
    1,
    11,
    10,
    11,
    11,
    11,
    11,
    11,
    9,
    8,
    11,
    9,
    9,
    10,
    3,
    1,
    1,
    1,
    4,
    3,
    2,
    20,
    21,
    20,
    7,
    7,
    7,
    7,
    7,
    5,
    7,
    6,
    4,
    7,
    5,
    23,
    22,
    13,
    13,
    20,
    23,
    20,
    23,
    23,
    23
  ],
  "temperatures": [
    20.975762939453148,
    20.971978759765648,
    20.926324462890648,
    20.884027099609398,
    20.848413085937523,
    20.818383789062523,
    20.792230224609398,
    20.768457031250023,
    20.746057128906273,
    20.724359130859398,
    20.703149414062523,
    20.682244873046898,
    20.661584472656273,
    20.641198730468773,
    20.621026611328148,
    20.601068115234398,
    20.581353759765648,
    20.561944580078148,
    20.542871093750023,
    20.524133300781273,
    20.505761718750023,
    20.487725830078148,
    20.470056152343773,
    20.463403320312523,
    20.485864257812523,
    20.523187255859398,
    20.552392578125023,
    20.555322265625023,
    20.539788818359398,
    20.522058105468773,
    20.533807373046898,
    21.077142333984398,
    21.201745605468773,
    21.302758789062523,
    21.379968261718773,
    21.441552734375023,
    21.505181884765648,
    21.604486083984398,
    21.801904296875023,
    22.079827880859398,
    21.851403808593773,
    22.235620117187523,
    22.772393798828148,
    23.087579345703148,
    20.991113281250023,
    21.238153076171898,
    21.590783691406273,
    21.931085205078148,
    22.251733398437523,
    22.553491210937523,
    22.830316162109398,
    21.349969482421898,
    21.484246826171898,
    21.630334472656273,
    21.746972656250023,
    21.824670410156273,
    21.876275634765648,
    21.908135986328148,
    21.918572998046898,
    21.900598144531273,
    21.852868652343773,
    21.774346923828148,
    21.642022705078148,
    21.438165283203148,
    22.812615966796898,
    22.608850097656273,
    22.375299072265648,
    22.167169189453148,
    24.355645751953148,
    21.981896972656273,
    21.730554199218773,
    23.114862060546898,
    23.025262451171898,
    22.921838378906273,
    22.743493652343773,
    22.616204833984398,
    22.489770507812523,
    22.359277343750023,
    22.233453369140648,
    22.117608642578148,
    22.009912109375023,
    21.906945800781273,
    21.805688476562523,
    21.701074218750023,
    21.589990234375023,
    22.051873779296898,
    22.000451660156273,
    21.690881347656273,
    21.601617431640648,
    21.810357666015648,
    21.760675048828148,
    21.695886230468773,
    21.601312255859398,
    21.493768310546898,
    21.398736572265648
  ],
  "outdoor_temps": [
    -6.1035156022626325e-06,
    -6.1035156022626325e-06,
    -6.1035156022626325e-06,
    -6.1035156022626325e-06,
    -6.1035156022626325e-06,
    -6.1035156022626325e-06,
    -6.1035156022626325e-06,
    -6.1035156022626325e-06,
    -6.1035156022626325e-06,
    -6.1035156022626325e-06,
    -6.1035156022626325e-06,
    -6.1035156022626325e-06,
    -6.1035156022626325e-06,
    -6.1035156022626325e-06,
    -6.1035156022626325e-06,
    -6.1035156022626325e-06,
    -6.1035156022626325e-06,
    -6.1035156022626325e-06,
    -6.1035156022626325e-06,
    -6.1035156022626325e-06,
    -6.1035156022626325e-06,
    -6.1035156022626325e-06,
    -6.1035156022626325e-06,
    0.48467407226564774,
    1.5674987792968977,
    2.6915527343750227,
    3.3000122070312727,
    3.2094665527343977,
    2.8019348144531477,
    2.3684326171875227,
    2.2000061035156477,
    2.3021789550781477,
    2.5030456542968977,
    2.8273864746093977,
    3.3000122070312727,
    4.170007324218773,
    5.390008544921898,
    6.540002441406273,
    7.200006103515648,
    7.400476074218773,
    7.509606933593773,
    7.613946533203148,
    7.800012207031273,
    8.075891113281273,
    8.371636962890648,
    8.656549072265648,
    8.899987792968773,
    9.066003417968773,
    9.171868896484398,
    9.266809082031273,
    9.399987792968773,
    9.710534667968773,
    10.159387207031273,
    10.528527832031273,
    10.600000000000023,
    10.450006103515648,
    10.300012207031273,
    10.149987792968773,
    9.999993896484398,
    9.850000000000023,
    9.700006103515648,
    9.550012207031273,
    9.399987792968773,
    8.978875732421898,
    8.201959228515648,
    7.349084472656273,
    6.700006103515648,
    6.357904052734398,
    6.149987792968773,
    5.942102050781273,
    5.600000000000023,
    4.941003417968773,
    4.063317871093773,
    3.2539611816406477,
    2.8000122070312727,
    2.6291442871093977,
    2.4749084472656477,
    2.3332153320312727,
    2.2000061035156477,
    2.0766845703125227,
    1.9598327636718977,
    1.8380676269531477,
    1.7000061035156477,
    1.4921203613281477,
    1.2039733886718977,
    0.8888488769531477,
    0.6000000000000227,
    0.41335449218752274,
    0.31020507812502274,
    0.20195922851564774,
    -6.1035156022626325e-06,
    -0.7735656738281023,
    -2.1510986328124773,
    -3.5530761718749773,
    -4.399999999999977
  ],
  "rewards": [
    4.120979222776403,
    4.115054529951921,
    4.041117961602322,
    3.9698265858460595,
    3.9077210109681286,
    3.853879691883962,
    3.805885754423257,
    3.7613691613823597,
    3.718646088801367,
    3.6765443842060814,
    3.6347041098482378,
    3.592804602402024,
    3.5507493381283664,
    3.5086222346208484,
    3.466321936766057,
    3.4238678741402917,
    3.381345204109698,
    3.338909506420047,
    3.296656541549043,
    3.254615599125998,
    3.2128832242120082,
    3.1714217349089715,
    3.1303298621479456,
    3.114743142597754,
    3.1671395807195486,
    3.252526247943195,
    3.317881751381234,
    3.324368248306588,
    3.289838664377482,
    3.2499819096032545,
    3.276447013685854,
    4.274094369652429,
    4.4404497727379475,
    4.558217565239148,
    4.637910614170803,
    4.695064931184721,
    4.748141736927176,
    4.818850107433936,
    4.915498834028847,
    4.952485014590148,
    4.966373653450945,
    4.946980697644015,
    4.545258494760896,
    4.109820053918736,
    4.209948971215062,
    4.536933123652202,
    4.8450820495473845,
    4.965602680333569,
    4.920213691732513,
    4.736636955279879,
    4.448103746582078,
    4.626161903595251,
    4.742374040616856,
    4.838089533525977,
    4.891527416642926,
    4.915800456527788,
    4.926918006150218,
    4.9317873121632045,
    4.933051591200918,
    4.930773337911008,
    4.922371671912469,
    4.901114496721124,
    4.84436717851939,
    4.7055438679355674,
    4.469995233387173,
    4.688134783085456,
    4.861558890008031,
    4.947160885073846,
    -0.3177371327573352,
    4.968697307871291,
    4.9156082575284445,
    4.064398397618219,
    4.209405668505392,
    4.357282499530038,
    4.581534764209697,
    4.7094612800100935,
    4.812469118913093,
    4.893637666036768,
    4.947713967017296,
    4.976504294104344,
    4.985213485319855,
    4.9772721008634555,
    4.953953601849353,
    4.913709651210922,
    4.853006632854649,
    4.9540545473357085,
    4.953795725665986,
    4.889084461428559,
    4.839083807474502,
    4.9184042432592525,
    4.900219281145339,
    4.870942676924179,
    4.816900413387428,
    4.739142987253162,
    4.6559917563665865
  ],