{
  "episode": 800,
  "steps": 95,
  "actions": [
    23,
    23,
    23,
    23,
    12,
    20,
    20,
    12,
    12,
    20,
    12,
    22,
    20,
    13,
    14,
    22,
    21,
    20,
    12,
    20,
    22,
    12,
    20,
    21,
    6,
    20,
    12,
    12,
    21,
    20,
    13,
    13,
    20,
    12,
    12,
    6,
    20,
    12,
    15,
    13,
    12,
    20,
    13,
    20,
    20,
    11,
    14,
    3,
    8,
    3,
    2,
    8,
    0,
    16,
    16,
    2,
    2,
    3,
    9,
    2,
    11,
    8,
    1,
    9,
    1,
    8,
    10,
    3,
    1,
    0,
    2,
    22,
    22,
    22,
    20,
    22,
    20,
    7,
    7,
    20,
    23,
    15,
    22,
    21,
    15,
    7,
    11,
    12,
    12,
    22,
    20,
    12,
    22,
    15,
    12
  ],
  "temperatures": [
    21.111627197265648,
    21.104028320312523,
    21.062646484375023,
    21.024285888671898,
    20.531274414062523,
    20.948815917968773,
    20.932794189453148,
    20.438806152343773,
    20.391198730468773,
    20.849664306640648,
    20.354486083984398,
    20.810174560546898,
    20.802148437500023,
    20.292108154296898,
    20.247277832031273,
    20.727716064453148,
    20.722253417968773,
    20.709802246093773,
    20.184411621093773,
    20.662103271484398,
    20.655114746093773,
    20.122583007812523,
    20.610131835937523,
    20.614648437500023,
    19.302026367187523,
    20.632714843750023,
    20.176873779296898,
    20.165917968750023,
    20.656060791015648,
    20.654687500000023,
    20.165948486328148,
    20.766839599609398,
    21.283563232421898,
    21.037408447265648,
    21.114343261718773,
    20.668603515625023,
    21.552453613281273,
    21.365869140625023,
    21.581201171875023,
    21.894036865234398,
    22.204736328125023,
    22.613732910156273,
    22.797082519531273,
    23.075799560546898,
    23.318475341796898,
    19.583093261718773,
    23.784417724609398,
    21.440026855468773,
    20.298272705078148,
    21.783105468750023,
    22.060662841796898,
    20.860528564453148,
    22.438653564453148,
    20.192224121093773,
    20.237664794921898,
    22.752221679687523,
    22.929803466796898,
    23.015252685546898,
    21.487603759765648,
    22.977319335937523,
    21.429162597656273,
    21.319512939453148,
    22.672448730468773,
    21.032769775390648,
    22.145745849609398,
    20.561181640625023,
    20.324090576171898,
    21.367089843750023,
    21.233178710937523,
    21.084405517578148,
    20.938348388671898,
    22.994561767578148,
    22.917901611328148,
    22.825585937500023,
    22.745477294921898,
    22.680413818359398,
    22.613031005859398,
    22.303033447265648,
    22.184503173828148,
    22.407922363281273,
    22.358178710937523,
    22.157098388671898,
    22.255059814453148,
    22.205377197265648,
    21.960748291015648,
    21.576745605468773,
    17.872766113281273,
    21.570306396484398,
    21.579064941406273,
    21.800225830078148,
    21.762078857421898,
    21.417687988281273,
    21.613763427734398,
    21.190148925781273,
    21.069512939453148
  ],
  "outdoor_temps": [
    -6.1035156022626325e-06,
    -6.1035156022626325e-06,
    -6.1035156022626325e-06,
    -6.1035156022626325e-06,
    -6.1035156022626325e-06,
    -6.1035156022626325e-06,
    -6.1035156022626325e-06,
    -6.1035156022626325e-06,
    -6.1035156022626325e-06,
    -6.1035156022626325e-06,
    -6.1035156022626325e-06,
    -6.1035156022626325e-06,
    -6.1035156022626325e-06,
    -6.1035156022626325e-06,
    -6.1035156022626325e-06,
    -6.1035156022626325e-06,
    -6.1035156022626325e-06,
    -6.1035156022626325e-06,
    -6.1035156022626325e-06,
    -6.1035156022626325e-06,
    -6.1035156022626325e-06,
    -6.1035156022626325e-06,
    -6.1035156022626325e-06,
    0.48467407226564774,
    1.5674987792968977,
    2.6915527343750227,
    3.3000122070312727,
    3.2094665527343977,
    2.8019348144531477,
    2.3684326171875227,
    2.2000061035156477,
    2.3021789550781477,
    2.5030456542968977,
    2.8273864746093977,
    3.3000122070312727,
    4.170007324218773,
    5.390008544921898,
    6.540002441406273,
    7.200006103515648,
    7.400476074218773,
    7.509606933593773,
    7.613946533203148,
    7.800012207031273,
    8.075891113281273,
    8.371636962890648,
    8.656549072265648,
    8.899987792968773,
    9.066003417968773,
    9.171868896484398,
    9.266809082031273,
    9.399987792968773,
    9.710534667968773,
    10.159387207031273,
    10.528527832031273,
    10.600000000000023,
    10.450006103515648,
    10.300012207031273,
    10.149987792968773,
    9.999993896484398,
    9.850000000000023,
    9.700006103515648,
    9.550012207031273,
    9.399987792968773,
    8.978875732421898,
    8.201959228515648,
    7.349084472656273,
    6.700006103515648,
    6.357904052734398,
    6.149987792968773,
    5.942102050781273,
    5.600000000000023,
    4.941003417968773,
    4.063317871093773,
    3.2539611816406477,
    2.8000122070312727,
    2.6291442871093977,
    2.4749084472656477,
    2.3332153320312727,
    2.2000061035156477,
    2.0766845703125227,
    1.9598327636718977,
    1.8380676269531477,
    1.7000061035156477,
    1.4921203613281477,
    1.2039733886718977,
    0.8888488769531477,
    0.6000000000000227,
    0.41335449218752274,
    0.31020507812502274,
    0.20195922851564774,
    -6.1035156022626325e-06,
    -0.7735656738281023,
    -2.1510986328124773,
    -3.5530761718749773,
    -4.399999999999977
  ],
  "rewards": [
    4.963678053930402,
    4.9635631695538756,
    4.962818720653653,
    4.962127915933729,
    4.967531105432659,
    4.960763855267478,
    4.960481196812314,
    4.966370091448497,
    4.965762925274832,
    4.9589764168748385,
    4.965304735909175,
    4.958263682414008,
    4.9581224229562535,
    4.9645169210536,
    4.963941773251185,
    4.956763948907023,
    4.95666747476938,
    4.956441575498037,
    4.963143683682155,
    4.955566427994682,
    4.9554399313246424,
    4.962351076703842,
    4.954614912558509,
    4.954701959065121,
    -1.2316200777098714,
    4.955042041840112,
    4.9630665397746085,
    4.962925495036108,
    4.955476109076453,
    4.955451282472066,
    4.962926599989604,
    4.970703902915607,
    4.9670705583063155,
    4.974195273528766,
    4.9751870347337555,
    4.982684706352813,
    4.9720235809703235,
    4.978431856642437,
    4.9812172128038235,
    4.985266369319318,
    4.989288469627986,
    4.991644113693548,
    4.996956992085051,
    4.9983682055236045,
    4.9970216640298775,
    -0.44360592376160674,
    4.996537811659438,
    4.985629727938091,
    4.979006455686916,
    4.9848680530946865,
    4.984251976531971,
    4.976822386632957,
    4.983413208619894,
    4.969980109646916,
    4.9697284200288685,
    4.982718223197791,
    4.982324342648782,
    4.982134866039552,
    4.974389133003581,
    4.982219205408479,
    4.9746159960285805,
    4.975041641123755,
    4.982895329491438,
    4.976155018955145,
    4.984064323811913,
    4.9779869569834805,
    4.978908050776662,
    4.9857930324910935,
    4.9860903196754345,
    4.986420666798625,
    4.986744940508157,
    4.998678476875465,
    4.997262986153688,
    4.995558070950533,
    4.994078796021964,
    4.992877346894663,
    4.991633418463494,
    4.994767168248963,
    4.993891622884604,
    4.987845903287115,
    4.986927783063572,
    4.988680843863636,
    4.985024182694762,
    4.984107814096238,
    4.986144512046777,
    4.98940510075426,
    -11.318558933169864,
    4.981099553235037,
    4.981213638313276,
    4.976630441237403,
    4.975926713608529,
    4.979129161248874,
    4.97318765788169,
    4.976187201839264,
    4.974626445806383
  ],