{
  "episode": 1795,
  "steps": 95,
  "actions": [
    23,
    23,
    23,
    23,
    14,
    20,
    13,
    12,
    13,
    14,
    20,
    15,
    13,
    22,
    13,
    4,
    22,
    12,
    20,
    22,
    15,
    22,
    15,
    14,
    12,
    12,
    13,
    13,
    14,
    20,
    14,
    21,
    21,
    20,
    4,
    13,
    21,
    15,
    14,
    15,
    13,
    22,
    14,
    22,
    13,
    15,
    18,
    0,
    3,
    3,
    2,
    0,
    1,
    2,
    0,
    3,
    2,
    9,
    3,
    10,
    0,
    20,
    0,
    8,
    11,
    9,
    22,
    3,
    1,
    3,
    15,
    3,
    12,
    22,
    12,
    4,
    22,
    20,
    7,
    22,
    14,
    6,
    13,
    6,
    20,
    12,
    12,
    7,
    13,
    21,
    13,
    20,
    13,
    20,
    22
  ],
  "temperatures": [
    21.111627197265648,
    21.104028320312523,
    21.062646484375023,
    21.024285888671898,
    20.531274414062523,
    20.948815917968773,
    20.460931396484398,
    20.413476562500023,
    20.379937744140648,
    20.350030517578148,
    20.819482421875023,
    20.322412109375023,
    20.281732177734398,
    20.759362792968773,
    20.252679443359398,
    19.383935546875023,
    20.672753906250023,
    20.167413330078148,
    20.656884765625023,
    20.654473876953148,
    20.124658203125023,
    20.613580322265648,
    20.082757568359398,
    20.054223632812523,
    20.071313476562523,
    20.109185791015648,
    20.139947509765648,
    20.141473388671898,
    20.121667480468773,
    20.619836425781273,
    20.136132812500023,
    21.149957275390648,
    21.279779052734398,
    21.380944824218773,
    20.598687744140648,
    21.152856445312523,
    21.552850341796898,
    21.359796142578148,
    21.573114013671898,
    21.885125732421898,
    22.195825195312523,
    22.606408691406273,
    22.788385009765648,
    23.068170166015648,
    23.368066406250023,
    23.657067871093773,
    19.067895507812523,
    21.212884521484398,
    21.542718505859398,
    21.810693359375023,
    22.054101562500023,
    22.290032958984398,
    22.519097900390648,
    22.727136230468773,
    22.893426513671898,
    23.009973144531273,
    23.092919921875023,
    21.559716796875023,
    23.084924316406273,
    21.543817138671898,
    23.013208007812523,
    24.860345458984398,
    22.969537353515648,
    21.192010498046898,
    20.896264648437523,
    20.636010742187523,
    24.015527343750023,
    21.672998046875023,
    21.437982177734398,
    21.268395996093773,
    23.781091308593773,
    20.474633789062523,
    22.960656738281273,
    22.906335449218773,
    22.791864013671898,
    22.635278320312523,
    22.686853027343773,
    22.616693115234398,
    22.312860107421898,
    22.482171630859398,
    22.306115722656273,
    22.032952880859398,
    22.161614990234398,
    21.854241943359398,
    22.193841552734398,
    21.951409912109398,
    21.872308349609398,
    21.471124267578148,
    21.707421875000023,
    21.894128417968773,
    21.588037109375023,
    21.780541992187523,
    21.402795410156273,
    21.588220214843773,
    21.504785156250023
  ],
  "outdoor_temps": [
    -6.1035156022626325e-06,
    -6.1035156022626325e-06,
    -6.1035156022626325e-06,
    -6.1035156022626325e-06,
    -6.1035156022626325e-06,
    -6.1035156022626325e-06,
    -6.1035156022626325e-06,
    -6.1035156022626325e-06,
    -6.1035156022626325e-06,
    -6.1035156022626325e-06,
    -6.1035156022626325e-06,
    -6.1035156022626325e-06,
    -6.1035156022626325e-06,
    -6.1035156022626325e-06,
    -6.1035156022626325e-06,
    -6.1035156022626325e-06,
    -6.1035156022626325e-06,
    -6.1035156022626325e-06,
    -6.1035156022626325e-06,
    -6.1035156022626325e-06,
    -6.1035156022626325e-06,
    -6.1035156022626325e-06,
    -6.1035156022626325e-06,
    0.48467407226564774,
    1.5674987792968977,
    2.6915527343750227,
    3.3000122070312727,
    3.2094665527343977,
    2.8019348144531477,
    2.3684326171875227,
    2.2000061035156477,
    2.3021789550781477,
    2.5030456542968977,
    2.8273864746093977,
    3.3000122070312727,
    4.170007324218773,
    5.390008544921898,
    6.540002441406273,
    7.200006103515648,
    7.400476074218773,
    7.509606933593773,
    7.613946533203148,
    7.800012207031273,
    8.075891113281273,
    8.371636962890648,
    8.656549072265648,
    8.899987792968773,
    9.066003417968773,
    9.171868896484398,
    9.266809082031273,
    9.399987792968773,
    9.710534667968773,
    10.159387207031273,
    10.528527832031273,
    10.600000000000023,
    10.450006103515648,
    10.300012207031273,
    10.149987792968773,
    9.999993896484398,
    9.850000000000023,
    9.700006103515648,
    9.550012207031273,
    9.399987792968773,
    8.978875732421898,
    8.201959228515648,
    7.349084472656273,
    6.700006103515648,
    6.357904052734398,
    6.149987792968773,
    5.942102050781273,
    5.600000000000023,
    4.941003417968773,
    4.063317871093773,
    3.2539611816406477,
    2.8000122070312727,
    2.6291442871093977,
    2.4749084472656477,
    2.3332153320312727,
    2.2000061035156477,
    2.0766845703125227,
    1.9598327636718977,
    1.8380676269531477,
    1.7000061035156477,
    1.4921203613281477,
    1.2039733886718977,
    0.8888488769531477,
    0.6000000000000227,
    0.41335449218752274,
    0.31020507812502274,
    0.20195922851564774,
    -6.1035156022626325e-06,
    -0.7735656738281023,
    -2.1510986328124773,
    -3.5530761718749773,
    -4.399999999999977
  ],
  "rewards": [
    4.963678053930402,
    4.9635631695538756,
    4.962818720653653,
    4.962127915933729,
    4.967531259212643,
    4.960763894502883,
    4.966645747433375,
    4.966041907147059,
    4.965617048867209,
    4.965238624886164,
    4.958427382890945,
    4.96489680052824,
    4.964376609361528,
    4.957337604996303,
    4.964011432033356,
    -0.9622483842516346,
    4.955752483903066,
    4.96292043815213,
    4.955466846514655,
    4.955425579718273,
    4.962375388246353,
    4.9546751550908965,
    4.961838581662948,
    4.961472853458284,
    4.961697021745955,
    4.962189546950324,
    4.96258873832987,
    4.962609301880488,
    4.962353311852107,
    4.9548071624682,
    4.962541012774181,
    4.9646071710035855,
    4.967000591964178,
    4.9688659074014945,
    4.982170598293614,
    4.975681528585598,
    4.972031337854007,
    4.978352946092091,
    4.981112638748049,
    4.985151306115901,
    4.989173064864038,
    4.991508868720868,
    4.996844182040866,
    4.99841053067415,
    4.998154944841142,
    4.997032468840966,
    -2.1838510525050605,
    4.986133804509659,
    4.985401650000363,
    4.984806778949726,
    4.984266515892971,
    4.983742902200021,
    4.983234675455838,
    4.98277324609426,
    4.982404499571123,
    4.982146190334111,
    4.981962307018269,
    4.974108945924141,
    4.981980354695703,
    4.974170865562785,
    4.982139402485898,
    -1.8561656565555416,
    4.982236053134274,
    4.975536523018032,
    4.976685236216725,
    4.977696269877416,
    -0.0039388092950651985,
    4.985114152010854,
    4.985635886413086,
    4.986012346073661,
    4.996551486027468,
    4.987778711131571,
    4.999067258887965,
    4.997050414074374,
    4.9968859603519995,
    4.9972214917616675,
    4.992997483609811,
    4.991701854132439,
    4.994840340251994,
    4.989217918465319,
    4.990607352953727,
    4.992772937812721,
    4.988740209182805,
    4.991453740746269,
    4.983895246388472,
    4.98602499456234,
    4.985002954133017,
    4.988626247249705,
    4.98287325152609,
    4.978364551898578,
    4.981331138659916,
    4.976267940637211,
    4.978937098990154,
    4.97271520459328,
    4.971173240116757
  ],