{
  "episode": 358,
  "steps": 95,
  "actions": [
    23,
    23,
    23,
    23,
    23,
    23,
    21,
    23,
    23,
    23,
    23,
    23,
    21,
    20,
    6,
    23,
    23,
    23,
    23,
    15,
    15,
    20,
    21,
    12,
    21,
    14,
    21,
    23,
    15,
    20,
    15,
    20,
    23,
    13,
    20,
    14,
    15,
    7,
    14,
    23,
    3,
    23,
    3,
    13,
    6,
    22,
    12,
    21,
    16,
    0,
    15,
    3,
    0,
    1,
    11,
    22,
    18,
    1,
    0,
    14,
    0,
    18,
    11,
    11,
    8,
    18,
    11,
    3,
    22,
    0,
    8,
    22,
    20,
    12,
    9,
    23,
    21,
    20,
    20,
    20,
    22,
    13,
    23,
    13,
    12,
    23,
    7,
    22,
    23,
    15,
    23,
    23,
    13,
    12,
    23
  ],
  "temperatures": [
    21.111627197265648,
    21.104028320312523,
    21.062646484375023,
    21.024285888671898,
    20.991937255859398,
    20.964624023437523,
    20.940820312500023,
    20.919122314453148,
    20.898645019531273,
    20.878808593750023,
    20.859338378906273,
    20.840203857421898,
    20.821282958984398,
    20.802575683593773,
    19.493280029296898,
    20.723107910156273,
    20.725823974609398,
    20.715051269531273,
    20.701409912109398,
    20.174066162109398,
    20.128961181640648,
    20.626763916015648,
    20.623132324218773,
    20.099237060546898,
    20.628747558593773,
    20.164361572265648,
    20.688104248046898,
    20.701959228515648,
    20.190850830078148,
    20.661035156250023,
    20.176934814453148,
    21.181359863281273,
    21.308343505859398,
    21.058770751953148,
    21.470697021484398,
    21.213922119140648,
    21.274468994140648,
    20.918176269531273,
    21.578576660156273,
    22.119683837890648,
    18.563867187500023,
    22.549768066406273,
    19.440148925781273,
    22.934289550781273,
    23.376214599609398,
    23.514581298828148,
    23.894464111328148,
    23.956262207031273,
    19.517816162109398,
    21.806848144531273,
    24.626062011718773,
    22.487298583984398,
    22.632531738281273,
    22.823449707031273,
    21.418634033203148,
    24.915856933593773,
    20.542932128906273,
    23.068139648437523,
    23.172723388671898,
    25.431573486328148,
    23.288720703125023,
    20.501733398437523,
    21.329064941406273,
    21.125939941406273,
    20.863977050781273,
    19.713861083984398,
    20.361291503906273,
    21.431665039062523,
    23.767236328125023,
    21.291253662109398,
    19.879785156250023,
    23.038507080078148,
    22.970605468750023,
    22.856317138671898,
    18.913720703125023,
    22.635308837890648,
    22.607873535156273,
    22.547967529296898,
    22.487084960937523,
    22.430718994140648,
    22.378137207031273,
    22.181298828125023,
    22.274011230468773,
    22.052575683593773,
    21.976525878906273,
    22.102197265625023,
    21.520928955078148,
    21.976556396484398,
    21.926629638671898,
    21.620294189453148,
    21.816461181640648,
    21.758599853515648,
    21.372644042968773,
    21.236322021484398,
    21.469049072265648
  ],
  "outdoor_temps": [
    -6.1035156022626325e-06,
    -6.1035156022626325e-06,
    -6.1035156022626325e-06,
    -6.1035156022626325e-06,
    -6.1035156022626325e-06,
    -6.1035156022626325e-06,
    -6.1035156022626325e-06,
    -6.1035156022626325e-06,
    -6.1035156022626325e-06,
    -6.1035156022626325e-06,
    -6.1035156022626325e-06,
    -6.1035156022626325e-06,
    -6.1035156022626325e-06,
    -6.1035156022626325e-06,
    -6.1035156022626325e-06,
    -6.1035156022626325e-06,
    -6.1035156022626325e-06,
    -6.1035156022626325e-06,
    -6.1035156022626325e-06,
    -6.1035156022626325e-06,
    -6.1035156022626325e-06,
    -6.1035156022626325e-06,
    -6.1035156022626325e-06,
    0.48467407226564774,
    1.5674987792968977,
    2.6915527343750227,
    3.3000122070312727,
    3.2094665527343977,
    2.8019348144531477,
    2.3684326171875227,
    2.2000061035156477,
    2.3021789550781477,
    2.5030456542968977,
    2.8273864746093977,
    3.3000122070312727,
    4.170007324218773,
    5.390008544921898,
    6.540002441406273,
    7.200006103515648,
    7.400476074218773,
    7.509606933593773,
    7.613946533203148,
    7.800012207031273,
    8.075891113281273,
    8.371636962890648,
    8.656549072265648,
    8.899987792968773,
    9.066003417968773,
    9.171868896484398,
    9.266809082031273,
    9.399987792968773,
    9.710534667968773,
    10.159387207031273,
    10.528527832031273,
    10.600000000000023,
    10.450006103515648,
    10.300012207031273,
    10.149987792968773,
    9.999993896484398,
    9.850000000000023,
    9.700006103515648,
    9.550012207031273,
    9.399987792968773,
    8.978875732421898,
    8.201959228515648,
    7.349084472656273,
    6.700006103515648,
    6.357904052734398,
    6.149987792968773,
    5.942102050781273,
    5.600000000000023,
    4.941003417968773,
    4.063317871093773,
    3.2539611816406477,
    2.8000122070312727,
    2.6291442871093977,
    2.4749084472656477,
    2.3332153320312727,
    2.2000061035156477,
    2.0766845703125227,
    1.9598327636718977,
    1.8380676269531477,
    1.7000061035156477,
    1.4921203613281477,
    1.2039733886718977,
    0.8888488769531477,
    0.6000000000000227,
    0.41335449218752274,
    0.31020507812502274,
    0.20195922851564774,
    -6.1035156022626325e-06,
    -0.7735656738281023,
    -2.1510986328124773,
    -3.5530761718749773,
    -4.399999999999977
  ],
  "rewards": [
    4.963678053930402,
    4.9635631695538756,
    4.962818720653653,
    4.962127915933729,
    4.961546352222562,
    4.961056741788983,
    4.96062974126637,
    4.96024063131278,
    4.959872474983334,
    4.959515469387173,
    4.959164879634977,
    4.958818813875317,
    4.958476349428296,
    4.958137178630285,
    -0.6549200974935495,
    4.956678357424296,
    4.9567336252480745,
    4.9565386572629215,
    4.95629002006352,
    4.963012294922024,
    4.962431188857912,
    4.9549186279352595,
    4.954854701927823,
    4.96205506448885,
    4.954966049481345,
    4.96290293221613,
    4.956067267839675,
    4.956323615521841,
    4.963248107586056,
    4.955568273263781,
    4.963068721304607,
    4.965187225538103,
    4.967528661659878,
    4.974471918497235,
    4.9705208893981965,
    4.976471998701762,
    4.977251822375571,
    4.98452433865404,
    4.981183452694151,
    4.982507944290405,
    -5.160181459899829,
    4.990461266347248,
    -0.7885431257299443,
    4.998733695798594,
    4.9990874888193995,
    4.9959334374238615,
    4.996110433813508,
    4.993482706386757,
    -0.5943056926757522,
    4.984815335138175,
    -0.9832199725174126,
    4.983305102995394,
    4.982982926887501,
    4.982559511590749,
    4.974655785709295,
    -2.1028186745605786,
    4.968035763763215,
    4.98201750863554,
    4.981785529777084,
    -5.128406308874651,
    4.981528039374267,
    4.968264670684934,
    4.975004338735957,
    4.975793146021826,
    4.976810645587904,
    -0.2182842451247831,
    4.978763572687526,
    4.9856497096178805,
    4.994532330789644,
    4.985961656745847,
    -0.04578209448976938,
    4.99857805133445,
    4.998237279914643,
    4.99771882784642,
    -2.9577791797292363,
    4.992043779934878,
    4.991538184896111,
    4.9904322080916685,
    4.98930805133931,
    4.988267076185863,
    4.987296564451378,
    4.988993981879528,
    4.985374298628906,
    4.987331144664436,
    4.986348882988581,
    4.9822039553412925,
    4.988993392515928,
    4.979885198126021,
    4.978964395784165,
    4.9817475892640655,
    4.976930870014041,
    4.97586270006001,
    4.978547036204487,
    4.976784177497516,
    4.970513018060637
  ],