{
  "episode": 85,
  "steps": 95,
  "actions": [
    23,
    23,
    23,
    23,
    23,
    23,
    23,
    23,
    23,
    23,
    23,
    23,
    23,
    23,
    23,
    23,
    23,
    23,
    23,
    23,
    23,
    23,
    23,
    23,
    23,
    23,
    23,
    23,
    23,
    23,
    23,
    23,
    23,
    23,
    21,
    23,
    23,
    11,
    2,
    23,
    7,
    23,
    17,
    4,
    4,
    7,
    0,
    23,
    23,
    23,
    8,
    23,
    7,
    9,
    10,
    7,
    3,
    6,
    8,
    23,
    9,
    23,
    12,
    23,
    23,
    16,
    4,
    23,
    9,
    23,
    15,
    23,
    22,
    23,
    4,
    8,
    23,
    2,
    23,
    23,
    2,
    11,
    19,
    0,
    23,
    12,
    23,
    23,
    23,
    21,
    23,
    1,
    23,
    20,
    23
  ],
  "temperatures": [
    20.975762939453148,
    20.971978759765648,
    20.926324462890648,
    20.884027099609398,
    20.848413085937523,
    20.818383789062523,
    20.792230224609398,
    20.768457031250023,
    20.746057128906273,
    20.724359130859398,
    20.703149414062523,
    20.682244873046898,
    20.661584472656273,
    20.641198730468773,
    20.621026611328148,
    20.601068115234398,
    20.581353759765648,
    20.561944580078148,
    20.542871093750023,
    20.524133300781273,
    20.505761718750023,
    20.487725830078148,
    20.470056152343773,
    20.463403320312523,
    20.485864257812523,
    20.523187255859398,
    20.552392578125023,
    20.555322265625023,
    20.539788818359398,
    20.522058105468773,
    20.533807373046898,
    21.077111816406273,
    21.201745605468773,
    21.302789306640648,
    21.379968261718773,
    21.441552734375023,
    21.505181884765648,
    17.053582763671898,
    17.700006103515648,
    21.915399169921898,
    21.714013671875023,
    22.528863525390648,
    17.999505615234398,
    22.574334716796898,
    23.298181152343773,
    23.761865234375023,
    21.727258300781273,
    23.923669433593773,
    24.157983398437523,
    24.360070800781273,
    21.237115478515648,
    24.622277832031273,
    25.872460937500023,
    21.886193847656273,
    21.906884765625023,
    26.182489013671898,
    24.172296142578148,
    26.530725097656273,
    22.317376708984398,
    25.248590087890648,
    22.239587402343773,
    25.138482666015648,
    25.580285644531273,
    24.951867675781273,
    24.756219482421898,
    20.357934570312523,
    24.990136718750023,
    24.250299072265648,
    20.916802978515648,
    23.984002685546898,
    24.185235595703148,
    23.387994384765648,
    23.259118652343773,
    23.145928955078148,
    23.099816894531273,
    19.464532470703148,
    22.795800781250023,
    20.330407714843773,
    22.619439697265648,
    22.581719970703148,
    19.958398437500023,
    18.701043701171898,
    17.914331054687523,
    19.227685546875023,
    22.051141357421898,
    21.827050781250023,
    22.001123046875023,
    21.954583740234398,
    21.899743652343773,
    21.845117187500023,
    21.791864013671898,
    18.634179687500023,
    21.540551757812523,
    21.479455566406273,
    21.395410156250023
  ],
  "outdoor_temps": [
    -6.1035156022626325e-06,
    -6.1035156022626325e-06,
    -6.1035156022626325e-06,
    -6.1035156022626325e-06,
    -6.1035156022626325e-06,
    -6.1035156022626325e-06,
    -6.1035156022626325e-06,
    -6.1035156022626325e-06,
    -6.1035156022626325e-06,
    -6.1035156022626325e-06,
    -6.1035156022626325e-06,
    -6.1035156022626325e-06,
    -6.1035156022626325e-06,
    -6.1035156022626325e-06,
    -6.1035156022626325e-06,
    -6.1035156022626325e-06,
    -6.1035156022626325e-06,
    -6.1035156022626325e-06,
    -6.1035156022626325e-06,
    -6.1035156022626325e-06,
    -6.1035156022626325e-06,
    -6.1035156022626325e-06,
    -6.1035156022626325e-06,
    0.48467407226564774,
    1.5674987792968977,
    2.6915527343750227,
    3.3000122070312727,
    3.2094665527343977,
    2.8019348144531477,
    2.3684326171875227,
    2.2000061035156477,
    2.3021789550781477,
    2.5030456542968977,
    2.8273864746093977,
    3.3000122070312727,
    4.170007324218773,
    5.390008544921898,
    6.540002441406273,
    7.200006103515648,
    7.400476074218773,
    7.509606933593773,
    7.613946533203148,
    7.800012207031273,
    8.075891113281273,
    8.371636962890648,
    8.656549072265648,
    8.899987792968773,
    9.066003417968773,
    9.171868896484398,
    9.266809082031273,
    9.399987792968773,
    9.710534667968773,
    10.159387207031273,
    10.528527832031273,
    10.600000000000023,
    10.450006103515648,
    10.300012207031273,
    10.149987792968773,
    9.999993896484398,
    9.850000000000023,
    9.700006103515648,
    9.550012207031273,
    9.399987792968773,
    8.978875732421898,
    8.201959228515648,
    7.349084472656273,
    6.700006103515648,
    6.357904052734398,
    6.149987792968773,
    5.942102050781273,
    5.600000000000023,
    4.941003417968773,
    4.063317871093773,
    3.2539611816406477,
    2.8000122070312727,
    2.6291442871093977,
    2.4749084472656477,
    2.3332153320312727,
    2.2000061035156477,
    2.0766845703125227,
    1.9598327636718977,
    1.8380676269531477,
    1.7000061035156477,
    1.4921203613281477,
    1.2039733886718977,
    0.8888488769531477,
    0.6000000000000227,
    0.41335449218752274,
    0.31020507812502274,
    0.20195922851564774,
    -6.1035156022626325e-06,
    -0.7735656738281023,
    -2.1510986328124773,
    -3.5530761718749773,
    -4.399999999999977
  ],
  "rewards": [
    4.9077753899246455,
    4.9076752827316525,
    4.905702330842614,
    4.90387322165072,
    4.902335326448083,
    4.901042344346642,
    4.899916627183557,
    4.89889272429049,
    4.897925631776452,
    4.896989104524255,
    4.896070191636682,
    4.895163533464074,
    4.894266431108117,
    4.893377902284264,
    4.892497641816735,
    4.8916256878525015,
    4.890763070359826,
    4.889912049546838,
    4.889075028672814,
    4.888252484574914,
    4.887444255128503,
    4.886651608720422,
    4.885875994935632,
    4.885590159669518,
    4.886594855561852,
    4.888258149400354,
    4.88955717779696,
    4.889688555970788,
    4.889001128450036,
    4.888215834870935,
    4.888737532868982,
    4.912843615785241,
    4.918357345834375,
    4.922826630845666,
    4.926240169778466,
    4.928962394864015,
    4.931775438562036,
    -8.686119324713811,
    -5.292991519833649,
    4.949965331322797,
    4.98090165972244,
    4.977193400571528,
    -4.012593482248394,
    4.993631680590181,
    4.998606264123329,
    4.996547852137693,
    4.970069744517501,
    4.985807637944817,
    -0.02944457091391805,
    -0.13480965308846682,
    4.944068570099771,
    -0.3932612159427376,
    -3.5093208279228687,
    4.93830750455189,
    4.938125114384229,
    -4.7668129286278305,
    -0.0398870509905495,
    -6.408510496078134,
    4.934484286258078,
    -1.567093023802008,
    4.935174417458475,
    -1.3038922245622846,
    -2.5032159840688832,
    -0.9131804164758628,
    -0.5783448241278873,
    4.92676496244967,
    -0.9826021966008596,
    -0.06744212610405267,
    4.946918840371072,
    4.985006589646573,
    -0.037129141837366895,
    4.992950579779952,
    4.994665347710252,
    4.996170873217608,
    4.999491667705588,
    -0.29681234495468917,
    4.989040156346949,
    4.976293961997144,
    4.981222867734083,
    4.9795515678077935,
    -0.007249709567984538,
    -1.6956783338157762,
    -4.360335417490195,
    -0.6011779564547851,
    4.9560376856476065,
    4.964770076237619,
    4.953825895536853,
    4.951764762178064,
    4.949336769357323,
    4.946917555108667,
    4.944559504658632,
    -1.8695158656453092,
    4.933420669804935,
    4.930710661187768,
    4.926982299915474
  ],