{
  "episode": 107,
  "steps": 95,
  "actions": [
    23,
    23,
    23,
    23,
    23,
    23,
    23,
    23,
    23,
    23,
    23,
    23,
    23,
    23,
    23,
    23,
    23,
    23,
    23,
    23,
    23,
    23,
    23,
    23,
    23,
    23,
    23,
    23,
    23,
    23,
    23,
    23,
    23,
    23,
    23,
    17,
    5,
    5,
    5,
    9,
    16,
    10,
    7,
    23,
    17,
    22,
    23,
    23,
    23,
    23,
    23,
    9,
    23,
    23,
    0,
    23,
    23,
    20,
    23,
    23,
    6,
    12,
    6,
    0,
    14,
    23,
    23,
    23,
    23,
    10,
    23,
    0,
    23,
    23,
    23,
    23,
    13,
    23,
    23,
    4,
    23,
    10,
    23,
    10,
    20,
    23,
    23,
    4,
    23,
    23,
    23,
    11,
    13,
    20,
    13
  ],
  "temperatures": [
    20.975762939453148,
    20.971978759765648,
    20.926324462890648,
    20.884027099609398,
    20.848413085937523,
    20.818383789062523,
    20.792230224609398,
    20.768457031250023,
    20.746057128906273,
    20.724359130859398,
    20.703149414062523,
    20.682244873046898,
    20.661584472656273,
    20.641198730468773,
    20.621026611328148,
    20.601068115234398,
    20.581353759765648,
    20.561944580078148,
    20.542871093750023,
    20.524133300781273,
    20.505761718750023,
    20.487725830078148,
    20.470056152343773,
    20.463403320312523,
    20.485864257812523,
    20.523187255859398,
    20.552392578125023,
    20.555322265625023,
    20.539788818359398,
    20.522058105468773,
    20.533807373046898,
    21.077111816406273,
    21.201745605468773,
    21.302789306640648,
    21.379968261718773,
    16.465509033203148,
    20.073358154296898,
    20.476190185546898,
    20.792016601562523,
    17.442346191406273,
    17.201196289062523,
    18.034875488281273,
    22.004022216796898,
    22.902429199218773,
    18.558953857421898,
    23.326776123046898,
    23.632257080078148,
    23.874719238281273,
    24.094689941406273,
    24.297296142578148,
    24.480828857421898,
    21.390679931640648,
    24.732629394531273,
    24.926324462890648,
    23.863763427734398,
    25.123315429687523,
    25.209741210937523,
    25.266992187500023,
    25.302850341796898,
    25.313775634765648,
    26.650872802734398,
    25.837182617187523,
    26.515191650390648,
    24.002221679687523,
    25.238854980468773,
    24.643151855468773,
    24.484002685546898,
    24.355889892578148,
    24.250085449218773,
    20.931237792968773,
    23.986291503906273,
    21.498895263671898,
    23.278619384765648,
    23.187036132812523,
    23.095056152343773,
    23.017083740234398,
    22.924157714843773,
    22.849694824218773,
    22.769006347656273,
    22.528955078125023,
    22.623193359375023,
    18.920526123046898,
    22.395837402343773,
    18.677758789062523,
    22.213372802734398,
    22.197625732421898,
    22.143914794921898,
    21.553277587890648,
    22.005303955078148,
    21.952325439453148,
    21.895806884765648,
    17.953088378906273,
    21.256372070312523,
    21.546502685546898,
    21.107751464843773
  ],
  "outdoor_temps": [
    -6.1035156022626325e-06,
    -6.1035156022626325e-06,
    -6.1035156022626325e-06,
    -6.1035156022626325e-06,
    -6.1035156022626325e-06,
    -6.1035156022626325e-06,
    -6.1035156022626325e-06,
    -6.1035156022626325e-06,
    -6.1035156022626325e-06,
    -6.1035156022626325e-06,
    -6.1035156022626325e-06,
    -6.1035156022626325e-06,
    -6.1035156022626325e-06,
    -6.1035156022626325e-06,
    -6.1035156022626325e-06,
    -6.1035156022626325e-06,
    -6.1035156022626325e-06,
    -6.1035156022626325e-06,
    -6.1035156022626325e-06,
    -6.1035156022626325e-06,
    -6.1035156022626325e-06,
    -6.1035156022626325e-06,
    -6.1035156022626325e-06,
    0.48467407226564774,
    1.5674987792968977,
    2.6915527343750227,
    3.3000122070312727,
    3.2094665527343977,
    2.8019348144531477,
    2.3684326171875227,
    2.2000061035156477,
    2.3021789550781477,
    2.5030456542968977,
    2.8273864746093977,
    3.3000122070312727,
    4.170007324218773,
    5.390008544921898,
    6.540002441406273,
    7.200006103515648,
    7.400476074218773,
    7.509606933593773,
    7.613946533203148,
    7.800012207031273,
    8.075891113281273,
    8.371636962890648,
    8.656549072265648,
    8.899987792968773,
    9.066003417968773,
    9.171868896484398,
    9.266809082031273,
    9.399987792968773,
    9.710534667968773,
    10.159387207031273,
    10.528527832031273,
    10.600000000000023,
    10.450006103515648,
    10.300012207031273,
    10.149987792968773,
    9.999993896484398,
    9.850000000000023,
    9.700006103515648,
    9.550012207031273,
    9.399987792968773,
    8.978875732421898,
    8.201959228515648,
    7.349084472656273,
    6.700006103515648,
    6.357904052734398,
    6.149987792968773,
    5.942102050781273,
    5.600000000000023,
    4.941003417968773,
    4.063317871093773,
    3.2539611816406477,
    2.8000122070312727,
    2.6291442871093977,
    2.4749084472656477,
    2.3332153320312727,
    2.2000061035156477,
    2.0766845703125227,
    1.9598327636718977,
    1.8380676269531477,
    1.7000061035156477,
    1.4921203613281477,
    1.2039733886718977,
    0.8888488769531477,
    0.6000000000000227,
    0.41335449218752274,
    0.31020507812502274,
    0.20195922851564774,
    -6.1035156022626325e-06,
    -0.7735656738281023,
    -2.1510986328124773,
    -3.5530761718749773,
    -4.399999999999977
  ],
  "rewards": [
    4.120979222776403,
    4.115054529951921,
    4.041117961602322,
    3.9698265858460595,
    3.9077210109681286,
    3.853879691883962,
    3.805885754423257,
    3.7613691613823597,
    3.718646088801367,
    3.6765443842579115,
    3.634704109951898,
    3.592804602505684,
    3.5507493382320265,
    3.5086222347245086,
    3.466321936817887,
    3.423867874192122,
    3.381345204161528,
    3.338909506471877,
    3.296656541600873,
    3.254615599177828,
    3.2128832242638383,
    3.1714217349608016,
    3.1303298621997757,
    3.114743142649584,
    3.1671395712346357,
    3.2525262384582816,
    3.3178817418963207,
    3.324368238821675,
    3.289838607208853,
    3.249981652163019,
    3.2764469183702523,
    4.274051666222544,
    4.440449787043063,
    4.558249567644695,
    4.6379106810316655,
    -41.237075895089255,
    2.1726823544792433,
    3.221098369068275,
    3.8728455800905666,
    -26.35958979390371,
    -29.59121387044017,
    -9.661207899106037,
    4.985180427402703,
    4.382992512779685,
    -5.204013069886551,
    3.6735050482638534,
    2.991490654567525,
    2.3505300822480875,
    -0.026690645366917884,
    -0.22591215791184113,
    -0.5835516032763371,
    4.664251940334236,
    -1.3482633941070727,
    -2.1522359959968487,
    2.3553766128094233,
    -3.1622929034383382,
    -3.666671057716149,
    -4.021350082233693,
    -4.251843958360332,
    -4.3233489234933264,
    -27.571890950198586,
    -8.444583259945862,
    -25.819396569750396,
    -0.010024841342971953,
    -3.8420595913009263,
    -1.0402111774489367,
    -0.5912170329876794,
    -0.321788086611818,
    -0.16114863708618146,
    4.0901019428670775,
    2.0259609924661044,
    4.782769849491323,
    3.7682552919256995,
    3.938832934126218,
    4.0974863284453376,
    4.222039902443031,
    4.356634404361217,
    4.449945389811407,
    4.544326654039296,
    4.7831131941033345,
    4.690113293512339,
    -2.9220370328983925,
    4.853798504363246,
    -4.379142990223913,
    4.929083307360737,
    4.933241962321986,
    4.94462182370014,
    4.828879954037271,
    4.953995135680408,
    4.949964966299014,
    4.941023864792664,
    -20.481349895782532,
    4.5331820470953375,
    4.779437807245682,
    4.346442252944213
  ],