{
  "episode": 995,
  "steps": 95,
  "actions": [
    23,
    23,
    23,
    23,
    21,
    21,
    13,
    13,
    12,
    15,
    20,
    20,
    12,
    6,
    23,
    12,
    21,
    13,
    20,
    12,
    15,
    13,
    22,
    20,
    13,
    21,
    21,
    12,
    12,
    12,
    20,
    4,
    23,
    12,
    15,
    12,
    12,
    13,
    20,
    13,
    23,
    15,
    22,
    23,
    23,
    1,
    20,
    3,
    1,
    11,
    3,
    0,
    9,
    0,
    1,
    0,
    3,
    0,
    1,
    3,
    3,
    8,
    0,
    11,
    2,
    0,
    16,
    0,
    3,
    3,
    10,
    12,
    20,
    20,
    22,
    13,
    7,
    13,
    12,
    5,
    20,
    7,
    12,
    15,
    22,
    22,
    13,
    13,
    21,
    15,
    15,
    13,
    23,
    13,
    12
  ],
  "temperatures": [
    21.111627197265648,
    21.104028320312523,
    21.062646484375023,
    21.024285888671898,
    20.991937255859398,
    20.964624023437523,
    20.470788574218773,
    20.420220947265648,
    20.384942626953148,
    20.353997802734398,
    20.822351074218773,
    20.816979980468773,
    20.310723876953148,
    19.448175048828148,
    20.718438720703148,
    20.218774414062523,
    20.699792480468773,
    20.184442138671898,
    20.666802978515648,
    20.144830322265648,
    20.104516601562523,
    20.076257324218773,
    20.586877441406273,
    20.596643066406273,
    20.103662109375023,
    20.646173095703148,
    20.685083007812523,
    20.191278076171898,
    20.152001953125023,
    20.121606445312523,
    20.645196533203148,
    20.149285888671898,
    21.258813476562523,
    21.017999267578148,
    21.098474121093773,
    21.166955566406273,
    21.238397216796898,
    21.349145507812523,
    21.839227294921898,
    21.896478271484398,
    22.370263671875023,
    22.507165527343773,
    22.843469238281273,
    23.073114013671898,
    23.314538574218773,
    20.801843261718773,
    23.706475830078148,
    21.459527587890648,
    21.639276123046898,
    20.515832519531273,
    22.026757812500023,
    22.299981689453148,
    21.053002929687523,
    22.649560546875023,
    22.862939453125023,
    22.989648437500023,
    23.077966308593773,
    23.139398193359398,
    23.174096679687523,
    23.175927734375023,
    23.145013427734398,
    21.487725830078148,
    22.838830566406273,
    21.158532714843773,
    22.286065673828148,
    22.052209472656273,
    19.594812011718773,
    21.472924804687523,
    21.354180908203148,
    21.203698730468773,
    19.861688232421898,
    23.015802001953148,
    22.962548828125023,
    22.872125244140648,
    22.792443847656273,
    22.670495605468773,
    22.478845214843773,
    22.494592285156273,
    22.413507080078148,
    22.163201904296898,
    22.394525146484398,
    21.994073486328148,
    22.128778076171898,
    22.064904785156273,
    22.176049804687523,
    22.121087646484398,
    21.855035400390648,
    21.775415039062523,
    21.939324951171898,
    21.637963867187523,
    21.564019775390648,
    21.483544921875023,
    21.672174072265648,
    21.257653808593773,
    21.136102294921898
  ],
  "outdoor_temps": [
    -6.1035156022626325e-06,
    -6.1035156022626325e-06,
    -6.1035156022626325e-06,
    -6.1035156022626325e-06,
    -6.1035156022626325e-06,
    -6.1035156022626325e-06,
    -6.1035156022626325e-06,
    -6.1035156022626325e-06,
    -6.1035156022626325e-06,
    -6.1035156022626325e-06,
    -6.1035156022626325e-06,
    -6.1035156022626325e-06,
    -6.1035156022626325e-06,
    -6.1035156022626325e-06,
    -6.1035156022626325e-06,
    -6.1035156022626325e-06,
    -6.1035156022626325e-06,
    -6.1035156022626325e-06,
    -6.1035156022626325e-06,
    -6.1035156022626325e-06,
    -6.1035156022626325e-06,
    -6.1035156022626325e-06,
    -6.1035156022626325e-06,
    0.48467407226564774,
    1.5674987792968977,
    2.6915527343750227,
    3.3000122070312727,
    3.2094665527343977,
    2.8019348144531477,
    2.3684326171875227,
    2.2000061035156477,
    2.3021789550781477,
    2.5030456542968977,
    2.8273864746093977,
    3.3000122070312727,
    4.170007324218773,
    5.390008544921898,
    6.540002441406273,
    7.200006103515648,
    7.400476074218773,
    7.509606933593773,
    7.613946533203148,
    7.800012207031273,
    8.075891113281273,
    8.371636962890648,
    8.656549072265648,
    8.899987792968773,
    9.066003417968773,
    9.171868896484398,
    9.266809082031273,
    9.399987792968773,
    9.710534667968773,
    10.159387207031273,
    10.528527832031273,
    10.600000000000023,
    10.450006103515648,
    10.300012207031273,
    10.149987792968773,
    9.999993896484398,
    9.850000000000023,
    9.700006103515648,
    9.550012207031273,
    9.399987792968773,
    8.978875732421898,
    8.201959228515648,
    7.349084472656273,
    6.700006103515648,
    6.357904052734398,
    6.149987792968773,
    5.942102050781273,
    5.600000000000023,
    4.941003417968773,
    4.063317871093773,
    3.2539611816406477,
    2.8000122070312727,
    2.6291442871093977,
    2.4749084472656477,
    2.3332153320312727,
    2.2000061035156477,
    2.0766845703125227,
    1.9598327636718977,
    1.8380676269531477,
    1.7000061035156477,
    1.4921203613281477,
    1.2039733886718977,
    0.8888488769531477,
    0.6000000000000227,
    0.41335449218752274,
    0.31020507812502274,
    0.20195922851564774,
    -6.1035156022626325e-06,
    -0.7735656738281023,
    -2.1510986328124773,
    -3.5530761718749773,
    -4.399999999999977
  ],
  "rewards": [
    4.963678053930402,
    4.9635631695538756,
    4.962818720653653,
    4.962127915933729,
    4.961546359375119,
    4.9610567309564875,
    4.96677352433344,
    4.96612911470283,
    4.965681965426096,
    4.965290348656637,
    4.958480408700912,
    4.958389138258021,
    4.964751864681911,
    -0.7744530723381402,
    4.9565866222997075,
    4.963577246818692,
    4.956251957703543,
    4.9631409657492265,
    4.955649959084132,
    4.962634289274883,
    4.962114938624365,
    4.961751638687013,
    4.954184832808116,
    4.954369397424485,
    4.962115603695583,
    4.95529067182217,
    4.9560112168497366,
    4.9632534647478685,
    4.962745558150274,
    4.962352693207723,
    4.955275697995139,
    4.978858152414631,
    4.96661317378153,
    4.973944134864956,
    4.974981668718321,
    4.97586424771583,
    4.976785041220648,
    4.978215178974135,
    4.977321912881473,
    4.985298047970009,
    4.987141663369277,
    4.993203341964632,
    4.995893015089242,
    4.998383140815745,
    4.997043568991125,
    4.987046460140497,
    4.99486866862667,
    4.985586469258141,
    4.98518735758685,
    4.978161348849211,
    4.9843271928058694,
    4.983720847290981,
    4.976075022969395,
    4.9829454152874,
    4.982472157407552,
    4.9821912818398815,
    4.981995498467237,
    4.981859392446506,
    4.981782452393324,
    4.981778425499473,
    4.981846893352497,
    4.974388424900401,
    4.982526116267981,
    4.97566662267223,
    4.983752905033691,
    4.984272102038659,
    -0.42370839917655156,
    4.985558123751018,
    4.98582183681801,
    4.986155939024914,
    -0.05744329943409156,
    4.999526095797753,
    4.9980883714632816,
    4.996418456233066,
    4.994946654609364,
    4.995317100089367,
    4.996065853685627,
    4.993043430386517,
    4.991995115355143,
    4.993734825454814,
    4.987598874548207,
    4.992485716576647,
    4.988315290896628,
    4.98749062073992,
    4.983567089634745,
    4.9825529142844935,
    4.98477984888139,
    4.9837513137613625,
    4.979198756453136,
    4.981976084758244,
    4.981020812428354,
    4.9799807232979525,
    4.974266258117297,
    4.97705993906036,
    4.975487522557864
  ],