{
  "episode": 819,
  "steps": 95,
  "actions": [
    23,
    23,
    23,
    23,
    13,
    22,
    20,
    12,
    22,
    21,
    22,
    21,
    22,
    20,
    15,
    12,
    21,
    15,
    21,
    4,
    20,
    21,
    20,
    22,
    20,
    22,
    22,
    22,
    7,
    20,
    22,
    22,
    21,
    21,
    14,
    21,
    22,
    15,
    4,
    20,
    22,
    21,
    20,
    22,
    7,
    20,
    22,
    12,
    7,
    20,
    6,
    20,
    7,
    7,
    20,
    22,
    15,
    12,
    20,
    20,
    12,
    22,
    5,
    22,
    21,
    15,
    21,
    20,
    20,
    22,
    4,
    21,
    20,
    20,
    20,
    21,
    22,
    20,
    21,
    14,
    20,
    20,
    21,
    21,
    20,
    20,
    22,
    20,
    20,
    20,
    20,
    20,
    21,
    15,
    20
  ],
  "temperatures": [
    20.975762939453148,
    20.971978759765648,
    20.926324462890648,
    20.884027099609398,
    20.309716796875023,
    20.797784423828148,
    20.782312011718773,
    20.206506347656273,
    20.719567871093773,
    20.709893798828148,
    20.692712402343773,
    20.674035644531273,
    20.654718017578148,
    20.635186767578148,
    20.035821533203148,
    19.976495361328148,
    20.541284179687523,
    19.942956542968773,
    20.500909423828148,
    18.893487548828148,
    20.425469970703148,
    20.440484619140648,
    20.434289550781273,
    20.434045410156273,
    20.460382080078148,
    20.500177001953148,
    20.531060791015648,
    20.535211181640648,
    18.989373779296898,
    20.446893310546898,
    20.486840820312523,
    21.039056396484398,
    21.169274902343773,
    21.273706054687523,
    20.964044189453148,
    21.402001953125023,
    21.473413085937523,
    21.234155273437523,
    20.945184326171898,
    22.024468994140648,
    22.315789794921898,
    22.575311279296898,
    22.824273681640648,
    23.069360351562523,
    23.485986328125023,
    23.581201171875023,
    23.815423583984398,
    24.266076660156273,
    24.959558105468773,
    24.455377197265648,
    25.546228027343773,
    24.814996337890648,
    26.092462158203148,
    26.410119628906273,
    25.282098388671898,
    25.347985839843773,
    25.967858886718773,
    26.045281982421898,
    25.499261474609398,
    25.491540527343773,
    26.049584960937523,
    25.424096679687523,
    26.707116699218773,
    25.186883544921898,
    24.967919921875023,
    25.208398437500023,
    24.632257080078148,
    24.495233154296898,
    24.384484863281273,
    24.288720703125023,
    24.969140625000023,
    23.647271728515648,
    23.499200439453148,
    23.373834228515648,
    23.268762207031273,
    23.184289550781273,
    23.100640869140648,
    23.012292480468773,
    22.926934814453148,
    22.818139648437523,
    22.775781250000023,
    22.707513427734398,
    22.640618896484398,
    22.571893310546898,
    22.499719238281273,
    22.425683593750023,
    22.352014160156273,
    22.279687500000023,
    22.206719970703148,
    22.137414550781273,
    22.071618652343773,
    21.995874023437523,
    21.892846679687523,
    21.499963378906273,
    21.667871093750023
  ],
  "outdoor_temps": [
    -6.1035156022626325e-06,
    -6.1035156022626325e-06,
    -6.1035156022626325e-06,
    -6.1035156022626325e-06,
    -6.1035156022626325e-06,
    -6.1035156022626325e-06,
    -6.1035156022626325e-06,
    -6.1035156022626325e-06,
    -6.1035156022626325e-06,
    -6.1035156022626325e-06,
    -6.1035156022626325e-06,
    -6.1035156022626325e-06,
    -6.1035156022626325e-06,
    -6.1035156022626325e-06,
    -6.1035156022626325e-06,
    -6.1035156022626325e-06,
    -6.1035156022626325e-06,
    -6.1035156022626325e-06,
    -6.1035156022626325e-06,
    -6.1035156022626325e-06,
    -6.1035156022626325e-06,
    -6.1035156022626325e-06,
    -6.1035156022626325e-06,
    0.48467407226564774,
    1.5674987792968977,
    2.6915527343750227,
    3.3000122070312727,
    3.2094665527343977,
    2.8019348144531477,
    2.3684326171875227,
    2.2000061035156477,
    2.3021789550781477,
    2.5030456542968977,
    2.8273864746093977,
    3.3000122070312727,
    4.170007324218773,
    5.390008544921898,
    6.540002441406273,
    7.200006103515648,
    7.400476074218773,
    7.509606933593773,
    7.613946533203148,
    7.800012207031273,
    8.075891113281273,
    8.371636962890648,
    8.656549072265648,
    8.899987792968773,
    9.066003417968773,
    9.171868896484398,
    9.266809082031273,
    9.399987792968773,
    9.710534667968773,
    10.159387207031273,
    10.528527832031273,
    10.600000000000023,
    10.450006103515648,
    10.300012207031273,
    10.149987792968773,
    9.999993896484398,
    9.850000000000023,
    9.700006103515648,
    9.550012207031273,
    9.399987792968773,
    8.978875732421898,
    8.201959228515648,
    7.349084472656273,
    6.700006103515648,
    6.357904052734398,
    6.149987792968773,
    5.942102050781273,
    5.600000000000023,
    4.941003417968773,
    4.063317871093773,
    3.2539611816406477,
    2.8000122070312727,
    2.6291442871093977,
    2.4749084472656477,
    2.3332153320312727,
    2.2000061035156477,
    2.0766845703125227,
    1.9598327636718977,
    1.8380676269531477,
    1.7000061035156477,
    1.4921203613281477,
    1.2039733886718977,
    0.8888488769531477,
    0.6000000000000227,
    0.41335449218752274,
    0.31020507812502274,
    0.20195922851564774,
    -6.1035156022626325e-06,
    -0.7735656738281023,
    -2.1510986328124773,
    -3.5530761718749773,
    -4.399999999999977
  ],
  "rewards": [
    4.9077753899246455,
    4.9076752827316525,
    4.905702330842614,
    4.90387322165072,
    4.919595231972635,
    4.900125853714088,
    4.899475524150159,
    4.916632394610863,
    4.896748740423632,
    4.896346327983166,
    4.895606429249696,
    4.894799039088513,
    4.893961550862245,
    4.893110663615491,
    4.911710309746635,
    -0.023107539680987825,
    4.8889843151459225,
    -0.0260521406599335,
    4.8872142385270285,
    -1.2395784527494107,
    4.8838812801824965,
    4.884554993740243,
    4.884288813740663,
    4.884288622966927,
    4.885465028010632,
    4.8872374602472,
    4.888610675059582,
    4.888796584330823,
    -1.0362109589489203,
    4.88488145560998,
    4.886654383770149,
    4.911155087672498,
    4.916916472636487,
    4.921537120015077,
    4.939230761387102,
    4.927206637506251,
    4.930364381939821,
    4.947193746477689,
    4.969529640553317,
    4.954806692360536,
    4.967737147442024,
    4.979255622350003,
    4.990306213766984,
    4.997184321141761,
    4.99777266437127,
    4.990368014285746,
    4.987248955598991,
    -0.07379367859630395,
    -0.9229497285959058,
    -0.2128442810751381,
    -2.393670111492387,
    -0.6708921135719427,
    -4.381852880798417,
    -5.812484023389111,
    -1.652003996846851,
    -1.8255127046193085,
    -3.8792417693284786,
    -4.190123360422736,
    -2.2567352713531807,
    -2.2336177883233095,
    -4.207753097371333,
    -2.0367516023925467,
    -7.332617763086022,
    -1.416603175847157,
    -0.9440506155562581,
    -1.4653145151504905,
    -0.4058130418558123,
    -0.2508637454279964,
    -0.15306778527150142,
    -0.08827999881753472,
    -0.9414416126447724,
    4.989498764632836,
    4.991469591528825,
    4.993138019076508,
    4.9945355989848785,
    4.995659693560523,
    4.996772123099022,
    4.997947308071281,
    4.994857930473011,
    4.9940538297674575,
    4.988157162313228,
    4.98513096295945,
    4.982166088453453,
    4.979121081501893,
    4.975922457844667,
    4.972643189064186,
    4.9693799468194655,
    4.966175355635907,
    4.962943195930642,
    4.959873191944283,
    4.956958629718941,
    4.953603570095223,
    4.949036862484139,
    4.955115780689471,
    4.9390601273950026
  ],