{
  "episode": 475,
  "steps": 95,
  "actions": [
    23,
    23,
    23,
    23,
    22,
    15,
    23,
    15,
    23,
    23,
    23,
    15,
    20,
    7,
    22,
    23,
    13,
    15,
    12,
    22,
    13,
    15,
    15,
    15,
    13,
    15,
    12,
    21,
    20,
    12,
    14,
    15,
    15,
    22,
    12,
    15,
    22,
    21,
    21,
    15,
    13,
    15,
    21,
    15,
    7,
    3,
    5,
    3,
    8,
    18,
    3,
    1,
    2,
    8,
    17,
    8,
    0,
    8,
    11,
    8,
    0,
    18,
    2,
    8,
    10,
    3,
    2,
    0,
    0,
    8,
    3,
    7,
    22,
    15,
    22,
    15,
    4,
    12,
    15,
    15,
    13,
    15,
    14,
    12,
    23,
    23,
    23,
    15,
    12,
    23,
    14,
    12,
    23,
    23,
    21
  ],
  "temperatures": [
    21.111627197265648,
    21.104028320312523,
    21.062646484375023,
    21.024285888671898,
    20.991937255859398,
    20.498834228515648,
    20.924737548828148,
    20.435327148437523,
    20.876458740234398,
    20.866143798828148,
    20.850244140625023,
    20.344964599609398,
    20.798211669921898,
    19.496911621093773,
    20.730462646484398,
    20.734979248046898,
    20.218591308593773,
    20.176477050781273,
    20.146783447265648,
    20.646173095703148,
    20.123773193359398,
    20.085168457031273,
    20.058007812500023,
    20.045220947265648,
    20.067102050781273,
    20.107598876953148,
    20.139886474609398,
    20.656396484375023,
    20.658990478515648,
    20.141198730468773,
    20.133081054687523,
    20.746118164062523,
    20.888421630859398,
    21.363610839843773,
    21.108880615234398,
    21.169915771484398,
    21.558679199218773,
    21.662286376953148,
    21.854608154296898,
    21.906671142578148,
    22.207574462890648,
    22.506219482421898,
    22.845422363281273,
    23.079675292968773,
    23.460778808593773,
    20.819024658203148,
    23.991357421875023,
    21.482598876953148,
    20.320031738281273,
    19.587854003906273,
    21.936273193359398,
    22.244805908203148,
    22.488854980468773,
    21.192803955078148,
    20.273797607421898,
    21.290887451171898,
    22.867211914062523,
    21.430535888671898,
    21.414270019531273,
    21.385858154296898,
    22.858453369140648,
    20.290246582031273,
    22.577996826171898,
    20.978692626953148,
    20.709405517578148,
    21.783776855468773,
    21.594659423828148,
    21.400872802734398,
    21.228906250000023,
    19.875329589843773,
    20.853570556640648,
    22.890557861328148,
    22.887689208984398,
    22.758050537109398,
    22.718927001953148,
    22.582788085937523,
    22.368127441406273,
    22.409020996093773,
    22.330346679687523,
    22.257073974609398,
    22.189416503906273,
    22.124963378906273,
    22.061578369140648,
    21.995324707031273,
    22.122308349609398,
    22.068566894531273,
    22.012322998046898,
    21.721643066406273,
    21.641137695312523,
    21.834832763671898,
    21.515466308593773,
    21.430413818359398,
    21.627313232421898,
    21.533410644531273,
    21.447808837890648
  ],
  "outdoor_temps": [
    -6.1035156022626325e-06,
    -6.1035156022626325e-06,
    -6.1035156022626325e-06,
    -6.1035156022626325e-06,
    -6.1035156022626325e-06,
    -6.1035156022626325e-06,
    -6.1035156022626325e-06,
    -6.1035156022626325e-06,
    -6.1035156022626325e-06,
    -6.1035156022626325e-06,
    -6.1035156022626325e-06,
    -6.1035156022626325e-06,
    -6.1035156022626325e-06,
    -6.1035156022626325e-06,
    -6.1035156022626325e-06,
    -6.1035156022626325e-06,
    -6.1035156022626325e-06,
    -6.1035156022626325e-06,
    -6.1035156022626325e-06,
    -6.1035156022626325e-06,
    -6.1035156022626325e-06,
    -6.1035156022626325e-06,
    -6.1035156022626325e-06,
    0.48467407226564774,
    1.5674987792968977,
    2.6915527343750227,
    3.3000122070312727,
    3.2094665527343977,
    2.8019348144531477,
    2.3684326171875227,
    2.2000061035156477,
    2.3021789550781477,
    2.5030456542968977,
    2.8273864746093977,
    3.3000122070312727,
    4.170007324218773,
    5.390008544921898,
    6.540002441406273,
    7.200006103515648,
    7.400476074218773,
    7.509606933593773,
    7.613946533203148,
    7.800012207031273,
    8.075891113281273,
    8.371636962890648,
    8.656549072265648,
    8.899987792968773,
    9.066003417968773,
    9.171868896484398,
    9.266809082031273,
    9.399987792968773,
    9.710534667968773,
    10.159387207031273,
    10.528527832031273,
    10.600000000000023,
    10.450006103515648,
    10.300012207031273,
    10.149987792968773,
    9.999993896484398,
    9.850000000000023,
    9.700006103515648,
    9.550012207031273,
    9.399987792968773,
    8.978875732421898,
    8.201959228515648,
    7.349084472656273,
    6.700006103515648,
    6.357904052734398,
    6.149987792968773,
    5.942102050781273,
    5.600000000000023,
    4.941003417968773,
    4.063317871093773,
    3.2539611816406477,
    2.8000122070312727,
    2.6291442871093977,
    2.4749084472656477,
    2.3332153320312727,
    2.2000061035156477,
    2.0766845703125227,
    1.9598327636718977,
    1.8380676269531477,
    1.7000061035156477,
    1.4921203613281477,
    1.2039733886718977,
    0.8888488769531477,
    0.6000000000000227,
    0.41335449218752274,
    0.31020507812502274,
    0.20195922851564774,
    -6.1035156022626325e-06,
    -0.7735656738281023,
    -2.1510986328124773,
    -3.5530761718749773,
    -4.399999999999977
  ],
  "rewards": [
    4.963678053930402,
    4.9635631695538756,
    4.962818720653653,
    4.962127915933729,
    4.961546352222562,
    4.967124908071335,
    4.960331847864,
    4.966325055513531,
    4.959462247091143,
    4.959281083658338,
    4.958996326044202,
    4.965188889656216,
    4.958049638467639,
    -0.6457406241046099,
    4.95680947447795,
    4.956897858642365,
    4.9635790456868705,
    4.963037879542003,
    4.962656841314195,
    4.9552719429025185,
    4.962364148002441,
    4.961866862848887,
    4.961518243587373,
    4.961356070077776,
    4.961642415559648,
    4.962168908194194,
    4.96258818749225,
    4.955482196007086,
    4.955530150145941,
    4.962606236944866,
    4.962501591570837,
    4.970435696267401,
    4.972271723783373,
    4.968545222687332,
    4.975116227966126,
    4.975902547963125,
    4.972138853269427,
    4.974051254056717,
    4.977606148333005,
    4.9854302692904096,
    4.989325007534384,
    4.9931914069508405,
    4.995929013239949,
    4.999275177626587,
    4.9988998071838004,
    4.9870083244279355,
    4.997722084295977,
    4.985535264206808,
    4.978921978619922,
    -0.4379077848519499,
    4.984528020510693,
    4.983843300861348,
    4.983301773592506,
    4.975532403136887,
    4.969527966064604,
    4.975152267953462,
    4.982463216678442,
    4.9746105654574935,
    4.974673910261335,
    4.97478427243994,
    4.982482846872152,
    4.969437992289662,
    4.983104935178776,
    4.9763649876372,
    4.977411016942204,
    4.984867847419789,
    4.985287783068646,
    4.985718014757432,
    4.986099841523916,
    -0.048501335646942985,
    4.986933040217699,
    4.9991033822643045,
    4.996704021046344,
    4.996447266292151,
    4.993588117557375,
    4.994182268631037,
    4.995247428527831,
    4.991936355369733,
    4.990919636316759,
    4.989972808397172,
    4.989098121261953,
    4.988265513554702,
    4.9874465358618485,
    4.986590673350608,
    4.982574330855322,
    4.981582419589162,
    4.980544866040349,
    4.983056246168911,
    4.982016226685404,
    4.977269516874267,
    4.980392871651799,
    4.9792940277092805,
    4.973438226271583,
    4.971702797725797,
    4.970121066883206
  ],