{
  "episode": 187,
  "steps": 95,
  "actions": [
    23,
    23,
    23,
    23,
    23,
    23,
    23,
    23,
    23,
    23,
    23,
    23,
    23,
    23,
    23,
    23,
    23,
    23,
    23,
    23,
    23,
    23,
    23,
    23,
    23,
    23,
    23,
    23,
    23,
    23,
    23,
    23,
    23,
    22,
    11,
    18,
    0,
    18,
    15,
    2,
    23,
    12,
    23,
    23,
    12,
    22,
    20,
    23,
    23,
    23,
    15,
    23,
    0,
    23,
    6,
    23,
    23,
    23,
    23,
    1,
    9,
    23,
    1,
    23,
    23,
    23,
    23,
    23,
    17,
    9,
    23,
    0,
    12,
    15,
    20,
    23,
    23,
    23,
    22,
    23,
    12,
    23,
    23,
    23,
    16,
    23,
    22,
    18,
    22,
    6,
    23,
    23,
    23,
    23,
    23
  ],
  "temperatures": [
    20.975762939453148,
    20.971978759765648,
    20.926324462890648,
    20.884027099609398,
    20.848413085937523,
    20.818383789062523,
    20.792230224609398,
    20.768457031250023,
    20.746057128906273,
    20.724359130859398,
    20.703149414062523,
    20.682244873046898,
    20.661584472656273,
    20.641198730468773,
    20.621026611328148,
    20.601068115234398,
    20.581353759765648,
    20.561944580078148,
    20.542871093750023,
    20.524133300781273,
    20.505761718750023,
    20.487725830078148,
    20.470056152343773,
    20.463403320312523,
    20.485864257812523,
    20.523187255859398,
    20.552392578125023,
    20.555322265625023,
    20.539788818359398,
    20.522058105468773,
    20.533807373046898,
    21.077111816406273,
    21.201745605468773,
    21.302789306640648,
    16.803399658203148,
    16.354974365234398,
    17.164208984375023,
    16.409844970703148,
    21.078759765625023,
    18.223291015625023,
    22.136560058593773,
    22.292962646484398,
    22.715753173828148,
    22.974298095703148,
    23.276025390625023,
    23.489709472656273,
    23.728814697265648,
    23.951898193359398,
    24.159967041015648,
    24.354760742187523,
    24.877801513671898,
    24.715112304687523,
    23.563592529296898,
    24.991540527343773,
    26.352258300781273,
    25.251885986328148,
    25.306207275390648,
    25.353417968750023,
    25.382531738281273,
    24.413629150390648,
    22.338891601562523,
    25.210443115234398,
    24.085198974609398,
    24.971917724609398,
    24.793237304687523,
    24.619683837890648,
    24.470086669921898,
    24.345849609375023,
    20.001397705078148,
    20.749810791015648,
    23.912957763671898,
    21.389398193359398,
    23.263146972656273,
    23.178979492187523,
    23.049890136718773,
    22.972497558593773,
    22.892205810546898,
    22.809381103515648,
    22.730462646484398,
    22.658654785156273,
    22.501367187500023,
    22.526544189453148,
    22.465966796875023,
    22.402337646484398,
    17.971673583984398,
    22.136224365234398,
    22.124719238281273,
    17.684411621093773,
    21.879846191406273,
    21.221307373046898,
    21.818231201171898,
    21.769281005859398,
    21.679803466796898,
    21.574487304687523,
    21.480218505859398
  ],
  "outdoor_temps": [
    -6.1035156022626325e-06,
    -6.1035156022626325e-06,
    -6.1035156022626325e-06,
    -6.1035156022626325e-06,
    -6.1035156022626325e-06,
    -6.1035156022626325e-06,
    -6.1035156022626325e-06,
    -6.1035156022626325e-06,
    -6.1035156022626325e-06,
    -6.1035156022626325e-06,
    -6.1035156022626325e-06,
    -6.1035156022626325e-06,
    -6.1035156022626325e-06,
    -6.1035156022626325e-06,
    -6.1035156022626325e-06,
    -6.1035156022626325e-06,
    -6.1035156022626325e-06,
    -6.1035156022626325e-06,
    -6.1035156022626325e-06,
    -6.1035156022626325e-06,
    -6.1035156022626325e-06,
    -6.1035156022626325e-06,
    -6.1035156022626325e-06,
    0.48467407226564774,
    1.5674987792968977,
    2.6915527343750227,
    3.3000122070312727,
    3.2094665527343977,
    2.8019348144531477,
    2.3684326171875227,
    2.2000061035156477,
    2.3021789550781477,
    2.5030456542968977,
    2.8273864746093977,
    3.3000122070312727,
    4.170007324218773,
    5.390008544921898,
    6.540002441406273,
    7.200006103515648,
    7.400476074218773,
    7.509606933593773,
    7.613946533203148,
    7.800012207031273,
    8.075891113281273,
    8.371636962890648,
    8.656549072265648,
    8.899987792968773,
    9.066003417968773,
    9.171868896484398,
    9.266809082031273,
    9.399987792968773,
    9.710534667968773,
    10.159387207031273,
    10.528527832031273,
    10.600000000000023,
    10.450006103515648,
    10.300012207031273,
    10.149987792968773,
    9.999993896484398,
    9.850000000000023,
    9.700006103515648,
    9.550012207031273,
    9.399987792968773,
    8.978875732421898,
    8.201959228515648,
    7.349084472656273,
    6.700006103515648,
    6.357904052734398,
    6.149987792968773,
    5.942102050781273,
    5.600000000000023,
    4.941003417968773,
    4.063317871093773,
    3.2539611816406477,
    2.8000122070312727,
    2.6291442871093977,
    2.4749084472656477,
    2.3332153320312727,
    2.2000061035156477,
    2.0766845703125227,
    1.9598327636718977,
    1.8380676269531477,
    1.7000061035156477,
    1.4921203613281477,
    1.2039733886718977,
    0.8888488769531477,
    0.6000000000000227,
    0.41335449218752274,
    0.31020507812502274,
    0.20195922851564774,
    -6.1035156022626325e-06,
    -0.7735656738281023,
    -2.1510986328124773,
    -3.5530761718749773,
    -4.399999999999977
  ],
  "rewards": [
    4.120979222776403,
    4.115054529951921,
    4.041117961602322,
    3.9698265858460595,
    3.9077210109681286,
    3.853879691883962,
    3.805885754423257,
    3.7613691613823597,
    3.718646088801367,
    3.6765443842579115,
    3.634704109951898,
    3.592804602505684,
    3.5507493382320265,
    3.5086222347245086,
    3.466321936817887,
    3.423867874192122,
    3.381345204161528,
    3.338909506471877,
    3.296656541600873,
    3.254615599177828,
    3.2128832242638383,
    3.1714217349608016,
    3.1303298621997757,
    3.114743142649584,
    3.1671395712346357,
    3.2525262384582816,
    3.3178817418963207,
    3.324368238821675,
    3.289838607208853,
    3.249981652163019,
    3.2764469183702523,
    4.274051666222544,
    4.440449787043063,
    4.558249567644695,
    -35.54982397090202,
    -43.22067161937,
    -30.10670230203904,
    -42.2283572304431,
    4.306077578587731,
    -7.8953371811099355,
    4.945795006706658,
    4.914145283633832,
    4.601262804811958,
    4.285024130092901,
    3.7758083581551474,
    3.3271608167254545,
    2.746801975960177,
    2.1280016431742212,
    -0.0684660588391307,
    -0.31977887518707976,
    -1.930693291183661,
    -1.2848045508985453,
    3.1283018172205823,
    -2.4651421198995047,
    -23.836540866471164,
    -3.9261732751448317,
    -4.273751343358456,
    -4.58781527526692,
    -4.787046744078555,
    -0.4381914108898961,
    4.848157388675623,
    -3.670920344778353,
    -0.028251737947585436,
    -2.368755206935542,
    -1.5796637228877255,
    -0.9660424541123916,
    -0.5579779279418824,
    -0.3041404531151449,
    1.9357070550043818,
    3.776172043603037,
    2.2413971781256237,
    4.691959258434384,
    3.8004556953906583,
    3.9553622465693676,
    4.170746511514061,
    4.287560644864031,
    4.396291493596478,
    4.498320399271297,
    4.58596383308058,
    4.657592467576567,
    4.796163628064079,
    4.769170634469162,
    4.811579139605149,
    4.850196623550714,
    -20.295780445504704,
    4.945893523674859,
    4.9476375844702085,
    -23.414428390167064,
    4.937627684993917,
    4.51887813954556,
    4.920948386747477,
    4.9036360697914,
    4.862698599519218,
    4.79912716440858,
    4.7281124358345
  ],