{
  "episode": 139,
  "steps": 95,
  "actions": [
    23,
    23,
    23,
    23,
    23,
    23,
    23,
    23,
    23,
    23,
    23,
    23,
    23,
    23,
    23,
    23,
    23,
    23,
    23,
    23,
    23,
    23,
    23,
    23,
    23,
    23,
    23,
    23,
    23,
    23,
    23,
    23,
    22,
    22,
    23,
    23,
    23,
    15,
    13,
    23,
    4,
    23,
    20,
    10,
    11,
    15,
    23,
    23,
    20,
    3,
    23,
    19,
    22,
    3,
    5,
    20,
    23,
    23,
    8,
    12,
    3,
    12,
    15,
    23,
    0,
    17,
    23,
    23,
    12,
    12,
    4,
    23,
    22,
    13,
    20,
    14,
    20,
    1,
    23,
    23,
    23,
    15,
    15,
    23,
    23,
    23,
    4,
    12,
    23,
    4,
    23,
    14,
    23,
    23,
    13
  ],
  "temperatures": [
    20.975762939453148,
    20.971978759765648,
    20.926324462890648,
    20.884027099609398,
    20.848413085937523,
    20.818383789062523,
    20.792230224609398,
    20.768457031250023,
    20.746057128906273,
    20.724359130859398,
    20.703149414062523,
    20.682244873046898,
    20.661584472656273,
    20.641198730468773,
    20.621026611328148,
    20.601068115234398,
    20.581353759765648,
    20.561944580078148,
    20.542871093750023,
    20.524133300781273,
    20.505761718750023,
    20.487725830078148,
    20.470056152343773,
    20.463403320312523,
    20.485864257812523,
    20.523187255859398,
    20.552392578125023,
    20.555322265625023,
    20.539788818359398,
    20.522058105468773,
    20.533807373046898,
    21.077111816406273,
    21.201745605468773,
    21.302789306640648,
    21.379968261718773,
    21.441552734375023,
    21.505181884765648,
    21.268914794921898,
    21.485040283203148,
    22.064202880859398,
    21.837304687500023,
    22.588677978515648,
    22.842919921875023,
    19.187646484375023,
    19.421411132812523,
    23.487237548828148,
    23.734704589843773,
    23.973321533203148,
    24.190240478515648,
    22.766442871093773,
    24.526940917968773,
    20.353601074218773,
    24.760614013671898,
    23.707177734375023,
    26.227624511718773,
    25.215478515625023,
    25.279107666015648,
    25.331689453125023,
    22.351800537109398,
    25.791680908203148,
    24.331689453125023,
    25.765710449218773,
    25.694757080078148,
    25.025292968750023,
    23.615594482421898,
    20.402093505859398,
    24.350915527343773,
    24.279718017578148,
    24.484002685546898,
    24.395684814453148,
    24.738671875000023,
    23.482019042968773,
    23.340783691406273,
    23.280938720703148,
    23.124169921875023,
    23.060021972656273,
    22.961633300781273,
    20.532952880859398,
    22.731988525390648,
    22.685113525390648,
    22.622338867187523,
    22.462091064453148,
    22.381677246093773,
    22.429895019531273,
    22.363824462890648,
    22.294305419921898,
    21.780145263671898,
    21.942041015625023,
    22.073297119140648,
    21.439599609375023,
    21.934228515625023,
    21.609063720703148,
    21.765588378906273,
    21.659326171875023,
    21.227288818359398
  ],
  "outdoor_temps": [
    -6.1035156022626325e-06,
    -6.1035156022626325e-06,
    -6.1035156022626325e-06,
    -6.1035156022626325e-06,
    -6.1035156022626325e-06,
    -6.1035156022626325e-06,
    -6.1035156022626325e-06,
    -6.1035156022626325e-06,
    -6.1035156022626325e-06,
    -6.1035156022626325e-06,
    -6.1035156022626325e-06,
    -6.1035156022626325e-06,
    -6.1035156022626325e-06,
    -6.1035156022626325e-06,
    -6.1035156022626325e-06,
    -6.1035156022626325e-06,
    -6.1035156022626325e-06,
    -6.1035156022626325e-06,
    -6.1035156022626325e-06,
    -6.1035156022626325e-06,
    -6.1035156022626325e-06,
    -6.1035156022626325e-06,
    -6.1035156022626325e-06,
    0.48467407226564774,
    1.5674987792968977,
    2.6915527343750227,
    3.3000122070312727,
    3.2094665527343977,
    2.8019348144531477,
    2.3684326171875227,
    2.2000061035156477,
    2.3021789550781477,
    2.5030456542968977,
    2.8273864746093977,
    3.3000122070312727,
    4.170007324218773,
    5.390008544921898,
    6.540002441406273,
    7.200006103515648,
    7.400476074218773,
    7.509606933593773,
    7.613946533203148,
    7.800012207031273,
    8.075891113281273,
    8.371636962890648,
    8.656549072265648,
    8.899987792968773,
    9.066003417968773,
    9.171868896484398,
    9.266809082031273,
    9.399987792968773,
    9.710534667968773,
    10.159387207031273,
    10.528527832031273,
    10.600000000000023,
    10.450006103515648,
    10.300012207031273,
    10.149987792968773,
    9.999993896484398,
    9.850000000000023,
    9.700006103515648,
    9.550012207031273,
    9.399987792968773,
    8.978875732421898,
    8.201959228515648,
    7.349084472656273,
    6.700006103515648,
    6.357904052734398,
    6.149987792968773,
    5.942102050781273,
    5.600000000000023,
    4.941003417968773,
    4.063317871093773,
    3.2539611816406477,
    2.8000122070312727,
    2.6291442871093977,
    2.4749084472656477,
    2.3332153320312727,
    2.2000061035156477,
    2.0766845703125227,
    1.9598327636718977,
    1.8380676269531477,
    1.7000061035156477,
    1.4921203613281477,
    1.2039733886718977,
    0.8888488769531477,
    0.6000000000000227,
    0.41335449218752274,
    0.31020507812502274,
    0.20195922851564774,
    -6.1035156022626325e-06,
    -0.7735656738281023,
    -2.1510986328124773,
    -3.5530761718749773,
    -4.399999999999977
  ],
  "rewards": [
    4.120979222776403,
    4.115054529951921,
    4.041117961602322,
    3.9698265858460595,
    3.9077210109681286,
    3.853879691883962,
    3.805885754423257,
    3.7613691613823597,
    3.718646088801367,
    3.6765443842579115,
    3.634704109951898,
    3.592804602505684,
    3.5507493382320265,
    3.5086222347245086,
    3.466321936817887,
    3.423867874192122,
    3.381345204161528,
    3.338909506471877,
    3.296656541600873,
    3.254615599177828,
    3.2128832242638383,
    3.1714217349608016,
    3.1303298621997757,
    3.114743142649584,
    3.1671395712346357,
    3.2525262384582816,
    3.3178817418963207,
    3.324368238821675,
    3.289838607208853,
    3.249981652163019,
    3.2764469183702523,
    4.274051666222544,
    4.440449801348177,
    4.558249567592864,
    4.637910680979835,
    4.69506498850884,
    4.748141818093153,
    4.547357519725362,
    4.75572418857813,
    4.953479163093976,
    4.962873418326495,
    4.719941824406932,
    4.458248336687655,
    -1.659275830344245,
    -0.846911852542731,
    3.3362069769037137,
    2.7314238063941887,
    2.0646478573697875,
    -0.09507184045391458,
    4.524880143443055,
    -0.6998810170656266,
    2.8938445511088333,
    -1.4528261746070201,
    2.7754395228058897,
    -22.409382171316288,
    -3.7014758111149164,
    -4.098508603883163,
    -4.44188453026131,
    4.841355920219782,
    -8.031683366387153,
    -0.2854226347085708,
    -7.80065814693195,
    -7.186671182893247,
    -2.6354369350199986,
    3.0040804879785896,
    3.011198039548526,
    -0.3129818432163036,
    -0.20049591066318953,
    -0.5891264698468699,
    -0.3947000969274662,
    -1.3660427110669355,
    3.344413487559701,
    3.645302739702119,
    3.76634903918421,
    4.048641316738427,
    4.1561757908825925,
    4.302840022203358,
    3.361225349280993,
    4.584358073068433,
    4.6320999499130755,
    4.690873437449315,
    4.82338475436902,
    4.871896916660265,
    4.834218714977397,
    4.870622968869271,
    4.90185696807689,
    4.945648715686992,
    4.965653429573971,
    4.953000485172655,
    4.741338439579141,
    4.947625356076855,
    4.843717168578892,
    4.902184425425602,
    4.851639581099164,
    4.499243655288618
  ],