{
  "episode": 196,
  "steps": 95,
  "actions": [
    23,
    23,
    23,
    23,
    23,
    23,
    23,
    23,
    23,
    23,
    23,
    23,
    23,
    23,
    23,
    23,
    23,
    23,
    23,
    23,
    23,
    23,
    23,
    23,
    23,
    23,
    23,
    23,
    23,
    23,
    23,
    23,
    1,
    13,
    12,
    20,
    17,
    20,
    23,
    2,
    14,
    20,
    14,
    21,
    23,
    3,
    21,
    0,
    20,
    23,
    2,
    23,
    23,
    23,
    15,
    23,
    23,
    23,
    10,
    12,
    7,
    20,
    20,
    1,
    7,
    23,
    23,
    23,
    6,
    16,
    6,
    15,
    13,
    9,
    9,
    21,
    20,
    20,
    22,
    20,
    23,
    23,
    23,
    23,
    23,
    20,
    14,
    23,
    14,
    20,
    23,
    22,
    23,
    23,
    15
  ],
  "temperatures": [
    20.975762939453148,
    20.971978759765648,
    20.926324462890648,
    20.884027099609398,
    20.848413085937523,
    20.818383789062523,
    20.792230224609398,
    20.768457031250023,
    20.746057128906273,
    20.724359130859398,
    20.703149414062523,
    20.682244873046898,
    20.661584472656273,
    20.641198730468773,
    20.621026611328148,
    20.601068115234398,
    20.581353759765648,
    20.561944580078148,
    20.542871093750023,
    20.524133300781273,
    20.505761718750023,
    20.487725830078148,
    20.470056152343773,
    20.463403320312523,
    20.485864257812523,
    20.523187255859398,
    20.552392578125023,
    20.555322265625023,
    20.539788818359398,
    20.522058105468773,
    20.533807373046898,
    21.077111816406273,
    17.298303222656273,
    20.704370117187523,
    20.891076660156273,
    21.371820068359398,
    16.481530761718773,
    21.417535400390648,
    21.696923828125023,
    18.421228027343773,
    21.921838378906273,
    22.511254882812523,
    22.697290039062523,
    23.023156738281273,
    23.284631347656273,
    21.338342285156273,
    23.718438720703148,
    22.068322753906273,
    24.129815673828148,
    24.350183105468773,
    23.007135009765648,
    24.671105957031273,
    24.858636474609398,
    25.015954589843773,
    25.631188964843773,
    25.244042968750023,
    25.306054687500023,
    25.354913330078148,
    22.377984619140648,
    25.814660644531273,
    26.725976562500023,
    25.321008300781273,
    25.202111816406273,
    23.952722167968773,
    25.915521240234398,
    24.676721191406273,
    24.512170410156273,
    24.383782958984398,
    25.098565673828148,
    19.960443115234398,
    24.471490478515648,
    23.605737304687523,
    23.442590332031273,
    19.829003906250023,
    19.562066650390648,
    22.910180664062523,
    22.876702880859398,
    22.805261230468773,
    22.732263183593773,
    22.663995361328148,
    22.599816894531273,
    22.538110351562523,
    22.477166748046898,
    22.413751220703148,
    22.346368408203148,
    22.276849365234398,
    22.026177978515648,
    22.133660888671898,
    21.852563476562523,
    21.996118164062523,
    21.937982177734398,
    21.867120361328148,
    21.767724609375023,
    21.656243896484398,
    21.220941162109398
  ],
  "outdoor_temps": [
    -6.1035156022626325e-06,
    -6.1035156022626325e-06,
    -6.1035156022626325e-06,
    -6.1035156022626325e-06,
    -6.1035156022626325e-06,
    -6.1035156022626325e-06,
    -6.1035156022626325e-06,
    -6.1035156022626325e-06,
    -6.1035156022626325e-06,
    -6.1035156022626325e-06,
    -6.1035156022626325e-06,
    -6.1035156022626325e-06,
    -6.1035156022626325e-06,
    -6.1035156022626325e-06,
    -6.1035156022626325e-06,
    -6.1035156022626325e-06,
    -6.1035156022626325e-06,
    -6.1035156022626325e-06,
    -6.1035156022626325e-06,
    -6.1035156022626325e-06,
    -6.1035156022626325e-06,
    -6.1035156022626325e-06,
    -6.1035156022626325e-06,
    0.48467407226564774,
    1.5674987792968977,
    2.6915527343750227,
    3.3000122070312727,
    3.2094665527343977,
    2.8019348144531477,
    2.3684326171875227,
    2.2000061035156477,
    2.3021789550781477,
    2.5030456542968977,
    2.8273864746093977,
    3.3000122070312727,
    4.170007324218773,
    5.390008544921898,
    6.540002441406273,
    7.200006103515648,
    7.400476074218773,
    7.509606933593773,
    7.613946533203148,
    7.800012207031273,
    8.075891113281273,
    8.371636962890648,
    8.656549072265648,
    8.899987792968773,
    9.066003417968773,
    9.171868896484398,
    9.266809082031273,
    9.399987792968773,
    9.710534667968773,
    10.159387207031273,
    10.528527832031273,
    10.600000000000023,
    10.450006103515648,
    10.300012207031273,
    10.149987792968773,
    9.999993896484398,
    9.850000000000023,
    9.700006103515648,
    9.550012207031273,
    9.399987792968773,
    8.978875732421898,
    8.201959228515648,
    7.349084472656273,
    6.700006103515648,
    6.357904052734398,
    6.149987792968773,
    5.942102050781273,
    5.600000000000023,
    4.941003417968773,
    4.063317871093773,
    3.2539611816406477,
    2.8000122070312727,
    2.6291442871093977,
    2.4749084472656477,
    2.3332153320312727,
    2.2000061035156477,
    2.0766845703125227,
    1.9598327636718977,
    1.8380676269531477,
    1.7000061035156477,
    1.4921203613281477,
    1.2039733886718977,
    0.8888488769531477,
    0.6000000000000227,
    0.41335449218752274,
    0.31020507812502274,
    0.20195922851564774,
    -6.1035156022626325e-06,
    -0.7735656738281023,
    -2.1510986328124773,
    -3.5530761718749773,
    -4.399999999999977
  ],
  "rewards": [
    4.120979222776403,
    4.115054529951921,
    4.041117961602322,
    3.9698265858460595,
    3.9077210109681286,
    3.853879691883962,
    3.805885754423257,
    3.7613691613823597,
    3.718646088801367,
    3.6765443842579115,
    3.634704109951898,
    3.592804602505684,
    3.5507493382320265,
    3.5086222347245086,
    3.466321936817887,
    3.423867874192122,
    3.381345204161528,
    3.338909506471877,
    3.296656541600873,
    3.254615599177828,
    3.2128832242638383,
    3.1714217349608016,
    3.1303298621997757,
    3.114743142649584,
    3.1671395712346357,
    3.2525262384582816,
    3.3178817418963207,
    3.324368238821675,
    3.289838607208853,
    3.249981652163019,
    3.2764469183702523,
    4.274051666222544,
    -28.250487758195653,
    3.672566643465031,
    4.0147885126588525,
    4.629910082688738,
    -40.954627691798486,
    4.673426343981277,
    4.871378746262722,
    -6.235122140324496,
    4.962952429197084,
    4.78037620822047,
    4.625820314853388,
    4.212662399709999,
    3.756609411098667,
    4.64345328289552,
    2.7737666652751907,
    4.96505445608049,
    -0.0465223851986377,
    -0.3116962566907389,
    4.203646964093171,
    -1.132152054169008,
    -1.8499597273954236,
    -2.5877512042225566,
    -6.657969789095408,
    -3.877208119226032,
    -4.272754345610886,
    -4.597945132274335,
    4.826791896307828,
    -8.23891629721666,
    -28.581528304445705,
    -4.371014451896517,
    -3.6206434196170325,
    2.10035005305138,
    -9.17631252050361,
    -1.1510910796277671,
    -0.6614606009424314,
    -0.37346032368023585,
    -3.0194680654957273,
    -0.021054237665523043,
    -0.5574140617853243,
    3.0602770722899844,
    3.434718314739624,
    -0.08399597931975256,
    -0.4897679629184456,
    4.372789168263877,
    4.416172398122646,
    4.503126841901733,
    4.584068988381819,
    4.652531849066097,
    4.710519344328842,
    4.760447418019157,
    4.804153273226677,
    4.843717125477255,
    4.879147091330948,
    4.908562071369952,
    4.970142634899314,
    4.946303371033506,
    4.949227208606904,
    4.953599368725782,
    4.948151478075384,
    4.934652699204166,
    4.903027201019559,
    4.849921052204457,
    4.491668624067706
  ],