{
  "episode": 1980,
  "steps": 95,
  "actions": [
    23,
    23,
    23,
    23,
    23,
    23,
    23,
    23,
    23,
    21,
    22,
    23,
    21,
    23,
    13,
    23,
    22,
    22,
    23,
    23,
    23,
    21,
    23,
    6,
    9,
    23,
    22,
    23,
    23,
    23,
    23,
    22,
    22,
    23,
    23,
    23,
    23,
    23,
    23,
    23,
    22,
    23,
    21,
    23,
    5,
    7,
    22,
    23,
    23,
    23,
    23,
    22,
    20,
    22,
    23,
    6,
    23,
    21,
    23,
    23,
    22,
    23,
    23,
    22,
    22,
    23,
    23,
    22,
    22,
    23,
    23,
    23,
    23,
    14,
    23,
    6,
    23,
    23,
    23,
    22,
    23,
    13,
    23,
    23,
    23,
    23,
    23,
    23,
    22,
    23,
    23,
    23,
    15,
    22,
    23
  ],
  "temperatures": [
    20.975762939453148,
    20.971978759765648,
    20.926324462890648,
    20.884027099609398,
    20.848413085937523,
    20.818383789062523,
    20.792230224609398,
    20.768457031250023,
    20.746057128906273,
    20.724359130859398,
    20.703149414062523,
    20.682244873046898,
    20.661584472656273,
    20.641198730468773,
    20.042260742187523,
    20.578454589843773,
    20.569970703125023,
    20.554162597656273,
    20.537042236328148,
    20.519494628906273,
    20.501824951171898,
    20.484246826171898,
    20.466912841796898,
    18.845910644531273,
    15.776818847656273,
    20.331781005859398,
    20.449578857421898,
    20.481805419921898,
    20.482385253906273,
    20.474328613281273,
    20.492211914062523,
    21.038720703125023,
    21.166345214843773,
    21.269586181640648,
    21.348413085937523,
    21.411309814453148,
    21.476007080078148,
    21.576257324218773,
    21.774743652343773,
    22.054345703125023,
    22.328149414062523,
    22.585656738281273,
    22.832757568359398,
    23.076196289062523,
    23.495477294921898,
    23.910577392578148,
    23.827813720703148,
    24.043389892578148,
    24.247552490234398,
    24.439263916015648,
    24.614831542968773,
    24.785272216796898,
    24.950006103515648,
    25.098779296875023,
    25.217706298828148,
    26.642388916015648,
    25.404565429687523,
    25.436212158203148,
    25.460443115234398,
    25.461846923828148,
    25.436914062500023,
    25.382348632812523,
    25.276086425781273,
    25.119348144531273,
    24.919824218750023,
    24.737512207031273,
    24.581658935546898,
    24.452416992187523,
    24.344781494140648,
    24.251245117187523,
    24.162805175781273,
    23.594079589843773,
    23.456353759765648,
    23.418908691406273,
    23.233148193359398,
    23.256311035156273,
    23.069085693359398,
    22.979638671875023,
    22.894860839843773,
    22.817559814453148,
    22.746087646484398,
    22.607781982421898,
    22.610101318359398,
    22.542993164062523,
    22.471734619140648,
    22.398522949218773,
    22.325616455078148,
    22.254022216796898,
    22.181756591796898,
    22.113153076171898,
    22.048059082031273,
    21.972985839843773,
    21.612390136718773,
    21.748376464843773,
    21.651086425781273
  ],
  "outdoor_temps": [
    -6.1035156022626325e-06,
    -6.1035156022626325e-06,
    -6.1035156022626325e-06,
    -6.1035156022626325e-06,
    -6.1035156022626325e-06,
    -6.1035156022626325e-06,
    -6.1035156022626325e-06,
    -6.1035156022626325e-06,
    -6.1035156022626325e-06,
    -6.1035156022626325e-06,
    -6.1035156022626325e-06,
    -6.1035156022626325e-06,
    -6.1035156022626325e-06,
    -6.1035156022626325e-06,
    -6.1035156022626325e-06,
    -6.1035156022626325e-06,
    -6.1035156022626325e-06,
    -6.1035156022626325e-06,
    -6.1035156022626325e-06,
    -6.1035156022626325e-06,
    -6.1035156022626325e-06,
    -6.1035156022626325e-06,
    -6.1035156022626325e-06,
    0.48467407226564774,
    1.5674987792968977,
    2.6915527343750227,
    3.3000122070312727,
    3.2094665527343977,
    2.8019348144531477,
    2.3684326171875227,
    2.2000061035156477,
    2.3021789550781477,
    2.5030456542968977,
    2.8273864746093977,
    3.3000122070312727,
    4.170007324218773,
    5.390008544921898,
    6.540002441406273,
    7.200006103515648,
    7.400476074218773,
    7.509606933593773,
    7.613946533203148,
    7.800012207031273,
    8.075891113281273,
    8.371636962890648,
    8.656549072265648,
    8.899987792968773,
    9.066003417968773,
    9.171868896484398,
    9.266809082031273,
    9.399987792968773,
    9.710534667968773,
    10.159387207031273,
    10.528527832031273,
    10.600000000000023,
    10.450006103515648,
    10.300012207031273,
    10.149987792968773,
    9.999993896484398,
    9.850000000000023,
    9.700006103515648,
    9.550012207031273,
    9.399987792968773,
    8.978875732421898,
    8.201959228515648,
    7.349084472656273,
    6.700006103515648,
    6.357904052734398,
    6.149987792968773,
    5.942102050781273,
    5.600000000000023,
    4.941003417968773,
    4.063317871093773,
    3.2539611816406477,
    2.8000122070312727,
    2.6291442871093977,
    2.4749084472656477,
    2.3332153320312727,
    2.2000061035156477,
    2.0766845703125227,
    1.9598327636718977,
    1.8380676269531477,
    1.7000061035156477,
    1.4921203613281477,
    1.2039733886718977,
    0.8888488769531477,
    0.6000000000000227,
    0.41335449218752274,
    0.31020507812502274,
    0.20195922851564774,
    -6.1035156022626325e-06,
    -0.7735656738281023,
    -2.1510986328124773,
    -3.5530761718749773,
    -4.399999999999977
  ],
  "rewards": [
    4.9077753899246455,
    4.9076752827316525,
    4.905702330842614,
    4.90387322165072,
    4.902335326448083,
    4.901042344346642,
    4.899916627183557,
    4.89889272429049,
    4.897925631776452,
    4.896989104524255,
    4.896070191533021,
    4.895163533412243,
    4.894266431108117,
    4.893377902180604,
    4.911900491677224,
    4.8906226322022475,
    4.8902582905441525,
    4.88956727715614,
    4.888817183696057,
    4.888045890107751,
    4.887269408479333,
    4.886497332826257,
    4.885735652119569,
    -1.3473022327338753,
    -17.83716803712184,
    4.879769704098935,
    4.884998032823205,
    4.88642820092323,
    4.886455123201013,
    4.8860986111313105,
    4.886892974153161,
    4.911139666810632,
    4.916786277018811,
    4.921353461467053,
    4.924840938821435,
    4.927620823159814,
    4.930480344071984,
    4.934920046105981,
    4.943724996820092,
    4.9561337587982415,
    4.9682852766662835,
    4.9797141561138885,
    4.990682748928666,
    4.997093264654927,
    4.997730515445583,
    4.995887813229802,
    4.987084200093928,
    -0.005986984535729786,
    -0.06606628309936458,
    -0.19837509345265242,
    -0.3840245636552852,
    -0.6232266269252061,
    -0.9096340824809842,
    -1.2149335452104892,
    -1.490822011097997,
    -6.986284134327554,
    -1.9814392102639953,
    -2.0714458082244454,
    -2.141715175724938,
    -2.1458222208545275,
    -2.073464860394662,
    -1.9194490279031169,
    -1.6366041632742272,
    -1.2606261517853055,
    -0.8530981845927398,
    -0.5503387900960521,
    -0.34422279994937444,
    -0.21014649786057146,
    -0.12398126231103113,
    -0.06791967911241989,
    -0.03100670509041096,
    4.990207099691033,
    4.992039895430207,
    4.995727861188352,
    4.995009556357627,
    4.998796986187808,
    4.9971919181068305,
    4.997195034772158,
    4.9934361264854665,
    4.990008503571152,
    4.986839927159573,
    4.987837147675455,
    4.980812875923255,
    4.977839803472161,
    4.97468208052218,
    4.971438951268792,
    4.968209502473473,
    4.965037574544549,
    4.961837434545159,
    4.958798765860822,
    4.955914747491479,
    4.952588298097253,
    4.958439207039773,
    4.942632133620589,
    4.938315927706983
  ],