{
  "episode": 555,
  "steps": 95,
  "actions": [
    23,
    23,
    23,
    23,
    21,
    22,
    15,
    20,
    21,
    21,
    6,
    4,
    0,
    14,
    20,
    14,
    21,
    21,
    21,
    20,
    21,
    21,
    13,
    21,
    22,
    13,
    14,
    21,
    22,
    21,
    21,
    6,
    21,
    14,
    21,
    21,
    15,
    20,
    20,
    15,
    21,
    15,
    21,
    13,
    7,
    5,
    6,
    21,
    22,
    20,
    21,
    13,
    22,
    12,
    14,
    5,
    21,
    13,
    19,
    20,
    6,
    13,
    21,
    21,
    12,
    14,
    22,
    20,
    0,
    6,
    12,
    21,
    13,
    21,
    15,
    20,
    15,
    21,
    17,
    14,
    22,
    22,
    7,
    14,
    6,
    12,
    21,
    4,
    21,
    11,
    20,
    20,
    7,
    21,
    21
  ],
  "temperatures": [
    20.975762939453148,
    20.971978759765648,
    20.926324462890648,
    20.884027099609398,
    20.848413085937523,
    20.818383789062523,
    20.242700195312523,
    20.747247314453148,
    20.735742187500023,
    20.717401123046898,
    19.174218750000023,
    18.951531982421898,
    16.353204345703148,
    19.755670166015648,
    20.484185791015648,
    19.906671142578148,
    20.486871337890648,
    20.491784667968773,
    20.484368896484398,
    20.472833251953148,
    20.459161376953148,
    20.444360351562523,
    19.816888427734398,
    20.399957275390648,
    20.435296630859398,
    19.879724121093773,
    19.885369873046898,
    20.477410888671898,
    20.478875732421898,
    20.468591308593773,
    20.484887695312523,
    19.817529296875023,
    21.111016845703148,
    20.819512939453148,
    21.305474853515648,
    21.379418945312523,
    21.082116699218773,
    21.538812255859398,
    21.745690917968773,
    21.773187255859398,
    22.300103759765648,
    22.431054687500023,
    22.807397460937523,
    23.050775146484398,
    23.456689453125023,
    23.871392822265648,
    24.263116455078148,
    24.032159423828148,
    24.231317138671898,
    24.422113037109398,
    24.597314453125023,
    25.167108154296898,
    24.943536376953148,
    25.563226318359398,
    25.733361816406273,
    26.673242187500023,
    25.407342529296898,
    26.004754638671898,
    21.223809814453148,
    25.336572265625023,
    26.764398193359398,
    25.938165283203148,
    25.261346435546898,
    25.097375488281273,
    25.359796142578148,
    25.152429199218773,
    24.577081298828148,
    24.441613769531273,
    22.838098144531273,
    24.906335449218773,
    24.435296630859398,
    23.577630615234398,
    23.546838378906273,
    23.317926025390648,
    23.270440673828148,
    23.133325195312523,
    23.066064453125023,
    22.961938476562523,
    18.587884521484398,
    22.569543457031273,
    22.653405761718773,
    22.601007080078148,
    22.286492919921898,
    22.352777099609398,
    22.065301513671898,
    22.172875976562523,
    22.258447265625023,
    21.731530761718773,
    22.110711669921898,
    18.263940429687523,
    21.881036376953148,
    21.860009765625023,
    21.062677001953148,
    21.645166015625023,
    21.560845947265648
  ],
  "outdoor_temps": [
    -6.1035156022626325e-06,
    -6.1035156022626325e-06,
    -6.1035156022626325e-06,
    -6.1035156022626325e-06,
    -6.1035156022626325e-06,
    -6.1035156022626325e-06,
    -6.1035156022626325e-06,
    -6.1035156022626325e-06,
    -6.1035156022626325e-06,
    -6.1035156022626325e-06,
    -6.1035156022626325e-06,
    -6.1035156022626325e-06,
    -6.1035156022626325e-06,
    -6.1035156022626325e-06,
    -6.1035156022626325e-06,
    -6.1035156022626325e-06,
    -6.1035156022626325e-06,
    -6.1035156022626325e-06,
    -6.1035156022626325e-06,
    -6.1035156022626325e-06,
    -6.1035156022626325e-06,
    -6.1035156022626325e-06,
    -6.1035156022626325e-06,
    0.48467407226564774,
    1.5674987792968977,
    2.6915527343750227,
    3.3000122070312727,
    3.2094665527343977,
    2.8019348144531477,
    2.3684326171875227,
    2.2000061035156477,
    2.3021789550781477,
    2.5030456542968977,
    2.8273864746093977,
    3.3000122070312727,
    4.170007324218773,
    5.390008544921898,
    6.540002441406273,
    7.200006103515648,
    7.400476074218773,
    7.509606933593773,
    7.613946533203148,
    7.800012207031273,
    8.075891113281273,
    8.371636962890648,
    8.656549072265648,
    8.899987792968773,
    9.066003417968773,
    9.171868896484398,
    9.266809082031273,
    9.399987792968773,
    9.710534667968773,
    10.159387207031273,
    10.528527832031273,
    10.600000000000023,
    10.450006103515648,
    10.300012207031273,
    10.149987792968773,
    9.999993896484398,
    9.850000000000023,
    9.700006103515648,
    9.550012207031273,
    9.399987792968773,
    8.978875732421898,
    8.201959228515648,
    7.349084472656273,
    6.700006103515648,
    6.357904052734398,
    6.149987792968773,
    5.942102050781273,
    5.600000000000023,
    4.941003417968773,
    4.063317871093773,
    3.2539611816406477,
    2.8000122070312727,
    2.6291442871093977,
    2.4749084472656477,
    2.3332153320312727,
    2.2000061035156477,
    2.0766845703125227,
    1.9598327636718977,
    1.8380676269531477,
    1.7000061035156477,
    1.4921203613281477,
    1.2039733886718977,
    0.8888488769531477,
    0.6000000000000227,
    0.41335449218752274,
    0.31020507812502274,
    0.20195922851564774,
    -6.1035156022626325e-06,
    -0.7735656738281023,
    -2.1510986328124773,
    -3.5530761718749773,
    -4.399999999999977
  ],
  "rewards": [
    4.9077753899246455,
    4.9076752827316525,
    4.905702330842614,
    4.90387322165072,
    4.902335364595055,
    4.901042372853212,
    4.917676477343168,
    4.897949616568892,
    4.8974672099267655,
    4.8966794082230845,
    -0.6961047479568646,
    -1.1142958062410933,
    -13.300642081603607,
    -0.0838921158015617,
    4.886424882058864,
    -0.031781721406652516,
    4.886570307855373,
    4.886798674733095,
    4.88647928920453,
    4.8859755107468885,
    4.885376393428963,
    4.884728095204286,
    -0.05725181157821362,
    4.88277635305796,
    4.884352385670595,
    -0.0377181083109661,
    -0.036349184143797175,
    4.886234070901637,
    4.886300398976259,
    4.885844466410901,
    4.886567980915956,
    -0.04507577509274282,
    4.914332806827582,
    4.93496519551491,
    4.92293561661697,
    4.926205050618105,
    4.942703871586077,
    4.9332577105935504,
    4.942435643306893,
    4.963136451064568,
    4.9670408650811595,
    4.982601990558855,
    4.989557342189162,
    4.998988756918065,
    4.997902754760833,
    4.996061681737597,
    -0.07065540326132785,
    -0.005101184969688407,
    -0.05823762915219706,
    -0.18354462312131448,
    -0.36273297510396,
    -1.3671380713129055,
    -0.897361826788191,
    -2.44955201437299,
    -3.010796133864588,
    -7.150322997601946,
    -1.989257377235526,
    -4.025896185889284,
    4.915236069854835,
    -1.7948341746790863,
    -7.646097770415413,
    -3.7631920762490556,
    -1.599153411279935,
    -1.2118456206017714,
    -1.8544694098377328,
    -1.3330565678960478,
    -0.33890326494272666,
    -0.20045210985063924,
    4.965142760129605,
    -0.8235823727166692,
    -0.19285493419872066,
    4.9904259482512,
    4.994593574561827,
    4.993881978985408,
    4.997044701584332,
    4.9963375119443825,
    4.998856785452884,
    4.996409911024181,
    -2.0066329374082716,
    4.986705483147955,
    4.9827306648538165,
    4.980408473931576,
    4.989376677218217,
    4.980302821295741,
    4.986111091241119,
    4.97499017710433,
    4.965231489885761,
    4.981184039007589,
    4.95868748402466,
    -3.0213232796557428,
    4.948511931646777,
    4.947580182186287,
    4.971310052724514,
    4.9380559513070015,
    4.934315597683839
  ],