{
  "episode": 379,
  "steps": 95,
  "actions": [
    23,
    23,
    23,
    23,
    23,
    23,
    23,
    21,
    21,
    23,
    23,
    21,
    20,
    22,
    20,
    21,
    20,
    22,
    22,
    20,
    22,
    22,
    22,
    22,
    22,
    22,
    22,
    22,
    22,
    21,
    23,
    21,
    21,
    21,
    23,
    21,
    21,
    23,
    22,
    20,
    21,
    21,
    6,
    13,
    2,
    1,
    2,
    1,
    2,
    1,
    1,
    9,
    10,
    10,
    10,
    9,
    11,
    9,
    10,
    10,
    10,
    8,
    10,
    10,
    10,
    3,
    3,
    3,
    3,
    1,
    2,
    2,
    4,
    7,
    7,
    7,
    5,
    5,
    5,
    12,
    4,
    13,
    6,
    14,
    12,
    23,
    21,
    23,
    22,
    22,
    22,
    21,
    23,
    23,
    22
  ],
  "temperatures": [
    20.975762939453148,
    20.971978759765648,
    20.926324462890648,
    20.884027099609398,
    20.848413085937523,
    20.818383789062523,
    20.792230224609398,
    20.768457031250023,
    20.746057128906273,
    20.724359130859398,
    20.703149414062523,
    20.682244873046898,
    20.661584472656273,
    20.641198730468773,
    20.621026611328148,
    20.601068115234398,
    20.581353759765648,
    20.561944580078148,
    20.542871093750023,
    20.524133300781273,
    20.505761718750023,
    20.487725830078148,
    20.470056152343773,
    20.463403320312523,
    20.485864257812523,
    20.523187255859398,
    20.552392578125023,
    20.555322265625023,
    20.539788818359398,
    20.522058105468773,
    20.533807373046898,
    21.077111816406273,
    21.201745605468773,
    21.302789306640648,
    21.379968261718773,
    21.441552734375023,
    21.505181884765648,
    21.604516601562523,
    21.801904296875023,
    22.079858398437523,
    22.351159667968773,
    22.608178710937523,
    22.700006103515648,
    23.099877929687523,
    21.005364990234398,
    21.247857666015648,
    21.599359130859398,
    21.938989257812523,
    22.259179687500023,
    22.560601806640648,
    22.837182617187523,
    21.355615234375023,
    21.489709472656273,
    21.635614013671898,
    21.752130126953148,
    21.829736328125023,
    21.881188964843773,
    21.912988281250023,
    21.923333740234398,
    21.905267333984398,
    21.857446289062523,
    21.778833007812523,
    21.646447753906273,
    21.442437744140648,
    21.179071044921898,
    22.497064208984398,
    22.326226806640648,
    22.128839111328148,
    21.952355957031273,
    21.792504882812523,
    21.638726806640648,
    20.800988769531273,
    22.811425781250023,
    22.766656494140648,
    22.632531738281273,
    22.514978027343773,
    22.394555664062523,
    22.268670654296898,
    22.146569824218773,
    22.252526855468773,
    21.946832275390648,
    22.100854492187523,
    21.756250000000023,
    21.950769042968773,
    21.879968261718773,
    22.031365966796898,
    21.974816894531273,
    21.915643310546898,
    21.854730224609398,
    21.796563720703148,
    21.741265869140648,
    21.675134277343773,
    21.579949951171898,
    21.472283935546898,
    21.377221679687523
  ],
  "outdoor_temps": [
    -6.1035156022626325e-06,
    -6.1035156022626325e-06,
    -6.1035156022626325e-06,
    -6.1035156022626325e-06,
    -6.1035156022626325e-06,
    -6.1035156022626325e-06,
    -6.1035156022626325e-06,
    -6.1035156022626325e-06,
    -6.1035156022626325e-06,
    -6.1035156022626325e-06,
    -6.1035156022626325e-06,
    -6.1035156022626325e-06,
    -6.1035156022626325e-06,
    -6.1035156022626325e-06,
    -6.1035156022626325e-06,
    -6.1035156022626325e-06,
    -6.1035156022626325e-06,
    -6.1035156022626325e-06,
    -6.1035156022626325e-06,
    -6.1035156022626325e-06,
    -6.1035156022626325e-06,
    -6.1035156022626325e-06,
    -6.1035156022626325e-06,
    0.48467407226564774,
    1.5674987792968977,
    2.6915527343750227,
    3.3000122070312727,
    3.2094665527343977,
    2.8019348144531477,
    2.3684326171875227,
    2.2000061035156477,
    2.3021789550781477,
    2.5030456542968977,
    2.8273864746093977,
    3.3000122070312727,
    4.170007324218773,
    5.390008544921898,
    6.540002441406273,
    7.200006103515648,
    7.400476074218773,
    7.509606933593773,
    7.613946533203148,
    7.800012207031273,
    8.075891113281273,
    8.371636962890648,
    8.656549072265648,
    8.899987792968773,
    9.066003417968773,
    9.171868896484398,
    9.266809082031273,
    9.399987792968773,
    9.710534667968773,
    10.159387207031273,
    10.528527832031273,
    10.600000000000023,
    10.450006103515648,
    10.300012207031273,
    10.149987792968773,
    9.999993896484398,
    9.850000000000023,
    9.700006103515648,
    9.550012207031273,
    9.399987792968773,
    8.978875732421898,
    8.201959228515648,
    7.349084472656273,
    6.700006103515648,
    6.357904052734398,
    6.149987792968773,
    5.942102050781273,
    5.600000000000023,
    4.941003417968773,
    4.063317871093773,
    3.2539611816406477,
    2.8000122070312727,
    2.6291442871093977,
    2.4749084472656477,
    2.3332153320312727,
    2.2000061035156477,
    2.0766845703125227,
    1.9598327636718977,
    1.8380676269531477,
    1.7000061035156477,
    1.4921203613281477,
    1.2039733886718977,
    0.8888488769531477,
    0.6000000000000227,
    0.41335449218752274,
    0.31020507812502274,
    0.20195922851564774,
    -6.1035156022626325e-06,
    -0.7735656738281023,
    -2.1510986328124773,
    -3.5530761718749773,
    -4.399999999999977
  ],
  "rewards": [
    4.120979222776403,
    4.115054529951921,
    4.041117961602322,
    3.9698265858460595,
    3.9077210109681286,
    3.853879691883962,
    3.805885754423257,
    3.7613691613823597,
    3.71864609823445,
    3.676544422301224,
    3.6347041480988707,
    3.592804602505684,
    3.5507493381283664,
    3.508622234581976,
    3.466321936766057,
    3.423867874049589,
    3.381345204057868,
    3.3389095063293444,
    3.296656541549043,
    3.254615599125998,
    3.2128832241213057,
    3.1714217349089715,
    3.1303298621479456,
    3.114743142597754,
    3.1671395711828056,
    3.252526247943195,
    3.317881751381234,
    3.324368248306588,
    3.2898386166937663,
    3.2499816330377027,
    3.2764469564135648,
    4.274051856957407,
    4.440449796476146,
    4.558249577077778,
    4.637910642781033,
    4.6950648740679215,
    4.748141732158803,
    4.8188696281320516,
    4.915499077215798,
    4.952482580416225,
    4.876821877478569,
    4.703303621233137,
    4.62798318670473,
    4.0912542075161324,
    4.231300841757617,
    4.547909534532886,
    4.850252654068793,
    4.966337831752661,
    4.917327394476759,
    4.730664020885047,
    4.439485934516994,
    4.631592748719896,
    4.746529331932916,
    4.840949137297917,
    4.893419143197581,
    4.917068746577468,
    4.927767903338312,
    4.932395317491308,
    4.933573852990878,
    4.931411715013423,
    4.9233254951643595,
    4.902577810924022,
    4.846689425823493,
    4.709092670095617,
    4.4391446361816564,
    4.781350223318171,
    4.8875957478192,
    4.955840603297612,
    4.967371358748568,
    4.937493081826764,
    4.872577875964963,
    3.8959752355761346,
    4.503310335861775,
    4.555639600853977,
    4.694409035859082,
    4.793844387648083,
    4.874212017734927,
    4.934970538622449,
    4.97119315549427,
    4.92950644593847,
    4.982234785349272,
    4.965223942494584,
    4.936980199731449,
    4.966603836851277,
    4.955525586922535,
    4.954425646459844,
    4.952183266542853,
    4.944702121632825,
    4.93151427824982,
    4.913726650247681,
    4.892108554089774,
    4.860232341796494,
    4.802835228907607,
    4.721529289009067,
    4.6352869945019695
  ],