{
  "episode": 37,
  "steps": 96,
  "actions": [
    23,
    23,
    23,
    23,
    11,
    10,
    22,
    1,
    10,
    20,
    22,
    6,
    22,
    14,
    22,
    20,
    20,
    4,
    20,
    20,
    14,
    6,
    14,
    21,
    4,
    0,
    22,
    1,
    2,
    13,
    3,
    16,
    0,
    17,
    21,
    22,
    22,
    11,
    16,
    7,
    3,
    2,
    23,
    14,
    0,
    0,
    14,
    9,
    0,
    17,
    5,
    15,
    9,
    22,
    15,
    10,
    7,
    23,
    9,
    9,
    9,
    22,
    22,
    17,
    9,
    9,
    1,
    10,
    17,
    9,
    19,
    0,
    6,
    0,
    6,
    23,
    12,
    13,
    3,
    3,
    1,
    3,
    4,
    7,
    19,
    13,
    3,
    3,
    17,
    23,
    5,
    12,
    7,
    5,
    17,
    22
  ],
  "temperatures": [
    21.785882568359398,
    21.806878662109398,
    21.798669433593773,
    21.783471679687523,
    16.985101318359398,
    16.814294433593773,
    21.529992675781273,
    17.417047119140648,
    16.700738525390648,
    21.433557128906273,
    21.516870117187523,
    20.706689453125023,
    21.532678222656273,
    21.228021240234398,
    21.549645996093773,
    21.557458496093773,
    21.558343505859398,
    20.730462646484398,
    21.533074951171898,
    21.551690673828148,
    21.247216796875023,
    20.752221679687523,
    21.268914794921898,
    21.643640136718773,
    20.962487792968773,
    17.545007324218773,
    21.744042968750023,
    17.694573974609398,
    17.544000244140648,
    21.602349853515648,
    17.915643310546898,
    17.293084716796898,
    18.677667236328148,
    17.547143554687523,
    22.859033203125023,
    23.080102539062523,
    23.255334472656273,
    19.057946777343773,
    18.435144042968773,
    23.686517333984398,
    20.932702636718773,
    21.027459716796898,
    24.037438964843773,
    24.526727294921898,
    21.972985839843773,
    22.059228515625023,
    24.903985595703148,
    21.016046142578148,
    22.571099853515648,
    20.205072021484398,
    25.799707031250023,
    25.545770263671898,
    21.699853515625023,
    25.152124023437523,
    25.779077148437523,
    21.943627929687523,
    26.465844726562523,
    25.334466552734398,
    22.005334472656273,
    21.884606933593773,
    21.802819824218773,
    25.119683837890648,
    25.157342529296898,
    20.694757080078148,
    21.619500732421898,
    21.560205078125023,
    23.079217529296898,
    21.508752441406273,
    20.383691406250023,
    21.284875488281273,
    20.210595703125023,
    21.934625244140648,
    24.681268310546898,
    21.919732666015648,
    24.554864501953148,
    24.022515869140648,
    24.210076904296898,
    24.175500488281273,
    21.611322021484398,
    21.426538085937523,
    21.313470458984398,
    21.214257812500023,
    23.987481689453148,
    24.100030517578148,
    19.102075195312523,
    23.630548095703148,
    20.975946044921898,
    20.815667724609398,
    18.828088378906273,
    23.344659423828148,
    23.602075195312523,
    23.456750488281273,
    23.572991943359398,
    23.557427978515648,
    18.680871582031273,
    23.201440429687523
  ],
  "outdoor_temps": [
    13.900201416015648,
    13.599298095703148,
    13.300012207031273,
    12.960534667968773,
    12.601037597656273,
    12.316003417968773,
    12.200006103515648,
    12.200006103515648,
    12.200006103515648,
    12.200006103515648,
    12.200006103515648,
    12.200006103515648,
    12.200006103515648,
    12.200006103515648,
    12.200006103515648,
    12.169519042968773,
    12.118737792968773,
    12.108605957031273,
    12.200006103515648,
    12.433587646484398,
    12.768762207031273,
    13.144525146484398,
    13.499993896484398,
    13.825006103515648,
    14.149987792968773,
    14.475000000000023,
    14.800012207031273,
    15.099206542968773,
    15.381250000000023,
    15.697656250000023,
    16.100000000000023,
    16.622644042968773,
    17.231256103515648,
    17.874230957031273,
    18.499993896484398,
    19.100000000000023,
    19.700006103515648,
    20.300012207031273,
    20.899987792968773,
    21.499993896484398,
    22.100000000000023,
    22.700006103515648,
    23.300012207031273,
    23.852502441406273,
    24.339990234375023,
    24.807489013671898,
    25.300012207031273,
    25.822473144531273,
    26.348229980468773,
    26.874902343750023,
    27.399987792968773,
    27.988244628906273,
    28.611779785156273,
    29.129418945312523,
    29.399987792968773,
    29.499993896484398,
    29.600000000000023,
    29.700006103515648,
    29.800012207031273,
    29.899987792968773,
    29.999993896484398,
    30.100000000000023,
    30.200006103515648,
    30.300012207031273,
    30.399987792968773,
    30.499993896484398,
    30.600000000000023,
    30.422052001953148,
    29.850488281250023,
    29.128656005859398,
    28.499993896484398,
    27.999993896484398,
    27.500909423828148,
    27.001367187500023,
    26.499993896484398,
    25.968743896484398,
    25.411096191406273,
    24.872918701171898,
    24.399987792968773,
    24.014581298828148,
    23.688897705078148,
    23.393762207031273,
    23.100000000000023,
    22.799218750000023,
    22.500695800781273,
    22.201837158203148,
    21.899987792968773,
    21.575006103515648,
    21.229180908203148,
    20.893762207031273,
    20.600000000000023,
    20.360925292968773,
    20.158319091796898,
    19.976556396484398,
    19.800012207031273,
    19.623834228515648
  ],
  "rewards": [
    4.976204199463129,
    4.976598684459924,
    4.97645060685277,
    4.976171692878008,
    -22.728084785222666,
    -25.37551586758293,
    4.971474681693574,
    -16.68183977888463,
    -27.216309335607985,
    4.969694345790407,
    4.9712444497411665,
    4.982886056978579,
    4.971542904632247,
    4.976553793695148,
    4.971861792345409,
    4.972008523561384,
    4.972026510364335,
    4.983070322852541,
    4.97156119550635,
    4.971907988912386,
    4.976813408191275,
    4.983236414194916,
    4.977097180670208,
    4.9736182655290415,
    4.984798715141318,
    -15.070340045725079,
    4.975480780869723,
    -13.290507255508912,
    -15.082703843232288,
    4.981427295993366,
    -10.86463809360119,
    -18.325383187303906,
    -4.375542480153407,
    -15.048878982931095,
    4.996178845794953,
    4.998339820594244,
    4.99736306651714,
    -2.2267579599353833,
    -6.132032014201987,
    4.998389549507234,
    4.9866871172845695,
    4.98647481871121,
    -0.006917089351173697,
    -0.6967631863356235,
    4.984363608957147,
    4.984171189200133,
    -2.0468702189923356,
    4.976093936034356,
    4.983030281177844,
    4.969756329923868,
    -8.100519425602753,
    -5.978661354398774,
    4.97342973001933,
    -3.3249939867751768,
    -7.918390385348229,
    4.97248272605872,
    -15.204873090253047,
    -4.459028738269329,
    4.972247185308486,
    4.972719967543269,
    4.973040538012172,
    -3.1406561104292106,
    -3.355135311450617,
    4.9670497216958065,
    4.973761385267681,
    4.973994526445056,
    4.981915058008517,
    4.9741974892166,
    4.968790958124658,
    4.9750713314209944,
    4.969755353580351,
    4.984471380154238,
    -1.162221665196198,
    4.984506787179119,
    -0.7714512496814762,
    -0.004633615912791148,
    -0.11286750975253586,
    -0.07947057966128691,
    4.985193781309316,
    4.985605207209516,
    4.985857017462183,
    4.986078010029767,
    4.997722417910624,
    -0.026273932026143663,
    -2.027615294193342,
    4.997125892224357,
    4.986608279996107,
    4.986965249900747,
    -3.444622451714067,
    4.996868781926191,
    4.998580912891775,
    4.997803460856657,
    4.998645792260928,
    4.998680559685859,
    -4.3610198862162415,
    4.997666804822242
  ],