{
  "episode": 295,
  "steps": 96,
  "actions": [
    23,
    23,
    23,
    23,
    20,
    20,
    20,
    20,
    20,
    20,
    20,
    20,
    20,
    20,
    20,
    20,
    20,
    20,
    20,
    20,
    20,
    20,
    1,
    20,
    20,
    20,
    20,
    20,
    20,
    20,
    20,
    20,
    21,
    14,
    14,
    4,
    4,
    4,
    4,
    4,
    4,
    4,
    4,
    13,
    22,
    13,
    2,
    3,
    0,
    2,
    1,
    0,
    0,
    0,
    10,
    11,
    0,
    11,
    11,
    11,
    0,
    9,
    11,
    0,
    3,
    0,
    0,
    0,
    0,
    0,
    0,
    3,
    15,
    15,
    15,
    5,
    4,
    6,
    6,
    13,
    6,
    6,
    20,
    20,
    4,
    12,
    6,
    6,
    6,
    12,
    4,
    12,
    12,
    12,
    15,
    22
  ],
  "temperatures": [
    20.700616455078148,
    20.664178466796898,
    20.589532470703148,
    20.521264648437523,
    20.462731933593773,
    20.411401367187523,
    20.363427734375023,
    20.318261718750023,
    20.279931640625023,
    20.246636962890648,
    20.215020751953148,
    20.182733154296898,
    20.151330566406273,
    20.120843505859398,
    20.091027832031273,
    20.060937500000023,
    20.029473876953148,
    19.998712158203148,
    19.971582031250023,
    19.950891113281273,
    19.936700439453148,
    19.926721191406273,
    15.098413085937523,
    19.752923583984398,
    19.818688964843773,
    19.843469238281273,
    19.933343505859398,
    20.115136718750023,
    20.325372314453148,
    20.446374511718773,
    20.570947265625023,
    21.163201904296898,
    21.347558593750023,
    21.177667236328148,
    21.347314453125023,
    21.030999755859398,
    21.230798339843773,
    21.465600585937523,
    21.703302001953148,
    21.939691162109398,
    22.188226318359398,
    22.469842529296898,
    22.784295654296898,
    23.090356445312523,
    23.281304931640648,
    23.574822998046898,
    21.042077636718773,
    21.185266113281273,
    21.418206787109398,
    21.654595947265648,
    21.893395996093773,
    22.123223876953148,
    22.335260009765648,
    22.522668457031273,
    21.175439453125023,
    21.212457275390648,
    22.735375976562523,
    21.306024169921898,
    21.278833007812523,
    21.250177001953148,
    22.701257324218773,
    21.199395751953148,
    21.087060546875023,
    22.383691406250023,
    22.284539794921898,
    22.118646240234398,
    21.905572509765648,
    21.662133789062523,
    21.417779541015648,
    21.199395751953148,
    21.005883789062523,
    20.218133544921898,
    22.810174560546898,
    22.756433105468773,
    22.658715820312523,
    22.445550537109398,
    22.310845947265648,
    22.181176757812523,
    22.055932617187523,
    22.161248779296898,
    21.843164062500023,
    21.731011962890648,
    22.115716552734398,
    22.065332031250023,
    21.473657226562523,
    21.703942871093773,
    21.271844482421898,
    21.157281494140648,
    21.055047607421898,
    21.401544189453148,
    20.896722412109398,
    21.279962158203148,
    21.246392822265648,
    21.209161376953148,
    21.172753906250023,
    21.476068115234398
  ],
  "outdoor_temps": [
    -8.500006103515602,
    -8.750006103515602,
    -9.000006103515602,
    -9.250006103515602,
    -9.500006103515602,
    -9.750006103515602,
    -10.000006103515602,
    -10.103460693359352,
    -10.000891113281227,
    -9.822882080078102,
    -9.699987792968727,
    -9.648596191406227,
    -9.598059082031227,
    -9.548498535156227,
    -9.500006103515602,
    -9.487890624999977,
    -9.507299804687477,
    -9.498052978515602,
    -9.399999999999977,
    -9.173040771484352,
    -8.857305908203102,
    -8.512884521484352,
    -8.199987792968727,
    -7.923590087890602,
    -7.648321533203102,
    -7.373907470703102,
    -7.100012207031227,
    -6.866339111328102,
    -6.667303466796852,
    -6.434606933593727,
    -6.100012207031227,
    -5.543737792968727,
    -4.783331298828102,
    -3.9562438964843523,
    -3.1999877929687273,
    -2.5249999999999773,
    -1.8500122070312273,
    -1.1749938964843523,
    -0.5000061035156023,
    0.20781860351564774,
    0.9374938964843977,
    1.6234375000000227,
    2.2000061035156477,
    2.6234375000000227,
    2.9374938964843977,
    3.2078186035156477,
    3.4999938964843977,
    3.8250061035156477,
    4.149987792968773,
    4.475000000000023,
    4.800012207031273,
    5.124993896484398,
    5.450006103515648,
    5.774987792968773,
    6.100000000000023,
    6.234643554687523,
    6.100701904296898,
    5.866418457031273,
    5.700006103515648,
    5.624505615234398,
    5.550073242187523,
    5.475610351562523,
    5.399987792968773,
    5.348352050781273,
    5.305474853515648,
    5.209863281250023,
    4.999993896484398,
    4.626062011718773,
    4.132043457031273,
    3.5969787597656477,
    3.1000000000000227,
    2.6494079589843977,
    2.2000061035156477,
    1.7505737304687727,
    1.3000122070312727,
    0.8147521972656477,
    0.29921875000002274,
    -0.19092407226560226,
    -0.6000122070312273,
    -0.8312438964843523,
    -0.8999999999999773,
    -0.9187377929687273,
    -1.0000061035156023,
    -1.1499999999999773,
    -1.2999938964843523,
    -1.4499877929687273,
    -1.6000122070312273,
    -1.7781127929687273,
    -1.9750122070312273,
    -2.1343749999999773,
    -2.1999877929687273,
    -2.1343749999999773,
    -1.9750122070312273,
    -1.7781127929687273,
    -1.6000122070312273,
    -1.4499877929687273
  ],
  "rewards": [
    4.956045916408301,
    4.955403648942709,
    4.954049072593451,
    4.952811365455389,
    4.951751538842917,
    4.950823730415624,
    4.949955477899831,
    4.949138008541387,
    4.948445297664922,
    4.947844371980946,
    4.947273243850987,
    4.946687978691381,
    4.946118177360814,
    4.945563786215108,
    4.945021339840215,
    4.9444729067748,
    4.943898445553105,
    -0.028249449548351874,
    -0.030512138181403286,
    -0.03471090550072257,
    -0.03882749300919077,
    -0.04232526952869681,
    -60.0,
    -0.1831193418580272,
    -0.1120781355584239,
    -0.09091864163523947,
    -0.03994093355260355,
    4.945518632120412,
    4.949402249044698,
    4.95163713712148,
    4.9539380897944385,
    4.964877879804891,
    4.968277372307103,
    4.976028857518635,
    4.978219238781248,
    4.98537695582292,
    4.986851782868252,
    4.988585814903126,
    4.990341432462082,
    4.992087954650269,
    4.993924515018807,
    4.996005880157099,
    4.998330412576542,
    4.999232976364539,
    4.997227964688578,
    4.997352411534961,
    4.986518639036009,
    4.986200461167194,
    4.985683248122264,
    4.985158345188945,
    4.984627990204193,
    4.984117626629446,
    4.983646693315357,
    4.98323040195927,
    4.975604394469411,
    4.975459973535946,
    4.982757095754308,
    4.975095495376736,
    4.975200689800245,
    4.975311649210913,
    4.982831856072111,
    4.9755083713866775,
    4.975944473519112,
    4.983536218464536,
    4.983756243672222,
    4.984124432285357,
    4.984597234215587,
    4.98513747670874,
    4.985679722812026,
    4.986164327349514,
    4.9865937427543106,
    4.988346556510776,
    4.997120008331764,
    4.9964257139477715,
    4.995162390596031,
    4.99581805747634,
    4.994823492666464,
    4.9938658734360795,
    4.9929410097730225,
    4.9887328518238725,
    4.991369788654635,
    4.990541820300824,
    4.982449510412372,
    4.9815191592638906,
    4.988641762080562,
    4.982823304312871,
    4.987151632368726,
    4.986305590344674,
    4.985550492180592,
    4.9789151612725915,
    4.984381489813489,
    4.977344200390027,
    4.976910762556059,
    4.976429849632246,
    4.9759595242814845,
    4.9706412514176055
  ],