{
  "episode": 189,
  "steps": 96,
  "actions": [
    23,
    23,
    23,
    23,
    22,
    22,
    22,
    22,
    22,
    21,
    21,
    21,
    20,
    20,
    20,
    21,
    21,
    21,
    21,
    21,
    21,
    21,
    21,
    21,
    20,
    21,
    21,
    20,
    21,
    21,
    21,
    21,
    7,
    14,
    14,
    23,
    7,
    7,
    7,
    4,
    4,
    4,
    4,
    7,
    14,
    4,
    21,
    21,
    2,
    2,
    2,
    2,
    2,
    2,
    3,
    3,
    10,
    9,
    3,
    9,
    9,
    9,
    10,
    2,
    3,
    9,
    2,
    2,
    2,
    21,
    3,
    23,
    23,
    23,
    23,
    23,
    23,
    23,
    23,
    20,
    23,
    13,
    13,
    15,
    20,
    13,
    15,
    15,
    7,
    23,
    12,
    4,
    12,
    12,
    15,
    23
  ],
  "temperatures": [
    21.089227294921898,
    21.080438232421898,
    21.040063476562523,
    21.004174804687523,
    20.975152587890648,
    20.951226806640648,
    20.929772949218773,
    20.904443359375023,
    20.869134521484398,
    20.830834960937523,
    20.799707031250023,
    20.785485839843773,
    20.787591552734398,
    20.798577880859398,
    20.809075927734398,
    20.813958740234398,
    20.818750000000023,
    20.823358154296898,
    20.825524902343773,
    20.822320556640648,
    20.815057373046898,
    20.805963134765648,
    20.797357177734398,
    20.790338134765648,
    20.783563232421898,
    20.777337646484398,
    20.772119140625023,
    20.767022705078148,
    20.761682128906273,
    20.762384033203148,
    20.773797607421898,
    21.263269042968773,
    20.453271484375023,
    21.068414306640648,
    21.169671630859398,
    21.561181640625023,
    20.857354736328148,
    20.875360107421898,
    20.929010009765648,
    20.994042968750023,
    21.065484619140648,
    21.175805664062523,
    21.451043701171898,
    21.872216796875023,
    22.548120117187523,
    22.869592285156273,
    23.225518798828148,
    23.478021240234398,
    21.077020263671898,
    21.296807861328148,
    21.587792968750023,
    21.847161865234398,
    22.068597412109398,
    22.254357910156273,
    22.412164306640648,
    22.552484130859398,
    21.156549072265648,
    21.181970214843773,
    22.709802246093773,
    21.271875000000023,
    21.230401611328148,
    21.170587158203148,
    21.052697753906273,
    22.325311279296898,
    22.151910400390648,
    20.524530029296898,
    21.555352783203148,
    21.355279541015648,
    21.142022705078148,
    23.559747314453148,
    20.922387695312523,
    22.933862304687523,
    22.874719238281273,
    22.799920654296898,
    22.728601074218773,
    22.663110351562523,
    22.604699707031273,
    22.549829101562523,
    22.493524169921898,
    22.430535888671898,
    22.359643554687523,
    22.129449462890648,
    22.037164306640648,
    21.957696533203148,
    22.087762451171898,
    21.818139648437523,
    21.741326904296898,
    21.666986083984398,
    21.201898193359398,
    21.780175781250023,
    21.459497070312523,
    20.960412597656273,
    21.346368408203148,
    21.320367431640648,
    21.287622070312523,
    21.577844238281273
  ],
  "outdoor_temps": [
    -6.1035156022626325e-06,
    -6.1035156022626325e-06,
    -6.1035156022626325e-06,
    -6.1035156022626325e-06,
    -6.1035156022626325e-06,
    -6.1035156022626325e-06,
    -6.1035156022626325e-06,
    -0.19766845703122726,
    -0.6187499999999773,
    -1.0054687499999773,
    -1.1000122070312273,
    -0.7433532714843523,
    -0.10312499999997726,
    0.5886779785156477,
    1.1000000000000227,
    1.4470458984375227,
    1.7733398437500227,
    2.0379882812500227,
    2.2000061035156477,
    2.2363830566406477,
    2.2000061035156477,
    2.1635986328125227,
    2.2000061035156477,
    2.3251892089843977,
    2.4867797851562727,
    2.6549621582031477,
    2.8000122070312727,
    2.8423400878906477,
    2.7893615722656477,
    2.7416931152343977,
    2.8000122070312727,
    3.2631774902343977,
    4.123651123046898,
    5.022302246093773,
    5.600000000000023,
    5.798913574218773,
    5.874627685546898,
    5.938043212890648,
    6.100000000000023,
    6.370965576171898,
    6.716027832031273,
    7.178063964843773,
    7.800012207031273,
    8.800531005859398,
    10.168542480468773,
    11.602288818359398,
    12.800012207031273,
    13.782220458984398,
    14.673486328125023,
    15.327996826171898,
    15.600000000000023,
    15.531213378906273,
    15.334405517578148,
    15.120416259765648,
    14.999993896484398,
    14.986260986328148,
    14.999993896484398,
    15.013757324218773,
    14.999993896484398,
    14.930871582031273,
    14.760675048828148,
    14.435144042968773,
    13.899987792968773,
    12.931176757812523,
    11.557855224609398,
    10.105615234375023,
    8.899987792968773,
    7.921594238281273,
    6.989678955078148,
    6.187921142578148,
    5.600000000000023,
    5.195733642578148,
    4.875085449218773,
    4.616876220703148,
    4.399987792968773,
    4.261956787109398,
    4.193505859375023,
    4.103295898437523,
    3.8999877929687727,
    3.4473815917968977,
    2.8000122070312727,
    2.1526123046875227,
    1.7000061035156477,
    1.4181762695312727,
    1.1470886230468977,
    0.8774658203125227,
    0.6000000000000227,
    0.22435913085939774,
    -0.21723022460935226,
    -0.5502075195312273,
    -0.6000122070312273,
    -0.44998779296872726,
    -0.29999389648435226,
    -0.14999999999997726,
    -6.1035156022626325e-06,
    0.17812500000002274
  ],
  "rewards": [
    4.963260915234685,
    4.96312315697968,
    4.962396625235677,
    4.9617516791373495,
    4.961232131674886,
    4.960805013083245,
    4.960422612332131,
    4.9599678455817955,
    4.959326954983498,
    4.958628958367135,
    4.958061731905393,
    4.957806389183454,
    4.957852555365018,
    4.958062078765553,
    4.958262114337605,
    4.958357404283207,
    4.958450555653028,
    4.9585402916378305,
    4.958585234732084,
    4.958530424684934,
    4.958399647325925,
    4.958235038370542,
    4.958078365177564,
    4.957951192707471,
    4.957827896923475,
    4.957714489511173,
    4.957619457096509,
    4.9575260590023325,
    4.9574280939614,
    4.957441572994641,
    4.957652398199491,
    4.966700311750822,
    4.981099846762322,
    4.974594124792549,
    4.975901335053956,
    4.972189792220359,
    4.984078130622394,
    4.984210492221113,
    4.9846065239584405,
    4.985087255392629,
    4.985615608595879,
    4.98643137028125,
    4.988466957711251,
    4.991581948303253,
    4.993736413954231,
    4.998959170407494,
    4.997537205642656,
    4.996136178374939,
    4.986435680503674,
    4.985947521240734,
    4.98530147543671,
    4.984725875170254,
    4.984234680445217,
    4.98382290950539,
    4.983473213822864,
    4.983162292155478,
    4.975675722059835,
    4.975577361814191,
    4.982814037700305,
    4.975228855309117,
    4.975389895125414,
    4.975622072502161,
    4.9760793730459465,
    4.983665739146507,
    4.984048433215641,
    4.97812360256635,
    4.985368151565204,
    4.98581092974665,
    4.9862834348392715,
    4.995680071509727,
    4.986769932920761,
    4.9975580537924955,
    4.9964647242724896,
    4.9950811798423524,
    4.993763175860047,
    4.992552439674735,
    4.991472699448466,
    4.990458379641176,
    4.989418316438794,
    4.98825505669415,
    4.986945310643834,
    4.988314701322466,
    4.987121710107217,
    4.986094985530267,
    4.9819242761906075,
    4.984291184703778,
    4.983297440633664,
    4.9823353572551,
    4.986626292568429,
    4.9762387566663655,
    4.979650137130171,
    4.984841215504495,
    4.978187437343047,
    4.977851465620263,
    4.977428214825852,
    4.972501561480372
  ],