{
  "episode": 874,
  "steps": 95,
  "actions": [
    23,
    23,
    23,
    23,
    4,
    21,
    22,
    15,
    21,
    20,
    12,
    20,
    22,
    14,
    22,
    22,
    22,
    12,
    19,
    22,
    22,
    22,
    22,
    21,
    20,
    5,
    21,
    22,
    22,
    22,
    20,
    21,
    21,
    21,
    20,
    22,
    15,
    20,
    22,
    22,
    21,
    21,
    20,
    22,
    21,
    22,
    22,
    4,
    20,
    21,
    21,
    4,
    4,
    5,
    22,
    21,
    3,
    12,
    21,
    12,
    22,
    21,
    22,
    21,
    21,
    22,
    21,
    22,
    22,
    12,
    21,
    21,
    4,
    21,
    21,
    20,
    21,
    21,
    21,
    20,
    21,
    20,
    21,
    21,
    20,
    22,
    20,
    22,
    21,
    4,
    12,
    4,
    21,
    20,
    21
  ],
  "temperatures": [
    20.975762939453148,
    20.971978759765648,
    20.926324462890648,
    20.884027099609398,
    19.381799316406273,
    20.766137695312523,
    20.768212890625023,
    20.195092773437523,
    20.712701416015648,
    20.704553222656273,
    20.120355224609398,
    20.648034667968773,
    20.640252685546898,
    20.045831298828148,
    20.584313964843773,
    20.577264404296898,
    20.562249755859398,
    19.953485107421898,
    15.682366943359398,
    20.333276367187523,
    20.402703857421898,
    20.411859130859398,
    20.409020996093773,
    20.411248779296898,
    20.439233398437523,
    18.902276611328148,
    20.452935791015648,
    20.486474609375023,
    20.482049560546898,
    20.470849609375023,
    20.486779785156273,
    21.031793212890648,
    21.158654785156273,
    21.261407470703148,
    21.339990234375023,
    21.402703857421898,
    21.104638671875023,
    21.554589843750023,
    21.759362792968773,
    22.041558837890648,
    22.317437744140648,
    22.575280761718773,
    22.823052978515648,
    23.066369628906273,
    23.322167968750023,
    23.571954345703148,
    23.807427978515648,
    24.604241943359398,
    24.247460937500023,
    24.433221435546898,
    24.607690429687523,
    25.790979003906273,
    26.128411865234398,
    26.403985595703148,
    25.275872802734398,
    25.341058349609398,
    24.415368652343773,
    25.969171142578148,
    25.466455078125023,
    26.045922851562523,
    25.456353759765648,
    25.394250488281273,
    25.286157226562523,
    25.128350830078148,
    24.928094482421898,
    24.745233154296898,
    24.588952636718773,
    24.459344482421898,
    24.351373291015648,
    24.562463378906273,
    24.176568603515648,
    23.604028320312523,
    23.765527343750023,
    23.349755859375023,
    23.242639160156273,
    23.158898925781273,
    23.075708007812523,
    22.987420654296898,
    22.902551269531273,
    22.825036621093773,
    22.753350830078148,
    22.685327148437523,
    22.618920898437523,
    22.550714111328148,
    22.479028320312523,
    22.405511474609398,
    22.332360839843773,
    22.260522460937523,
    22.188043212890648,
    21.615106201171898,
    21.813897705078148,
    21.360375976562523,
    21.847497558593773,
    21.744500732421898,
    21.646691894531273
  ],
  "outdoor_temps": [
    -6.1035156022626325e-06,
    -6.1035156022626325e-06,
    -6.1035156022626325e-06,
    -6.1035156022626325e-06,
    -6.1035156022626325e-06,
    -6.1035156022626325e-06,
    -6.1035156022626325e-06,
    -6.1035156022626325e-06,
    -6.1035156022626325e-06,
    -6.1035156022626325e-06,
    -6.1035156022626325e-06,
    -6.1035156022626325e-06,
    -6.1035156022626325e-06,
    -6.1035156022626325e-06,
    -6.1035156022626325e-06,
    -6.1035156022626325e-06,
    -6.1035156022626325e-06,
    -6.1035156022626325e-06,
    -6.1035156022626325e-06,
    -6.1035156022626325e-06,
    -6.1035156022626325e-06,
    -6.1035156022626325e-06,
    -6.1035156022626325e-06,
    0.48467407226564774,
    1.5674987792968977,
    2.6915527343750227,
    3.3000122070312727,
    3.2094665527343977,
    2.8019348144531477,
    2.3684326171875227,
    2.2000061035156477,
    2.3021789550781477,
    2.5030456542968977,
    2.8273864746093977,
    3.3000122070312727,
    4.170007324218773,
    5.390008544921898,
    6.540002441406273,
    7.200006103515648,
    7.400476074218773,
    7.509606933593773,
    7.613946533203148,
    7.800012207031273,
    8.075891113281273,
    8.371636962890648,
    8.656549072265648,
    8.899987792968773,
    9.066003417968773,
    9.171868896484398,
    9.266809082031273,
    9.399987792968773,
    9.710534667968773,
    10.159387207031273,
    10.528527832031273,
    10.600000000000023,
    10.450006103515648,
    10.300012207031273,
    10.149987792968773,
    9.999993896484398,
    9.850000000000023,
    9.700006103515648,
    9.550012207031273,
    9.399987792968773,
    8.978875732421898,
    8.201959228515648,
    7.349084472656273,
    6.700006103515648,
    6.357904052734398,
    6.149987792968773,
    5.942102050781273,
    5.600000000000023,
    4.941003417968773,
    4.063317871093773,
    3.2539611816406477,
    2.8000122070312727,
    2.6291442871093977,
    2.4749084472656477,
    2.3332153320312727,
    2.2000061035156477,
    2.0766845703125227,
    1.9598327636718977,
    1.8380676269531477,
    1.7000061035156477,
    1.4921203613281477,
    1.2039733886718977,
    0.8888488769531477,
    0.6000000000000227,
    0.41335449218752274,
    0.31020507812502274,
    0.20195922851564774,
    -6.1035156022626325e-06,
    -0.7735656738281023,
    -2.1510986328124773,
    -3.5530761718749773,
    -4.399999999999977
  ],
  "rewards": [
    4.9077753899246455,
    4.9076752827316525,
    4.905702330842614,
    4.90387322165072,
    -0.39562337135427617,
    4.898719613312379,
    4.898849312931947,
    4.916293735415067,
    4.896444184439986,
    4.896108710438661,
    4.914149484454613,
    4.893644635427905,
    4.893318783870858,
    4.911993427187528,
    4.890868889932399,
    4.890569588862683,
    4.889915263377453,
    -0.024883864126773462,
    -18.644855826783562,
    4.879784619493977,
    4.882872063838269,
    4.88328532906654,
    4.883168914042737,
    4.88327709885719,
    4.884527289540223,
    -1.2201653773435297,
    4.885146004894506,
    4.886635834843569,
    4.886440760813977,
    4.885943886958386,
    4.886651169978406,
    4.910833336940926,
    4.916445595890932,
    4.920991813809327,
    4.924466540486269,
    4.927238895527046,
    4.943370246798124,
    4.933959042685835,
    4.943042404285591,
    4.955565669261243,
    4.967809714995648,
    4.979253974825792,
    4.9902515700167935,
    4.997224333590787,
    4.993817696594025,
    4.990491285592966,
    4.987355522834088,
    -0.3669120354863645,
    -0.06602060356866885,
    -0.19308300937811343,
    -0.37527061599431,
    -3.210726346519209,
    -4.5336319732223584,
    -5.782947338775275,
    -1.6360583718105437,
    -1.8068613399711602,
    -0.18300192699425352,
    -3.8844110669261336,
    -2.1593315614274684,
    -4.192746699369889,
    -2.1297737963384926,
    -1.9525353243720907,
    -1.6624415643805333,
    -1.2808914040175334,
    -0.8684084676870608,
    -0.5618126850494564,
    -0.35278514412760825,
    -0.21648575744715218,
    -0.128592159613659,
    -0.3200190651562807,
    -0.03572339630484088,
    4.990074376732759,
    4.996539995860025,
    4.9934584469186225,
    4.99488330838149,
    4.995997254372291,
    4.9971040073101936,
    4.997539022423975,
    4.993776105017118,
    4.9903399261540695,
    4.9871619781171495,
    4.984146198899202,
    4.98120367490403,
    4.978181473881654,
    4.975005528599672,
    4.971748823753518,
    4.968507985793377,
    4.965325889221352,
    4.962116341315533,
    4.979468188177511,
    4.964391267246202,
    4.9757078480414805,
    4.947026922463075,
    4.94245955672925,
    4.9381220313226395
  ],