{
  "episode": 113,
  "steps": 95,
  "actions": [
    23,
    23,
    23,
    23,
    23,
    23,
    23,
    23,
    23,
    23,
    23,
    23,
    23,
    23,
    23,
    23,
    23,
    23,
    23,
    23,
    23,
    23,
    23,
    23,
    23,
    23,
    23,
    23,
    23,
    23,
    23,
    23,
    1,
    23,
    23,
    23,
    10,
    23,
    13,
    23,
    23,
    23,
    23,
    3,
    23,
    3,
    6,
    23,
    23,
    23,
    23,
    23,
    10,
    23,
    3,
    1,
    23,
    23,
    23,
    23,
    23,
    23,
    23,
    20,
    23,
    23,
    23,
    2,
    15,
    23,
    23,
    20,
    23,
    23,
    23,
    23,
    23,
    23,
    11,
    13,
    12,
    3,
    23,
    23,
    23,
    23,
    23,
    23,
    23,
    12,
    23,
    14,
    12,
    21,
    23
  ],
  "temperatures": [
    20.975762939453148,
    20.971978759765648,
    20.926324462890648,
    20.884027099609398,
    20.848413085937523,
    20.818383789062523,
    20.792230224609398,
    20.768457031250023,
    20.746057128906273,
    20.724359130859398,
    20.703149414062523,
    20.682244873046898,
    20.661584472656273,
    20.641198730468773,
    20.621026611328148,
    20.601068115234398,
    20.581353759765648,
    20.561944580078148,
    20.542871093750023,
    20.524133300781273,
    20.505761718750023,
    20.487725830078148,
    20.470056152343773,
    20.463403320312523,
    20.485864257812523,
    20.523187255859398,
    20.552392578125023,
    20.555322265625023,
    20.539788818359398,
    20.522058105468773,
    20.533807373046898,
    21.077111816406273,
    17.298303222656273,
    21.182000732421898,
    21.319848632812523,
    21.399011230468773,
    16.909143066406273,
    21.445153808593773,
    21.396142578125023,
    22.006188964843773,
    22.300317382812523,
    22.561425781250023,
    22.812310791015648,
    20.452752685546898,
    23.249749755859398,
    21.326531982421898,
    24.026300048828148,
    23.975457763671898,
    24.187951660156273,
    24.386193847656273,
    24.566186523437523,
    24.739801025390648,
    21.724847412109398,
    24.964166259765648,
    23.964349365234398,
    24.045007324218773,
    25.245263671875023,
    25.315667724609398,
    25.353997802734398,
    25.365380859375023,
    25.346459960937523,
    25.296044921875023,
    25.192376708984398,
    25.037988281250023,
    24.840875244140648,
    24.660913085937523,
    24.507409667968773,
    22.914117431640648,
    24.523126220703148,
    24.170068359375023,
    24.083886718750023,
    23.515435791015648,
    23.380853271484398,
    23.261224365234398,
    23.161004638671898,
    23.081475830078148,
    22.997949218750023,
    22.910760498046898,
    19.280145263671898,
    22.546105957031273,
    22.537164306640648,
    20.032250976562523,
    22.440789794921898,
    22.410180664062523,
    22.350732421875023,
    22.285302734375023,
    22.218255615234398,
    22.151391601562523,
    22.083245849609398,
    21.791528320312523,
    21.949365234375023,
    21.620874023437523,
    21.486810302734398,
    21.656640625000023,
    21.563470458984398
  ],
  "outdoor_temps": [
    -6.1035156022626325e-06,
    -6.1035156022626325e-06,
    -6.1035156022626325e-06,
    -6.1035156022626325e-06,
    -6.1035156022626325e-06,
    -6.1035156022626325e-06,
    -6.1035156022626325e-06,
    -6.1035156022626325e-06,
    -6.1035156022626325e-06,
    -6.1035156022626325e-06,
    -6.1035156022626325e-06,
    -6.1035156022626325e-06,
    -6.1035156022626325e-06,
    -6.1035156022626325e-06,
    -6.1035156022626325e-06,
    -6.1035156022626325e-06,
    -6.1035156022626325e-06,
    -6.1035156022626325e-06,
    -6.1035156022626325e-06,
    -6.1035156022626325e-06,
    -6.1035156022626325e-06,
    -6.1035156022626325e-06,
    -6.1035156022626325e-06,
    0.48467407226564774,
    1.5674987792968977,
    2.6915527343750227,
    3.3000122070312727,
    3.2094665527343977,
    2.8019348144531477,
    2.3684326171875227,
    2.2000061035156477,
    2.3021789550781477,
    2.5030456542968977,
    2.8273864746093977,
    3.3000122070312727,
    4.170007324218773,
    5.390008544921898,
    6.540002441406273,
    7.200006103515648,
    7.400476074218773,
    7.509606933593773,
    7.613946533203148,
    7.800012207031273,
    8.075891113281273,
    8.371636962890648,
    8.656549072265648,
    8.899987792968773,
    9.066003417968773,
    9.171868896484398,
    9.266809082031273,
    9.399987792968773,
    9.710534667968773,
    10.159387207031273,
    10.528527832031273,
    10.600000000000023,
    10.450006103515648,
    10.300012207031273,
    10.149987792968773,
    9.999993896484398,
    9.850000000000023,
    9.700006103515648,
    9.550012207031273,
    9.399987792968773,
    8.978875732421898,
    8.201959228515648,
    7.349084472656273,
    6.700006103515648,
    6.357904052734398,
    6.149987792968773,
    5.942102050781273,
    5.600000000000023,
    4.941003417968773,
    4.063317871093773,
    3.2539611816406477,
    2.8000122070312727,
    2.6291442871093977,
    2.4749084472656477,
    2.3332153320312727,
    2.2000061035156477,
    2.0766845703125227,
    1.9598327636718977,
    1.8380676269531477,
    1.7000061035156477,
    1.4921203613281477,
    1.2039733886718977,
    0.8888488769531477,
    0.6000000000000227,
    0.41335449218752274,
    0.31020507812502274,
    0.20195922851564774,
    -6.1035156022626325e-06,
    -0.7735656738281023,
    -2.1510986328124773,
    -3.5530761718749773,
    -4.399999999999977
  ],
  "rewards": [
    4.120979222776403,
    4.115054529951921,
    4.041117961602322,
    3.9698265858460595,
    3.9077210109681286,
    3.853879691883962,
    3.805885754423257,
    3.7613691613823597,
    3.718646088801367,
    3.6765443842579115,
    3.634704109951898,
    3.592804602505684,
    3.5507493382320265,
    3.5086222347245086,
    3.466321936817887,
    3.423867874192122,
    3.381345204161528,
    3.338909506471877,
    3.296656541600873,
    3.254615599177828,
    3.2128832242638383,
    3.1714217349608016,
    3.1303298621997757,
    3.114743142649584,
    3.1671395712346357,
    3.2525262384582816,
    3.3178817418963207,
    3.324368238821675,
    3.289838607208853,
    3.249981652163019,
    3.2764469183702523,
    4.274051666222544,
    -28.250487758195653,
    4.4156265015580525,
    4.576618817597651,
    4.656183489225825,
    -33.887915890402745,
    4.698210823427418,
    4.678499076925238,
    4.953966626409927,
    4.89940658621489,
    4.742239300981145,
    4.494889226304339,
    3.180247410279751,
    3.8233763166172405,
    4.631679600966185,
    -0.0028916050511968625,
    2.0582927941866354,
    -0.09290015086533776,
    -0.3781097774208031,
    -0.8072627089173244,
    -1.3746866850742048,
    4.882957207346344,
    -2.331210885882973,
    2.0661393478186127,
    -0.015124156458267955,
    -3.8848088980508035,
    -4.335793098677099,
    -4.591741845179503,
    -4.669166814163482,
    -4.54082775153235,
    -4.207605035975722,
    -3.5623344452866776,
    -2.700964189246415,
    -1.7744367027405148,
    -1.0981748203188932,
    -0.6493098752201181,
    4.338096842882193,
    -0.6877193821116904,
    -0.0768335320476798,
    -0.021830961778769496,
    3.2688446543085803,
    3.562978291713545,
    3.8016213033068493,
    3.985020997943317,
    4.119834903227129,
    4.251078514261137,
    4.372026671292229,
    -1.3051533505878525,
    4.762338871780926,
    4.769339985853529,
    2.0735940213196407,
    4.827585297490496,
    4.845766002461301,
    4.877059183493245,
    4.905372093096366,
    4.927723176525898,
    4.943299297615881,
    4.952273449497294,
    4.931133423559375,
    4.949616818774655,
    4.850886904709054,
    4.7572057063420194,
    4.850143706549132,
    4.791514636519096
  ],