{
  "episode": 435,
  "steps": 95,
  "actions": [
    23,
    23,
    23,
    23,
    21,
    6,
    20,
    22,
    7,
    20,
    22,
    21,
    21,
    22,
    15,
    22,
    20,
    20,
    20,
    22,
    22,
    7,
    20,
    15,
    21,
    15,
    20,
    21,
    15,
    20,
    22,
    22,
    15,
    21,
    22,
    20,
    14,
    22,
    20,
    20,
    20,
    21,
    15,
    8,
    9,
    20,
    20,
    14,
    20,
    21,
    21,
    15,
    15,
    20,
    21,
    19,
    21,
    20,
    22,
    18,
    22,
    21,
    20,
    20,
    21,
    6,
    5,
    21,
    22,
    21,
    14,
    21,
    6,
    21,
    21,
    6,
    21,
    0,
    22,
    22,
    20,
    15,
    20,
    20,
    20,
    20,
    13,
    20,
    15,
    20,
    15,
    4,
    21,
    22,
    12
  ],
  "temperatures": [
    20.975762939453148,
    20.971978759765648,
    20.926324462890648,
    20.884027099609398,
    20.848413085937523,
    19.337579345703148,
    20.739190673828148,
    20.743920898437523,
    19.212121582031273,
    20.657403564453148,
    20.667718505859398,
    20.656945800781273,
    20.641870117187523,
    20.624810791015648,
    20.025323486328148,
    20.565423583984398,
    20.557885742187523,
    20.542779541015648,
    20.526208496093773,
    20.509027099609398,
    20.491693115234398,
    18.865197753906273,
    20.398187255859398,
    19.805902099609398,
    20.429040527343773,
    19.885797119140648,
    20.495782470703148,
    20.514306640625023,
    19.919702148437523,
    20.468499755859398,
    20.493859863281273,
    21.041955566406273,
    20.739465332031273,
    21.256951904296898,
    21.343408203125023,
    21.408776855468773,
    21.113549804687523,
    21.562860107421898,
    21.767999267578148,
    22.050073242187523,
    22.325341796875023,
    22.583154296875023,
    22.769158935546898,
    19.162500000000023,
    19.394860839843773,
    23.421075439453148,
    23.716424560546898,
    24.166070556640648,
    24.176965332031273,
    24.374261474609398,
    24.554711914062523,
    25.118920898437523,
    25.342218017578148,
    25.065850830078148,
    25.180017089843773,
    20.976312255859398,
    25.199243164062523,
    25.301263427734398,
    25.346093750000023,
    21.099237060546898,
    25.213372802734398,
    25.218713378906273,
    25.130761718750023,
    24.984765625000023,
    24.793145751953148,
    25.640252685546898,
    25.486169433593773,
    24.380792236328148,
    24.261895751953148,
    24.168267822265648,
    24.348626708984398,
    23.517388916015648,
    23.629266357421898,
    23.263970947265648,
    23.159967041015648,
    23.142419433593773,
    22.997399902343773,
    20.590203857421898,
    22.765740966796898,
    22.717340087890648,
    22.653344726562523,
    22.499139404296898,
    22.525292968750023,
    22.461572265625023,
    22.393029785156273,
    22.322229003906273,
    22.081292724609398,
    22.176843261718773,
    21.904992675781273,
    22.036889648437523,
    21.740441894531273,
    21.249780273437523,
    21.780450439453148,
    21.679193115234398,
    21.253869628906273
  ],
  "outdoor_temps": [
    -6.1035156022626325e-06,
    -6.1035156022626325e-06,
    -6.1035156022626325e-06,
    -6.1035156022626325e-06,
    -6.1035156022626325e-06,
    -6.1035156022626325e-06,
    -6.1035156022626325e-06,
    -6.1035156022626325e-06,
    -6.1035156022626325e-06,
    -6.1035156022626325e-06,
    -6.1035156022626325e-06,
    -6.1035156022626325e-06,
    -6.1035156022626325e-06,
    -6.1035156022626325e-06,
    -6.1035156022626325e-06,
    -6.1035156022626325e-06,
    -6.1035156022626325e-06,
    -6.1035156022626325e-06,
    -6.1035156022626325e-06,
    -6.1035156022626325e-06,
    -6.1035156022626325e-06,
    -6.1035156022626325e-06,
    -6.1035156022626325e-06,
    0.48467407226564774,
    1.5674987792968977,
    2.6915527343750227,
    3.3000122070312727,
    3.2094665527343977,
    2.8019348144531477,
    2.3684326171875227,
    2.2000061035156477,
    2.3021789550781477,
    2.5030456542968977,
    2.8273864746093977,
    3.3000122070312727,
    4.170007324218773,
    5.390008544921898,
    6.540002441406273,
    7.200006103515648,
    7.400476074218773,
    7.509606933593773,
    7.613946533203148,
    7.800012207031273,
    8.075891113281273,
    8.371636962890648,
    8.656549072265648,
    8.899987792968773,
    9.066003417968773,
    9.171868896484398,
    9.266809082031273,
    9.399987792968773,
    9.710534667968773,
    10.159387207031273,
    10.528527832031273,
    10.600000000000023,
    10.450006103515648,
    10.300012207031273,
    10.149987792968773,
    9.999993896484398,
    9.850000000000023,
    9.700006103515648,
    9.550012207031273,
    9.399987792968773,
    8.978875732421898,
    8.201959228515648,
    7.349084472656273,
    6.700006103515648,
    6.357904052734398,
    6.149987792968773,
    5.942102050781273,
    5.600000000000023,
    4.941003417968773,
    4.063317871093773,
    3.2539611816406477,
    2.8000122070312727,
    2.6291442871093977,
    2.4749084472656477,
    2.3332153320312727,
    2.2000061035156477,
    2.0766845703125227,
    1.9598327636718977,
    1.8380676269531477,
    1.7000061035156477,
    1.4921203613281477,
    1.2039733886718977,
    0.8888488769531477,
    0.6000000000000227,
    0.41335449218752274,
    0.31020507812502274,
    0.20195922851564774,
    -6.1035156022626325e-06,
    -0.7735656738281023,
    -2.1510986328124773,
    -3.5530761718749773,
    -4.399999999999977
  ],
  "rewards": [
    4.9077753899246455,
    4.9076752827316525,
    4.905702330842614,
    4.90387322165072,
    4.902335364595055,
    -0.45240966085928674,
    4.897558209659612,
    4.897802407375496,
    -0.6348100564913951,
    4.894013993451777,
    4.89449654304139,
    4.894040724955823,
    4.893391234547548,
    4.892650363118104,
    4.9113995741907015,
    4.89004316057524,
    4.889722058497693,
    4.889062401882332,
    4.888335606685799,
    4.887582337490242,
    4.886820313655163,
    -1.3030874739127203,
    4.882687852094355,
    -0.061475018256375566,
    4.88407500948271,
    -0.03624926324123402,
    4.887046191352217,
    4.887869937053841,
    -0.029402475274447747,
    4.8858399173196245,
    4.8869652815972975,
    4.9112839672196165,
    4.932608446985807,
    4.920793878692,
    4.924618384510927,
    4.927507645808483,
    4.943633560954552,
    4.934325625543361,
    4.9434251186478395,
    4.955943681827706,
    4.968161134353798,
    4.979603941074532,
    4.992606555082552,
    -0.7108306717175772,
    -0.37613364576804736,
    4.992500422353978,
    4.9885674729263005,
    -0.03035436003753132,
    -0.03586573338055897,
    -0.14527756030956446,
    -0.31351196664509495,
    -1.2568736504682887,
    -1.8069343539749114,
    -1.1435459100504122,
    -1.4003282169188385,
    4.918528759152345,
    -1.4461357726319228,
    -1.7015777482757046,
    -1.8204087456251579,
    4.916895100795056,
    -1.4802722664194168,
    -1.493278876818448,
    -1.2863458688849205,
    -0.9770012237812314,
    -0.6356800889531916,
    -2.69338179801254,
    -2.2114814526485147,
    -0.1502296899243067,
    -0.07342044136609616,
    -0.03283347086576781,
    -0.12472007687326649,
    4.991227786783939,
    4.997144568752214,
    4.994599961103952,
    4.995983404637031,
    4.9993020946939435,
    4.99798146335975,
    4.975141842256948,
    4.987710027471184,
    4.985564020596768,
    4.982728068553235,
    4.98462596875332,
    4.97705307211241,
    4.974229578605812,
    4.97119288407914,
    4.968057610622567,
    4.972285570695024,
    4.961617595848182,
    4.967080118476373,
    4.955418736594527,
    4.962221295653801,
    4.974073591111026,
    4.944055168388978,
    4.939564344555787,
    4.947841105372037
  ],