{
  "episode": 124,
  "steps": 95,
  "actions": [
    23,
    23,
    23,
    23,
    23,
    23,
    23,
    23,
    23,
    23,
    23,
    23,
    23,
    23,
    23,
    23,
    23,
    23,
    23,
    23,
    23,
    23,
    23,
    23,
    23,
    23,
    23,
    23,
    23,
    23,
    23,
    23,
    23,
    23,
    23,
    14,
    3,
    13,
    23,
    23,
    8,
    23,
    10,
    23,
    23,
    23,
    23,
    4,
    14,
    2,
    23,
    23,
    3,
    23,
    23,
    16,
    23,
    13,
    23,
    14,
    21,
    23,
    4,
    3,
    23,
    8,
    23,
    15,
    13,
    23,
    23,
    23,
    13,
    23,
    23,
    23,
    7,
    11,
    23,
    1,
    0,
    23,
    23,
    23,
    23,
    23,
    23,
    22,
    23,
    23,
    23,
    23,
    23,
    8,
    16
  ],
  "temperatures": [
    20.975762939453148,
    20.971978759765648,
    20.926324462890648,
    20.884027099609398,
    20.848413085937523,
    20.818383789062523,
    20.792230224609398,
    20.768457031250023,
    20.746057128906273,
    20.724359130859398,
    20.703149414062523,
    20.682244873046898,
    20.661584472656273,
    20.641198730468773,
    20.621026611328148,
    20.601068115234398,
    20.581353759765648,
    20.561944580078148,
    20.542871093750023,
    20.524133300781273,
    20.505761718750023,
    20.487725830078148,
    20.470056152343773,
    20.463403320312523,
    20.485864257812523,
    20.523187255859398,
    20.552392578125023,
    20.555322265625023,
    20.539788818359398,
    20.522058105468773,
    20.533807373046898,
    21.077111816406273,
    21.201745605468773,
    21.302789306640648,
    21.379968261718773,
    21.072259521484398,
    17.688684082031273,
    21.078851318359398,
    21.728845214843773,
    22.033074951171898,
    17.922052001953148,
    22.469049072265648,
    18.685144042968773,
    22.929833984375023,
    23.249261474609398,
    23.514855957031273,
    23.760308837890648,
    24.538354492187523,
    24.487054443359398,
    22.813500976562523,
    24.538720703125023,
    24.728479003906273,
    23.595239257812523,
    25.015466308593773,
    25.152795410156273,
    20.953179931640648,
    25.182946777343773,
    25.818872070312523,
    25.348199462890648,
    25.909936523437523,
    25.355523681640648,
    25.298486328125023,
    26.522882080078148,
    24.044793701171898,
    24.834710693359398,
    21.585931396484398,
    24.423516845703148,
    24.660699462890648,
    24.556634521484398,
    24.163415527343773,
    24.075402832031273,
    23.506188964843773,
    23.466363525390648,
    23.254724121093773,
    23.153588867187523,
    23.074121093750023,
    22.999169921875023,
    19.380456542968773,
    22.724450683593773,
    20.236932373046898,
    19.983850097656273,
    22.463189697265648,
    22.442102050781273,
    22.390252685546898,
    22.329309082031273,
    22.263787841796898,
    22.197045898437523,
    22.130670166015648,
    22.063104248046898,
    21.998773193359398,
    21.937615966796898,
    21.866143798828148,
    21.766534423828148,
    17.754815673828148,
    17.048303222656273
  ],
  "outdoor_temps": [
    -6.1035156022626325e-06,
    -6.1035156022626325e-06,
    -6.1035156022626325e-06,
    -6.1035156022626325e-06,
    -6.1035156022626325e-06,
    -6.1035156022626325e-06,
    -6.1035156022626325e-06,
    -6.1035156022626325e-06,
    -6.1035156022626325e-06,
    -6.1035156022626325e-06,
    -6.1035156022626325e-06,
    -6.1035156022626325e-06,
    -6.1035156022626325e-06,
    -6.1035156022626325e-06,
    -6.1035156022626325e-06,
    -6.1035156022626325e-06,
    -6.1035156022626325e-06,
    -6.1035156022626325e-06,
    -6.1035156022626325e-06,
    -6.1035156022626325e-06,
    -6.1035156022626325e-06,
    -6.1035156022626325e-06,
    -6.1035156022626325e-06,
    0.48467407226564774,
    1.5674987792968977,
    2.6915527343750227,
    3.3000122070312727,
    3.2094665527343977,
    2.8019348144531477,
    2.3684326171875227,
    2.2000061035156477,
    2.3021789550781477,
    2.5030456542968977,
    2.8273864746093977,
    3.3000122070312727,
    4.170007324218773,
    5.390008544921898,
    6.540002441406273,
    7.200006103515648,
    7.400476074218773,
    7.509606933593773,
    7.613946533203148,
    7.800012207031273,
    8.075891113281273,
    8.371636962890648,
    8.656549072265648,
    8.899987792968773,
    9.066003417968773,
    9.171868896484398,
    9.266809082031273,
    9.399987792968773,
    9.710534667968773,
    10.159387207031273,
    10.528527832031273,
    10.600000000000023,
    10.450006103515648,
    10.300012207031273,
    10.149987792968773,
    9.999993896484398,
    9.850000000000023,
    9.700006103515648,
    9.550012207031273,
    9.399987792968773,
    8.978875732421898,
    8.201959228515648,
    7.349084472656273,
    6.700006103515648,
    6.357904052734398,
    6.149987792968773,
    5.942102050781273,
    5.600000000000023,
    4.941003417968773,
    4.063317871093773,
    3.2539611816406477,
    2.8000122070312727,
    2.6291442871093977,
    2.4749084472656477,
    2.3332153320312727,
    2.2000061035156477,
    2.0766845703125227,
    1.9598327636718977,
    1.8380676269531477,
    1.7000061035156477,
    1.4921203613281477,
    1.2039733886718977,
    0.8888488769531477,
    0.6000000000000227,
    0.41335449218752274,
    0.31020507812502274,
    0.20195922851564774,
    -6.1035156022626325e-06,
    -0.7735656738281023,
    -2.1510986328124773,
    -3.5530761718749773,
    -4.399999999999977
  ],
  "rewards": [
    4.9077753899246455,
    4.9076752827316525,
    4.905702330842614,
    4.90387322165072,
    4.902335326448083,
    4.901042344346642,
    4.899916627183557,
    4.89889272429049,
    4.897925631776452,
    4.896989104524255,
    4.896070191636682,
    4.895163533464074,
    4.894266431108117,
    4.893377902284264,
    4.892497641816735,
    4.8916256878525015,
    4.890763070359826,
    4.889912049546838,
    4.889075028672814,
    4.888252484574914,
    4.887444255128503,
    4.886651608720422,
    4.885875994935632,
    4.885590159669518,
    4.886594855561852,
    4.888258149400354,
    4.88955717779696,
    4.889688555970788,
    4.889001128450036,
    4.888215834870935,
    4.888737532868982,
    4.912843615785241,
    4.918357345834375,
    4.922826630845666,
    4.926240198388696,
    4.9424223947152495,
    -5.34518883395383,
    4.942598299936432,
    4.941687133010963,
    4.955189635530115,
    -4.324539613872672,
    4.974539413196237,
    -1.7372112369164228,
    4.994993243816754,
    4.994788576439023,
    4.9912518111616375,
    4.987983153834939,
    -0.29155615528582246,
    -0.24070936308932964,
    4.965247259005783,
    -0.2959733641973901,
    -0.5370667102188202,
    4.961777620310895,
    -1.038512082329957,
    -1.3367344614118861,
    4.918836772218347,
    -1.4072604742549575,
    -3.3147381202504866,
    -1.8260892178523764,
    -3.6545021680929635,
    -1.8459163888722625,
    -1.6943488742703272,
    -6.36886650258221,
    -0.012066238478192584,
    -0.7034801496257981,
    4.940976843796671,
    -0.1847357152354003,
    -0.44039590820673136,
    -0.3134831010971634,
    -0.03120788902368978,
    -0.00989583931863651,
    4.9913768330961465,
    4.995307667218149,
    4.994722952764968,
    4.996068633124232,
    4.997125425264239,
    4.999906005633529,
    -0.39373335006603505,
    4.9858792254814635,
    4.976711020465009,
    -0.005808021779495328,
    4.974297647252679,
    4.973365077748895,
    4.971068398728967,
    4.968368260636925,
    4.965466272607446,
    4.962510308995843,
    4.959570991769433,
    4.956577889643933,
    4.953728048577904,
    4.951019584909082,
    4.947852298989892,
    4.943438427224756,
    -5.047145708352225,
    -8.71995503749199
  ],