{
  "episode": 1970,
  "steps": 95,
  "actions": [
    23,
    23,
    23,
    23,
    22,
    22,
    22,
    22,
    23,
    23,
    23,
    23,
    23,
    23,
    23,
    23,
    23,
    23,
    21,
    23,
    13,
    23,
    23,
    23,
    23,
    23,
    23,
    23,
    20,
    23,
    23,
    23,
    22,
    22,
    23,
    12,
    21,
    20,
    23,
    23,
    21,
    23,
    22,
    23,
    23,
    23,
    23,
    23,
    21,
    6,
    23,
    22,
    21,
    23,
    13,
    22,
    23,
    23,
    17,
    23,
    23,
    23,
    10,
    23,
    23,
    22,
    23,
    23,
    22,
    23,
    23,
    23,
    22,
    23,
    23,
    23,
    20,
    23,
    23,
    23,
    23,
    23,
    23,
    23,
    14,
    23,
    23,
    23,
    23,
    23,
    23,
    6,
    23,
    22,
    15
  ],
  "temperatures": [
    20.975762939453148,
    20.971978759765648,
    20.926324462890648,
    20.884027099609398,
    20.848413085937523,
    20.818383789062523,
    20.792230224609398,
    20.768457031250023,
    20.746057128906273,
    20.724359130859398,
    20.703149414062523,
    20.682244873046898,
    20.661584472656273,
    20.641198730468773,
    20.621026611328148,
    20.601068115234398,
    20.581353759765648,
    20.561944580078148,
    20.542871093750023,
    20.524133300781273,
    19.907037353515648,
    20.464227294921898,
    20.458001708984398,
    20.455102539062523,
    20.479608154296898,
    20.518151855468773,
    20.548089599609398,
    20.551507568359398,
    20.536340332031273,
    20.518853759765648,
    20.530786132812523,
    21.074151611328148,
    21.198907470703148,
    21.300042724609398,
    21.377313232421898,
    21.069177246093773,
    21.489373779296898,
    21.594964599609398,
    21.794519042968773,
    22.073968505859398,
    22.346398925781273,
    22.603692626953148,
    22.849908447265648,
    23.094628906250023,
    23.352868652343773,
    23.603417968750023,
    23.839135742187523,
    24.058984375000023,
    24.264184570312523,
    25.282250976562523,
    24.653771972656273,
    24.814569091796898,
    24.976617431640648,
    25.123529052734398,
    25.757714843750023,
    25.341058349609398,
    25.398706054687523,
    25.443933105468773,
    21.224237060546898,
    25.341241455078148,
    25.371697998046898,
    25.332604980468773,
    22.267938232421898,
    24.998162841796898,
    24.838189697265648,
    24.668054199218773,
    24.519647216796898,
    24.395562744140648,
    24.291802978515648,
    24.201348876953148,
    24.115441894531273,
    23.547418212890648,
    23.411767578125023,
    23.291192626953148,
    23.190026855468773,
    23.109368896484398,
    23.026574707031273,
    22.939172363281273,
    22.855615234375023,
    22.779504394531273,
    22.709191894531273,
    22.642480468750023,
    22.577325439453148,
    22.510278320312523,
    22.314050292968773,
    22.363519287109398,
    22.293176269531273,
    22.222833251953148,
    22.151666259765648,
    22.084039306640648,
    22.019860839843773,
    21.337518310546898,
    21.825280761718773,
    21.721032714843773,
    21.305322265625023
  ],
  "outdoor_temps": [
    -6.1035156022626325e-06,
    -6.1035156022626325e-06,
    -6.1035156022626325e-06,
    -6.1035156022626325e-06,
    -6.1035156022626325e-06,
    -6.1035156022626325e-06,
    -6.1035156022626325e-06,
    -6.1035156022626325e-06,
    -6.1035156022626325e-06,
    -6.1035156022626325e-06,
    -6.1035156022626325e-06,
    -6.1035156022626325e-06,
    -6.1035156022626325e-06,
    -6.1035156022626325e-06,
    -6.1035156022626325e-06,
    -6.1035156022626325e-06,
    -6.1035156022626325e-06,
    -6.1035156022626325e-06,
    -6.1035156022626325e-06,
    -6.1035156022626325e-06,
    -6.1035156022626325e-06,
    -6.1035156022626325e-06,
    -6.1035156022626325e-06,
    0.48467407226564774,
    1.5674987792968977,
    2.6915527343750227,
    3.3000122070312727,
    3.2094665527343977,
    2.8019348144531477,
    2.3684326171875227,
    2.2000061035156477,
    2.3021789550781477,
    2.5030456542968977,
    2.8273864746093977,
    3.3000122070312727,
    4.170007324218773,
    5.390008544921898,
    6.540002441406273,
    7.200006103515648,
    7.400476074218773,
    7.509606933593773,
    7.613946533203148,
    7.800012207031273,
    8.075891113281273,
    8.371636962890648,
    8.656549072265648,
    8.899987792968773,
    9.066003417968773,
    9.171868896484398,
    9.266809082031273,
    9.399987792968773,
    9.710534667968773,
    10.159387207031273,
    10.528527832031273,
    10.600000000000023,
    10.450006103515648,
    10.300012207031273,
    10.149987792968773,
    9.999993896484398,
    9.850000000000023,
    9.700006103515648,
    9.550012207031273,
    9.399987792968773,
    8.978875732421898,
    8.201959228515648,
    7.349084472656273,
    6.700006103515648,
    6.357904052734398,
    6.149987792968773,
    5.942102050781273,
    5.600000000000023,
    4.941003417968773,
    4.063317871093773,
    3.2539611816406477,
    2.8000122070312727,
    2.6291442871093977,
    2.4749084472656477,
    2.3332153320312727,
    2.2000061035156477,
    2.0766845703125227,
    1.9598327636718977,
    1.8380676269531477,
    1.7000061035156477,
    1.4921203613281477,
    1.2039733886718977,
    0.8888488769531477,
    0.6000000000000227,
    0.41335449218752274,
    0.31020507812502274,
    0.20195922851564774,
    -6.1035156022626325e-06,
    -0.7735656738281023,
    -2.1510986328124773,
    -3.5530761718749773,
    -4.399999999999977
  ],
  "rewards": [
    4.9077753899246455,
    4.9076752827316525,
    4.905702330842614,
    4.90387322165072,
    4.902335326448083,
    4.901042344294812,
    4.899916627131726,
    4.898892724238659,
    4.897925631724622,
    4.896989104524255,
    4.896070191636682,
    4.895163533464074,
    4.894266431108117,
    4.893377902284264,
    4.892497641816735,
    4.8916256878525015,
    4.890763070359826,
    4.889912049546838,
    4.889075028672814,
    4.888252484471254,
    -0.031700662821527066,
    4.885608737167457,
    4.885340926423669,
    4.885222079530358,
    4.88631740309298,
    4.88803413130343,
    4.889366490617395,
    4.889519889131188,
    4.8888477108627555,
    4.888073403469246,
    4.888603408113122,
    4.91271238066256,
    4.9182317946106195,
    4.92270571919563,
    4.926123130046155,
    4.942330932579934,
    4.931072747457934,
    4.935750391156129,
    4.944603283039253,
    4.957003524079919,
    4.969095103517175,
    4.980514380604677,
    4.9914439175277945,
    4.996848109238173,
    4.993408903554082,
    4.990072316303849,
    4.986933276429772,
    -0.007635390236976444,
    -0.07463291116060028,
    -1.646723627752035,
    -0.4335542240123683,
    -0.6701944629475846,
    -0.9609926368442363,
    -1.2700175436505667,
    -3.0958685122058593,
    -1.8068613708424788,
    -1.964994239337482,
    -2.093708945736355,
    4.9152304623275995,
    -1.8073529635127434,
    -1.8900811664388206,
    -1.7842317446321856,
    4.934921717606485,
    -1.003611490611518,
    -0.7093117732927584,
    -0.4524797638506001,
    -0.27572248505025876,
    -0.16174600940199504,
    -0.09007963519544737,
    -0.045170842274708675,
    -0.01767032139003802,
    4.990828099027276,
    4.992633449807763,
    4.994237566016938,
    4.995583503916859,
    4.996656213775277,
    4.997757495455444,
    4.9953993894969635,
    4.9916959051042795,
    4.988321699276566,
    4.985204319730401,
    4.982246577516198,
    4.97935917712748,
    4.9763888857513665,
    4.979160463716835,
    4.969887637738948,
    4.966771437898278,
    4.963656046167016,
    4.960503794923425,
    4.957508589997888,
    4.954665190950036,
    4.9753699541045355,
    4.94604205823139,
    4.94141936995089,
    4.9493618677597
  ],