{
  "episode": 72,
  "steps": 95,
  "actions": [
    23,
    23,
    23,
    23,
    12,
    9,
    12,
    21,
    12,
    12,
    20,
    20,
    2,
    15,
    14,
    6,
    4,
    1,
    17,
    21,
    11,
    13,
    22,
    12,
    12,
    8,
    12,
    0,
    5,
    10,
    17,
    18,
    13,
    4,
    7,
    3,
    12,
    15,
    1,
    12,
    1,
    6,
    8,
    15,
    12,
    11,
    15,
    22,
    6,
    5,
    13,
    0,
    0,
    12,
    7,
    12,
    13,
    20,
    12,
    5,
    12,
    7,
    11,
    8,
    7,
    17,
    7,
    12,
    21,
    20,
    10,
    16,
    14,
    17,
    4,
    8,
    13,
    5,
    8,
    14,
    21,
    4,
    12,
    5,
    13,
    10,
    13,
    15,
    4,
    8,
    14,
    19,
    14,
    20,
    15
  ],
  "temperatures": [
    20.975762939453148,
    20.971978759765648,
    20.926324462890648,
    20.884027099609398,
    20.309716796875023,
    16.260827636718773,
    19.962274169921898,
    20.660241699218773,
    20.102807617187523,
    20.063012695312523,
    20.625970458984398,
    20.626641845703148,
    16.452478027343773,
    19.779077148437523,
    19.869104003906273,
    18.818444824218773,
    18.675988769531273,
    16.062829589843773,
    15.495965576171898,
    20.183099365234398,
    15.641992187500023,
    19.407159423828148,
    20.203332519531273,
    19.606561279296898,
    19.631524658203148,
    15.644555664062523,
    19.505609130859398,
    15.923883056640648,
    18.189233398437523,
    15.466241455078148,
    15.279016113281273,
    15.756616210937523,
    20.074670410156273,
    19.577813720703148,
    19.708428955078148,
    17.016595458984398,
    20.548028564453148,
    20.792169189453148,
    17.620385742187523,
    21.284661865234398,
    18.461175537109398,
    21.440606689453148,
    18.293054199218773,
    22.523431396484398,
    22.967187500000023,
    19.466088867187523,
    23.432763671875023,
    23.667504882812523,
    24.383966064453148,
    24.747827148437523,
    24.606774902343773,
    22.966333007812523,
    23.097039794921898,
    25.121362304687523,
    25.998132324218773,
    25.502160644531273,
    25.592034912109398,
    25.162377929687523,
    25.697717285156273,
    26.518670654296898,
    25.756463623046898,
    26.479730224609398,
    22.062371826171898,
    21.740533447265648,
    25.465020751953148,
    20.208856201171898,
    24.811669921875023,
    24.443353271484398,
    24.060876464843773,
    23.976861572265648,
    20.552850341796898,
    18.973748779296898,
    23.007043457031273,
    18.664086914062523,
    22.499536132812523,
    19.133660888671898,
    22.450616455078148,
    22.286279296875023,
    18.805749511718773,
    22.138482666015648,
    22.313806152343773,
    21.848413085937523,
    22.027062988281273,
    21.661004638671898,
    21.874505615234398,
    18.196618652343773,
    21.558496093750023,
    21.568627929687523,
    21.063226318359398,
    17.796044921875023,
    21.191064453125023,
    17.092950439453148,
    20.908288574218773,
    21.304711914062523,
    20.819055175781273
  ],
  "outdoor_temps": [
    -6.1035156022626325e-06,
    -6.1035156022626325e-06,
    -6.1035156022626325e-06,
    -6.1035156022626325e-06,
    -6.1035156022626325e-06,
    -6.1035156022626325e-06,
    -6.1035156022626325e-06,
    -6.1035156022626325e-06,
    -6.1035156022626325e-06,
    -6.1035156022626325e-06,
    -6.1035156022626325e-06,
    -6.1035156022626325e-06,
    -6.1035156022626325e-06,
    -6.1035156022626325e-06,
    -6.1035156022626325e-06,
    -6.1035156022626325e-06,
    -6.1035156022626325e-06,
    -6.1035156022626325e-06,
    -6.1035156022626325e-06,
    -6.1035156022626325e-06,
    -6.1035156022626325e-06,
    -6.1035156022626325e-06,
    -6.1035156022626325e-06,
    0.48467407226564774,
    1.5674987792968977,
    2.6915527343750227,
    3.3000122070312727,
    3.2094665527343977,
    2.8019348144531477,
    2.3684326171875227,
    2.2000061035156477,
    2.3021789550781477,
    2.5030456542968977,
    2.8273864746093977,
    3.3000122070312727,
    4.170007324218773,
    5.390008544921898,
    6.540002441406273,
    7.200006103515648,
    7.400476074218773,
    7.509606933593773,
    7.613946533203148,
    7.800012207031273,
    8.075891113281273,
    8.371636962890648,
    8.656549072265648,
    8.899987792968773,
    9.066003417968773,
    9.171868896484398,
    9.266809082031273,
    9.399987792968773,
    9.710534667968773,
    10.159387207031273,
    10.528527832031273,
    10.600000000000023,
    10.450006103515648,
    10.300012207031273,
    10.149987792968773,
    9.999993896484398,
    9.850000000000023,
    9.700006103515648,
    9.550012207031273,
    9.399987792968773,
    8.978875732421898,
    8.201959228515648,
    7.349084472656273,
    6.700006103515648,
    6.357904052734398,
    6.149987792968773,
    5.942102050781273,
    5.600000000000023,
    4.941003417968773,
    4.063317871093773,
    3.2539611816406477,
    2.8000122070312727,
    2.6291442871093977,
    2.4749084472656477,
    2.3332153320312727,
    2.2000061035156477,
    2.0766845703125227,
    1.9598327636718977,
    1.8380676269531477,
    1.7000061035156477,
    1.4921203613281477,
    1.2039733886718977,
    0.8888488769531477,
    0.6000000000000227,
    0.41335449218752274,
    0.31020507812502274,
    0.20195922851564774,
    -6.1035156022626325e-06,
    -0.7735656738281023,
    -2.1510986328124773,
    -3.5530761718749773,
    -4.399999999999977
  ],
  "rewards": [
    14.988456155031919,
    14.988443641632795,
    14.988197022646666,
    14.987968383997679,
    14.989944712713362,
    -69.90719725069974,
    -0.008249584265109484,
    14.986744636241509,
    14.989193562947861,
    14.9890490682611,
    14.986564656440331,
    14.986571034020704,
    -62.924642183979586,
    -0.24523375670969647,
    -0.08683456785267725,
    -6.981137555480228,
    -8.765829319599074,
    -77.50661402988977,
    -101.43173816460227,
    14.984124498324551,
    -94.96123910361662,
    -1.758635520412476,
    14.984239798676708,
    -0.7752320047419109,
    -0.6801229174872265,
    -94.8495557429995,
    -1.223410593768453,
    -83.07369882534466,
    -16.395268323381394,
    -102.77489188268665,
    -111.43851592792811,
    -90.03168108172723,
    14.989113698756565,
    -0.8918395873762436,
    -0.4256776401835682,
    -44.50362614259332,
    14.990857848116237,
    14.991759652663184,
    -28.312966408567537,
    14.993580376695517,
    -11.840096603342193,
    14.997106418406267,
    -14.568692710899466,
    14.998162487012538,
    14.999803976530938,
    -1.4258085402910559,
    14.99944496030004,
    14.998636534514635,
    -0.7372274226296189,
    -2.7963251376557126,
    -1.8410646926179615,
    14.995570513031,
    14.995498049953952,
    -6.287509966384129,
    -19.962831197173998,
    -11.282718129322987,
    -12.673170896395497,
    -6.755997392556595,
    -14.411526714413482,
    -31.718705473521666,
    -15.426135631376775,
    -30.74550393019042,
    14.992088635692777,
    14.99244575874896,
    -10.731566713616754,
    14.99107799580175,
    -3.294141748833946,
    -0.9829782382034449,
    -0.018731510697902132,
    14.998121924415878,
    14.993764163306874,
    -5.2666442210892885,
    14.999918250739281,
    -8.923953582299877,
    14.99906376124554,
    -3.753183065984752,
    14.997893305433186,
    14.998670506200307,
    -7.1316004947285805,
    14.996740605396422,
    14.99594329102791,
    14.997862054551668,
    14.996329595922129,
    14.997516302390185,
    14.995766540327796,
    -16.261283131597786,
    14.994599884274862,
    14.99463751566086,
    14.996413432639821,
    -24.28740723982086,
    14.993243725461157,
    -42.25505886774289,
    14.992199375732438,
    14.990354789932137,
    14.991869292906445
  ],